{"type":"FeatureCollection","name":"aop_synthetic_activity_tracks","metadata":{"schema":"aop-synthetic-saturday-activity-v1","seed":20260523,"users":72,"start_local":"2026-05-23T13:00:00-05:00","local_timezone":"America/Chicago","saturday_date":"2026-05-23","scenario":"Many RC users start at the pavilion, follow observed trail evidence, crawl technical spots, dwell/socialize, and overlap existing raw GPX hotspots.","osm_route_index":{"input":"/Users/christopherfryman/Documents/code/AOP MAP/website/data/osm_aop_9patch.geojson","feature_count":51,"track_feature_count":47,"service_feature_count":4,"indexed_osm_km":18.87},"source_type":"synthetic_activity_gpx","permission":"internal","publish_status":"hold","review_status":"synthetic model for hotspot pipeline testing; not field evidence"},"features":[{"type":"Feature","geometry":{"type":"LineString","coordinates":[[-85.7482603,35.0907321],[-85.7482566,35.0907344],[-85.7482519,35.0907232],[-85.7482531,35.0907067],[-85.7482563,35.0907386],[-85.7482645,35.0907275],[-85.7482608,35.09072],[-85.7482501,35.0907236],[-85.748271,35.0907179],[-85.7482538,35.0907119],[-85.7478833,35.0907581],[-85.7479376,35.0903826],[-85.7480066,35.0898975],[-85.7475323,35.0898201],[-85.745941,35.0896007],[-85.7459585,35.0889318],[-85.745617,35.0872203],[-85.7456163,35.0872338],[-85.7456137,35.0872271],[-85.7456224,35.0872151],[-85.7456267,35.0872174],[-85.7456131,35.0872313],[-85.7456164,35.0872466],[-85.7456244,35.0872616],[-85.7456186,35.0871842],[-85.7456196,35.0872238],[-85.7456269,35.087233],[-85.7456161,35.0872247],[-85.7456257,35.0872261],[-85.745624,35.0872275],[-85.7456167,35.087231],[-85.7456313,35.0872456],[-85.7456204,35.0872619],[-85.7456181,35.0871842],[-85.7456199,35.0871997],[-85.7456221,35.0872264],[-85.7456257,35.0872191],[-85.7456222,35.087214],[-85.7456139,35.0872468],[-85.7459556,35.0889322],[-85.7459411,35.0896011],[-85.7475242,35.0898232],[-85.7480005,35.0898977],[-85.7479335,35.0903831],[-85.7481657,35.0903771],[-85.748249,35.0907254],[-85.7482431,35.0907425],[-85.7482468,35.0907226],[-85.7482756,35.0907341],[-85.7482581,35.0907442],[-85.7482716,35.0907401],[-85.7482694,35.0907346],[-85.7482622,35.0907207],[-85.7482246,35.0907232],[-85.7482311,35.0907263],[-85.7482755,35.0907204],[-85.7482272,35.0907381],[-85.7482706,35.0907278],[-85.7482603,35.0907251],[-85.7482306,35.0907151]]},"properties":{"id":"synthetic_user_001","kind":"synthetic_activity_track","track_name":"Synthetic Saturday 001 - proving ground","persona":"proving_ground","source_type":"synthetic_activity_gpx","synthetic":true,"start_anchor":"#pavilion","start_local":"2026-05-23T13:51:23-05:00","end_local":"2026-05-23T14:40:26-05:00","duration_minutes":49.0,"distance_m":1256.1,"osm_track_m":680.8,"osm_route_count":2,"osm_way_ids":[383693504,1215497682,1215497683],"point_count":60,"visited_anchors":["#pavilion","#proving-grounds"],"review_status":"synthetic Saturday simulation; not field evidence"}},{"type":"Feature","geometry":{"type":"LineString","coordinates":[[-85.7482488,35.0907207],[-85.748254,35.0907272],[-85.7482396,35.0907363],[-85.7482421,35.0907423],[-85.7482565,35.0907171],[-85.7482297,35.0907286],[-85.7482377,35.0907156],[-85.7482702,35.0907157],[-85.7478794,35.0907578],[-85.7478395,35.091155],[-85.7481665,35.0911683],[-85.7487142,35.0912219],[-85.748949,35.0912774],[-85.7487614,35.0915583],[-85.7487581,35.0915717],[-85.7487728,35.0915492],[-85.7487754,35.0915657],[-85.748767,35.0915841],[-85.7487834,35.091598],[-85.7487634,35.0915171],[-85.7487495,35.0915733],[-85.7487515,35.0915653],[-85.7487631,35.0915679],[-85.7487679,35.0915839],[-85.7487718,35.0916001],[-85.7487489,35.0915198],[-85.7487446,35.0915374],[-85.7486087,35.0915085],[-85.7486326,35.0914739],[-85.7486185,35.091509],[-85.7492295,35.0916897],[-85.7492748,35.0916707],[-85.7492204,35.0916932],[-85.7486257,35.0915063],[-85.7486376,35.0914729],[-85.7486106,35.0915161],[-85.7482492,35.0907268],[-85.7482379,35.0907093],[-85.7482732,35.0907266],[-85.7482605,35.0907353],[-85.7482492,35.0907012],[-85.7478789,35.0907592],[-85.7479366,35.0903853],[-85.7481627,35.0903735],[-85.7482543,35.0907263],[-85.7482458,35.0907142],[-85.7482461,35.0907432],[-85.7482395,35.0907184],[-85.7482288,35.0907255],[-85.7482591,35.0907291],[-85.7482391,35.0907154],[-85.7482248,35.0907343],[-85.7482454,35.0907218],[-85.7482626,35.0907407],[-85.7482316,35.0907392],[-85.7482711,35.0907355],[-85.7482696,35.090743],[-85.7482585,35.0907238],[-85.748266,35.090714]]},"properties":{"id":"synthetic_user_002","kind":"synthetic_activity_track","track_name":"Synthetic Saturday 002 - photo short","persona":"photo_short","source_type":"synthetic_activity_gpx","synthetic":true,"start_anchor":"#pavilion","start_local":"2026-05-23T13:40:37-05:00","end_local":"2026-05-23T14:24:32-05:00","duration_minutes":43.9,"distance_m":706.8,"osm_track_m":188.7,"osm_route_count":2,"osm_way_ids":[1215497664,1215497683],"point_count":59,"visited_anchors":["#pavilion","#photo-waypoint"],"review_status":"synthetic Saturday simulation; not field evidence"}},{"type":"Feature","geometry":{"type":"LineString","coordinates":[[-85.7482449,35.0907218],[-85.7482691,35.0907269],[-85.7482297,35.0907318],[-85.7482379,35.0907181],[-85.7482601,35.0907098],[-85.7478833,35.0907591],[-85.7478396,35.0911571],[-85.7481702,35.0911643],[-85.7487158,35.0912217],[-85.7489479,35.0912804],[-85.7487613,35.0915629],[-85.7489465,35.0912772],[-85.7492054,35.0914322],[-85.7493025,35.0914931],[-85.7493358,35.091321],[-85.7492926,35.09123],[-85.7491952,35.0909839],[-85.7491662,35.0908517],[-85.7491859,35.0906546],[-85.749252,35.0905042],[-85.7494247,35.0902841],[-85.7494936,35.0902361],[-85.7495783,35.0902236],[-85.7496515,35.0902739],[-85.7497365,35.0902891],[-85.7498628,35.0902913],[-85.7500222,35.0902419],[-85.75041,35.0901245],[-85.7504501,35.0901214],[-85.750644,35.0900914],[-85.7507922,35.0900877],[-85.7509452,35.0901286],[-85.7512128,35.0902601],[-85.7512625,35.0902716],[-85.751367,35.0903095],[-85.751758,35.0903932],[-85.7518659,35.0904073],[-85.7519414,35.0904106],[-85.7521052,35.0904286],[-85.7524788,35.0904428],[-85.7527929,35.0904587],[-85.7530726,35.0905043],[-85.7533627,35.0906238],[-85.7534978,35.0906958],[-85.7536681,35.0907913],[-85.7539577,35.0909789],[-85.7543429,35.0912045],[-85.7544773,35.0912889],[-85.7551851,35.0917151],[-85.7555883,35.0919219],[-85.7555824,35.0919177],[-85.7555817,35.0919147],[-85.7555885,35.0919283],[-85.7555766,35.0919229],[-85.7555657,35.091917],[-85.7555748,35.0919],[-85.75558,35.0919169],[-85.7556102,35.0919402],[-85.7555709,35.091924],[-85.7555749,35.0919272],[-85.7555892,35.0919159],[-85.7555782,35.0919101],[-85.7555853,35.0919262],[-85.7556226,35.0920151],[-85.7557225,35.0921687],[-85.7560123,35.0925789],[-85.7562814,35.0929697],[-85.7564501,35.093218],[-85.756489,35.0932406],[-85.7565587,35.0933208],[-85.7566053,35.093366],[-85.7567154,35.0934626],[-85.7568668,35.0935913],[-85.7569324,35.0936814],[-85.7569602,35.0938566],[-85.7569793,35.0941394],[-85.7569208,35.0943542],[-85.7568897,35.0945418],[-85.7568848,35.0947083],[-85.7569044,35.0948253],[-85.7568862,35.0949783],[-85.756826,35.0951497],[-85.7567376,35.0952649],[-85.7566145,35.09534],[-85.7565734,35.0953739],[-85.7562003,35.0956218],[-85.7560664,35.0956884],[-85.7559766,35.0957629],[-85.7559074,35.095802],[-85.7557535,35.0959005],[-85.7553529,35.0961012],[-85.7551143,35.0961513],[-85.7551654,35.0962199],[-85.7551946,35.096344],[-85.755137,35.0964081],[-85.7550801,35.0965208],[-85.7550651,35.0966292],[-85.7550444,35.0966736],[-85.7550141,35.096779],[-85.7550084,35.0968852],[-85.7548757,35.0970599],[-85.7547768,35.0971067],[-85.7547743,35.0971182],[-85.7547587,35.0971045],[-85.7547909,35.0971126],[-85.7547757,35.0971041],[-85.7547818,35.0971286],[-85.7547834,35.0971144],[-85.7547941,35.0971404],[-85.7547659,35.0971118],[-85.7547637,35.097075],[-85.7547717,35.0971051],[-85.7547945,35.0971144],[-85.7547742,35.0971064],[-85.7546706,35.0970725],[-85.7545363,35.0969953],[-85.7544487,35.0968887],[-85.7543643,35.0967929],[-85.7543231,35.0966633],[-85.7542865,35.096574],[-85.7542575,35.0964537],[-85.7542357,35.0963522],[-85.7542237,35.0962823],[-85.7541774,35.096228],[-85.7541173,35.0961798],[-85.753985,35.0962291],[-85.7537957,35.0962548],[-85.7536281,35.096271],[-85.7532852,35.0962227],[-85.7529414,35.0961081],[-85.7527488,35.0960482],[-85.7522253,35.0958085],[-85.7520727,35.0957593],[-85.7521522,35.0956599],[-85.7522807,35.0956478],[-85.7523988,35.0956191],[-85.7524178,35.0955172],[-85.7524831,35.0954185],[-85.7525508,35.0952587],[-85.7525815,35.0951023],[-85.7525936,35.0949072],[-85.7526041,35.0946586],[-85.7525799,35.094533],[-85.7524968,35.0943957],[-85.7523654,35.0942806],[-85.7521533,35.0942277],[-85.7519718,35.0942243],[-85.7517713,35.0942777],[-85.7515678,35.0942892],[-85.7512208,35.0943041],[-85.7511351,35.0942807],[-85.7510554,35.0942067],[-85.7509761,35.0940607],[-85.7509507,35.0940037],[-85.75097,35.0939038],[-85.7509876,35.0938105],[-85.7509237,35.0936632],[-85.7508357,35.0935486],[-85.7508077,35.0935203],[-85.7505566,35.0932855],[-85.7503934,35.0931298],[-85.7503048,35.0930009],[-85.7502772,35.0929331],[-85.7502577,35.0928637],[-85.7503021,35.0926657],[-85.7504103,35.092491],[-85.7504587,35.0923487],[-85.7504476,35.092215],[-85.7503662,35.0921028],[-85.7503413,35.0920834],[-85.7502635,35.092005],[-85.750037,35.0918889],[-85.7507106,35.0919458],[-85.7512747,35.091999],[-85.7514781,35.0919318],[-85.7514674,35.0919229],[-85.7514641,35.0919294],[-85.7514859,35.0919391],[-85.7514888,35.0919216],[-85.7512734,35.0920054],[-85.750709,35.091946],[-85.7500354,35.0918958],[-85.7498163,35.0917468],[-85.7496671,35.0916234],[-85.7493774,35.0915406],[-85.749299,35.0914933],[-85.7492042,35.0914311],[-85.7489449,35.0912739],[-85.7487144,35.0912189],[-85.748173,35.0911673],[-85.7478359,35.091157],[-85.7478861,35.0907584],[-85.7479314,35.0903859],[-85.7481593,35.0903751],[-85.7482452,35.0907302],[-85.7482606,35.0907199],[-85.7482483,35.0907244],[-85.7482367,35.0907285],[-85.7482483,35.0907109],[-85.7482603,35.0907189],[-85.7482491,35.0907185],[-85.7482666,35.0907106],[-85.7482346,35.090728],[-85.7482518,35.0907238]]},"properties":{"id":"synthetic_user_003","kind":"synthetic_activity_track","track_name":"Synthetic Saturday 003 - osm spine runner","persona":"osm_spine_runner","source_type":"synthetic_activity_gpx","synthetic":true,"start_anchor":"#pavilion","start_local":"2026-05-23T14:12:31-05:00","end_local":"2026-05-23T15:36:35-05:00","duration_minutes":84.1,"distance_m":3446.5,"osm_track_m":3028.4,"osm_route_count":5,"osm_way_ids":[1215497663,1215497664,1215497666,1215497668,1215497670,1215497671,1215497672,1215497683,1215497700,1215497704,1215497705],"point_count":204,"visited_anchors":["#observed-trailhead","#osm-main-spine-west","#osm-north-loop","#pavilion","#photo-waypoint"],"review_status":"synthetic Saturday simulation; not field evidence"}},{"type":"Feature","geometry":{"type":"LineString","coordinates":[[-85.748248,35.0907346],[-85.7482475,35.0907108],[-85.7482724,35.0907175],[-85.7482519,35.0907358],[-85.7482538,35.0907192],[-85.7482739,35.0907276],[-85.7482511,35.0907107],[-85.7482698,35.0907155],[-85.7482675,35.0907253],[-85.7482599,35.0907232],[-85.7478832,35.0907625],[-85.7478355,35.0911552],[-85.7481696,35.0911688],[-85.7487087,35.0912217],[-85.7489434,35.0912769],[-85.7487635,35.0915582],[-85.7489489,35.0912764],[-85.7492056,35.0914324],[-85.7493011,35.0914955],[-85.7491879,35.0917139],[-85.7490443,35.0918709],[-85.7488981,35.0919753],[-85.7486674,35.0919809],[-85.7483709,35.0919273],[-85.7481633,35.0919078],[-85.7479266,35.0919008],[-85.7476305,35.09194],[-85.7471872,35.0920421],[-85.7470935,35.0920946],[-85.7469841,35.0923083],[-85.747005,35.0922941],[-85.7469739,35.092317],[-85.7469956,35.0922995],[-85.7469958,35.0923136],[-85.7469808,35.0923106],[-85.7470142,35.0923227],[-85.7470386,35.0923103],[-85.7469792,35.0923086],[-85.7469405,35.0922872],[-85.7469971,35.0923221],[-85.746989,35.0923172],[-85.7470872,35.0920911],[-85.7471865,35.0920414],[-85.7476296,35.091942],[-85.7479234,35.0918973],[-85.7481661,35.091906],[-85.7483662,35.0919285],[-85.7486657,35.0919852],[-85.7488934,35.0919755],[-85.7490416,35.0918733],[-85.7491852,35.091718],[-85.7492961,35.0914902],[-85.7492045,35.0914331],[-85.7489467,35.0912776],[-85.74871,35.0912187],[-85.7481661,35.091165],[-85.7478412,35.0911561],[-85.7478794,35.0907588],[-85.7479338,35.0903787],[-85.7481609,35.0903757],[-85.7482472,35.0907239],[-85.7482453,35.0907042],[-85.7482454,35.0907309],[-85.7482626,35.0907138],[-85.7482565,35.0907161],[-85.7482478,35.0907093],[-85.7482452,35.0907326],[-85.7482744,35.0907378],[-85.7482656,35.0907295],[-85.7482383,35.0907144]]},"properties":{"id":"synthetic_user_004","kind":"synthetic_activity_track","track_name":"Synthetic Saturday 004 - checkpoint loop","persona":"checkpoint_loop","source_type":"synthetic_activity_gpx","synthetic":true,"start_anchor":"#pavilion","start_local":"2026-05-23T15:43:48-05:00","end_local":"2026-05-23T16:29:29-05:00","duration_minutes":45.7,"distance_m":1174.5,"osm_track_m":885.0,"osm_route_count":3,"osm_way_ids":[1215497663,1215497664,1215497666,1215497683],"point_count":70,"visited_anchors":["#night-checkpoint","#pavilion","#photo-waypoint"],"review_status":"synthetic Saturday simulation; not field evidence"}},{"type":"Feature","geometry":{"type":"LineString","coordinates":[[-85.7482593,35.0907322],[-85.7482431,35.0907419],[-85.7482405,35.0907131],[-85.7482316,35.0907159],[-85.7478836,35.0907626],[-85.7478381,35.091156],[-85.7481729,35.0911668],[-85.748716,35.0912213],[-85.7489408,35.091279],[-85.7492019,35.0914354],[-85.7493005,35.0914911],[-85.7493797,35.0915394],[-85.7496647,35.0916229],[-85.7498129,35.0917426],[-85.7500373,35.0918918],[-85.7507133,35.0919441],[-85.7512754,35.0920047],[-85.7514828,35.0919332],[-85.7514884,35.0919159],[-85.7514836,35.091929],[-85.7515081,35.091924],[-85.7514988,35.0919137],[-85.7514545,35.0919152],[-85.7514646,35.0919367],[-85.7514551,35.0919326],[-85.7514781,35.0919147],[-85.7514915,35.0919467],[-85.7514623,35.0919405],[-85.7515028,35.0919211],[-85.7514847,35.0919583],[-85.7512705,35.0919998],[-85.7507118,35.0919403],[-85.7500377,35.0918935],[-85.7498145,35.0917467],[-85.7496637,35.0916271],[-85.7493783,35.0915428],[-85.7492981,35.0914958],[-85.7492034,35.0914351],[-85.748941,35.0912775],[-85.7487156,35.091223],[-85.7481656,35.0911675],[-85.7478357,35.0911547],[-85.7478788,35.0907615],[-85.7479361,35.0903818],[-85.748165,35.0903753],[-85.748258,35.090722],[-85.7482497,35.0907054],[-85.7482257,35.0907198],[-85.7482695,35.0907329]]},"properties":{"id":"synthetic_user_005","kind":"synthetic_activity_track","track_name":"Synthetic Saturday 005 - trailhead social","persona":"trailhead_social","source_type":"synthetic_activity_gpx","synthetic":true,"start_anchor":"#pavilion","start_local":"2026-05-23T14:35:11-05:00","end_local":"2026-05-23T15:02:16-05:00","duration_minutes":27.1,"distance_m":985.2,"osm_track_m":805.6,"osm_route_count":2,"osm_way_ids":[1215497663,1215497664,1215497668,1215497683],"point_count":49,"visited_anchors":["#observed-trailhead","#pavilion"],"review_status":"synthetic Saturday simulation; not field evidence"}},{"type":"Feature","geometry":{"type":"LineString","coordinates":[[-85.7482416,35.0907295],[-85.7482492,35.0907227],[-85.7482695,35.0907284],[-85.7482455,35.0907271],[-85.7482561,35.0907069],[-85.747886,35.0907586],[-85.7479367,35.0903825],[-85.7480059,35.089897],[-85.7481387,35.0899226],[-85.7483562,35.0899209],[-85.7485248,35.0898905],[-85.7486702,35.0898314],[-85.7487729,35.0897245],[-85.7488153,35.0896689],[-85.7488626,35.0896175],[-85.7489615,35.0895763],[-85.7491326,35.0895307],[-85.7493619,35.0895088],[-85.7496232,35.0894739],[-85.7496089,35.089493],[-85.7496347,35.0896749],[-85.7496401,35.0898829],[-85.7495771,35.0901193],[-85.7495757,35.0902285],[-85.749648,35.0902677],[-85.7497363,35.090289],[-85.7498662,35.0902902],[-85.7500146,35.0902403],[-85.750405,35.090124],[-85.7504454,35.0901181],[-85.7506483,35.0900909],[-85.7507932,35.0900863],[-85.7509409,35.0901296],[-85.7512127,35.0902593],[-85.7512594,35.0902782],[-85.7513619,35.0903087],[-85.7517562,35.0903905],[-85.7518679,35.0904017],[-85.7519486,35.0904152],[-85.7521125,35.0904262],[-85.752476,35.0904423],[-85.7527885,35.0904585],[-85.7530802,35.0905043],[-85.7533558,35.0906256],[-85.753494,35.0906961],[-85.7535323,35.0905793],[-85.7535713,35.0904857],[-85.7536656,35.0904511],[-85.7537836,35.0904741],[-85.7538818,35.0905206],[-85.7539921,35.0906183],[-85.7541016,35.0907299],[-85.7541557,35.0908127],[-85.7542322,35.0908203],[-85.7543431,35.0908138],[-85.7544307,35.0907608],[-85.7545014,35.0907073],[-85.7546349,35.0906632],[-85.7547558,35.0906466],[-85.754929,35.0906439],[-85.7550459,35.0906273],[-85.7551073,35.0905727],[-85.7551116,35.0904644],[-85.7551164,35.0903596],[-85.7551699,35.0902817],[-85.755263,35.0902325],[-85.7553834,35.0902109],[-85.7555069,35.0902287],[-85.7556526,35.0902859],[-85.755744,35.0903556],[-85.7558215,35.0904153],[-85.7558813,35.0905027],[-85.7559043,35.090589],[-85.756014,35.0906226],[-85.756061,35.0906316],[-85.7561477,35.0905553],[-85.7561484,35.0904552],[-85.7561304,35.0904066],[-85.7562103,35.0903066],[-85.7563644,35.0902846],[-85.756467,35.0901971],[-85.7565688,35.0901969],[-85.7566686,35.0902119],[-85.7567544,35.0902341],[-85.7568448,35.0903035],[-85.7569667,35.090348],[-85.7570279,35.0902484],[-85.7570913,35.0900917],[-85.7572061,35.0898354],[-85.7573906,35.0894252],[-85.7574847,35.0891027],[-85.7575061,35.0889137],[-85.7574996,35.0887939],[-85.7574883,35.0885868],[-85.757494,35.0884248],[-85.7575233,35.08822],[-85.7575943,35.0878328],[-85.7576062,35.0876816],[-85.7575656,35.0875007],[-85.757491,35.0873326],[-85.7573104,35.0871046],[-85.7571244,35.0869867],[-85.756879,35.0868238],[-85.7565415,35.0865912],[-85.7563471,35.0864289],[-85.756272,35.0863239],[-85.7562117,35.0862044],[-85.7561482,35.0860185],[-85.7560226,35.0857898],[-85.7560058,35.0857143],[-85.7559978,35.0855349],[-85.756011,35.085364],[-85.7559945,35.0851689],[-85.7559607,35.0850262],[-85.7558503,35.0848472],[-85.7556842,35.0847391],[-85.755464,35.0846742],[-85.7552713,35.0846479],[-85.7551322,35.0845874],[-85.7549963,35.0845273],[-85.7547991,35.0844937],[-85.754569,35.0845045],[-85.7543606,35.0845152],[-85.7541734,35.0845613],[-85.753747,35.0847396],[-85.7530304,35.0850116],[-85.7525595,35.0851446],[-85.7523161,35.0852008],[-85.7521029,35.0852464],[-85.7519677,35.0853108],[-85.7516147,35.0855519],[-85.7513572,35.0858256],[-85.7511438,35.0861518],[-85.7509823,35.0864522],[-85.7509412,35.086611],[-85.7508489,35.0867563],[-85.7507221,35.0868484],[-85.7505132,35.0869479],[-85.7505068,35.0869466],[-85.7505127,35.0869552],[-85.7505195,35.0869584],[-85.7505172,35.0869477],[-85.7505111,35.0869458],[-85.7505163,35.0869588],[-85.7505009,35.0869351],[-85.7504907,35.0869243],[-85.7505521,35.0869675],[-85.7505134,35.0869397],[-85.7505205,35.0869448],[-85.7505204,35.0869421],[-85.7505078,35.0869493],[-85.7505201,35.0869597],[-85.7504982,35.0869378],[-85.7504816,35.0869337],[-85.7505486,35.0869711],[-85.7505112,35.0869474],[-85.7505351,35.0869637],[-85.7505148,35.0869479],[-85.7505156,35.0869567],[-85.7505145,35.086953],[-85.7507186,35.0868505],[-85.7508457,35.08676],[-85.7509445,35.0866059],[-85.7509832,35.0864476],[-85.751144,35.0861553],[-85.7513543,35.0858205],[-85.7516103,35.0855497],[-85.7519674,35.085313],[-85.7521018,35.085246],[-85.7523222,35.0852001],[-85.7525609,35.085141],[-85.7530227,35.0850118],[-85.7537439,35.0847397],[-85.7541776,35.0845615],[-85.7543599,35.0845165],[-85.7545662,35.0845039],[-85.754797,35.0844914],[-85.7549968,35.0845273],[-85.7551317,35.0845882],[-85.755272,35.0846538],[-85.7554613,35.0846775],[-85.7556836,35.0847371],[-85.7558521,35.0848451],[-85.7559573,35.0850217],[-85.7559991,35.0851683],[-85.7560057,35.0853662],[-85.7559948,35.0855349],[-85.7560038,35.085708],[-85.7560253,35.0857885],[-85.7561489,35.0860211],[-85.7562089,35.086206],[-85.7562703,35.0863205],[-85.756354,35.0864315],[-85.7565465,35.0865936],[-85.7568783,35.0868264],[-85.7571283,35.0869876],[-85.7573131,35.0871056],[-85.757491,35.0873391],[-85.7575698,35.0875051],[-85.7576044,35.087683],[-85.7575991,35.0878324],[-85.75752,35.0882184],[-85.7574882,35.0884274],[-85.7574896,35.0885847],[-85.7574996,35.0887931],[-85.7575091,35.0889173],[-85.7574826,35.0891008],[-85.7573846,35.0894241],[-85.7572013,35.0898312],[-85.7570924,35.0900904],[-85.7570251,35.0902493],[-85.7569714,35.0903413],[-85.7568421,35.0903041],[-85.7567598,35.0902352],[-85.7566756,35.0902084],[-85.7565692,35.0901941],[-85.7564668,35.0901953],[-85.7563596,35.0902863],[-85.7562157,35.0903027],[-85.7561267,35.0904085],[-85.7561465,35.0904582],[-85.7561522,35.0905529],[-85.7560673,35.0906274],[-85.7560192,35.090622],[-85.7559023,35.0905916],[-85.755885,35.0905048],[-85.7558187,35.0904161],[-85.7557422,35.0903583],[-85.7556545,35.090284],[-85.755506,35.0902257],[-85.755385,35.090215],[-85.755261,35.0902287],[-85.7551666,35.0902812],[-85.7551194,35.0903618],[-85.7551168,35.0904671],[-85.755104,35.0905742],[-85.7550494,35.090632],[-85.754929,35.0906467],[-85.754757,35.0906515],[-85.7546322,35.0906631],[-85.7545014,35.0907059],[-85.75443,35.0907589],[-85.7543466,35.0908144],[-85.754229,35.0908249],[-85.7541564,35.0908133],[-85.7541049,35.090732],[-85.754001,35.0906184],[-85.7538833,35.0905187],[-85.7537832,35.0904742],[-85.7536596,35.0904476],[-85.7535683,35.0904885],[-85.7535282,35.0905848],[-85.7535017,35.0906991],[-85.7533596,35.0906209],[-85.7530731,35.0905047],[-85.752792,35.0904602],[-85.7524714,35.0904452],[-85.752112,35.0904316],[-85.751943,35.090411],[-85.7518696,35.0904043],[-85.7517565,35.090396],[-85.7513672,35.0903071],[-85.7512604,35.0902727],[-85.75121,35.0902562],[-85.7509453,35.0901317],[-85.7507874,35.0900838],[-85.7506487,35.0900899],[-85.7504496,35.0901215],[-85.7504089,35.090119],[-85.7500161,35.0902428],[-85.7498649,35.0902875],[-85.7497376,35.0902849],[-85.7496478,35.0902687],[-85.7495705,35.0902256],[-85.7494928,35.0902398],[-85.7494219,35.0902801],[-85.7492577,35.0905063],[-85.7491873,35.0906553],[-85.7491646,35.0908546],[-85.7491937,35.0909835],[-85.7492876,35.0912275],[-85.7493326,35.0913173],[-85.7493008,35.091489],[-85.749207,35.0914318],[-85.748944,35.0912743],[-85.7487626,35.0915603],[-85.748942,35.0912798],[-85.7487159,35.0912239],[-85.7481645,35.0911688],[-85.7478329,35.0911583],[-85.7478808,35.0907584],[-85.7479365,35.0903853],[-85.7481628,35.0903784],[-85.7482447,35.0907262],[-85.7482635,35.0907169],[-85.748263,35.0907065],[-85.7482595,35.0907126],[-85.7482425,35.0907207]]},"properties":{"id":"synthetic_user_006","kind":"synthetic_activity_track","track_name":"Synthetic Saturday 006 - osm south connector","persona":"osm_south_connector","source_type":"synthetic_activity_gpx","synthetic":true,"start_anchor":"#pavilion","start_local":"2026-05-23T15:23:15-05:00","end_local":"2026-05-23T18:04:41-05:00","duration_minutes":161.4,"distance_m":5189.9,"osm_track_m":4636.4,"osm_route_count":3,"osm_way_ids":[1215497664,1215497665,1215497666,1215497673,1215497682,1215497683,1215497689,1215497690,1215497692,1215497694],"point_count":298,"visited_anchors":["#osm-south-connector","#pavilion","#photo-waypoint"],"review_status":"synthetic Saturday simulation; not field evidence"}},{"type":"Feature","geometry":{"type":"LineString","coordinates":[[-85.7482499,35.090731],[-85.7482426,35.0907113],[-85.7482445,35.0907085],[-85.7482553,35.0907407],[-85.7482432,35.0907237],[-85.7482405,35.0907172],[-85.7482422,35.0907266],[-85.7482365,35.0907313],[-85.7482566,35.0907109],[-85.7482463,35.0907306],[-85.7482654,35.090722],[-85.7482489,35.090726],[-85.747884,35.0907637],[-85.747838,35.0911553],[-85.7481703,35.0911649],[-85.7487124,35.0912173],[-85.7489422,35.0912793],[-85.7487562,35.0915597],[-85.7487642,35.091564],[-85.7487479,35.0915678],[-85.7487564,35.09157],[-85.7487593,35.0915505],[-85.7487607,35.0915687],[-85.7489446,35.0912742],[-85.749203,35.091436],[-85.7492991,35.0914925],[-85.7493327,35.091322],[-85.7492855,35.0912331],[-85.7491947,35.0909814],[-85.7491625,35.0908514],[-85.7491851,35.0906519],[-85.7492543,35.0905078],[-85.7494228,35.0902864],[-85.7494898,35.090235],[-85.7495761,35.0902229],[-85.74965,35.0902686],[-85.749732,35.0902889],[-85.7498651,35.0902928],[-85.7500155,35.090241],[-85.7504127,35.0901214],[-85.7504479,35.090115],[-85.7506502,35.0900948],[-85.7507914,35.0900847],[-85.7509443,35.0901293],[-85.7512147,35.0902554],[-85.7512617,35.0902724],[-85.7513701,35.090311],[-85.7517557,35.0903934],[-85.7518681,35.0904065],[-85.7519467,35.0904155],[-85.7521133,35.090426],[-85.7524718,35.090441],[-85.7527976,35.0904574],[-85.7530766,35.0905055],[-85.7533556,35.0906234],[-85.7534942,35.0906958],[-85.7536701,35.090787],[-85.753961,35.0909775],[-85.754342,35.0912094],[-85.7544788,35.0912857],[-85.7551849,35.0917156],[-85.7555863,35.0919249],[-85.7555777,35.0919311],[-85.7555925,35.0919193],[-85.7555781,35.0919239],[-85.7555624,35.0919249],[-85.7555805,35.0919245],[-85.7555502,35.0919361],[-85.7556246,35.0919194],[-85.7555827,35.0919305],[-85.7555769,35.0919287],[-85.7555978,35.0919229],[-85.7555809,35.0919192],[-85.7555791,35.091927],[-85.7555654,35.0919336],[-85.7555872,35.0919247],[-85.7556276,35.0920175],[-85.7557202,35.0921703],[-85.7560105,35.0925792],[-85.7562817,35.0929677],[-85.7564515,35.093215],[-85.7564899,35.0932388],[-85.7565591,35.0933239],[-85.7566039,35.0933655],[-85.7567216,35.093464],[-85.756875,35.0935919],[-85.7569328,35.0936855],[-85.7569637,35.0938562],[-85.7569735,35.0941391],[-85.7569165,35.0943536],[-85.7568916,35.0945413],[-85.7568918,35.0947087],[-85.7569073,35.0948259],[-85.7568853,35.0949746],[-85.7568248,35.0951475],[-85.7567329,35.0952647],[-85.7566175,35.0953415],[-85.7565697,35.0953708],[-85.7562,35.0956275],[-85.7560673,35.0956884],[-85.755978,35.0957653],[-85.7559011,35.0958039],[-85.7557511,35.095899],[-85.7553544,35.0961],[-85.7551074,35.0961512],[-85.7551644,35.0962229],[-85.7551987,35.0963419],[-85.7551411,35.0964081],[-85.7550792,35.0965197],[-85.7550654,35.0966288],[-85.7550481,35.096674],[-85.7550185,35.0967764],[-85.7550069,35.0968911],[-85.7548761,35.097058],[-85.7547783,35.0971082],[-85.7547574,35.0971083],[-85.7547739,35.0971153],[-85.7547894,35.0971078],[-85.7547678,35.0971002],[-85.7547461,35.0970927],[-85.7547223,35.0970883],[-85.7547644,35.0971116],[-85.7548226,35.0971373],[-85.7547743,35.0970989],[-85.7547641,35.0970988],[-85.7547719,35.0971049],[-85.7547745,35.0971068],[-85.7546686,35.097069],[-85.7545337,35.0969969],[-85.7544499,35.0968877],[-85.7543654,35.0967902],[-85.7543246,35.0966653],[-85.7542816,35.0965707],[-85.7542525,35.0964533],[-85.7542339,35.0963519],[-85.7542305,35.096284],[-85.75418,35.0962293],[-85.7541174,35.0961804],[-85.7539859,35.0962286],[-85.753797,35.096248],[-85.7536252,35.0962724],[-85.7532857,35.0962204],[-85.7529443,35.0961103],[-85.7527542,35.0960474],[-85.7522267,35.0958104],[-85.752076,35.0957608],[-85.7521534,35.0956581],[-85.7522799,35.095648],[-85.7523983,35.0956191],[-85.7524248,35.0955162],[-85.7524828,35.0954186],[-85.7525521,35.0952599],[-85.7525866,35.095099],[-85.7525901,35.0949043],[-85.7526046,35.0946613],[-85.7525758,35.0945375],[-85.7524897,35.0943965],[-85.7523632,35.0942775],[-85.7521588,35.0942253],[-85.7519725,35.0942212],[-85.7517748,35.0942818],[-85.7515621,35.0942895],[-85.7512215,35.0943079],[-85.75114,35.0942786],[-85.7510587,35.0942111],[-85.7509768,35.0940664],[-85.7509519,35.0940042],[-85.7509657,35.0939042],[-85.7509885,35.0938126],[-85.7509179,35.0936605],[-85.7508407,35.0935536],[-85.7508089,35.093516],[-85.7505537,35.0932845],[-85.7503899,35.0931321],[-85.7503067,35.0930073],[-85.7502779,35.0929327],[-85.7502581,35.0928629],[-85.7503052,35.0926691],[-85.7504105,35.0924882],[-85.7504592,35.0923491],[-85.7504455,35.0922147],[-85.7503675,35.0921016],[-85.7503454,35.0920863],[-85.7502605,35.0920035],[-85.7500387,35.0918944],[-85.7507047,35.0919412],[-85.7512719,35.0920005],[-85.7514755,35.091935],[-85.7514831,35.0919275],[-85.7515005,35.0919347],[-85.7514626,35.0919404],[-85.7514604,35.0919449],[-85.7512764,35.0920011],[-85.7507104,35.0919454],[-85.7500366,35.0918913],[-85.74981,35.0917465],[-85.7496636,35.0916257],[-85.7493767,35.091546],[-85.7492952,35.091492],[-85.7492065,35.0914308],[-85.7489468,35.0912794],[-85.748714,35.0912195],[-85.7481729,35.0911678],[-85.7478408,35.0911549],[-85.7478834,35.090761],[-85.7479309,35.090383],[-85.7481592,35.0903759],[-85.7482474,35.0907226],[-85.7482362,35.0907286],[-85.7482567,35.0907066],[-85.748271,35.0907397],[-85.7482285,35.0907249],[-85.7482422,35.0907049],[-85.7482659,35.0907098],[-85.7482311,35.0907211],[-85.7482513,35.0907425],[-85.7482408,35.0907159]]},"properties":{"id":"synthetic_user_007","kind":"synthetic_activity_track","track_name":"Synthetic Saturday 007 - osm spine runner","persona":"osm_spine_runner","source_type":"synthetic_activity_gpx","synthetic":true,"start_anchor":"#pavilion","start_local":"2026-05-23T14:13:31-05:00","end_local":"2026-05-23T16:19:49-05:00","duration_minutes":126.3,"distance_m":3475.6,"osm_track_m":3028.4,"osm_route_count":5,"osm_way_ids":[1215497663,1215497664,1215497666,1215497668,1215497670,1215497671,1215497672,1215497683,1215497700,1215497704,1215497705],"point_count":217,"visited_anchors":["#observed-trailhead","#osm-main-spine-west","#osm-north-loop","#pavilion","#photo-waypoint"],"review_status":"synthetic Saturday simulation; not field evidence"}},{"type":"Feature","geometry":{"type":"LineString","coordinates":[[-85.7482504,35.0907251],[-85.7482677,35.0907146],[-85.748268,35.0907387],[-85.7482692,35.0907145],[-85.7478863,35.0907584],[-85.7478357,35.0911559],[-85.7481679,35.091165],[-85.7487148,35.0912242],[-85.7489464,35.0912767],[-85.7487565,35.0915603],[-85.7487672,35.0915638],[-85.748763,35.0915688],[-85.7487728,35.0915488],[-85.7487753,35.0915582],[-85.7487797,35.0915667],[-85.7487563,35.0915527],[-85.7487775,35.0915782],[-85.7487388,35.0915435],[-85.7487712,35.0915619],[-85.7487465,35.0915686],[-85.7487616,35.0915682],[-85.7487727,35.0915593],[-85.7487702,35.0915711],[-85.7487567,35.0915504],[-85.7487775,35.0915782],[-85.7487584,35.0915344],[-85.748749,35.0915493],[-85.74825,35.0907253],[-85.7482238,35.0907202],[-85.7482317,35.0907182],[-85.7482483,35.0907232],[-85.7482574,35.0907028],[-85.7482706,35.0907301],[-85.7482339,35.0907387],[-85.7478807,35.0907596],[-85.7479361,35.0903806],[-85.7481635,35.0903751],[-85.7482565,35.0907314],[-85.7482338,35.0907198],[-85.7482527,35.0907314],[-85.7482451,35.0907352],[-85.7482584,35.0907072],[-85.748268,35.0907241],[-85.7482659,35.0907347],[-85.7482453,35.0907337],[-85.7482527,35.0907239],[-85.7482414,35.0907379],[-85.7482487,35.0907083],[-85.7482618,35.0907096]]},"properties":{"id":"synthetic_user_008","kind":"synthetic_activity_track","track_name":"Synthetic Saturday 008 - photo short","persona":"photo_short","source_type":"synthetic_activity_gpx","synthetic":true,"start_anchor":"#pavilion","start_local":"2026-05-23T14:21:06-05:00","end_local":"2026-05-23T14:58:11-05:00","duration_minutes":37.1,"distance_m":539.7,"osm_track_m":188.7,"osm_route_count":2,"osm_way_ids":[1215497664,1215497683],"point_count":49,"visited_anchors":["#pavilion","#photo-waypoint"],"review_status":"synthetic Saturday simulation; not field evidence"}},{"type":"Feature","geometry":{"type":"LineString","coordinates":[[-85.7482483,35.0907172],[-85.7482519,35.0907377],[-85.7482696,35.090737],[-85.7482642,35.0907151],[-85.7482712,35.0907323],[-85.7482725,35.0907264],[-85.748252,35.090711],[-85.7482278,35.0907224],[-85.7482377,35.0907384],[-85.7482405,35.0907286],[-85.7482578,35.0907213],[-85.7482547,35.0907359],[-85.7478827,35.0907615],[-85.7478406,35.0911577],[-85.7481714,35.0911695],[-85.7487104,35.0912205],[-85.7489419,35.0912757],[-85.7487579,35.091561],[-85.7489475,35.0912786],[-85.7492008,35.0914353],[-85.7492998,35.0914954],[-85.7491875,35.0917175],[-85.749046,35.0918723],[-85.7488976,35.0919742],[-85.7486725,35.0919822],[-85.7483696,35.0919251],[-85.748166,35.0919062],[-85.7479311,35.0919005],[-85.7476351,35.0919429],[-85.7471859,35.0920459],[-85.7470917,35.0920949],[-85.7469838,35.0923068],[-85.7469937,35.0923201],[-85.7469978,35.0923067],[-85.7469766,35.0922979],[-85.746991,35.0923009],[-85.7469921,35.0923164],[-85.7470061,35.0923355],[-85.7470224,35.0923536],[-85.7469584,35.0922549],[-85.7470058,35.0923144],[-85.7469943,35.0923082],[-85.7470021,35.0923116],[-85.7469999,35.0923385],[-85.7470302,35.0923499],[-85.7469844,35.0923025],[-85.7469509,35.0922585],[-85.7469634,35.0922784],[-85.7469875,35.0923135],[-85.7469918,35.0923094],[-85.7469786,35.092299],[-85.746982,35.0923025],[-85.7470032,35.0923369],[-85.7470234,35.0923531],[-85.746945,35.0922613],[-85.7469636,35.0922783],[-85.7469748,35.0922988],[-85.7469875,35.0923114],[-85.7470432,35.0923632],[-85.7469503,35.0922926],[-85.7470358,35.0922664],[-85.7470642,35.0922369],[-85.7471015,35.0922659],[-85.7470844,35.0922671],[-85.7471223,35.0921807],[-85.7471743,35.0921894],[-85.7471353,35.0921987],[-85.747051,35.0921181],[-85.7470093,35.092104],[-85.7469334,35.0921441],[-85.7468965,35.092175],[-85.7468357,35.0922257],[-85.7467671,35.0922259],[-85.7467344,35.0922514],[-85.7467208,35.0923054],[-85.7466375,35.0923373],[-85.7466022,35.0924129],[-85.7465789,35.0924296],[-85.7465135,35.0924452],[-85.7465708,35.0924201],[-85.7466298,35.0923754],[-85.7465275,35.0923663],[-85.7464485,35.0923957],[-85.7464378,35.0923465],[-85.746372,35.0923208],[-85.7462184,35.0923873],[-85.7461429,35.0923896],[-85.7459226,35.0924968],[-85.7458267,35.0925352],[-85.7458158,35.0926439],[-85.7458247,35.0926853],[-85.7458105,35.0927078],[-85.7456477,35.0927616],[-85.745522,35.0928543],[-85.7454834,35.092893],[-85.745463,35.0929502],[-85.7454719,35.0930827],[-85.7454379,35.093141],[-85.7453746,35.093237],[-85.7453466,35.0933841],[-85.7452619,35.0934305],[-85.7451865,35.0934037],[-85.7450961,35.0935254],[-85.7450658,35.0936239],[-85.7449993,35.0937159],[-85.7449677,35.0937984],[-85.7448661,35.0938698],[-85.7448679,35.0939121],[-85.7448225,35.093977],[-85.744771,35.094017],[-85.7447591,35.0940682],[-85.7447011,35.0942142],[-85.7446871,35.094276],[-85.7446186,35.0943704],[-85.7445601,35.0944098],[-85.7445237,35.0944672],[-85.7444602,35.094509],[-85.7444175,35.0945934],[-85.7444035,35.0947138],[-85.7443779,35.0947581],[-85.7443283,35.0947814],[-85.7443336,35.0948385],[-85.7443241,35.0948715],[-85.744301,35.0949709],[-85.7442087,35.0951039],[-85.7441672,35.0952124],[-85.744097,35.0952644],[-85.7441218,35.0953616],[-85.7441384,35.0953925],[-85.7441432,35.0954553],[-85.7441535,35.0954926],[-85.7441485,35.0955425],[-85.7441315,35.0955659],[-85.7440752,35.0956076],[-85.7440528,35.0956468],[-85.7440124,35.0956621],[-85.7439834,35.0957477],[-85.7439617,35.0957918],[-85.7439678,35.0958311],[-85.7439197,35.0958573],[-85.7438709,35.0959759],[-85.7438703,35.0960827],[-85.7438697,35.0961773],[-85.7438093,35.0963792],[-85.7438299,35.0965097],[-85.7438153,35.0965732],[-85.743804,35.0966133],[-85.7437903,35.0966794],[-85.7437696,35.0967165],[-85.7437912,35.0967739],[-85.7437769,35.096849],[-85.7437695,35.0968856],[-85.7437179,35.0969217],[-85.7437453,35.0969878],[-85.7437465,35.0970303],[-85.7436951,35.0970927],[-85.7437022,35.0972209],[-85.7437316,35.0973996],[-85.7437621,35.0974655],[-85.7438245,35.0975182],[-85.7438436,35.0975712],[-85.7438474,35.0976207],[-85.7438291,35.097709],[-85.7438475,35.0978493],[-85.7439371,35.0979087],[-85.743904,35.0979711],[-85.7439494,35.0979232],[-85.7438708,35.0979166],[-85.7439015,35.0978994],[-85.7440024,35.0978832],[-85.7440085,35.0978972],[-85.7439498,35.0978859],[-85.7440418,35.0978789],[-85.7440972,35.0979506],[-85.7440605,35.0979211],[-85.7439845,35.0979478],[-85.7440135,35.097932],[-85.7440578,35.0979671],[-85.7439709,35.0980016],[-85.7439497,35.0981111],[-85.7438868,35.0981463],[-85.7438755,35.0982559],[-85.7439079,35.0984316],[-85.7439435,35.0984947],[-85.7439351,35.0985322],[-85.7439763,35.0985488],[-85.7439419,35.0985866],[-85.7439606,35.0985494],[-85.7439585,35.0985076],[-85.7439625,35.0984656],[-85.743956,35.098342],[-85.7439725,35.0982797],[-85.7439739,35.0981425],[-85.7440151,35.0980455],[-85.7440235,35.0979645],[-85.7440059,35.0979298],[-85.7440096,35.0978746],[-85.7439734,35.0978184],[-85.7439544,35.0978122],[-85.7439134,35.0977212],[-85.7439257,35.0976393],[-85.7439532,35.097594],[-85.743978,35.0975089],[-85.7439652,35.0974666],[-85.7438782,35.0974027],[-85.7438546,35.0973641],[-85.7438554,35.09729],[-85.7438149,35.0972065],[-85.7438236,35.0971393],[-85.7438253,35.096978],[-85.7438384,35.0969389],[-85.7438485,35.0968518],[-85.7438883,35.0968342],[-85.743899,35.0967881],[-85.7438924,35.096716],[-85.7438925,35.0966079],[-85.7438908,35.0965631],[-85.743902,35.0964909],[-85.7438734,35.0963987],[-85.7438887,35.0962597],[-85.743932,35.0962115],[-85.7439804,35.0961761],[-85.7439708,35.0961118],[-85.7439891,35.0960601],[-85.7440156,35.0960465],[-85.7440175,35.0959917],[-85.7440119,35.0959607],[-85.7439745,35.0958708],[-85.7439907,35.095855],[-85.7439969,35.0957901],[-85.744072,35.0956926],[-85.7440945,35.095678],[-85.7441937,35.0955413],[-85.7442258,35.0955258],[-85.7442533,35.095495],[-85.7442248,35.0954167],[-85.7442378,35.0953885],[-85.7442047,35.0952509],[-85.7442503,35.0951378],[-85.7443268,35.0950218],[-85.7443687,35.0949607],[-85.7443687,35.0948993],[-85.7444111,35.0948493],[-85.7444188,35.0947837],[-85.7444467,35.094733],[-85.7444487,35.0946931],[-85.7445175,35.0945574],[-85.7445293,35.0944872],[-85.7445541,35.0944061],[-85.7445903,35.0943743],[-85.7446466,35.0943245],[-85.7447371,35.0941796],[-85.7447753,35.094101],[-85.7447989,35.0941043],[-85.7448388,35.0940788],[-85.7448069,35.0940742],[-85.7448004,35.0940705],[-85.7448168,35.0940642],[-85.7468842,35.0935514],[-85.7468607,35.0934715],[-85.7468753,35.0933587],[-85.7469809,35.0932815],[-85.7472418,35.0931772],[-85.7475922,35.0930518],[-85.7479514,35.0929923],[-85.7482429,35.0929597],[-85.7487104,35.092953],[-85.7491275,35.0929729],[-85.7492412,35.0929086],[-85.7492409,35.0927865],[-85.7492222,35.0926797],[-85.7492322,35.0925339],[-85.7492555,35.0923077],[-85.7492629,35.0921323],[-85.7495152,35.0920696],[-85.7496813,35.0920104],[-85.7499014,35.0919538],[-85.7499916,35.0919225],[-85.7500359,35.0918928],[-85.7498087,35.0917481],[-85.7496678,35.0916272],[-85.7493835,35.0915437],[-85.7493034,35.0914943],[-85.7492069,35.0914326],[-85.748949,35.0912756],[-85.748716,35.0912203],[-85.7481712,35.0911676],[-85.7478348,35.0911592],[-85.7478815,35.0907572],[-85.7479314,35.0903793],[-85.7481645,35.0903773],[-85.7482496,35.0907221],[-85.7482628,35.0907111],[-85.7482296,35.0907306],[-85.7482741,35.0907198],[-85.7482312,35.0907174],[-85.7482533,35.090709],[-85.7482274,35.0907259],[-85.7482339,35.0907376],[-85.7482509,35.0907333],[-85.7482259,35.0907236],[-85.748269,35.0907295],[-85.7482284,35.0907345],[-85.748272,35.0907241],[-85.7482476,35.0907302]]},"properties":{"id":"synthetic_user_009","kind":"synthetic_activity_track","track_name":"Synthetic Saturday 009 - checkpoint loop","persona":"checkpoint_loop","source_type":"synthetic_activity_gpx","synthetic":true,"start_anchor":"#pavilion","start_local":"2026-05-23T15:12:20-05:00","end_local":"2026-05-23T16:45:27-05:00","duration_minutes":93.1,"distance_m":3314.3,"osm_track_m":1130.9,"osm_route_count":3,"osm_way_ids":[1215497663,1215497664,1215497666,1215497668,1215497683],"point_count":305,"visited_anchors":["#mid-shelf","#night-checkpoint","#pavilion","#photo-waypoint"],"review_status":"synthetic Saturday simulation; not field evidence"}},{"type":"Feature","geometry":{"type":"LineString","coordinates":[[-85.7482508,35.090721],[-85.7482443,35.0907096],[-85.7482483,35.0907227],[-85.7482406,35.0907157],[-85.74823,35.0907354],[-85.7482659,35.0907261],[-85.7482445,35.0907154],[-85.748259,35.090736],[-85.7482629,35.090727],[-85.7478867,35.0907598],[-85.7479325,35.0903856],[-85.748005,35.0898943],[-85.7475319,35.0898218],[-85.745945,35.089602],[-85.7459595,35.0889324],[-85.7456183,35.0872227],[-85.7456376,35.0872277],[-85.7456179,35.0872145],[-85.7456105,35.0872141],[-85.7456311,35.0872286],[-85.7456524,35.0872423],[-85.7456106,35.0872192],[-85.7456756,35.0872536],[-85.7456196,35.0872282],[-85.7455664,35.0871885],[-85.7456249,35.0872214],[-85.7456322,35.0872341],[-85.7456274,35.0872234],[-85.7456274,35.0872223],[-85.7456334,35.0872258],[-85.7456509,35.087244],[-85.7459576,35.0889371],[-85.7459386,35.089601],[-85.7475312,35.0898231],[-85.7479995,35.0898999],[-85.7479357,35.0903857],[-85.7481619,35.0903768],[-85.7482587,35.0907242],[-85.7482265,35.0907155],[-85.748246,35.0907082],[-85.7482414,35.0907061],[-85.7482708,35.0907396],[-85.7482268,35.0907272],[-85.7482715,35.09074],[-85.7482556,35.0907251],[-85.7482672,35.0907398],[-85.748264,35.0907273],[-85.7482319,35.0907216],[-85.7482564,35.0907168],[-85.7482527,35.0907054],[-85.7482489,35.0907442],[-85.7482329,35.0907116]]},"properties":{"id":"synthetic_user_010","kind":"synthetic_activity_track","track_name":"Synthetic Saturday 010 - proving ground","persona":"proving_ground","source_type":"synthetic_activity_gpx","synthetic":true,"start_anchor":"#pavilion","start_local":"2026-05-23T13:55:53-05:00","end_local":"2026-05-23T14:46:19-05:00","duration_minutes":50.4,"distance_m":1259.0,"osm_track_m":680.8,"osm_route_count":2,"osm_way_ids":[383693504,1215497682,1215497683],"point_count":52,"visited_anchors":["#pavilion","#proving-grounds"],"review_status":"synthetic Saturday simulation; not field evidence"}},{"type":"Feature","geometry":{"type":"LineString","coordinates":[[-85.7482479,35.0907314],[-85.7482705,35.0907378],[-85.7482376,35.0907345],[-85.7482494,35.0907082],[-85.7482536,35.0907222],[-85.7482531,35.090709],[-85.7482692,35.0907212],[-85.748265,35.0907271],[-85.7482616,35.0907347],[-85.7482599,35.09071],[-85.7478844,35.0907586],[-85.7478346,35.091157],[-85.7481653,35.0911665],[-85.7487146,35.0912233],[-85.7489488,35.0912784],[-85.7487593,35.09156],[-85.7487478,35.0915582],[-85.7487666,35.0915574],[-85.7487506,35.0915582],[-85.7487439,35.0915737],[-85.7487709,35.091561],[-85.7487285,35.0915755],[-85.7487634,35.0915555],[-85.7487939,35.0915484],[-85.7487527,35.0915661],[-85.7487606,35.0915669],[-85.7487499,35.091557],[-85.7487369,35.0915626],[-85.7487616,35.0915664],[-85.7486161,35.0915098],[-85.748633,35.0914752],[-85.748614,35.0915027],[-85.7492176,35.091689],[-85.7492754,35.0916723],[-85.7492216,35.0916919],[-85.7486256,35.0915018],[-85.7486329,35.0914727],[-85.748613,35.0915161],[-85.7487128,35.091224],[-85.7481698,35.0911649],[-85.7478413,35.0911572],[-85.7478782,35.0907576],[-85.7479291,35.0903836],[-85.7481636,35.0903785],[-85.7482493,35.0907229],[-85.7482463,35.0907154],[-85.7482384,35.0907253],[-85.748272,35.090741],[-85.748252,35.0907431],[-85.7482381,35.0907432],[-85.7482608,35.0907066]]},"properties":{"id":"synthetic_user_011","kind":"synthetic_activity_track","track_name":"Synthetic Saturday 011 - photo short","persona":"photo_short","source_type":"synthetic_activity_gpx","synthetic":true,"start_anchor":"#pavilion","start_local":"2026-05-23T14:40:45-05:00","end_local":"2026-05-23T15:12:52-05:00","duration_minutes":32.1,"distance_m":697.5,"osm_track_m":313.2,"osm_route_count":2,"osm_way_ids":[1215497664,1215497683],"point_count":51,"visited_anchors":["#pavilion","#photo-waypoint"],"review_status":"synthetic Saturday simulation; not field evidence"}},{"type":"Feature","geometry":{"type":"LineString","coordinates":[[-85.7482503,35.090729],[-85.7482645,35.090712],[-85.7482574,35.0907076],[-85.748253,35.0907444],[-85.7482432,35.0907081],[-85.7482566,35.0907108],[-85.7482692,35.0907228],[-85.7482294,35.0907344],[-85.7482656,35.0907411],[-85.7478805,35.0907632],[-85.7478343,35.0911578],[-85.7481675,35.0911646],[-85.7487154,35.0912215],[-85.7489414,35.0912768],[-85.7487631,35.0915616],[-85.7489465,35.0912803],[-85.7492092,35.0914356],[-85.7492958,35.0914942],[-85.7493314,35.0913193],[-85.7492879,35.0912313],[-85.7491942,35.0909838],[-85.7491684,35.0908485],[-85.7491872,35.0906552],[-85.7492554,35.0905074],[-85.7494199,35.0902823],[-85.7494897,35.0902365],[-85.7495764,35.0902247],[-85.7496505,35.0902661],[-85.7497303,35.0902872],[-85.7498645,35.0902859],[-85.7500187,35.090243],[-85.7504052,35.0901234],[-85.7504461,35.0901195],[-85.7506506,35.0900926],[-85.7507887,35.0900853],[-85.7509494,35.0901298],[-85.7512132,35.0902586],[-85.7512613,35.0902746],[-85.7513701,35.0903111],[-85.751755,35.0903917],[-85.7518689,35.0904023],[-85.7519484,35.0904147],[-85.7521132,35.090428],[-85.7524757,35.0904461],[-85.7527932,35.090461],[-85.7530741,35.0905039],[-85.7533594,35.0906254],[-85.7534947,35.0906953],[-85.7536702,35.0907877],[-85.7539562,35.0909823],[-85.754347,35.0912081],[-85.7544776,35.091289],[-85.755187,35.0917171],[-85.7555851,35.0919249],[-85.7555954,35.0919276],[-85.7555798,35.0919269],[-85.7555908,35.0919145],[-85.755594,35.0919185],[-85.7555972,35.0919243],[-85.7555931,35.0919397],[-85.7555867,35.0919257],[-85.7556101,35.0919438],[-85.7555789,35.0918944],[-85.7555882,35.0919246],[-85.7551879,35.0917126],[-85.7544778,35.0912862],[-85.7543411,35.091208],[-85.7539547,35.0909755],[-85.7536669,35.0907932],[-85.7534995,35.0906967],[-85.7533563,35.0906259],[-85.7530726,35.0905017],[-85.7527962,35.09046],[-85.7524742,35.0904461],[-85.7521091,35.0904319],[-85.75195,35.0904134],[-85.7518675,35.0904085],[-85.751754,35.0903941],[-85.7513662,35.0903133],[-85.7512629,35.0902737],[-85.7512084,35.0902581],[-85.7509404,35.090129],[-85.7507906,35.0900838],[-85.750651,35.0900922],[-85.7504522,35.0901148],[-85.7504087,35.0901235],[-85.7500141,35.090242],[-85.7498599,35.0902908],[-85.7497326,35.0902898],[-85.7496532,35.090268],[-85.7495754,35.0902275],[-85.7495793,35.0901145],[-85.7496396,35.0898864],[-85.7496318,35.0896744],[-85.7496098,35.0894963],[-85.7496231,35.0894718],[-85.7493621,35.0895059],[-85.7491279,35.0895334],[-85.7489627,35.0895717],[-85.7488578,35.0896183],[-85.7488136,35.0896728],[-85.7487673,35.0897289],[-85.7486687,35.0898323],[-85.7485264,35.0898918],[-85.7483614,35.0899185],[-85.7481466,35.0899187],[-85.7480029,35.0898943],[-85.7479331,35.0903813],[-85.7481648,35.0903757],[-85.7482457,35.090726],[-85.7482333,35.0907128],[-85.7482555,35.0907192],[-85.7482467,35.0907419],[-85.748248,35.0907452]]},"properties":{"id":"synthetic_user_012","kind":"synthetic_activity_track","track_name":"Synthetic Saturday 012 - osm spine runner","persona":"osm_spine_runner","source_type":"synthetic_activity_gpx","synthetic":true,"start_anchor":"#pavilion","start_local":"2026-05-23T14:47:58-05:00","end_local":"2026-05-23T15:42:39-05:00","duration_minutes":54.7,"distance_m":2084.9,"osm_track_m":1866.8,"osm_route_count":3,"osm_way_ids":[1215497664,1215497665,1215497666,1215497682,1215497683],"point_count":114,"visited_anchors":["#osm-main-spine-west","#pavilion","#photo-waypoint"],"review_status":"synthetic Saturday simulation; not field evidence"}},{"type":"Feature","geometry":{"type":"LineString","coordinates":[[-85.7482565,35.0907185],[-85.748263,35.0907261],[-85.7482501,35.0907283],[-85.7482693,35.0907136],[-85.7482297,35.0907346],[-85.7482427,35.0907375],[-85.7478825,35.0907615],[-85.747839,35.0911577],[-85.7481655,35.091165],[-85.7487115,35.0912221],[-85.7489434,35.0912743],[-85.7487619,35.0915636],[-85.748763,35.0915712],[-85.7487583,35.0915665],[-85.7487553,35.0915532],[-85.7487647,35.0915685],[-85.7487595,35.0915725],[-85.7489481,35.09128],[-85.7492047,35.091437],[-85.7492977,35.0914943],[-85.7493301,35.0913214],[-85.749287,35.0912315],[-85.749201,35.0909844],[-85.7491629,35.0908537],[-85.749189,35.090652],[-85.74925,35.0905092],[-85.7494253,35.090287],[-85.7494889,35.0902385],[-85.7495739,35.0902288],[-85.7496527,35.0902688],[-85.749735,35.0902891],[-85.7498613,35.0902926],[-85.7500182,35.0902434],[-85.7504105,35.0901194],[-85.7504509,35.0901157],[-85.7506463,35.0900937],[-85.7507937,35.090087],[-85.750945,35.0901266],[-85.751215,35.0902583],[-85.7512619,35.0902781],[-85.7513642,35.090308],[-85.7517534,35.0903945],[-85.7518615,35.0904049],[-85.7519413,35.090413],[-85.752105,35.0904285],[-85.7524761,35.0904399],[-85.7527914,35.090456],[-85.7530771,35.090503],[-85.7533576,35.0906258],[-85.7534986,35.0906974],[-85.753669,35.0907943],[-85.7539559,35.0909756],[-85.7543487,35.0912079],[-85.7544809,35.0912876],[-85.7551885,35.091712],[-85.7555869,35.0919268],[-85.755583,35.091936],[-85.7555958,35.0919198],[-85.7555776,35.091917],[-85.755586,35.0919343],[-85.7555888,35.0919199],[-85.7555709,35.0919452],[-85.7555867,35.091922],[-85.7551878,35.0917141],[-85.7544806,35.0912836],[-85.7543398,35.0912081],[-85.7539558,35.0909756],[-85.7536669,35.090792],[-85.7534998,35.0906967],[-85.7533617,35.0906208],[-85.7530734,35.0905057],[-85.752791,35.0904538],[-85.7524702,35.0904447],[-85.752109,35.0904309],[-85.7519444,35.0904115],[-85.7518613,35.0904043],[-85.7517573,35.0903917],[-85.7513659,35.0903087],[-85.7512564,35.0902756],[-85.7512151,35.0902565],[-85.7509459,35.0901308],[-85.7507926,35.0900862],[-85.7506521,35.0900926],[-85.7504526,35.0901191],[-85.7504073,35.0901211],[-85.7500175,35.090244],[-85.7498643,35.0902933],[-85.7497295,35.0902856],[-85.7496464,35.0902695],[-85.7495773,35.090222],[-85.749572,35.0901169],[-85.749637,35.0898866],[-85.7496353,35.0896794],[-85.7496097,35.0894944],[-85.7496205,35.0894735],[-85.7493545,35.0895059],[-85.7491333,35.0895354],[-85.7489621,35.0895735],[-85.7488634,35.0896166],[-85.7488125,35.0896698],[-85.7487696,35.0897267],[-85.7486629,35.0898265],[-85.748528,35.0898901],[-85.7483585,35.0899166],[-85.7481383,35.089919],[-85.7480011,35.0899009],[-85.7479331,35.090379],[-85.7481612,35.0903785],[-85.7482499,35.0907274],[-85.7482268,35.0907148],[-85.7482489,35.0907247],[-85.7482526,35.0907208],[-85.7482549,35.0907358],[-85.7482659,35.0907286],[-85.7482643,35.0907284],[-85.7482429,35.090734]]},"properties":{"id":"synthetic_user_013","kind":"synthetic_activity_track","track_name":"Synthetic Saturday 013 - osm spine runner","persona":"osm_spine_runner","source_type":"synthetic_activity_gpx","synthetic":true,"start_anchor":"#pavilion","start_local":"2026-05-23T14:27:24-05:00","end_local":"2026-05-23T15:34:41-05:00","duration_minutes":67.3,"distance_m":2072.7,"osm_track_m":1866.8,"osm_route_count":3,"osm_way_ids":[1215497664,1215497665,1215497666,1215497682,1215497683],"point_count":116,"visited_anchors":["#osm-main-spine-west","#pavilion","#photo-waypoint"],"review_status":"synthetic Saturday simulation; not field evidence"}},{"type":"Feature","geometry":{"type":"LineString","coordinates":[[-85.7482509,35.090728],[-85.7482368,35.0907185],[-85.7482573,35.0907253],[-85.7482608,35.090733],[-85.7482729,35.0907186],[-85.7482361,35.0907195],[-85.7482457,35.0907184],[-85.7482472,35.090707],[-85.7478837,35.0907632],[-85.7478356,35.0911571],[-85.7481659,35.0911649],[-85.7487145,35.0912211],[-85.7489458,35.0912737],[-85.7492049,35.0914302],[-85.7492974,35.0914919],[-85.749382,35.0915468],[-85.7496639,35.0916234],[-85.7498139,35.0917486],[-85.7500335,35.0918899],[-85.7507128,35.09194],[-85.7512754,35.0920008],[-85.7514828,35.0919334],[-85.7514955,35.0919399],[-85.7514994,35.0919166],[-85.7514911,35.091949],[-85.7514761,35.0919486],[-85.7514841,35.0919209],[-85.7514662,35.0919333],[-85.7514843,35.0919384],[-85.7514563,35.0919495],[-85.7514867,35.0919452],[-85.7514843,35.091912],[-85.7514912,35.0919304],[-85.7514689,35.091915],[-85.7515062,35.0919235],[-85.7515556,35.0919447],[-85.7515169,35.0919899],[-85.7514982,35.0919196],[-85.7515151,35.0917969],[-85.7514599,35.0917647],[-85.7514298,35.0917708],[-85.7513975,35.091772],[-85.7513689,35.0917534],[-85.7514094,35.0917166],[-85.7514176,35.0916899],[-85.7514959,35.0917019],[-85.7515895,35.091627],[-85.7516087,35.0916224],[-85.7516649,35.0916341],[-85.7516796,35.0916111],[-85.7516909,35.0915382],[-85.7515883,35.0915098],[-85.7515344,35.0915305],[-85.7514843,35.091585],[-85.7514161,35.0916184],[-85.7514154,35.0916574],[-85.7513588,35.091644],[-85.7513414,35.0917046],[-85.7512836,35.0917541],[-85.7513013,35.0918214],[-85.7513383,35.0918808],[-85.7513338,35.091932],[-85.7512729,35.0919861],[-85.7512893,35.0920252],[-85.7512183,35.091936],[-85.7511961,35.0919945],[-85.7511427,35.0920096],[-85.7511328,35.0920568],[-85.7512674,35.0921194],[-85.7512243,35.0921171],[-85.7511078,35.0920643],[-85.7511351,35.0919673],[-85.7511094,35.0919063],[-85.7510397,35.0918954],[-85.7508658,35.0918461],[-85.7508494,35.0918376],[-85.7507779,35.0918766],[-85.7507155,35.0918789],[-85.7506359,35.0918383],[-85.7504625,35.0918153],[-85.7504303,35.0918312],[-85.7503925,35.0918763],[-85.750344,35.0918986],[-85.7503254,35.0919407],[-85.7502915,35.0919649],[-85.75023,35.0919717],[-85.750172,35.0920095],[-85.7501242,35.0920127],[-85.7499927,35.0919814],[-85.7499755,35.0919534],[-85.7498438,35.0919723],[-85.7497824,35.0919591],[-85.749746,35.091978],[-85.7497256,35.0920058],[-85.7496912,35.0920078],[-85.7496242,35.0919975],[-85.7495324,35.0919474],[-85.7494483,35.0919549],[-85.749409,35.0919398],[-85.7492756,35.0919418],[-85.748989,35.0920755],[-85.7489066,35.0920214],[-85.7489014,35.091995],[-85.7488022,35.0919352],[-85.7487367,35.0919116],[-85.7486684,35.0919129],[-85.7485948,35.0919371],[-85.7484532,35.0919],[-85.7483939,35.0918712],[-85.7483074,35.0918635],[-85.7482339,35.0918462],[-85.7481715,35.0918592],[-85.7481305,35.0918411],[-85.7480954,35.0918774],[-85.7480234,35.0918332],[-85.7478902,35.0918631],[-85.7478099,35.0918618],[-85.7477397,35.0918316],[-85.7477187,35.0918374],[-85.7476549,35.0918444],[-85.7475112,35.0918956],[-85.7473513,35.091939],[-85.7472189,35.0919369],[-85.7471466,35.0920104],[-85.7470011,35.0920425],[-85.7469271,35.092098],[-85.7469342,35.0921684],[-85.7470341,35.0923155],[-85.7470761,35.0923346],[-85.7470091,35.0923071],[-85.746964,35.092312],[-85.7469957,35.0923202],[-85.7470416,35.0923606],[-85.7469518,35.0922987],[-85.747036,35.0922685],[-85.7470686,35.0922296],[-85.7471051,35.092275],[-85.7470779,35.0922725],[-85.7471263,35.0921815],[-85.7471634,35.0921863],[-85.7471236,35.0921994],[-85.7470447,35.0921095],[-85.7470091,35.0920988],[-85.7469182,35.0921365],[-85.7468997,35.0921669],[-85.7468325,35.0922281],[-85.7467753,35.0922268],[-85.7467365,35.0922448],[-85.746718,35.0922995],[-85.7466426,35.0923381],[-85.7465991,35.092411],[-85.7465798,35.0924316],[-85.7464982,35.0924357],[-85.746585,35.0924286],[-85.7466369,35.0923795],[-85.746529,35.0923785],[-85.7464573,35.0923924],[-85.746441,35.0923563],[-85.746365,35.0923188],[-85.7462201,35.0923921],[-85.7461398,35.0923964],[-85.7459229,35.092505],[-85.7458303,35.0925354],[-85.7458173,35.092629],[-85.7458294,35.0926778],[-85.7458186,35.0927153],[-85.7456524,35.0927613],[-85.7455147,35.092845],[-85.7454839,35.0928956],[-85.7454598,35.0929442],[-85.7454757,35.0930913],[-85.7454443,35.0931467],[-85.7453662,35.0932437],[-85.7453331,35.0933871],[-85.7452723,35.0934318],[-85.7451832,35.0934046],[-85.7451045,35.0935345],[-85.7450578,35.093637],[-85.7450077,35.0937141],[-85.7449533,35.0937997],[-85.7448774,35.0938732],[-85.7448729,35.0939201],[-85.7448229,35.0939713],[-85.7447791,35.0940127],[-85.7447608,35.0940789],[-85.7447016,35.0942098],[-85.7446966,35.0942723],[-85.7446133,35.0943743],[-85.7445512,35.0944216],[-85.7445052,35.0944651],[-85.7444711,35.0945112],[-85.7444193,35.0945977],[-85.7444045,35.0947192],[-85.7443811,35.0947455],[-85.7443364,35.0947797],[-85.7443345,35.0948495],[-85.7443306,35.0948815],[-85.7442869,35.0949694],[-85.7442197,35.095099],[-85.7441673,35.0952163],[-85.7441081,35.0952643],[-85.7441101,35.095353],[-85.744132,35.0953891],[-85.7441299,35.0954507],[-85.744151,35.0954832],[-85.7441561,35.095546],[-85.7441454,35.0955735],[-85.7440788,35.0956142],[-85.7440575,35.0956489],[-85.7440128,35.0956681],[-85.7439762,35.0957487],[-85.743949,35.0957886],[-85.7439654,35.0958327],[-85.7439237,35.0958469],[-85.7438714,35.0959718],[-85.7438642,35.0960922],[-85.7438736,35.0961867],[-85.7438081,35.0963762],[-85.7438162,35.0965103],[-85.743809,35.0965766],[-85.7437981,35.0966135],[-85.7437744,35.0966779],[-85.7437664,35.0967097],[-85.7437759,35.0967725],[-85.7437706,35.0968439],[-85.7437526,35.0968813],[-85.7437206,35.0969175],[-85.7437416,35.0969848],[-85.7437289,35.097027],[-85.7437039,35.097082],[-85.7437004,35.0972207],[-85.7437376,35.0974079],[-85.7437616,35.0974739],[-85.7438222,35.0975221],[-85.7438393,35.0975702],[-85.7438422,35.0976102],[-85.7438408,35.0976978],[-85.7438399,35.0978408],[-85.743928,35.097915],[-85.7439185,35.0979725],[-85.7439513,35.0979195],[-85.7438792,35.0979179],[-85.7438974,35.0979014],[-85.7439955,35.0978857],[-85.7440045,35.0979002],[-85.743952,35.0978776],[-85.7440398,35.0978805],[-85.744088,35.0979577],[-85.7440662,35.0979326],[-85.743987,35.0979489],[-85.7440078,35.0979479],[-85.7439914,35.0979491],[-85.7440049,35.097945],[-85.7440185,35.0979412],[-85.7440011,35.0979486],[-85.7440325,35.0979407],[-85.7440093,35.0979502],[-85.7439648,35.097961],[-85.7440093,35.0979584],[-85.7440012,35.0979459],[-85.7440068,35.0979581],[-85.7440023,35.097955],[-85.7440177,35.0979358],[-85.7440355,35.097962],[-85.7439949,35.0979477],[-85.7439646,35.0979594],[-85.7439789,35.0979609],[-85.7440006,35.0979417],[-85.7440185,35.0979314],[-85.7440459,35.0979568],[-85.7439622,35.0979982],[-85.7439429,35.0980968],[-85.743887,35.0981389],[-85.7438696,35.0982574],[-85.7439076,35.0984357],[-85.7439455,35.0985079],[-85.7439179,35.0985331],[-85.7439699,35.0985422],[-85.7439528,35.0985869],[-85.7439636,35.0985481],[-85.7439477,35.0985106],[-85.7439603,35.0984613],[-85.7439533,35.0983325],[-85.7439761,35.0982825],[-85.7439641,35.0981333],[-85.7440319,35.0980466],[-85.7440179,35.0979593],[-85.7440137,35.0979289],[-85.7440143,35.0978771],[-85.7439828,35.0978184],[-85.7439486,35.0978141],[-85.7439237,35.0977245],[-85.7439146,35.0976379],[-85.7439686,35.0975867],[-85.7439895,35.0975098],[-85.7439729,35.0974696],[-85.7438789,35.0974112],[-85.7438506,35.0973614],[-85.7438566,35.097297],[-85.7438111,35.0972073],[-85.7438268,35.0971446],[-85.7438209,35.0969681],[-85.7438474,35.0969472],[-85.7438538,35.0968463],[-85.7438805,35.0968322],[-85.743906,35.0967861],[-85.7438892,35.0967229],[-85.7438976,35.0966039],[-85.7438815,35.0965663],[-85.7438865,35.0964852],[-85.7438821,35.0963935],[-85.7438791,35.0962581],[-85.7439291,35.0962132],[-85.7439676,35.0961858],[-85.7439821,35.0961098],[-85.7439853,35.0960651],[-85.7440038,35.0960475],[-85.7439992,35.0959865],[-85.7440108,35.0959529],[-85.7439714,35.0958827],[-85.7439866,35.0958394],[-85.7440006,35.095784],[-85.744062,35.0957017],[-85.7441067,35.095673],[-85.7441896,35.0955294],[-85.7442126,35.0955269],[-85.7442466,35.0954968],[-85.7442277,35.0954152],[-85.7442327,35.0953719],[-85.7441984,35.0952447],[-85.7442437,35.0951418],[-85.7443294,35.0950179],[-85.7443557,35.0949586],[-85.7443723,35.0949015],[-85.7444185,35.0948572],[-85.7444254,35.0947755],[-85.7444509,35.0947393],[-85.7444598,35.0946963],[-85.7445226,35.0945652],[-85.7445248,35.0945006],[-85.7445584,35.0944031],[-85.7445881,35.094365],[-85.7446574,35.0943319],[-85.7447306,35.094182],[-85.7447667,35.0941006],[-85.744786,35.0941009],[-85.7448306,35.0940717],[-85.7448483,35.0939776],[-85.7449171,35.0938861],[-85.7449233,35.0938409],[-85.7449516,35.0937808],[-85.7450065,35.0936525],[-85.7450487,35.0936429],[-85.745214,35.093445],[-85.7452642,35.0934139],[-85.7453189,35.0934013],[-85.7454246,35.0933431],[-85.7454396,35.0931979],[-85.7454824,35.0931392],[-85.7455231,35.0929934],[-85.7455101,35.092904],[-85.7455165,35.092867],[-85.7455937,35.0928029],[-85.745661,35.0927812],[-85.7457388,35.0927377],[-85.7459121,35.0926811],[-85.7459343,35.0926489],[-85.7458737,35.0926146],[-85.7458669,35.0924951],[-85.74589,35.0924756],[-85.74606,35.0924678],[-85.746348,35.0923603],[-85.7464831,35.0923316],[-85.7464713,35.0922977],[-85.7466022,35.0922788],[-85.7467846,35.0922977],[-85.7470056,35.0921443],[-85.7470401,35.0921329],[-85.7471168,35.0921311],[-85.7472899,35.0920349],[-85.7474574,35.0919937],[-85.7475641,35.0919902],[-85.7477153,35.0919606],[-85.7478478,35.0919583],[-85.747953,35.0919364],[-85.7480567,35.0919172],[-85.7481766,35.0919391],[-85.7484122,35.0919768],[-85.748475,35.0919748],[-85.7486405,35.0918809],[-85.7487081,35.0918607],[-85.7488151,35.0918513],[-85.7488436,35.0918158],[-85.7488697,35.0917744],[-85.7488248,35.0916702],[-85.7487198,35.0915782],[-85.7486791,35.0915584],[-85.7486272,35.0915496],[-85.7485971,35.0914977],[-85.7485359,35.0914656],[-85.7484244,35.0913861],[-85.7483693,35.0913471],[-85.7481846,35.0912191],[-85.7480963,35.0911192],[-85.7479314,35.0910053],[-85.7479292,35.0909242],[-85.7479554,35.0908928],[-85.7480096,35.0905571],[-85.7480097,35.0905033],[-85.7480659,35.090422],[-85.7481037,35.0903805],[-85.7481134,35.0904061],[-85.7481212,35.0903717],[-85.7481539,35.0903799],[-85.748256,35.0907311],[-85.7482378,35.0907307],[-85.7482403,35.0907447],[-85.7482434,35.090714],[-85.7482481,35.0907368],[-85.7482299,35.0907115],[-85.7482748,35.0907237],[-85.7482441,35.090705],[-85.7482418,35.0907128],[-85.7482583,35.0907377],[-85.7482427,35.0907475],[-85.7482432,35.0907441],[-85.7482658,35.0907161]]},"properties":{"id":"synthetic_user_014","kind":"synthetic_activity_track","track_name":"Synthetic Saturday 014 - trailhead social","persona":"trailhead_social","source_type":"synthetic_activity_gpx","synthetic":true,"start_anchor":"#pavilion","start_local":"2026-05-23T14:22:09-05:00","end_local":"2026-05-23T16:31:28-05:00","duration_minutes":129.3,"distance_m":3689.4,"osm_track_m":381.7,"osm_route_count":1,"osm_way_ids":[1215497663,1215497664,1215497668,1215497683],"point_count":427,"visited_anchors":["#north-technical","#observed-trailhead","#pavilion"],"review_status":"synthetic Saturday simulation; not field evidence"}},{"type":"Feature","geometry":{"type":"LineString","coordinates":[[-85.7482475,35.0907319],[-85.748259,35.0907147],[-85.7482641,35.0907423],[-85.7482737,35.090721],[-85.7482361,35.0907159],[-85.7482462,35.0907212],[-85.7482743,35.0907273],[-85.7478808,35.0907621],[-85.747838,35.0911584],[-85.748165,35.0911665],[-85.7487134,35.091223],[-85.7489454,35.0912734],[-85.7487623,35.0915629],[-85.7489405,35.0912776],[-85.7492047,35.0914304],[-85.7493003,35.0914963],[-85.7493322,35.0913205],[-85.7492926,35.0912302],[-85.7491969,35.0909861],[-85.749162,35.0908504],[-85.7491898,35.0906524],[-85.7492495,35.0905085],[-85.74942,35.090286],[-85.749495,35.0902375],[-85.7495767,35.0902268],[-85.7496544,35.0902707],[-85.7497378,35.0902866],[-85.7498614,35.0902923],[-85.7500183,35.0902444],[-85.7504055,35.090121],[-85.7504492,35.0901177],[-85.7506454,35.0900937],[-85.7507897,35.0900875],[-85.7509437,35.0901302],[-85.7512094,35.0902594],[-85.7512607,35.0902726],[-85.7513682,35.0903074],[-85.7517593,35.0903938],[-85.7518633,35.0904077],[-85.751943,35.0904102],[-85.7521071,35.0904267],[-85.7524719,35.0904451],[-85.7527974,35.0904585],[-85.7530749,35.0905045],[-85.7533551,35.0906248],[-85.7535,35.0906952],[-85.7536693,35.090793],[-85.7539594,35.0909771],[-85.7543467,35.0912068],[-85.7544788,35.0912892],[-85.7551875,35.0917119],[-85.7555853,35.0919272],[-85.7555769,35.0919179],[-85.7555868,35.0919281],[-85.7555898,35.0919291],[-85.7555755,35.0919233],[-85.755582,35.0919184],[-85.7555816,35.0919053],[-85.7555911,35.0919264],[-85.7555851,35.0919244],[-85.7556242,35.092013],[-85.7557239,35.0921677],[-85.7560059,35.0925781],[-85.7562785,35.0929649],[-85.7564528,35.093219],[-85.7564892,35.0932361],[-85.756563,35.0933208],[-85.7566042,35.0933671],[-85.7567206,35.0934647],[-85.7568703,35.0935905],[-85.7569345,35.0936831],[-85.7569599,35.0938584],[-85.7569768,35.0941332],[-85.7569164,35.0943529],[-85.7568858,35.0945371],[-85.7568841,35.094709],[-85.7569054,35.0948287],[-85.7568842,35.0949762],[-85.7568253,35.0951458],[-85.7567404,35.0952677],[-85.7566197,35.0953462],[-85.7565675,35.0953725],[-85.7561961,35.0956284],[-85.7560641,35.0956888],[-85.7559717,35.0957632],[-85.7559033,35.0958078],[-85.7557544,35.095902],[-85.7553538,35.0960942],[-85.7551096,35.0961494],[-85.7551621,35.0962167],[-85.7551997,35.0963438],[-85.7551418,35.096404],[-85.7550765,35.0965176],[-85.755063,35.0966322],[-85.7550484,35.0966748],[-85.7550158,35.0967765],[-85.7550103,35.0968855],[-85.7548733,35.0970554],[-85.7547733,35.0971061],[-85.7547638,35.0971003],[-85.7547809,35.0971249],[-85.7547732,35.0971098],[-85.7547686,35.0970967],[-85.7547493,35.0970909],[-85.754723,35.0971082],[-85.7548281,35.0971084],[-85.7547656,35.0970946],[-85.7547655,35.0971106],[-85.7547717,35.0971054],[-85.7547703,35.0970913],[-85.7547733,35.097108],[-85.7546722,35.0970731],[-85.7545339,35.0969949],[-85.7544466,35.0968878],[-85.7543669,35.0967906],[-85.7543206,35.0966597],[-85.7542849,35.096572],[-85.7542566,35.0964587],[-85.7542311,35.0963511],[-85.7542305,35.0962876],[-85.754174,35.0962323],[-85.7541161,35.09618],[-85.7539817,35.0962296],[-85.7537988,35.0962538],[-85.7536275,35.0962696],[-85.7532887,35.0962176],[-85.7529465,35.0961094],[-85.7527515,35.0960494],[-85.7522252,35.0958119],[-85.7520783,35.0957615],[-85.752151,35.0956602],[-85.7522777,35.0956484],[-85.7524014,35.0956178],[-85.7524195,35.0955143],[-85.7524787,35.0954183],[-85.7525528,35.0952576],[-85.7525865,35.0951028],[-85.752597,35.0949032],[-85.7526031,35.0946632],[-85.752579,35.094535],[-85.7524978,35.094395],[-85.7523606,35.094281],[-85.7521612,35.0942298],[-85.7519686,35.094222],[-85.7517718,35.0942781],[-85.7515659,35.0942888],[-85.7512189,35.0943045],[-85.7511403,35.0942775],[-85.7510577,35.0942128],[-85.7509804,35.0940638],[-85.7509475,35.0940046],[-85.7509668,35.0938983],[-85.7509872,35.0938078],[-85.7509244,35.0936594],[-85.7508356,35.0935517],[-85.7508113,35.0935136],[-85.7505566,35.0932851],[-85.7503911,35.0931298],[-85.7503058,35.0930051],[-85.7502771,35.0929327],[-85.7502567,35.0928637],[-85.7503004,35.0926671],[-85.7504133,35.0924895],[-85.750466,35.0923511],[-85.7504474,35.092218],[-85.7503643,35.0921055],[-85.7503499,35.0920848],[-85.750268,35.0920022],[-85.75004,35.0918903],[-85.7498091,35.0917431],[-85.7496637,35.0916253],[-85.7493762,35.091545],[-85.7493025,35.0914944],[-85.7492025,35.0914322],[-85.7489431,35.0912797],[-85.7487124,35.0912175],[-85.7481712,35.0911698],[-85.7478402,35.0911576],[-85.7478853,35.0907573],[-85.7479334,35.0903815],[-85.748164,35.0903764],[-85.7482452,35.0907269],[-85.7482473,35.0907385],[-85.7482408,35.0907249],[-85.7482648,35.0907362],[-85.7482231,35.0907271],[-85.748269,35.0907289],[-85.7482351,35.0907337],[-85.7482721,35.0907155],[-85.748253,35.0907371],[-85.7482638,35.0907291]]},"properties":{"id":"synthetic_user_015","kind":"synthetic_activity_track","track_name":"Synthetic Saturday 015 - osm spine runner","persona":"osm_spine_runner","source_type":"synthetic_activity_gpx","synthetic":true,"start_anchor":"#pavilion","start_local":"2026-05-23T13:44:51-05:00","end_local":"2026-05-23T15:15:50-05:00","duration_minutes":91.0,"distance_m":3178.1,"osm_track_m":2801.8,"osm_route_count":4,"osm_way_ids":[1215497663,1215497664,1215497666,1215497670,1215497671,1215497672,1215497683,1215497700,1215497704,1215497705],"point_count":191,"visited_anchors":["#osm-main-spine-west","#osm-north-loop","#pavilion","#photo-waypoint"],"review_status":"synthetic Saturday simulation; not field evidence"}},{"type":"Feature","geometry":{"type":"LineString","coordinates":[[-85.7482553,35.0907223],[-85.7482603,35.0907109],[-85.748268,35.0907306],[-85.7482665,35.0907398],[-85.7482317,35.0907296],[-85.7482598,35.0907082],[-85.7482448,35.0907391],[-85.7482636,35.0907395],[-85.748256,35.0907438],[-85.7478817,35.0907616],[-85.7478388,35.0911564],[-85.7481705,35.0911671],[-85.7487111,35.0912201],[-85.748948,35.0912786],[-85.7492046,35.0914305],[-85.7492984,35.0914915],[-85.7491829,35.0917119],[-85.7490452,35.0918701],[-85.7488991,35.091973],[-85.7486723,35.0919851],[-85.7483714,35.0919255],[-85.7481625,35.0919074],[-85.7479258,35.0919004],[-85.7476322,35.0919414],[-85.7471837,35.0920433],[-85.7470914,35.0920949],[-85.7469838,35.092307],[-85.7469871,35.0922989],[-85.7469859,35.0923028],[-85.7469915,35.0923115],[-85.7470011,35.0923043],[-85.7469938,35.0922926],[-85.746987,35.092281],[-85.7469864,35.0923297],[-85.7469967,35.0923014],[-85.7469896,35.0923125],[-85.7469755,35.0923002],[-85.7469879,35.0923008],[-85.7469806,35.0922891],[-85.7469844,35.0922803],[-85.7469847,35.0923293],[-85.7470323,35.0923543],[-85.7469558,35.0922907],[-85.7470185,35.0922679],[-85.7470649,35.092226],[-85.7470995,35.0922727],[-85.7470761,35.0922648],[-85.7471105,35.0921817],[-85.7471822,35.0921887],[-85.7471277,35.0921984],[-85.7470411,35.092111],[-85.7470193,35.0920944],[-85.7469194,35.0921458],[-85.746892,35.0921751],[-85.7468354,35.0922283],[-85.7467758,35.0922304],[-85.7467493,35.0922429],[-85.7467208,35.0922924],[-85.7466331,35.0923275],[-85.7466037,35.0924025],[-85.7465923,35.0924331],[-85.746507,35.092442],[-85.7465713,35.0924331],[-85.7466428,35.0923787],[-85.7465326,35.0923679],[-85.7464517,35.0923953],[-85.746451,35.0923533],[-85.7463746,35.0923131],[-85.7462296,35.0923899],[-85.7461497,35.092399],[-85.7459317,35.0925048],[-85.7458386,35.0925271],[-85.7458204,35.0926335],[-85.7458429,35.0926784],[-85.7458194,35.0927106],[-85.7456436,35.0927574],[-85.7455221,35.0928554],[-85.7454701,35.092892],[-85.7454558,35.0929508],[-85.7454646,35.0930856],[-85.7454536,35.093141],[-85.7453743,35.0932533],[-85.7453396,35.0933866],[-85.7452706,35.0934396],[-85.7451814,35.0933993],[-85.7451096,35.0935306],[-85.745059,35.0936308],[-85.7450036,35.0937178],[-85.7449665,35.0937962],[-85.7448765,35.0938686],[-85.7448724,35.0939218],[-85.744819,35.0939753],[-85.7447832,35.0940142],[-85.7447677,35.0940761],[-85.7446919,35.0942153],[-85.7446965,35.0942737],[-85.7446135,35.0943691],[-85.7445513,35.0944111],[-85.7445107,35.0944661],[-85.7444558,35.0945122],[-85.7444209,35.0945985],[-85.7444043,35.0947269],[-85.7443674,35.0947512],[-85.744336,35.0947818],[-85.7443258,35.0948494],[-85.7443222,35.0948814],[-85.7442895,35.0949757],[-85.7442116,35.0951069],[-85.7441679,35.0952144],[-85.7441024,35.0952577],[-85.7441157,35.0953525],[-85.7441459,35.0953854],[-85.7441445,35.0954487],[-85.7441478,35.0954819],[-85.7441507,35.0955364],[-85.7441476,35.0955736],[-85.7440783,35.0956097],[-85.7440637,35.0956441],[-85.7440123,35.0956646],[-85.7439772,35.0957534],[-85.7439529,35.0957894],[-85.7439722,35.0958252],[-85.743927,35.0958494],[-85.7438807,35.0959675],[-85.7438621,35.0960895],[-85.7438672,35.0961777],[-85.7437966,35.096378],[-85.7438129,35.0965068],[-85.743821,35.0965791],[-85.7437874,35.0966181],[-85.7437806,35.0966789],[-85.74377,35.0967128],[-85.7437818,35.096771],[-85.7437765,35.096848],[-85.7437672,35.0968737],[-85.7437138,35.0969199],[-85.7437321,35.0969879],[-85.7437405,35.0970261],[-85.7437024,35.0970889],[-85.7436931,35.0972269],[-85.7437385,35.0973994],[-85.7437597,35.0974771],[-85.7438143,35.097514],[-85.7438576,35.0975689],[-85.7438532,35.0976053],[-85.7438302,35.0976967],[-85.7438421,35.0978425],[-85.7439382,35.0979185],[-85.7439041,35.0979691],[-85.7439437,35.0979163],[-85.743873,35.0979201],[-85.7438897,35.097892],[-85.7440028,35.0978864],[-85.744021,35.0979008],[-85.7439459,35.0978853],[-85.7440361,35.0978854],[-85.7440878,35.0979457],[-85.7440729,35.0979224],[-85.7439864,35.0979545],[-85.7440174,35.0979679],[-85.7439854,35.0979403],[-85.7440167,35.0979503],[-85.744047,35.0979634],[-85.7440062,35.0979479],[-85.7440768,35.0979784],[-85.7439153,35.0979451],[-85.7440005,35.0979446],[-85.744022,35.0979525],[-85.7440028,35.097965],[-85.7440158,35.0979533],[-85.7440476,35.0979614],[-85.7439985,35.0979572],[-85.7440781,35.0979742],[-85.7439185,35.0979347],[-85.7439521,35.097937],[-85.7440028,35.097965],[-85.7439909,35.0979532],[-85.7440088,35.0979576],[-85.7440463,35.0979659],[-85.7440787,35.097972],[-85.7439191,35.0979328],[-85.743952,35.0979374],[-85.743999,35.0979537],[-85.7439816,35.097953],[-85.7440158,35.0979362],[-85.7440501,35.0979676],[-85.7439701,35.098006],[-85.7439491,35.0980973],[-85.7438764,35.0981457],[-85.7438639,35.0982549],[-85.7438981,35.0984254],[-85.7439284,35.098502],[-85.7439197,35.0985423],[-85.7439392,35.0985494],[-85.7439517,35.0985215],[-85.7439455,35.098529],[-85.7439361,35.098542],[-85.7439559,35.0985347],[-85.7439287,35.0985679],[-85.7439423,35.0985351],[-85.7438977,35.0985779],[-85.7439979,35.0984908],[-85.7439642,35.0984667],[-85.7439516,35.0983342],[-85.7439644,35.0982825],[-85.7439786,35.0981313],[-85.7440153,35.0980504],[-85.7440248,35.0979533],[-85.7440037,35.0979262],[-85.7440179,35.0978794],[-85.7439743,35.0978219],[-85.7439578,35.0978055],[-85.7439125,35.0977201],[-85.7439245,35.0976473],[-85.7439546,35.0975855],[-85.7439912,35.0975071],[-85.7439758,35.097467],[-85.743873,35.0974127],[-85.7438437,35.0973728],[-85.7438467,35.0972848],[-85.7438122,35.0972047],[-85.7438316,35.0971437],[-85.7438322,35.0969679],[-85.7438489,35.0969432],[-85.743861,35.0968464],[-85.7438821,35.0968216],[-85.7438932,35.0967862],[-85.7438883,35.0967108],[-85.7438983,35.0966184],[-85.7438912,35.0965702],[-85.7438915,35.0964934],[-85.7438802,35.096399],[-85.7438805,35.0962565],[-85.743938,35.0962024],[-85.7439725,35.096189],[-85.743965,35.0961128],[-85.7439917,35.0960711],[-85.7440141,35.0960382],[-85.7440068,35.095996],[-85.7440123,35.0959548],[-85.7439798,35.0958846],[-85.7439892,35.0958406],[-85.7439874,35.0957829],[-85.7440714,35.0956964],[-85.7440974,35.095682],[-85.7441891,35.0955379],[-85.7442294,35.0955302],[-85.7442577,35.0955023],[-85.7442235,35.0954089],[-85.7442289,35.095373],[-85.744204,35.0952485],[-85.7442342,35.0951373],[-85.7443243,35.095016],[-85.7443551,35.09496],[-85.7443775,35.0949059],[-85.7444104,35.094852],[-85.7444358,35.094782],[-85.7444491,35.0947375],[-85.7444516,35.0947005],[-85.7445145,35.0945515],[-85.744522,35.0944891],[-85.7445605,35.094409],[-85.7445976,35.0943709],[-85.7446533,35.0943264],[-85.744738,35.094179],[-85.7447592,35.094109],[-85.7447905,35.0941076],[-85.7448375,35.0940757],[-85.7448483,35.0939728],[-85.7449138,35.0938874],[-85.7449122,35.0938403],[-85.7449557,35.0937814],[-85.7450078,35.0936535],[-85.7450636,35.0936346],[-85.7452115,35.0934519],[-85.7452558,35.093416],[-85.7453221,35.0933915],[-85.7454285,35.0933398],[-85.7454504,35.0931949],[-85.7454861,35.0931335],[-85.74551,35.0929907],[-85.7455224,35.0929058],[-85.7455284,35.0928716],[-85.7455979,35.0928079],[-85.7456626,35.0927807],[-85.7457464,35.0927372],[-85.7459164,35.092675],[-85.7459288,35.0926535],[-85.7458741,35.0926095],[-85.7458608,35.0925063],[-85.7458783,35.0924869],[-85.7460591,35.092468],[-85.7463504,35.0923637],[-85.746477,35.0923303],[-85.7464688,35.092299],[-85.7466035,35.092278],[-85.7467807,35.0923017],[-85.7470017,35.0921422],[-85.7470498,35.0921212],[-85.7471112,35.0921328],[-85.747291,35.0920383],[-85.7474667,35.0919957],[-85.7475734,35.0919865],[-85.7477076,35.0919604],[-85.7478506,35.0919478],[-85.7479491,35.0919202],[-85.748054,35.0919246],[-85.7481826,35.0919392],[-85.7484012,35.0919854],[-85.7484626,35.0919768],[-85.7486407,35.0918877],[-85.748713,35.0918693],[-85.748809,35.0918593],[-85.7488601,35.0918063],[-85.748859,35.0917836],[-85.7488229,35.0916767],[-85.7487105,35.0915698],[-85.7486849,35.0915619],[-85.74864,35.0915458],[-85.7486112,35.0914982],[-85.7485357,35.0914592],[-85.748428,35.0913863],[-85.7483616,35.0913581],[-85.7481968,35.0912213],[-85.7481027,35.0911253],[-85.7479421,35.0910049],[-85.7479389,35.0909126],[-85.7479532,35.0908987],[-85.7480147,35.0905516],[-85.7480154,35.0905034],[-85.7480709,35.0904159],[-85.7481069,35.0903815],[-85.7480973,35.090399],[-85.7481207,35.0903789],[-85.7481583,35.0903777],[-85.7482491,35.0907331],[-85.7482668,35.0907357],[-85.7482653,35.0907366],[-85.7482356,35.0907342],[-85.748237,35.0907271],[-85.7482484,35.0907063],[-85.7482637,35.0907162],[-85.7482584,35.0907119],[-85.7482637,35.0907424],[-85.7482413,35.0907159],[-85.7482305,35.0907146],[-85.7482537,35.0907458],[-85.7482402,35.0907154],[-85.7482697,35.0907344]]},"properties":{"id":"synthetic_user_016","kind":"synthetic_activity_track","track_name":"Synthetic Saturday 016 - north crawl","persona":"north_crawl","source_type":"synthetic_activity_gpx","synthetic":true,"start_anchor":"#pavilion","start_local":"2026-05-23T13:58:18-05:00","end_local":"2026-05-23T15:39:37-05:00","duration_minutes":101.3,"distance_m":3111.0,"osm_track_m":421.4,"osm_route_count":1,"osm_way_ids":[1215497663,1215497664,1215497666,1215497683],"point_count":349,"visited_anchors":["#night-checkpoint","#north-technical","#pavilion","#upper-ledges"],"review_status":"synthetic Saturday simulation; not field evidence"}},{"type":"Feature","geometry":{"type":"LineString","coordinates":[[-85.748256,35.0907227],[-85.7482293,35.090719],[-85.7482714,35.090725],[-85.7482411,35.0907341],[-85.7482394,35.0907204],[-85.7482461,35.0907126],[-85.7478861,35.0907577],[-85.7478421,35.0911578],[-85.74817,35.0911698],[-85.7487113,35.091218],[-85.7489433,35.0912753],[-85.748763,35.0915599],[-85.7487479,35.0915659],[-85.7487648,35.0915551],[-85.7487583,35.0915734],[-85.7487503,35.0915518],[-85.7489495,35.0912758],[-85.7492014,35.0914339],[-85.7493032,35.0914903],[-85.7493307,35.0913238],[-85.749292,35.0912282],[-85.7492003,35.0909819],[-85.7491691,35.090851],[-85.7491858,35.0906489],[-85.7492503,35.0905039],[-85.7494205,35.0902814],[-85.7494894,35.0902341],[-85.7495784,35.0902267],[-85.7496465,35.0902686],[-85.7497311,35.0902857],[-85.7498673,35.0902866],[-85.7500159,35.090244],[-85.7504079,35.0901234],[-85.7504498,35.0901218],[-85.7506477,35.0900955],[-85.7507949,35.0900841],[-85.7509472,35.0901292],[-85.7512104,35.0902565],[-85.7512647,35.0902737],[-85.7513672,35.0903133],[-85.75176,35.0903921],[-85.7518635,35.0904013],[-85.7519492,35.0904104],[-85.752111,35.0904296],[-85.7524762,35.0904413],[-85.7527889,35.0904587],[-85.7530735,35.0905046],[-85.7533583,35.0906261],[-85.7534997,35.0906993],[-85.7536672,35.0907889],[-85.7539593,35.0909795],[-85.7543409,35.0912057],[-85.7544757,35.0912824],[-85.7551859,35.0917159],[-85.755583,35.0919232],[-85.7555823,35.0919124],[-85.755587,35.0919316],[-85.7555794,35.0919142],[-85.755588,35.0919014],[-85.7555845,35.091932],[-85.755603,35.0918904],[-85.7555842,35.0919308],[-85.755565,35.0919559],[-85.7555883,35.0919273],[-85.7556278,35.0920158],[-85.7557192,35.0921681],[-85.756011,35.0925771],[-85.7562778,35.0929697],[-85.7564522,35.0932174],[-85.7564869,35.0932361],[-85.7565627,35.0933231],[-85.756601,35.093361],[-85.7567187,35.0934601],[-85.7568672,35.0935906],[-85.756938,35.093682],[-85.7569652,35.0938553],[-85.7569787,35.0941339],[-85.7569214,35.0943554],[-85.75689,35.0945365],[-85.7568869,35.0947119],[-85.7569098,35.0948277],[-85.7568868,35.0949753],[-85.7568275,35.0951448],[-85.7567319,35.0952674],[-85.7566219,35.0953429],[-85.756568,35.0953751],[-85.7562032,35.0956251],[-85.7560685,35.0956924],[-85.7559757,35.095764],[-85.755907,35.0958031],[-85.7557542,35.0959035],[-85.7553516,35.0960989],[-85.7551107,35.0961482],[-85.7551595,35.0962231],[-85.7551961,35.0963481],[-85.7551418,35.0964067],[-85.7550781,35.0965181],[-85.7550629,35.0966321],[-85.7550483,35.0966757],[-85.7550145,35.0967763],[-85.7550071,35.0968871],[-85.7548797,35.0970601],[-85.754779,35.0971102],[-85.7547637,35.09712],[-85.7547819,35.0971133],[-85.7547877,35.0971049],[-85.7547645,35.0971136],[-85.7547668,35.0971113],[-85.7547396,35.0971198],[-85.7547208,35.0971352],[-85.7548283,35.0970787],[-85.7547629,35.0971189],[-85.754767,35.0971054],[-85.7547607,35.097108],[-85.7547421,35.0971237],[-85.7547232,35.0971389],[-85.7548297,35.0970808],[-85.7548086,35.0970928],[-85.7547761,35.0971183],[-85.7547676,35.0971063],[-85.754784,35.0971114],[-85.7547427,35.0971246],[-85.7547741,35.0971081],[-85.7546737,35.0970718],[-85.7545354,35.0969905],[-85.7544466,35.0968871],[-85.7543681,35.096791],[-85.754322,35.0966612],[-85.7542833,35.0965688],[-85.754255,35.0964547],[-85.7542282,35.0963524],[-85.7542283,35.0962859],[-85.7541728,35.0962305],[-85.7541213,35.0961787],[-85.753981,35.0962308],[-85.7538,35.0962502],[-85.7536287,35.0962717],[-85.7532931,35.0962213],[-85.7529409,35.0961063],[-85.7527512,35.0960505],[-85.7522254,35.0958111],[-85.7520749,35.0957591],[-85.7521543,35.0956628],[-85.7522772,35.0956493],[-85.7524044,35.0956166],[-85.752422,35.0955122],[-85.7524765,35.0954216],[-85.7525456,35.0952589],[-85.752584,35.0950966],[-85.7525948,35.0949047],[-85.7525989,35.0946611],[-85.7525743,35.0945342],[-85.7524916,35.0943981],[-85.7523637,35.0942818],[-85.7521544,35.0942255],[-85.7519653,35.094225],[-85.7517735,35.0942817],[-85.7515644,35.0942901],[-85.7512228,35.0943021],[-85.7511394,35.0942766],[-85.7510558,35.094208],[-85.7509772,35.0940681],[-85.7509465,35.0940027],[-85.7509665,35.0939034],[-85.7509848,35.0938116],[-85.7509228,35.0936603],[-85.7508389,35.093551],[-85.7508035,35.0935166],[-85.7505598,35.0932867],[-85.7503971,35.0931311],[-85.750309,35.0930044],[-85.750275,35.0929307],[-85.7502601,35.0928672],[-85.7503049,35.0926685],[-85.7504089,35.0924864],[-85.7504656,35.0923484],[-85.7504507,35.0922174],[-85.7503663,35.0921032],[-85.7503429,35.0920856],[-85.7502624,35.0920035],[-85.7500404,35.0918933],[-85.74981,35.0917474],[-85.7496676,35.0916244],[-85.7493758,35.0915442],[-85.7493001,35.0914965],[-85.7492047,35.0914365],[-85.7489454,35.0912809],[-85.7487162,35.0912207],[-85.7481667,35.0911686],[-85.7478397,35.0911586],[-85.7478837,35.0907587],[-85.747933,35.0903793],[-85.7481655,35.0903728],[-85.7482571,35.0907251],[-85.7482244,35.0907329],[-85.74825,35.0907425],[-85.7482451,35.0907312],[-85.7482568,35.0907299],[-85.7482299,35.0907269],[-85.7482774,35.0907325]]},"properties":{"id":"synthetic_user_017","kind":"synthetic_activity_track","track_name":"Synthetic Saturday 017 - osm spine runner","persona":"osm_spine_runner","source_type":"synthetic_activity_gpx","synthetic":true,"start_anchor":"#pavilion","start_local":"2026-05-23T13:53:59-05:00","end_local":"2026-05-23T15:13:45-05:00","duration_minutes":79.8,"distance_m":3217.9,"osm_track_m":2801.8,"osm_route_count":4,"osm_way_ids":[1215497663,1215497664,1215497666,1215497670,1215497671,1215497672,1215497683,1215497700,1215497704,1215497705],"point_count":200,"visited_anchors":["#osm-main-spine-west","#osm-north-loop","#pavilion","#photo-waypoint"],"review_status":"synthetic Saturday simulation; not field evidence"}},{"type":"Feature","geometry":{"type":"LineString","coordinates":[[-85.7482539,35.0907172],[-85.7482391,35.0907138],[-85.7482452,35.0907236],[-85.7482368,35.0907388],[-85.7482619,35.0907101],[-85.7482516,35.0907397],[-85.7482708,35.0907267],[-85.747884,35.0907594],[-85.7479366,35.0903844],[-85.7480003,35.0898977],[-85.7481409,35.0899194],[-85.7483545,35.0899221],[-85.7485281,35.0898892],[-85.7486645,35.0898287],[-85.7487668,35.0897268],[-85.748811,35.0896683],[-85.7488588,35.0896211],[-85.7489619,35.0895748],[-85.7491288,35.0895333],[-85.7493542,35.089507],[-85.749618,35.0894692],[-85.749612,35.0894942],[-85.7496303,35.0896759],[-85.7496448,35.0898868],[-85.7495738,35.0901138],[-85.7495772,35.0902283],[-85.7496506,35.0902715],[-85.7497359,35.0902888],[-85.7498603,35.0902877],[-85.7500187,35.0902429],[-85.7504089,35.0901228],[-85.750451,35.0901156],[-85.750648,35.0900924],[-85.7507902,35.0900887],[-85.7509456,35.0901335],[-85.7512105,35.0902571],[-85.7512561,35.0902738],[-85.7513618,35.0903104],[-85.7517561,35.0903912],[-85.7518687,35.0904075],[-85.7519464,35.0904135],[-85.7521087,35.0904254],[-85.7524786,35.0904439],[-85.7527959,35.0904547],[-85.7530717,35.0905022],[-85.753356,35.0906213],[-85.7534974,35.0906947],[-85.7535331,35.0905801],[-85.7535646,35.0904855],[-85.7536583,35.0904487],[-85.7537775,35.0904695],[-85.7538816,35.090519],[-85.7539925,35.0906195],[-85.7541014,35.0907323],[-85.7541562,35.0908113],[-85.7542354,35.0908252],[-85.7543402,35.0908118],[-85.7544374,35.0907611],[-85.7544982,35.0907074],[-85.7546293,35.0906634],[-85.7547557,35.0906521],[-85.7549266,35.0906425],[-85.7550474,35.0906301],[-85.7551072,35.0905696],[-85.7551178,35.090465],[-85.7551165,35.0903636],[-85.7551666,35.0902779],[-85.755263,35.0902276],[-85.7553783,35.0902165],[-85.7555006,35.0902249],[-85.755656,35.0902871],[-85.7557485,35.0903559],[-85.7558155,35.0904178],[-85.7558818,35.090501],[-85.755908,35.0905928],[-85.7560125,35.0906215],[-85.7560674,35.0906274],[-85.7561486,35.0905513],[-85.756152,35.0904562],[-85.7561314,35.0904108],[-85.7562152,35.0903067],[-85.7563582,35.0902891],[-85.7564667,35.0901977],[-85.7565749,35.0901992],[-85.7566721,35.0902128],[-85.7567636,35.0902347],[-85.7568438,35.0903014],[-85.7569695,35.0903482],[-85.7570327,35.0902508],[-85.7570908,35.0900881],[-85.7572062,35.0898342],[-85.7573897,35.0894265],[-85.7574854,35.0891002],[-85.757505,35.0889151],[-85.7575013,35.088794],[-85.7574883,35.0885832],[-85.7574943,35.0884273],[-85.7575214,35.0882177],[-85.7575958,35.0878325],[-85.7576031,35.0876822],[-85.7575676,35.0875017],[-85.7574906,35.0873387],[-85.7573096,35.0871096],[-85.7571313,35.0869868],[-85.7568802,35.0868239],[-85.756546,35.0865964],[-85.7563481,35.0864351],[-85.756275,35.0863206],[-85.7562156,35.0862071],[-85.7561486,35.0860163],[-85.7560278,35.0857897],[-85.7560101,35.0857125],[-85.755996,35.0855313],[-85.7560026,35.0853629],[-85.7560011,35.0851684],[-85.7559573,35.0850285],[-85.7558507,35.0848519],[-85.7556848,35.0847424],[-85.7554609,35.0846731],[-85.7552725,35.0846541],[-85.7551291,35.0845874],[-85.7549914,35.0845264],[-85.7547958,35.0844921],[-85.7545635,35.084506],[-85.7543547,35.0845183],[-85.7541747,35.0845625],[-85.7537464,35.0847381],[-85.7530303,35.0850081],[-85.7525658,35.0851436],[-85.7523195,35.0852041],[-85.7521057,35.0852469],[-85.7519663,35.0853164],[-85.7516088,35.0855489],[-85.7513585,35.0858249],[-85.7511413,35.0861571],[-85.7509823,35.0864481],[-85.7509412,35.0866066],[-85.7508456,35.0867539],[-85.750723,35.08685],[-85.7505205,35.0869526],[-85.7504996,35.0869489],[-85.7505232,35.0869393],[-85.7505119,35.0869635],[-85.7504916,35.0869712],[-85.7505143,35.0869409],[-85.7504654,35.0869683],[-85.7505126,35.0869517],[-85.7505722,35.086939],[-85.7505265,35.0869564],[-85.7505072,35.0869627],[-85.7505184,35.0869592],[-85.7505175,35.0869614],[-85.7505238,35.0869488],[-85.7505115,35.0869627],[-85.7504885,35.0869656],[-85.7504609,35.0869602],[-85.7505668,35.0869292],[-85.7505462,35.0869364],[-85.7505142,35.0869475],[-85.7507193,35.0868542],[-85.7508431,35.0867582],[-85.750943,35.0866094],[-85.7509834,35.0864489],[-85.7511396,35.0861501],[-85.7513528,35.0858207],[-85.751608,35.0855531],[-85.7519653,35.0853172],[-85.7521097,35.0852461],[-85.7523185,35.0851973],[-85.7525639,35.0851439],[-85.7530269,35.0850065],[-85.7537473,35.084738],[-85.7541729,35.0845599],[-85.7543565,35.0845163],[-85.7545673,35.084505],[-85.7547966,35.0844906],[-85.754997,35.0845294],[-85.755124,35.0845886],[-85.7552731,35.0846535],[-85.7554589,35.084677],[-85.7556835,35.0847431],[-85.755847,35.0848489],[-85.7559543,35.0850232],[-85.756,35.0851717],[-85.756007,35.0853611],[-85.7560013,35.0855367],[-85.7560046,35.0857076],[-85.7560203,35.0857882],[-85.7561489,35.0860165],[-85.7562143,35.0862035],[-85.7562708,35.086319],[-85.7563513,35.0864312],[-85.7565446,35.086595],[-85.7568783,35.0868231],[-85.7571284,35.086983],[-85.7573114,35.087104],[-85.757485,35.0873336],[-85.7575692,35.0875037],[-85.7575987,35.0876847],[-85.7575916,35.0878294],[-85.7575204,35.0882207],[-85.7574937,35.0884238],[-85.7574883,35.088582],[-85.7575007,35.0887944],[-85.7575058,35.0889208],[-85.7574879,35.0890996],[-85.7573865,35.0894263],[-85.7572035,35.0898313],[-85.7570938,35.0900907],[-85.757027,35.0902464],[-85.7569661,35.0903416],[-85.7568505,35.0903037],[-85.7567553,35.090232],[-85.7566706,35.0902092],[-85.7565713,35.0901995],[-85.7564707,35.0902],[-85.7563595,35.0902848],[-85.7562126,35.0903075],[-85.7561264,35.0904055],[-85.7561512,35.090459],[-85.7561462,35.0905542],[-85.7560613,35.0906296],[-85.7560181,35.0906232],[-85.7559055,35.0905906],[-85.7558804,35.0905066],[-85.7558145,35.0904161],[-85.7557436,35.0903585],[-85.7556522,35.0902883],[-85.7555058,35.0902237],[-85.7553819,35.0902121],[-85.7552637,35.0902277],[-85.7551644,35.0902817],[-85.7551179,35.0903622],[-85.7551184,35.0904618],[-85.7551087,35.0905695],[-85.7550461,35.0906302],[-85.7549249,35.0906483],[-85.7547581,35.0906534],[-85.7546358,35.090662],[-85.7545049,35.0907117],[-85.7544337,35.0907617],[-85.7543477,35.0908135],[-85.7542334,35.0908198],[-85.7541526,35.0908147],[-85.7540992,35.0907323],[-85.7539994,35.090619],[-85.7538868,35.0905172],[-85.7537828,35.0904729],[-85.7536606,35.0904492],[-85.7535673,35.0904826],[-85.7535291,35.0905819],[-85.753502,35.0906965],[-85.7533565,35.0906189],[-85.753076,35.0905027],[-85.7527904,35.0904572],[-85.7524771,35.0904436],[-85.7521068,35.0904318],[-85.7519469,35.0904133],[-85.7518653,35.0904059],[-85.7517593,35.090392],[-85.7513692,35.0903103],[-85.7512595,35.0902727],[-85.751206,35.0902568],[-85.7509481,35.0901328],[-85.7507937,35.0900843],[-85.7506458,35.0900917],[-85.7504495,35.090114],[-85.750409,35.090121],[-85.7500181,35.0902407],[-85.7498661,35.0902878],[-85.7497351,35.0902869],[-85.7496537,35.0902712],[-85.749572,35.0902239],[-85.7495737,35.090119],[-85.7496416,35.0898871],[-85.7496291,35.0896749],[-85.7496138,35.0894912],[-85.7496168,35.089472],[-85.7493589,35.0895103],[-85.749131,35.0895365],[-85.7489655,35.089575],[-85.7488598,35.0896225],[-85.7488166,35.0896686],[-85.7487677,35.0897302],[-85.7486634,35.0898303],[-85.7485254,35.089891],[-85.7483613,35.0899215],[-85.748145,35.0899187],[-85.7480012,35.0898944],[-85.7475243,35.0898216],[-85.7459403,35.0896023],[-85.7459551,35.0889344],[-85.7456225,35.0872226],[-85.7456305,35.0872224],[-85.74562,35.0872146],[-85.7456102,35.0872267],[-85.7456273,35.0872236],[-85.745641,35.0872324],[-85.745654,35.0872435],[-85.7455784,35.0872244],[-85.7456149,35.0872144],[-85.7456311,35.0872204],[-85.7459567,35.0889346],[-85.7459388,35.0896048],[-85.7458998,35.0909916],[-85.7467473,35.0910812],[-85.7474918,35.0911472],[-85.7478378,35.0911574],[-85.7481689,35.0911708],[-85.7487111,35.0912205],[-85.7489466,35.0912748],[-85.748756,35.09156],[-85.7489421,35.0912761],[-85.7487156,35.0912231],[-85.7481716,35.0911658],[-85.7478347,35.0911562],[-85.7478832,35.0907575],[-85.7479349,35.090382],[-85.7481619,35.0903748],[-85.7482484,35.090722],[-85.7482487,35.0907479],[-85.7482671,35.0907178],[-85.7482696,35.0907347],[-85.7482305,35.0907129],[-85.7482455,35.0907404],[-85.7482726,35.0907283],[-85.7482586,35.0907351],[-85.748277,35.0907211],[-85.7482443,35.090704]]},"properties":{"id":"synthetic_user_018","kind":"synthetic_activity_track","track_name":"Synthetic Saturday 018 - osm south connector","persona":"osm_south_connector","source_type":"synthetic_activity_gpx","synthetic":true,"start_anchor":"#pavilion","start_local":"2026-05-23T13:46:49-05:00","end_local":"2026-05-23T18:05:42-05:00","duration_minutes":258.9,"distance_m":6455.7,"osm_track_m":5458.5,"osm_route_count":4,"osm_way_ids":[383693504,1215497664,1215497665,1215497666,1215497673,1215497682,1215497683,1215497689,1215497690,1215497692,1215497694],"point_count":329,"visited_anchors":["#osm-south-connector","#pavilion","#photo-waypoint","#proving-grounds"],"review_status":"synthetic Saturday simulation; not field evidence"}},{"type":"Feature","geometry":{"type":"LineString","coordinates":[[-85.7482522,35.0907349],[-85.7482591,35.0907247],[-85.748249,35.0907355],[-85.7482703,35.0907354],[-85.7482331,35.0907162],[-85.7482449,35.0907437],[-85.7482561,35.0907341],[-85.748253,35.0907241],[-85.7482489,35.0907191],[-85.7478786,35.090762],[-85.7478398,35.0911599],[-85.7481678,35.0911677],[-85.7487143,35.0912219],[-85.7489467,35.0912771],[-85.7487631,35.0915625],[-85.7487539,35.0915563],[-85.7487535,35.0915598],[-85.748772,35.091568],[-85.748945,35.0912774],[-85.7492016,35.091432],[-85.7492994,35.0914948],[-85.7493332,35.0913179],[-85.749291,35.0912286],[-85.7491926,35.0909833],[-85.7491648,35.0908544],[-85.7491861,35.090654],[-85.7492572,35.0905069],[-85.7494243,35.0902822],[-85.7494887,35.0902341],[-85.7495754,35.0902279],[-85.7496527,35.0902703],[-85.749733,35.0902868],[-85.7498605,35.090292],[-85.7500156,35.0902439],[-85.7504084,35.0901213],[-85.7504469,35.0901176],[-85.7506503,35.0900943],[-85.7507878,35.0900851],[-85.7509456,35.0901259],[-85.7512127,35.0902551],[-85.7512604,35.090271],[-85.7513659,35.090309],[-85.751756,35.0903923],[-85.7518665,35.090402],[-85.7519476,35.0904128],[-85.752106,35.090429],[-85.7524742,35.0904457],[-85.7527968,35.0904589],[-85.7530725,35.0905017],[-85.7533568,35.0906255],[-85.7534985,35.0907012],[-85.7536743,35.0907904],[-85.7539558,35.0909754],[-85.7543478,35.0912068],[-85.7544767,35.0912836],[-85.7551898,35.0917178],[-85.7555811,35.0919242],[-85.7555834,35.0919363],[-85.7555867,35.0919155],[-85.7555835,35.0919335],[-85.7555779,35.0919279],[-85.7555985,35.091935],[-85.7555757,35.0919275],[-85.7556096,35.0919399],[-85.7555691,35.0919014],[-85.755583,35.0919366],[-85.7555886,35.0919204],[-85.7556288,35.0920176],[-85.7557169,35.0921673],[-85.7560075,35.0925767],[-85.7562787,35.0929695],[-85.7564532,35.0932161],[-85.756491,35.0932389],[-85.7565611,35.0933205],[-85.756602,35.0933683],[-85.7567219,35.0934615],[-85.7568717,35.0935924],[-85.7569323,35.0936819],[-85.7569636,35.0938552],[-85.7569766,35.0941389],[-85.7569219,35.0943563],[-85.756886,35.0945412],[-85.7568896,35.0947078],[-85.7569083,35.0948283],[-85.7568908,35.094975],[-85.7568295,35.0951445],[-85.7567346,35.095264],[-85.7566224,35.0953416],[-85.7565733,35.0953704],[-85.7561987,35.0956235],[-85.756064,35.0956938],[-85.75597,35.0957633],[-85.7559036,35.0958074],[-85.755751,35.0959015],[-85.7553558,35.0960979],[-85.7551094,35.0961512],[-85.7551594,35.0962194],[-85.7551935,35.0963469],[-85.7551428,35.0964113],[-85.7550744,35.0965182],[-85.7550678,35.0966292],[-85.7550444,35.0966737],[-85.7550159,35.0967723],[-85.7550105,35.0968865],[-85.7548786,35.0970596],[-85.7547764,35.0971072],[-85.7547896,35.0971016],[-85.754782,35.0971033],[-85.7547705,35.0971138],[-85.7547787,35.0971029],[-85.7547809,35.0970915],[-85.7547665,35.097079],[-85.7547638,35.0971363],[-85.754771,35.0971164],[-85.7547817,35.0971011],[-85.7547739,35.0971057],[-85.7547787,35.0971029],[-85.7547763,35.0970912],[-85.754777,35.0971142],[-85.7547882,35.0970805],[-85.7547788,35.0971137],[-85.7547822,35.0971377],[-85.7547663,35.097125],[-85.7547784,35.0971051],[-85.7546745,35.0970724],[-85.7545349,35.0969915],[-85.7544454,35.0968879],[-85.7543649,35.0967884],[-85.754322,35.0966594],[-85.7542822,35.0965731],[-85.7542577,35.0964546],[-85.7542318,35.0963523],[-85.7542281,35.0962818],[-85.7541753,35.0962259],[-85.7541154,35.0961748],[-85.7539841,35.0962278],[-85.7537984,35.096255],[-85.7536224,35.0962694],[-85.7532863,35.0962213],[-85.7529444,35.0961071],[-85.7527525,35.0960485],[-85.7522276,35.0958137],[-85.7520777,35.0957557],[-85.7521515,35.0956607],[-85.7522755,35.0956512],[-85.7523989,35.0956194],[-85.7524244,35.0955182],[-85.7524832,35.095424],[-85.7525484,35.0952561],[-85.7525794,35.0950982],[-85.7525964,35.0949095],[-85.7526042,35.0946568],[-85.7525746,35.0945327],[-85.7524943,35.0943943],[-85.7523614,35.094281],[-85.7521543,35.0942311],[-85.751969,35.0942215],[-85.7517663,35.0942816],[-85.7515642,35.0942875],[-85.7512177,35.094305],[-85.7511365,35.0942793],[-85.7510576,35.0942095],[-85.7509762,35.0940646],[-85.7509448,35.0940012],[-85.7509642,35.0939023],[-85.7509865,35.0938092],[-85.7509181,35.093661],[-85.7508346,35.0935497],[-85.7508037,35.0935178],[-85.7505582,35.093288],[-85.7503941,35.0931274],[-85.7503056,35.0930029],[-85.7502783,35.0929282],[-85.7502617,35.092868],[-85.7503055,35.0926702],[-85.7504102,35.092489],[-85.7504586,35.0923489],[-85.7504471,35.0922131],[-85.7503688,35.0921053],[-85.750347,35.0920864],[-85.7502651,35.092002],[-85.7500407,35.0918937],[-85.7507112,35.0919391],[-85.7512751,35.0920029],[-85.7514815,35.0919315],[-85.7514881,35.0919433],[-85.7514658,35.0919438],[-85.751488,35.0919178],[-85.7514768,35.0919356],[-85.7512765,35.0919997],[-85.7507083,35.0919402],[-85.7500363,35.0918885],[-85.7498096,35.0917467],[-85.7496679,35.0916288],[-85.7493766,35.0915413],[-85.7493033,35.0914912],[-85.7492054,35.0914314],[-85.7489422,35.0912762],[-85.7487139,35.0912214],[-85.7481713,35.0911645],[-85.7478397,35.0911584],[-85.7478851,35.0907577],[-85.7479366,35.0903811],[-85.7481604,35.0903762],[-85.7482503,35.0907202],[-85.7482585,35.0907317],[-85.7482744,35.0907386],[-85.7482575,35.0907061],[-85.74823,35.0907273],[-85.7482709,35.0907196],[-85.7482551,35.0907064],[-85.7482429,35.0907304],[-85.7482617,35.0907142],[-85.7482285,35.0907371],[-85.7482353,35.0907242]]},"properties":{"id":"synthetic_user_019","kind":"synthetic_activity_track","track_name":"Synthetic Saturday 019 - osm spine runner","persona":"osm_spine_runner","source_type":"synthetic_activity_gpx","synthetic":true,"start_anchor":"#pavilion","start_local":"2026-05-23T14:24:26-05:00","end_local":"2026-05-23T16:42:36-05:00","duration_minutes":138.2,"distance_m":3475.9,"osm_track_m":3028.4,"osm_route_count":5,"osm_way_ids":[1215497663,1215497664,1215497666,1215497668,1215497670,1215497671,1215497672,1215497683,1215497700,1215497704,1215497705],"point_count":215,"visited_anchors":["#observed-trailhead","#osm-main-spine-west","#osm-north-loop","#pavilion","#photo-waypoint"],"review_status":"synthetic Saturday simulation; not field evidence"}},{"type":"Feature","geometry":{"type":"LineString","coordinates":[[-85.7482571,35.0907349],[-85.7482526,35.0907431],[-85.7482573,35.0907238],[-85.7482419,35.0907081],[-85.7482544,35.0907165],[-85.7478826,35.090757],[-85.7478366,35.0911559],[-85.7481646,35.0911698],[-85.7487118,35.0912187],[-85.7489495,35.0912768],[-85.7487601,35.0915639],[-85.7487682,35.0915579],[-85.7487501,35.0915684],[-85.748753,35.0915603],[-85.7487546,35.0915498],[-85.748946,35.0912798],[-85.7492053,35.0914367],[-85.7492989,35.0914922],[-85.7493313,35.0913204],[-85.7492855,35.0912301],[-85.7491938,35.0909868],[-85.7491662,35.0908507],[-85.7491873,35.0906495],[-85.7492565,35.0905057],[-85.7494212,35.0902803],[-85.7494937,35.0902359],[-85.7495759,35.0902256],[-85.7496521,35.0902734],[-85.7497372,35.0902851],[-85.749865,35.0902901],[-85.7500144,35.0902436],[-85.7504094,35.0901268],[-85.7504536,35.0901172],[-85.7506502,35.0900926],[-85.7507916,35.0900886],[-85.7509452,35.090129],[-85.7512138,35.0902601],[-85.7512636,35.090275],[-85.7513678,35.0903111],[-85.7517586,35.0903922],[-85.7518643,35.0904053],[-85.7519482,35.0904141],[-85.7521095,35.0904319],[-85.7524778,35.0904416],[-85.7527939,35.0904605],[-85.7530743,35.0905024],[-85.7533568,35.0906217],[-85.7535021,35.0906965],[-85.7536676,35.0907931],[-85.7539581,35.0909792],[-85.7543443,35.0912065],[-85.7544799,35.0912868],[-85.7551857,35.0917131],[-85.7555881,35.0919258],[-85.7555922,35.0919079],[-85.7555786,35.0919086],[-85.7555902,35.091908],[-85.7555766,35.0919251],[-85.7556019,35.0919083],[-85.7555805,35.0919223],[-85.7556145,35.0919177],[-85.7555944,35.0919245],[-85.7555585,35.091939],[-85.7555845,35.091923],[-85.7556292,35.0920136],[-85.7557219,35.0921655],[-85.7560108,35.092579],[-85.7562792,35.0929714],[-85.7564467,35.0932179],[-85.7564903,35.0932405],[-85.7565637,35.0933192],[-85.7566053,35.093366],[-85.7567195,35.0934639],[-85.7568715,35.0935886],[-85.7569328,35.0936822],[-85.7569678,35.0938564],[-85.7569781,35.0941384],[-85.756919,35.0943519],[-85.7568919,35.0945383],[-85.7568885,35.0947069],[-85.7569095,35.0948275],[-85.7568875,35.0949753],[-85.7568287,35.0951514],[-85.7567348,35.095266],[-85.7566189,35.0953436],[-85.756571,35.0953725],[-85.7562021,35.0956231],[-85.7560668,35.0956914],[-85.7559758,35.0957627],[-85.7559014,35.0958039],[-85.7557554,35.095901],[-85.7553505,35.0960965],[-85.7551131,35.096152],[-85.7551579,35.0962198],[-85.7551916,35.096346],[-85.7551401,35.0964105],[-85.7550781,35.0965176],[-85.7550655,35.0966332],[-85.7550446,35.0966733],[-85.755011,35.0967773],[-85.7550088,35.0968833],[-85.7548796,35.0970585],[-85.7547745,35.0971117],[-85.7547804,35.0971224],[-85.7547784,35.0970983],[-85.7547784,35.0971187],[-85.7547742,35.0971105],[-85.7547767,35.0971391],[-85.7547659,35.0971101],[-85.7547728,35.0971594],[-85.7547858,35.0971086],[-85.7547779,35.0970574],[-85.754767,35.0971219],[-85.7547663,35.0971063],[-85.7547695,35.0971128],[-85.7547695,35.0971184],[-85.7547738,35.0971065],[-85.7546682,35.0970748],[-85.7545338,35.0969927],[-85.7544517,35.0968868],[-85.7543678,35.096788],[-85.7543244,35.0966648],[-85.7542872,35.0965716],[-85.7542579,35.0964528],[-85.7542305,35.0963555],[-85.7542232,35.096284],[-85.7541737,35.096229],[-85.7541143,35.0961766],[-85.7539831,35.0962297],[-85.7537937,35.0962531],[-85.753625,35.0962679],[-85.7532836,35.0962209],[-85.752947,35.0961113],[-85.7527506,35.0960443],[-85.7522321,35.0958118],[-85.7520767,35.0957621],[-85.7521488,35.0956648],[-85.7522767,35.0956516],[-85.7524018,35.0956142],[-85.7524244,35.0955127],[-85.7524804,35.0954218],[-85.7525507,35.0952613],[-85.7525805,35.0950971],[-85.7525974,35.0949092],[-85.7526043,35.0946614],[-85.7525766,35.0945322],[-85.7524913,35.0943955],[-85.7523674,35.0942795],[-85.7521573,35.0942246],[-85.7519677,35.0942199],[-85.7517724,35.0942793],[-85.7515637,35.0942851],[-85.7512205,35.0943085],[-85.7511366,35.0942798],[-85.7510586,35.0942076],[-85.7509804,35.0940644],[-85.7509477,35.0940038],[-85.750965,35.0939017],[-85.7509874,35.0938113],[-85.7509191,35.0936584],[-85.7508351,35.0935519],[-85.750809,35.093517],[-85.750556,35.093287],[-85.7503963,35.0931275],[-85.750307,35.0930021],[-85.7502807,35.0929283],[-85.7502582,35.0928629],[-85.7503033,35.0926683],[-85.7504073,35.0924888],[-85.750463,35.0923463],[-85.7504466,35.0922164],[-85.7503683,35.0921055],[-85.750349,35.0920829],[-85.7502615,35.0920029],[-85.7500336,35.0918907],[-85.7498135,35.0917438],[-85.749666,35.0916285],[-85.7493784,35.0915434],[-85.7493019,35.0914911],[-85.7492017,35.0914318],[-85.7489458,35.0912736],[-85.7487121,35.0912214],[-85.7481714,35.0911698],[-85.7478377,35.0911578],[-85.7478828,35.0907563],[-85.7479349,35.0903832],[-85.7481655,35.0903758],[-85.7482457,35.0907307],[-85.7482681,35.0907131],[-85.7482692,35.0907323],[-85.7482473,35.0907405],[-85.7482497,35.0907037],[-85.7482587,35.090712]]},"properties":{"id":"synthetic_user_020","kind":"synthetic_activity_track","track_name":"Synthetic Saturday 020 - osm spine runner","persona":"osm_spine_runner","source_type":"synthetic_activity_gpx","synthetic":true,"start_anchor":"#pavilion","start_local":"2026-05-23T15:09:00-05:00","end_local":"2026-05-23T16:39:46-05:00","duration_minutes":90.8,"distance_m":3181.8,"osm_track_m":2801.8,"osm_route_count":4,"osm_way_ids":[1215497663,1215497664,1215497666,1215497670,1215497671,1215497672,1215497683,1215497700,1215497704,1215497705],"point_count":193,"visited_anchors":["#osm-main-spine-west","#osm-north-loop","#pavilion","#photo-waypoint"],"review_status":"synthetic Saturday simulation; not field evidence"}},{"type":"Feature","geometry":{"type":"LineString","coordinates":[[-85.7482479,35.0907343],[-85.7482563,35.0907111],[-85.7482391,35.0907117],[-85.7482598,35.0907319],[-85.7482377,35.0907278],[-85.7482441,35.0907222],[-85.7482706,35.0907188],[-85.7482426,35.0907431],[-85.7482392,35.0907338],[-85.7478785,35.0907613],[-85.7479365,35.0903815],[-85.7480026,35.089901],[-85.7481423,35.0899231],[-85.7483536,35.0899188],[-85.7485294,35.0898886],[-85.7486672,35.089828],[-85.7487716,35.089729],[-85.748809,35.0896678],[-85.7488631,35.0896189],[-85.7489647,35.0895713],[-85.7491334,35.0895351],[-85.7493558,35.0895043],[-85.74962,35.089471],[-85.7496113,35.0894937],[-85.7496331,35.0896759],[-85.74964,35.0898828],[-85.7495712,35.090118],[-85.749573,35.0902248],[-85.7496512,35.0902702],[-85.7497318,35.0902862],[-85.7498636,35.0902855],[-85.7500191,35.0902404],[-85.7504089,35.090121],[-85.7504516,35.0901196],[-85.750649,35.0900918],[-85.7507942,35.090085],[-85.750945,35.090128],[-85.7512108,35.0902546],[-85.7512569,35.0902752],[-85.7513621,35.0903114],[-85.7517553,35.0903933],[-85.7518636,35.0904059],[-85.7519485,35.0904098],[-85.7521099,35.0904306],[-85.7524712,35.0904418],[-85.75279,35.090456],[-85.7530756,35.0905016],[-85.7533615,35.0906208],[-85.7534954,35.0907005],[-85.7535262,35.0905845],[-85.753568,35.0904832],[-85.7536646,35.0904491],[-85.7537838,35.0904715],[-85.7538804,35.0905201],[-85.7539979,35.0906217],[-85.754101,35.0907303],[-85.7541554,35.0908145],[-85.7542332,35.0908218],[-85.7543438,35.090812],[-85.754433,35.090756],[-85.7545017,35.0907121],[-85.7546301,35.0906671],[-85.7547564,35.0906525],[-85.7549283,35.0906475],[-85.7550456,35.0906327],[-85.7551109,35.0905732],[-85.755119,35.0904621],[-85.7551204,35.0903602],[-85.7551661,35.0902849],[-85.7552647,35.0902276],[-85.7553838,35.0902187],[-85.7555053,35.0902275],[-85.7556524,35.0902843],[-85.7557429,35.090357],[-85.7558161,35.0904197],[-85.7558855,35.0905026],[-85.7559075,35.0905948],[-85.7560165,35.0906168],[-85.7560668,35.0906282],[-85.7561485,35.090554],[-85.7561506,35.0904579],[-85.756128,35.0904081],[-85.7562125,35.0903043],[-85.7563642,35.0902864],[-85.7564685,35.0902006],[-85.7565746,35.0901978],[-85.7566713,35.0902099],[-85.7567554,35.0902353],[-85.7568443,35.0903062],[-85.756965,35.0903465],[-85.7570321,35.090246],[-85.7570849,35.090088],[-85.7572088,35.0898335],[-85.7573887,35.0894239],[-85.7574895,35.0891039],[-85.7575066,35.0889138],[-85.7574975,35.0887931],[-85.757488,35.0885811],[-85.7574965,35.0884297],[-85.7575262,35.0882151],[-85.7575962,35.0878328],[-85.7576032,35.0876815],[-85.7575644,35.0875017],[-85.7574926,35.0873334],[-85.7573157,35.0871086],[-85.7571266,35.0869831],[-85.7568763,35.0868254],[-85.756545,35.0865905],[-85.756345,35.0864318],[-85.7562732,35.0863252],[-85.7562087,35.0862064],[-85.7561479,35.0860214],[-85.7560278,35.0857872],[-85.7560039,35.085712],[-85.7559982,35.0855366],[-85.7560089,35.0853603],[-85.7560003,35.085169],[-85.7559551,35.0850214],[-85.7558492,35.0848473],[-85.7556835,35.0847393],[-85.7554576,35.0846745],[-85.7552757,35.0846475],[-85.7551311,35.0845888],[-85.7549968,35.0845288],[-85.7547937,35.0844908],[-85.7545694,35.0845029],[-85.7543539,35.0845174],[-85.7541724,35.0845641],[-85.7537409,35.0847417],[-85.7530248,35.0850097],[-85.7525586,35.0851429],[-85.7523183,35.0851986],[-85.7521082,35.085242],[-85.7519689,35.0853121],[-85.7516104,35.0855527],[-85.7513563,35.0858223],[-85.7511389,35.086151],[-85.7509869,35.0864471],[-85.7509411,35.0866091],[-85.7508496,35.0867584],[-85.750723,35.0868489],[-85.7505191,35.0869519],[-85.7505293,35.0869549],[-85.7505077,35.0869486],[-85.750508,35.086947],[-85.7505282,35.0869519],[-85.7505409,35.0869632],[-85.750547,35.0869799],[-85.7504815,35.0869255],[-85.7505248,35.0869586],[-85.7505159,35.0869473],[-85.7505179,35.0869539],[-85.7507191,35.086855],[-85.7508485,35.0867579],[-85.7509397,35.0866051],[-85.7509799,35.08645],[-85.7511378,35.0861531],[-85.7513564,35.0858266],[-85.7516086,35.0855536],[-85.7519695,35.0853144],[-85.7521055,35.0852443],[-85.7523169,35.0852046],[-85.7525592,35.0851422],[-85.7530262,35.0850065],[-85.7537467,35.0847425],[-85.754177,35.08456],[-85.7543537,35.0845123],[-85.7545683,35.0845038],[-85.7547932,35.0844889],[-85.754995,35.0845227],[-85.7551289,35.0845867],[-85.7552767,35.0846482],[-85.7554619,35.0846799],[-85.7556831,35.0847406],[-85.7558488,35.0848448],[-85.7559555,35.0850255],[-85.7559981,35.08517],[-85.7560025,35.0853649],[-85.7559977,35.0855361],[-85.7560051,35.0857125],[-85.7560221,35.0857868],[-85.7561471,35.0860216],[-85.7562139,35.0862076],[-85.7562749,35.0863192],[-85.7563492,35.0864349],[-85.7565412,35.0865953],[-85.7568748,35.0868236],[-85.7571292,35.0869831],[-85.7573148,35.0871034],[-85.7574893,35.087337],[-85.7575699,35.0875034],[-85.7576029,35.0876828],[-85.7575951,35.0878305],[-85.7575235,35.0882193],[-85.7574892,35.0884265],[-85.7574842,35.0885853],[-85.7575025,35.088796],[-85.7575071,35.0889133],[-85.7574821,35.0891006],[-85.7573853,35.0894211],[-85.7572062,35.0898301],[-85.7570864,35.0900913],[-85.7570243,35.0902481],[-85.7569688,35.0903465],[-85.7568444,35.0903052],[-85.7567587,35.0902305],[-85.7566744,35.0902104],[-85.7565765,35.090194],[-85.7564667,35.0901966],[-85.7563651,35.0902883],[-85.7562173,35.0903021],[-85.756129,35.0904074],[-85.7561556,35.0904578],[-85.7561536,35.0905568],[-85.7560597,35.0906277],[-85.7560153,35.0906207],[-85.755909,35.0905897],[-85.7558826,35.0905042],[-85.7558146,35.0904175],[-85.7557451,35.0903546],[-85.7556532,35.0902838],[-85.7555068,35.0902264],[-85.7553803,35.0902134],[-85.7552644,35.0902298],[-85.7551643,35.0902791],[-85.7551136,35.0903608],[-85.755113,35.0904638],[-85.7551089,35.0905705],[-85.7550477,35.0906309],[-85.7549293,35.0906427],[-85.7547537,35.0906517],[-85.7546311,35.0906613],[-85.7545011,35.090709],[-85.7544378,35.0907597],[-85.7543423,35.0908129],[-85.7542344,35.0908254],[-85.7541536,35.090814],[-85.7540977,35.0907305],[-85.7539968,35.090616],[-85.75388,35.0905156],[-85.7537818,35.0904732],[-85.7536596,35.0904493],[-85.7535699,35.0904836],[-85.7535304,35.0905792],[-85.7534994,35.0906977],[-85.7533597,35.0906235],[-85.753073,35.0905043],[-85.7527913,35.0904595],[-85.752476,35.0904414],[-85.7521058,35.0904301],[-85.7519497,35.0904136],[-85.7518678,35.0904023],[-85.7517537,35.0903937],[-85.7513684,35.0903071],[-85.7512601,35.0902739],[-85.751207,35.0902591],[-85.7509472,35.0901288],[-85.7507873,35.090084],[-85.7506509,35.0900912],[-85.7504529,35.0901168],[-85.7504109,35.0901201],[-85.7500166,35.0902452],[-85.749868,35.0902878],[-85.7497297,35.0902866],[-85.7496504,35.09027],[-85.7495742,35.0902281],[-85.7494899,35.090236],[-85.7494246,35.0902799],[-85.7492583,35.0905077],[-85.7491849,35.0906551],[-85.7491614,35.0908495],[-85.7491929,35.0909821],[-85.7492912,35.0912313],[-85.7493297,35.0913215],[-85.7493024,35.0914921],[-85.7492086,35.0914347],[-85.7489492,35.0912775],[-85.7487571,35.0915581],[-85.7489426,35.0912801],[-85.7487106,35.0912175],[-85.7481709,35.0911689],[-85.7478397,35.0911601],[-85.7478811,35.0907586],[-85.7479322,35.0903861],[-85.7481643,35.090377],[-85.7482529,35.0907333],[-85.7482621,35.09073],[-85.7482637,35.0907249],[-85.7482558,35.0907264],[-85.7482541,35.0907448],[-85.7482592,35.0907156],[-85.74827,35.0907214],[-85.7482516,35.0907485],[-85.7482484,35.090717],[-85.7482733,35.0907262]]},"properties":{"id":"synthetic_user_021","kind":"synthetic_activity_track","track_name":"Synthetic Saturday 021 - osm south connector","persona":"osm_south_connector","source_type":"synthetic_activity_gpx","synthetic":true,"start_anchor":"#pavilion","start_local":"2026-05-23T14:10:03-05:00","end_local":"2026-05-23T17:18:47-05:00","duration_minutes":188.7,"distance_m":5188.8,"osm_track_m":4636.4,"osm_route_count":3,"osm_way_ids":[1215497664,1215497665,1215497666,1215497673,1215497682,1215497683,1215497689,1215497690,1215497692,1215497694],"point_count":295,"visited_anchors":["#osm-south-connector","#pavilion","#photo-waypoint"],"review_status":"synthetic Saturday simulation; not field evidence"}},{"type":"Feature","geometry":{"type":"LineString","coordinates":[[-85.7482599,35.0907237],[-85.7482373,35.0907357],[-85.748272,35.0907311],[-85.7482498,35.0907399],[-85.7482443,35.0907409],[-85.7482583,35.0907404],[-85.7482298,35.0907274],[-85.7482452,35.0907282],[-85.7482404,35.0907348],[-85.7482478,35.0907067],[-85.7478837,35.0907582],[-85.7478384,35.0911543],[-85.7481719,35.0911688],[-85.7487113,35.0912208],[-85.7489432,35.091274],[-85.7487594,35.0915566],[-85.7487698,35.091568],[-85.7487565,35.0915534],[-85.7487661,35.0915656],[-85.748773,35.0915615],[-85.7489447,35.0912805],[-85.7492082,35.0914342],[-85.7493017,35.091492],[-85.7493295,35.0913214],[-85.7492856,35.0912332],[-85.7491934,35.0909861],[-85.7491667,35.0908551],[-85.7491875,35.0906503],[-85.7492556,35.090504],[-85.7494259,35.0902818],[-85.7494868,35.0902348],[-85.7495716,35.0902239],[-85.7496462,35.0902699],[-85.7497337,35.0902826],[-85.749866,35.0902921],[-85.7500176,35.0902396],[-85.7504071,35.0901224],[-85.7504528,35.0901168],[-85.7506497,35.0900941],[-85.750789,35.0900899],[-85.750948,35.0901304],[-85.7512105,35.090254],[-85.7512601,35.0902761],[-85.7513692,35.0903081],[-85.7517556,35.0903976],[-85.7518661,35.0904011],[-85.7519463,35.0904089],[-85.7521085,35.0904279],[-85.752475,35.0904454],[-85.7527958,35.0904578],[-85.7530726,35.0905012],[-85.7533623,35.0906231],[-85.7534982,35.0906952],[-85.7536675,35.0907929],[-85.753961,35.0909773],[-85.7543468,35.0912104],[-85.7544729,35.0912843],[-85.7551907,35.0917118],[-85.7555889,35.0919212],[-85.7555743,35.0919168],[-85.7555992,35.0919214],[-85.7555732,35.0919254],[-85.7555781,35.0919167],[-85.7555559,35.0919151],[-85.7555412,35.0919006],[-85.7555913,35.0919225],[-85.7556346,35.0919405],[-85.7555851,35.0919258],[-85.755628,35.0920138],[-85.7557153,35.0921692],[-85.7560113,35.0925777],[-85.7562843,35.0929681],[-85.7564514,35.0932189],[-85.7564933,35.0932401],[-85.7565584,35.0933246],[-85.7566023,35.0933614],[-85.7567224,35.0934641],[-85.7568722,35.0935874],[-85.7569341,35.0936854],[-85.7569584,35.0938555],[-85.7569776,35.0941407],[-85.7569217,35.0943572],[-85.7568911,35.0945418],[-85.7568876,35.0947122],[-85.7569069,35.0948266],[-85.7568849,35.0949759],[-85.7568247,35.0951466],[-85.7567343,35.0952678],[-85.7566136,35.0953443],[-85.7565667,35.0953723],[-85.7561967,35.0956223],[-85.7560663,35.0956927],[-85.7559757,35.0957659],[-85.7559067,35.0958056],[-85.7557543,35.0959048],[-85.7553512,35.0960987],[-85.7551095,35.0961491],[-85.7551605,35.0962166],[-85.7551985,35.096343],[-85.75514,35.0964056],[-85.7550772,35.0965194],[-85.7550623,35.0966328],[-85.755044,35.0966775],[-85.7550152,35.0967769],[-85.7550054,35.0968881],[-85.7548739,35.0970562],[-85.7547725,35.0971055],[-85.7547903,35.0971019],[-85.7547826,35.0971195],[-85.7547844,35.0971028],[-85.7547756,35.0970825],[-85.7547664,35.097109],[-85.7547943,35.0970716],[-85.7547815,35.0971058],[-85.7547655,35.0971482],[-85.7547762,35.0971097],[-85.754669,35.09707],[-85.75453,35.0969967],[-85.7544474,35.0968859],[-85.7543626,35.0967911],[-85.7543234,35.0966599],[-85.7542797,35.0965736],[-85.7542549,35.0964529],[-85.7542312,35.0963552],[-85.7542246,35.0962841],[-85.7541774,35.0962268],[-85.7541186,35.0961739],[-85.7539809,35.0962328],[-85.7537987,35.0962486],[-85.7536245,35.0962702],[-85.7532856,35.0962227],[-85.7529394,35.096109],[-85.7527545,35.0960481],[-85.7522273,35.0958123],[-85.7520743,35.0957558],[-85.7521479,35.0956606],[-85.7522757,35.0956499],[-85.7524009,35.0956214],[-85.7524263,35.095517],[-85.7524805,35.0954238],[-85.7525528,35.095259],[-85.7525831,35.0951027],[-85.7525931,35.0949065],[-85.7526064,35.0946597],[-85.7525755,35.0945366],[-85.752494,35.0943947],[-85.7523617,35.0942839],[-85.7521549,35.0942309],[-85.7519736,35.0942222],[-85.7517688,35.0942813],[-85.7515677,35.0942873],[-85.7512171,35.0943065],[-85.7511354,35.0942762],[-85.7510535,35.0942076],[-85.7509759,35.0940628],[-85.7509454,35.0940035],[-85.750965,35.0939019],[-85.7509878,35.0938131],[-85.7509207,35.0936606],[-85.7508394,35.0935487],[-85.7508131,35.0935178],[-85.7505521,35.0932874],[-85.7503934,35.0931291],[-85.7503083,35.0930019],[-85.75028,35.0929318],[-85.7502639,35.092863],[-85.7503051,35.0926687],[-85.7504122,35.0924915],[-85.7504618,35.0923452],[-85.7504474,35.0922147],[-85.7503644,35.0921018],[-85.7503475,35.0920841],[-85.7502649,35.0920066],[-85.7500355,35.0918884],[-85.7498145,35.0917454],[-85.7496647,35.0916229],[-85.7493844,35.0915437],[-85.749302,35.0914942],[-85.749209,35.0914358],[-85.7489431,35.0912757],[-85.748713,35.0912218],[-85.748172,35.0911682],[-85.7478384,35.0911563],[-85.7478784,35.0907622],[-85.7479321,35.0903854],[-85.7481611,35.0903739],[-85.7482535,35.0907194],[-85.7482338,35.0907189],[-85.7482422,35.0907177],[-85.7482368,35.0907173],[-85.7482359,35.0907354],[-85.7482364,35.0907135],[-85.7482294,35.0907117],[-85.7482491,35.0907053]]},"properties":{"id":"synthetic_user_022","kind":"synthetic_activity_track","track_name":"Synthetic Saturday 022 - osm spine runner","persona":"osm_spine_runner","source_type":"synthetic_activity_gpx","synthetic":true,"start_anchor":"#pavilion","start_local":"2026-05-23T15:06:21-05:00","end_local":"2026-05-23T16:44:37-05:00","duration_minutes":98.3,"distance_m":3178.5,"osm_track_m":2801.8,"osm_route_count":4,"osm_way_ids":[1215497663,1215497664,1215497666,1215497670,1215497671,1215497672,1215497683,1215497700,1215497704,1215497705],"point_count":194,"visited_anchors":["#osm-main-spine-west","#osm-north-loop","#pavilion","#photo-waypoint"],"review_status":"synthetic Saturday simulation; not field evidence"}},{"type":"Feature","geometry":{"type":"LineString","coordinates":[[-85.7482522,35.090727],[-85.7482587,35.0907343],[-85.7482627,35.0907238],[-85.7482436,35.0907243],[-85.7478847,35.0907596],[-85.7478375,35.091158],[-85.74817,35.0911705],[-85.748711,35.0912202],[-85.7489497,35.0912762],[-85.7487627,35.0915629],[-85.7487545,35.0915546],[-85.7487646,35.091564],[-85.7487681,35.0915554],[-85.7487704,35.091547],[-85.748752,35.0915395],[-85.7487689,35.0915573],[-85.7487725,35.0915803],[-85.7487645,35.0915541],[-85.7487592,35.0915657],[-85.7487542,35.0915584],[-85.7487608,35.0915605],[-85.748752,35.0915562],[-85.7486087,35.0915092],[-85.7486287,35.0914712],[-85.7486266,35.0915068],[-85.7492236,35.0916954],[-85.7492678,35.0916747],[-85.7492179,35.0916878],[-85.7486245,35.0915074],[-85.7486381,35.0914762],[-85.7486143,35.0915136],[-85.7482492,35.0907265],[-85.7482531,35.090751],[-85.748244,35.0907071],[-85.7482686,35.0907285],[-85.7482486,35.0907303],[-85.7482473,35.090745],[-85.7482663,35.090721],[-85.7482567,35.0907419],[-85.7478794,35.0907631],[-85.7479328,35.0903793],[-85.7481624,35.0903762],[-85.7482548,35.0907294],[-85.7482286,35.0907363],[-85.7482699,35.09072],[-85.7482359,35.09072],[-85.7482429,35.0907126],[-85.7482631,35.0907084],[-85.7482591,35.0907359],[-85.7482743,35.090734],[-85.7482557,35.0907213],[-85.748243,35.0907424],[-85.7482298,35.0907304],[-85.7482566,35.0907256],[-85.7482736,35.0907281],[-85.7482294,35.0907362]]},"properties":{"id":"synthetic_user_023","kind":"synthetic_activity_track","track_name":"Synthetic Saturday 023 - photo short","persona":"photo_short","source_type":"synthetic_activity_gpx","synthetic":true,"start_anchor":"#pavilion","start_local":"2026-05-23T15:09:57-05:00","end_local":"2026-05-23T15:51:52-05:00","duration_minutes":41.9,"distance_m":678.6,"osm_track_m":188.7,"osm_route_count":2,"osm_way_ids":[1215497664,1215497683],"point_count":56,"visited_anchors":["#pavilion","#photo-waypoint"],"review_status":"synthetic Saturday simulation; not field evidence"}},{"type":"Feature","geometry":{"type":"LineString","coordinates":[[-85.7482492,35.0907355],[-85.7482312,35.090737],[-85.7482474,35.0907131],[-85.7482553,35.0907332],[-85.7482678,35.090726],[-85.7482699,35.0907381],[-85.7482315,35.0907335],[-85.7478789,35.0907572],[-85.7478396,35.0911553],[-85.7481694,35.0911693],[-85.7487127,35.0912245],[-85.7489498,35.0912765],[-85.7487637,35.0915626],[-85.7487621,35.0915699],[-85.7487528,35.0915606],[-85.7487676,35.0915546],[-85.7487642,35.0915678],[-85.74876,35.091581],[-85.7487645,35.0915553],[-85.7487486,35.0915926],[-85.7487553,35.0915665],[-85.7487665,35.0915264],[-85.7487585,35.0915691],[-85.7487532,35.0915658],[-85.7489468,35.0912741],[-85.7487121,35.0912216],[-85.7481649,35.0911697],[-85.7478361,35.0911585],[-85.747884,35.0907586],[-85.7479358,35.0903819],[-85.7481637,35.0903798],[-85.748253,35.0907235],[-85.7482521,35.0907249],[-85.7482425,35.0907133],[-85.748279,35.0907232],[-85.7482708,35.0907131],[-85.7482413,35.0907384],[-85.7482423,35.0907281],[-85.748238,35.0907163],[-85.7482623,35.0907324],[-85.7482453,35.0907415],[-85.7482525,35.0907319]]},"properties":{"id":"synthetic_user_024","kind":"synthetic_activity_track","track_name":"Synthetic Saturday 024 - photo short","persona":"photo_short","source_type":"synthetic_activity_gpx","synthetic":true,"start_anchor":"#pavilion","start_local":"2026-05-23T14:18:31-05:00","end_local":"2026-05-23T14:50:25-05:00","duration_minutes":31.9,"distance_m":559.7,"osm_track_m":335.2,"osm_route_count":2,"osm_way_ids":[1215497664,1215497683],"point_count":42,"visited_anchors":["#pavilion","#photo-waypoint"],"review_status":"synthetic Saturday simulation; not field evidence"}},{"type":"Feature","geometry":{"type":"LineString","coordinates":[[-85.748254,35.0907305],[-85.7482373,35.0907212],[-85.7482644,35.0907413],[-85.7482642,35.090715],[-85.7482307,35.0907227],[-85.7482378,35.0907411],[-85.7482744,35.0907257],[-85.748252,35.090716],[-85.7478837,35.0907591],[-85.7478393,35.091158],[-85.7481654,35.0911667],[-85.7487145,35.0912177],[-85.748946,35.0912752],[-85.748757,35.0915632],[-85.7489415,35.0912785],[-85.7492068,35.0914358],[-85.7492996,35.0914931],[-85.7493324,35.0913232],[-85.7492924,35.0912319],[-85.7491971,35.0909826],[-85.7491636,35.0908525],[-85.749186,35.0906483],[-85.7492549,35.090507],[-85.7494247,35.090287],[-85.7494948,35.090238],[-85.7495773,35.0902239],[-85.7496552,35.0902682],[-85.7497333,35.09029],[-85.7498621,35.0902867],[-85.750017,35.0902392],[-85.7504127,35.0901234],[-85.7504501,35.0901187],[-85.7506455,35.0900933],[-85.7507925,35.0900843],[-85.7509494,35.0901307],[-85.7512121,35.090259],[-85.7512572,35.0902724],[-85.7513638,35.0903114],[-85.7517545,35.0903927],[-85.7518686,35.0904042],[-85.7519468,35.090411],[-85.7521071,35.0904264],[-85.7524714,35.0904464],[-85.752793,35.0904536],[-85.7530756,35.0905015],[-85.7533599,35.0906262],[-85.7534973,35.090695],[-85.7536657,35.0907911],[-85.7539584,35.0909788],[-85.7543409,35.0912079],[-85.7544751,35.0912841],[-85.7551927,35.0917138],[-85.7555827,35.0919226],[-85.7556004,35.0919224],[-85.7555784,35.091927],[-85.7555929,35.0919199],[-85.7555889,35.0919244],[-85.7555996,35.0919067],[-85.7555889,35.0919144],[-85.7556066,35.0918938],[-85.7555862,35.09192],[-85.755624,35.0920168],[-85.7557184,35.0921713],[-85.7560094,35.0925813],[-85.7562832,35.0929699],[-85.7564472,35.0932165],[-85.7564855,35.0932389],[-85.7565615,35.0933224],[-85.7566012,35.0933651],[-85.7567162,35.0934597],[-85.7568672,35.093588],[-85.7569327,35.0936819],[-85.7569644,35.0938531],[-85.7569805,35.094136],[-85.7569193,35.0943578],[-85.7568861,35.0945395],[-85.7568888,35.0947098],[-85.7569029,35.0948304],[-85.7568921,35.094974],[-85.7568255,35.0951449],[-85.7567334,35.0952672],[-85.7566221,35.0953439],[-85.7565698,35.095377],[-85.756199,35.0956234],[-85.7560653,35.0956956],[-85.7559745,35.0957624],[-85.7559059,35.0958016],[-85.7557553,35.0959021],[-85.7553522,35.0960948],[-85.7551108,35.0961485],[-85.7551663,35.096222],[-85.7551992,35.0963426],[-85.7551421,35.0964052],[-85.7550808,35.0965169],[-85.7550642,35.0966307],[-85.755043,35.0966741],[-85.7550115,35.0967741],[-85.7550114,35.0968855],[-85.7548763,35.0970563],[-85.7547741,35.0971047],[-85.7547796,35.0971179],[-85.7547769,35.0971129],[-85.7547652,35.0971061],[-85.7547894,35.0971084],[-85.7547915,35.097125],[-85.7548032,35.0971354],[-85.7547845,35.0971099],[-85.7547477,35.0970815],[-85.754769,35.0971008],[-85.7547728,35.0971064],[-85.7546702,35.0970696],[-85.7545297,35.0969923],[-85.7544443,35.0968852],[-85.7543661,35.0967882],[-85.7543278,35.0966646],[-85.7542842,35.0965719],[-85.7542595,35.0964552],[-85.7542327,35.0963483],[-85.7542306,35.0962858],[-85.7541734,35.0962307],[-85.7541172,35.0961736],[-85.7539842,35.0962321],[-85.7537959,35.0962497],[-85.7536288,35.0962716],[-85.7532908,35.096223],[-85.7529462,35.0961123],[-85.752747,35.0960468],[-85.7522238,35.0958139],[-85.7520737,35.0957601],[-85.7521526,35.0956593],[-85.7522764,35.0956469],[-85.7523978,35.0956185],[-85.7524236,35.0955146],[-85.7524852,35.0954219],[-85.7525488,35.0952571],[-85.7525818,35.0951012],[-85.7525913,35.0949079],[-85.7526059,35.0946584],[-85.752577,35.0945361],[-85.7524906,35.0943971],[-85.7523648,35.0942818],[-85.7521588,35.0942266],[-85.7519712,35.0942262],[-85.7517695,35.0942794],[-85.7515653,35.0942835],[-85.7512186,35.0943061],[-85.7511332,35.0942804],[-85.7510571,35.0942069],[-85.7509778,35.0940674],[-85.750949,35.0940053],[-85.7509656,35.0938996],[-85.7509897,35.0938102],[-85.7509201,35.0936611],[-85.7508394,35.0935519],[-85.7508089,35.0935191],[-85.7505584,35.0932853],[-85.7503967,35.0931319],[-85.7503051,35.0930062],[-85.7502742,35.0929262],[-85.7502548,35.0928643],[-85.7503019,35.0926698],[-85.7504105,35.0924867],[-85.7504648,35.0923482],[-85.7504458,35.0922119],[-85.7503638,35.0921027],[-85.7503413,35.0920829],[-85.7502605,35.0920018],[-85.7500409,35.0918923],[-85.7498148,35.0917438],[-85.749668,35.0916288],[-85.7493832,35.0915445],[-85.7493002,35.0914919],[-85.7492014,35.0914335],[-85.7489417,35.0912797],[-85.7487133,35.0912179],[-85.7481702,35.0911683],[-85.7478325,35.0911578],[-85.7478855,35.0907622],[-85.7479315,35.0903854],[-85.7481606,35.0903779],[-85.7482454,35.0907236],[-85.7482613,35.0907391],[-85.7482548,35.0907208],[-85.748231,35.0907224],[-85.7482489,35.0907222],[-85.7482605,35.0907138],[-85.7482724,35.090713],[-85.7482293,35.090724],[-85.7482347,35.0907189],[-85.7482301,35.0907317],[-85.7482546,35.0907133],[-85.7482518,35.0907289]]},"properties":{"id":"synthetic_user_025","kind":"synthetic_activity_track","track_name":"Synthetic Saturday 025 - osm spine runner","persona":"osm_spine_runner","source_type":"synthetic_activity_gpx","synthetic":true,"start_anchor":"#pavilion","start_local":"2026-05-23T15:18:38-05:00","end_local":"2026-05-23T16:34:17-05:00","duration_minutes":75.6,"distance_m":3169.7,"osm_track_m":2801.8,"osm_route_count":4,"osm_way_ids":[1215497663,1215497664,1215497666,1215497670,1215497671,1215497672,1215497683,1215497700,1215497704,1215497705],"point_count":192,"visited_anchors":["#osm-main-spine-west","#osm-north-loop","#pavilion","#photo-waypoint"],"review_status":"synthetic Saturday simulation; not field evidence"}},{"type":"Feature","geometry":{"type":"LineString","coordinates":[[-85.7482464,35.0907296],[-85.7482414,35.0907147],[-85.7482595,35.0907136],[-85.748269,35.0907393],[-85.7482556,35.0907247],[-85.7482479,35.0907329],[-85.7482592,35.090726],[-85.7482514,35.0907427],[-85.7482679,35.0907167],[-85.7482356,35.0907219],[-85.7482644,35.0907372],[-85.7482321,35.0907265],[-85.7478821,35.0907582],[-85.7478408,35.0911586],[-85.7481694,35.0911684],[-85.7487087,35.0912196],[-85.748943,35.0912797],[-85.748762,35.0915579],[-85.7487685,35.0915529],[-85.7487566,35.0915641],[-85.7487536,35.0915513],[-85.7487664,35.0915652],[-85.7487539,35.0915615],[-85.7487791,35.0915669],[-85.7487643,35.0915666],[-85.7487917,35.0915602],[-85.7487614,35.0915603],[-85.7487282,35.0915531],[-85.7487632,35.0915593],[-85.7487685,35.0915514],[-85.7487696,35.0915631],[-85.7489448,35.0912782],[-85.7487093,35.0912204],[-85.7481712,35.0911698],[-85.7478368,35.0911559],[-85.7478847,35.0907618],[-85.7479296,35.0903826],[-85.7481672,35.090376],[-85.7482465,35.0907294],[-85.7482549,35.0907208],[-85.7482424,35.0907274],[-85.7482427,35.0907231],[-85.748245,35.0907049]]},"properties":{"id":"synthetic_user_026","kind":"synthetic_activity_track","track_name":"Synthetic Saturday 026 - photo short","persona":"photo_short","source_type":"synthetic_activity_gpx","synthetic":true,"start_anchor":"#pavilion","start_local":"2026-05-23T14:33:04-05:00","end_local":"2026-05-23T15:03:50-05:00","duration_minutes":30.8,"distance_m":554.2,"osm_track_m":335.2,"osm_route_count":2,"osm_way_ids":[1215497664,1215497683],"point_count":43,"visited_anchors":["#pavilion","#photo-waypoint"],"review_status":"synthetic Saturday simulation; not field evidence"}},{"type":"Feature","geometry":{"type":"LineString","coordinates":[[-85.7482563,35.0907292],[-85.7482555,35.0907105],[-85.7482381,35.0907102],[-85.7482687,35.0907388],[-85.7482544,35.0907421],[-85.7482501,35.0907368],[-85.7482538,35.0907426],[-85.7482402,35.090728],[-85.7478811,35.0907581],[-85.747932,35.0903844],[-85.7480076,35.0898996],[-85.7475243,35.089821],[-85.7459405,35.089603],[-85.7459622,35.0889367],[-85.7456208,35.0872267],[-85.7456123,35.0872341],[-85.745618,35.0872245],[-85.745621,35.0872138],[-85.7456226,35.0872338],[-85.7455949,35.0872449],[-85.7455908,35.0872631],[-85.7456133,35.0872155],[-85.7456527,35.0871844],[-85.7456205,35.0872366],[-85.7456125,35.0872254],[-85.7456193,35.0872328],[-85.7456249,35.0872206],[-85.7456211,35.0872528],[-85.7456284,35.0872221],[-85.7455919,35.0872634],[-85.7459591,35.088931],[-85.7459387,35.0896037],[-85.7459066,35.090986],[-85.7467491,35.0910804],[-85.7474977,35.0911491],[-85.7478378,35.0911584],[-85.7481694,35.0911683],[-85.7487151,35.0912195],[-85.7489424,35.0912749],[-85.7487568,35.0915591],[-85.7487502,35.0915495],[-85.7487638,35.0915498],[-85.7489428,35.0912746],[-85.7487151,35.0912176],[-85.7481679,35.0911648],[-85.747841,35.0911601],[-85.7478838,35.0907625],[-85.7479359,35.0903817],[-85.7481631,35.0903773],[-85.7482502,35.0907199],[-85.748237,35.0907079],[-85.7482449,35.0907185],[-85.7482589,35.0907479],[-85.7482555,35.0907096],[-85.748278,35.0907312],[-85.7482528,35.0907249]]},"properties":{"id":"synthetic_user_027","kind":"synthetic_activity_track","track_name":"Synthetic Saturday 027 - proving ground","persona":"proving_ground","source_type":"synthetic_activity_gpx","synthetic":true,"start_anchor":"#pavilion","start_local":"2026-05-23T14:01:56-05:00","end_local":"2026-05-23T15:02:30-05:00","duration_minutes":60.6,"distance_m":1677.1,"osm_track_m":1058.0,"osm_route_count":3,"osm_way_ids":[383693504,1215497664,1215497682,1215497683],"point_count":56,"visited_anchors":["#pavilion","#photo-waypoint","#proving-grounds"],"review_status":"synthetic Saturday simulation; not field evidence"}},{"type":"Feature","geometry":{"type":"LineString","coordinates":[[-85.7482541,35.0907343],[-85.748261,35.0907314],[-85.7482585,35.0907143],[-85.7482304,35.0907336],[-85.7482497,35.090743],[-85.7482335,35.0907334],[-85.7482402,35.090724],[-85.747885,35.0907572],[-85.7479289,35.0903833],[-85.7480044,35.0898988],[-85.7475296,35.0898184],[-85.7459396,35.089607],[-85.7459561,35.0889343],[-85.7456185,35.0872244],[-85.7456234,35.0872139],[-85.7456204,35.0872137],[-85.7456048,35.0872244],[-85.7456275,35.0872187],[-85.7456444,35.0872102],[-85.74562,35.0872323],[-85.7456407,35.0871922],[-85.7456059,35.0872576],[-85.7456269,35.0872181],[-85.7456291,35.0872166],[-85.7456236,35.0872236],[-85.745626,35.0872224],[-85.7456257,35.0872178],[-85.7456288,35.0872188],[-85.7456304,35.0872037],[-85.7456255,35.0872208],[-85.7459594,35.0889321],[-85.7459431,35.0896049],[-85.7475252,35.0898208],[-85.7480028,35.0898994],[-85.7479298,35.0903812],[-85.7481614,35.0903747],[-85.7482446,35.0907303],[-85.7482636,35.0907163],[-85.7482495,35.0907419],[-85.7482574,35.0907426],[-85.7482643,35.0907349],[-85.7482341,35.0907283],[-85.7482317,35.090722],[-85.7482553,35.0907183],[-85.7482464,35.0907348],[-85.748246,35.0907451],[-85.748259,35.0907201],[-85.7482291,35.0907179],[-85.748239,35.0907305],[-85.7482585,35.0907328]]},"properties":{"id":"synthetic_user_028","kind":"synthetic_activity_track","track_name":"Synthetic Saturday 028 - proving ground","persona":"proving_ground","source_type":"synthetic_activity_gpx","synthetic":true,"start_anchor":"#pavilion","start_local":"2026-05-23T14:06:16-05:00","end_local":"2026-05-23T15:06:44-05:00","duration_minutes":60.5,"distance_m":1230.3,"osm_track_m":680.8,"osm_route_count":2,"osm_way_ids":[383693504,1215497682,1215497683],"point_count":50,"visited_anchors":["#pavilion","#proving-grounds"],"review_status":"synthetic Saturday simulation; not field evidence"}},{"type":"Feature","geometry":{"type":"LineString","coordinates":[[-85.7482513,35.0907342],[-85.7482568,35.0907136],[-85.7482477,35.0907147],[-85.7482501,35.0907193],[-85.7482494,35.0907422],[-85.7482462,35.0907442],[-85.7482637,35.0907396],[-85.7482393,35.0907377],[-85.7482552,35.0907355],[-85.7478815,35.0907581],[-85.747839,35.091155],[-85.7481678,35.0911714],[-85.7487134,35.091219],[-85.7489462,35.0912747],[-85.7487598,35.0915614],[-85.7487734,35.0915583],[-85.7487511,35.0915608],[-85.7489456,35.0912754],[-85.7492073,35.0914325],[-85.7492969,35.0914957],[-85.7493342,35.0913202],[-85.7492918,35.0912319],[-85.7491929,35.0909864],[-85.7491679,35.0908512],[-85.7491876,35.0906511],[-85.7492519,35.0905053],[-85.7494243,35.0902858],[-85.7494893,35.0902357],[-85.7495707,35.0902249],[-85.7496531,35.0902681],[-85.7497346,35.0902864],[-85.7498627,35.090288],[-85.750015,35.0902429],[-85.7504092,35.0901266],[-85.7504479,35.0901185],[-85.7506514,35.0900947],[-85.7507862,35.0900852],[-85.7509489,35.0901268],[-85.7512073,35.0902564],[-85.7512603,35.0902723],[-85.7513651,35.0903131],[-85.7517529,35.0903925],[-85.7518634,35.0904034],[-85.7519484,35.0904151],[-85.7521108,35.090428],[-85.7524787,35.090444],[-85.7527889,35.0904577],[-85.7530732,35.090503],[-85.7533564,35.0906222],[-85.7535015,35.0906957],[-85.7536696,35.0907902],[-85.753959,35.0909765],[-85.7543426,35.0912065],[-85.754478,35.091282],[-85.7551912,35.0917121],[-85.7555867,35.0919258],[-85.7555902,35.0919138],[-85.7555801,35.0919299],[-85.7555865,35.0919154],[-85.7555969,35.0919024],[-85.7556074,35.0918894],[-85.7555672,35.091959],[-85.7555796,35.091922],[-85.7555846,35.0919117],[-85.755592,35.0919222],[-85.7555936,35.0919181],[-85.7555946,35.0919295],[-85.755586,35.0919254],[-85.7556277,35.0920196],[-85.7557168,35.0921679],[-85.7560091,35.0925807],[-85.7562776,35.0929706],[-85.7564494,35.0932177],[-85.7564897,35.0932415],[-85.7565565,35.0933202],[-85.7565973,35.0933638],[-85.7567152,35.0934632],[-85.7568709,35.0935936],[-85.756939,35.0936812],[-85.756961,35.0938566],[-85.7569806,35.0941375],[-85.7569233,35.0943524],[-85.7568923,35.0945384],[-85.7568884,35.0947135],[-85.7569059,35.0948258],[-85.7568854,35.0949781],[-85.756827,35.095148],[-85.7567382,35.0952662],[-85.7566172,35.0953429],[-85.7565696,35.0953738],[-85.7561971,35.0956252],[-85.7560626,35.0956898],[-85.7559705,35.0957646],[-85.7559068,35.0958066],[-85.755755,35.0958993],[-85.7553547,35.0960939],[-85.7551168,35.0961514],[-85.7551629,35.0962222],[-85.7551975,35.0963453],[-85.7551417,35.0964038],[-85.7550737,35.0965209],[-85.7550695,35.0966335],[-85.755041,35.096675],[-85.7550145,35.0967757],[-85.7550053,35.0968856],[-85.754879,35.0970557],[-85.7547765,35.0971072],[-85.7547606,35.0971011],[-85.7547701,35.0971158],[-85.7547779,35.0970996],[-85.7547825,35.0971008],[-85.7547783,35.0970878],[-85.7547612,35.0970763],[-85.7547903,35.0971404],[-85.7547599,35.0971012],[-85.7547721,35.0971087],[-85.7546735,35.0970712],[-85.7545372,35.0969921],[-85.7544474,35.096885],[-85.7543662,35.0967899],[-85.7543277,35.0966611],[-85.7542821,35.0965699],[-85.7542585,35.096459],[-85.7542329,35.0963546],[-85.7542222,35.0962857],[-85.7541731,35.0962298],[-85.7541172,35.0961742],[-85.7539802,35.0962321],[-85.7537997,35.096253],[-85.7536282,35.0962731],[-85.753284,35.0962201],[-85.7529379,35.0961096],[-85.7527477,35.0960499],[-85.7522309,35.0958118],[-85.7520726,35.0957576],[-85.7521557,35.0956623],[-85.752277,35.0956458],[-85.7523965,35.0956172],[-85.7524254,35.0955185],[-85.7524796,35.0954221],[-85.7525503,35.0952559],[-85.7525852,35.0951022],[-85.7525981,35.0949035],[-85.752603,35.0946641],[-85.7525798,35.0945375],[-85.7524969,35.0943956],[-85.7523608,35.0942791],[-85.7521593,35.0942291],[-85.7519695,35.0942204],[-85.7517707,35.094278],[-85.7515645,35.0942896],[-85.7512238,35.0943093],[-85.7511394,35.094277],[-85.7510524,35.094209],[-85.750976,35.0940631],[-85.7509509,35.0940032],[-85.75097,35.0939016],[-85.7509917,35.0938095],[-85.7509219,35.0936581],[-85.7508375,35.0935519],[-85.7508103,35.0935128],[-85.7505544,35.0932898],[-85.7503955,35.0931295],[-85.7503077,35.0930072],[-85.7502738,35.0929306],[-85.7502621,35.0928612],[-85.7503044,35.0926681],[-85.7504077,35.0924879],[-85.7504655,35.0923479],[-85.7504463,35.0922132],[-85.7503648,35.0921015],[-85.7503465,35.0920821],[-85.7502647,35.0920027],[-85.750039,35.0918947],[-85.7498137,35.0917427],[-85.7496687,35.0916255],[-85.7493789,35.091546],[-85.7493021,35.0914944],[-85.7492051,35.0914375],[-85.7489473,35.0912768],[-85.7487122,35.0912207],[-85.7481671,35.0911665],[-85.7478419,35.091157],[-85.7478818,35.0907574],[-85.7479296,35.0903841],[-85.7481641,35.090379],[-85.7482485,35.0907274],[-85.7482523,35.0907288],[-85.748248,35.0907301],[-85.7482554,35.0907235],[-85.7482421,35.0907358],[-85.7482682,35.0907279],[-85.7482228,35.0907271],[-85.7482633,35.0907147],[-85.7482409,35.0907347],[-85.748273,35.0907281],[-85.7482364,35.0907462],[-85.7482274,35.0907261]]},"properties":{"id":"synthetic_user_029","kind":"synthetic_activity_track","track_name":"Synthetic Saturday 029 - osm spine runner","persona":"osm_spine_runner","source_type":"synthetic_activity_gpx","synthetic":true,"start_anchor":"#pavilion","start_local":"2026-05-23T14:09:55-05:00","end_local":"2026-05-23T15:40:53-05:00","duration_minutes":91.0,"distance_m":3183.4,"osm_track_m":2801.8,"osm_route_count":4,"osm_way_ids":[1215497663,1215497664,1215497666,1215497670,1215497671,1215497672,1215497683,1215497700,1215497704,1215497705],"point_count":198,"visited_anchors":["#osm-main-spine-west","#osm-north-loop","#pavilion","#photo-waypoint"],"review_status":"synthetic Saturday simulation; not field evidence"}},{"type":"Feature","geometry":{"type":"LineString","coordinates":[[-85.7482469,35.0907182],[-85.7482511,35.0907108],[-85.7482464,35.0907346],[-85.7482719,35.0907178],[-85.7482595,35.0907361],[-85.7482636,35.0907166],[-85.7482698,35.0907343],[-85.7482669,35.0907325],[-85.7482632,35.0907197],[-85.7482593,35.0907141],[-85.747878,35.0907595],[-85.7478377,35.0911599],[-85.7481666,35.0911659],[-85.7487158,35.0912202],[-85.7489496,35.0912788],[-85.7492057,35.0914319],[-85.7492959,35.091494],[-85.7491847,35.0917167],[-85.7490489,35.0918721],[-85.7488969,35.091976],[-85.748672,35.0919851],[-85.7483713,35.0919253],[-85.7481701,35.0919099],[-85.7479277,35.0918999],[-85.7476367,35.0919405],[-85.7471825,35.0920437],[-85.7470929,35.092095],[-85.7469858,35.0923078],[-85.7469809,35.0923083],[-85.7469835,35.0923143],[-85.7469876,35.0922992],[-85.7469953,35.092304],[-85.7469916,35.0923155],[-85.7469971,35.0923055],[-85.7469754,35.092314],[-85.7469904,35.0923005],[-85.7469718,35.0923236],[-85.7470111,35.0922944],[-85.7469734,35.0923017],[-85.7469816,35.0923133],[-85.7469878,35.0923086],[-85.7470081,35.0923046],[-85.746967,35.0923033],[-85.7470001,35.0923182],[-85.7470317,35.0923508],[-85.7469489,35.0922984],[-85.7470285,35.092266],[-85.7470663,35.0922305],[-85.7471117,35.0922743],[-85.7470873,35.0922671],[-85.7471237,35.0921789],[-85.7471715,35.0921816],[-85.7471278,35.0922017],[-85.7470477,35.0921114],[-85.7470171,35.092101],[-85.7469303,35.092138],[-85.746898,35.0921664],[-85.746835,35.0922333],[-85.7467721,35.0922253],[-85.7467522,35.0922459],[-85.7467321,35.0923021],[-85.7466403,35.09234],[-85.7465991,35.0924089],[-85.7465886,35.0924349],[-85.746505,35.0924314],[-85.746575,35.0924222],[-85.7466328,35.0923858],[-85.7465346,35.0923692],[-85.7464533,35.0923912],[-85.7464384,35.0923455],[-85.7463646,35.0923151],[-85.7462237,35.0923923],[-85.7461443,35.0924009],[-85.7459223,35.092497],[-85.7458398,35.0925275],[-85.745826,35.0926296],[-85.7458359,35.092681],[-85.7458188,35.0927182],[-85.7456498,35.0927622],[-85.7455243,35.0928486],[-85.7454858,35.092892],[-85.7454591,35.0929377],[-85.7454755,35.093078],[-85.7454406,35.0931424],[-85.7453771,35.0932465],[-85.7453364,35.0933819],[-85.7452606,35.0934349],[-85.7451706,35.0933997],[-85.7451051,35.093531],[-85.745059,35.0936307],[-85.7450045,35.0937198],[-85.744966,35.093797],[-85.7448668,35.093867],[-85.744869,35.0939154],[-85.7448233,35.0939763],[-85.744776,35.0940113],[-85.7447695,35.0940815],[-85.7446993,35.0942116],[-85.7446972,35.0942659],[-85.7446229,35.0943685],[-85.7445528,35.0944188],[-85.7445071,35.0944663],[-85.7444666,35.0945114],[-85.74441,35.0945994],[-85.7444039,35.0947273],[-85.7443807,35.0947537],[-85.7443246,35.0947773],[-85.7443376,35.0948552],[-85.7443224,35.0948812],[-85.7442872,35.0949765],[-85.7442077,35.0950999],[-85.7441524,35.095223],[-85.7440959,35.0952637],[-85.744121,35.0953547],[-85.7441333,35.0953872],[-85.744131,35.0954548],[-85.7441615,35.0954866],[-85.7441533,35.0955359],[-85.7441355,35.0955643],[-85.7440787,35.0956073],[-85.7440512,35.0956487],[-85.7439995,35.0956616],[-85.7439812,35.095743],[-85.743957,35.0957877],[-85.7439656,35.0958219],[-85.7439318,35.0958478],[-85.7438721,35.0959648],[-85.7438632,35.096078],[-85.7438698,35.0961903],[-85.7438094,35.0963709],[-85.7438278,35.0965163],[-85.7438214,35.0965887],[-85.7437967,35.0966098],[-85.7437879,35.0966744],[-85.7437681,35.0967153],[-85.7437836,35.0967795],[-85.7437811,35.0968348],[-85.7437682,35.0968884],[-85.7437172,35.0969162],[-85.743745,35.0969881],[-85.7437455,35.0970343],[-85.7436967,35.0970954],[-85.7436952,35.0972299],[-85.7437355,35.0973992],[-85.7437726,35.0974712],[-85.7438183,35.0975151],[-85.7438426,35.0975619],[-85.7438501,35.0976054],[-85.7438396,35.0977009],[-85.7438537,35.0978407],[-85.7439279,35.0979112],[-85.7439182,35.0979713],[-85.7439472,35.0979194],[-85.7438814,35.097925],[-85.7438925,35.0978871],[-85.743997,35.0978786],[-85.7440178,35.0978995],[-85.7439622,35.0978826],[-85.7440281,35.0978816],[-85.7440875,35.0979559],[-85.744076,35.0979284],[-85.7439832,35.0979477],[-85.7440233,35.0979605],[-85.7439962,35.0979355],[-85.7440023,35.0979688],[-85.7440322,35.0979853],[-85.7440635,35.0980007],[-85.7439403,35.0978998],[-85.7440174,35.0979647],[-85.7439929,35.0979651],[-85.7440099,35.0979634],[-85.7440309,35.0979862],[-85.7440028,35.0979608],[-85.7440435,35.0980149],[-85.7439323,35.0979055],[-85.7439624,35.0979218],[-85.7439986,35.0979611],[-85.743989,35.0979509],[-85.7440204,35.0979936],[-85.7440449,35.0980139],[-85.7439414,35.0978991],[-85.7439715,35.0979153],[-85.7440036,35.0979479],[-85.7439978,35.0979344],[-85.7439907,35.0979497],[-85.7439929,35.0979313],[-85.7440565,35.0980057],[-85.7439467,35.0978953],[-85.7439593,35.097924],[-85.7439815,35.0979459],[-85.7440169,35.0979584],[-85.7440326,35.0980493],[-85.7439757,35.0981375],[-85.7439674,35.0982789],[-85.7439572,35.0983275],[-85.7439637,35.0984613],[-85.7439512,35.0985149],[-85.7439479,35.0985546],[-85.7439408,35.0985836],[-85.7439654,35.0985391],[-85.7439276,35.098533],[-85.7439499,35.0985462],[-85.743947,35.0985268],[-85.7439461,35.0985432],[-85.743942,35.0985594],[-85.7439475,35.0985761],[-85.7439558,35.0984944],[-85.7439495,35.0985406],[-85.7439454,35.098546],[-85.7439553,35.0985391],[-85.7439504,35.0985434],[-85.7439405,35.0985593],[-85.7439588,35.0985037],[-85.7439672,35.098472],[-85.7439594,35.0983387],[-85.7439752,35.0982949],[-85.7439719,35.0981315],[-85.7440327,35.0980444],[-85.7440229,35.0979585],[-85.7440026,35.0979312],[-85.7440115,35.0978825],[-85.743979,35.0978307],[-85.743946,35.0978016],[-85.7439192,35.0977163],[-85.7439301,35.0976413],[-85.7439624,35.097598],[-85.7439853,35.0974964],[-85.7439797,35.0974662],[-85.7438835,35.0974158],[-85.7438464,35.0973624],[-85.7438498,35.0972924],[-85.7438087,35.0972057],[-85.7438342,35.0971442],[-85.7438327,35.0969773],[-85.743848,35.0969411],[-85.743859,35.0968501],[-85.7438797,35.096837],[-85.7438901,35.0967881],[-85.7438888,35.0967191],[-85.7439,35.0966013],[-85.7438824,35.0965699],[-85.7438946,35.0964854],[-85.7438713,35.0963898],[-85.7438865,35.0962688],[-85.7439265,35.0962139],[-85.7439693,35.0961848],[-85.743972,35.0961163],[-85.7439891,35.0960603],[-85.7440013,35.096035],[-85.7440168,35.0959898],[-85.7440161,35.0959552],[-85.7439698,35.0958727],[-85.7439888,35.0958509],[-85.7439985,35.0957885],[-85.7440715,35.0956952],[-85.7441049,35.0956672],[-85.7441914,35.0955367],[-85.7442229,35.0955275],[-85.7442547,35.0954918],[-85.7442323,35.0954052],[-85.7442288,35.0953756],[-85.744203,35.095253],[-85.7442303,35.0951398],[-85.7443249,35.0950178],[-85.7443512,35.09496],[-85.7443722,35.0948944],[-85.7444109,35.0948521],[-85.744431,35.0947841],[-85.7444501,35.0947287],[-85.7444514,35.0946884],[-85.7445265,35.0945607],[-85.7445246,35.0944883],[-85.744563,35.0944026],[-85.7445944,35.0943681],[-85.7446541,35.0943375],[-85.7447366,35.0941891],[-85.7447678,35.0941076],[-85.744786,35.0941003],[-85.7448323,35.0940791],[-85.7448453,35.0939704],[-85.7449168,35.0938737],[-85.7449247,35.0938478],[-85.7449424,35.0937889],[-85.7450069,35.0936538],[-85.7450556,35.0936462],[-85.7452126,35.0934514],[-85.745256,35.0934167],[-85.7453131,35.0934015],[-85.7454196,35.0933431],[-85.7454387,35.0931836],[-85.7454872,35.0931424],[-85.7455253,35.0930019],[-85.7455057,35.0928986],[-85.7455247,35.0928657],[-85.7455928,35.0928088],[-85.7456742,35.0927835],[-85.7457474,35.0927422],[-85.7459281,35.0926712],[-85.745932,35.09265],[-85.7458684,35.0926178],[-85.7458525,35.0924969],[-85.7458767,35.0924731],[-85.7460626,35.0924543],[-85.7463476,35.0923551],[-85.7464937,35.0923231],[-85.7464822,35.0922945],[-85.746598,35.0922798],[-85.7467848,35.0923082],[-85.747011,35.0921488],[-85.747042,35.0921337],[-85.7471026,35.0921235],[-85.7472902,35.0920404],[-85.7474589,35.0919985],[-85.7475711,35.0919929],[-85.7477249,35.0919539],[-85.7478391,35.0919471],[-85.7479591,35.0919278],[-85.7480636,35.0919249],[-85.7481711,35.0919276],[-85.748403,35.0919811],[-85.7484783,35.0919751],[-85.7486491,35.0918881],[-85.7487146,35.0918646],[-85.7488163,35.0918529],[-85.7488455,35.0918102],[-85.7488579,35.0917688],[-85.7488206,35.0916835],[-85.7487151,35.0915742],[-85.7486867,35.0915552],[-85.7486368,35.0915488],[-85.7486056,35.0914954],[-85.7485461,35.0914716],[-85.7484285,35.0913718],[-85.7483661,35.0913549],[-85.7481978,35.0912127],[-85.7480912,35.0911235],[-85.7479296,35.0910042],[-85.7479272,35.0909175],[-85.7479451,35.0908921],[-85.7479947,35.0905497],[-85.748012,35.0905015],[-85.7480777,35.0904235],[-85.748118,35.0903851],[-85.7481135,35.0903976],[-85.7481104,35.0903787],[-85.7481526,35.090374],[-85.7482503,35.0907285],[-85.7482625,35.0907274],[-85.7482471,35.0907186],[-85.7482476,35.0907074],[-85.7482621,35.0907342],[-85.7482634,35.0907356],[-85.7482711,35.0907273],[-85.7482508,35.0907495]]},"properties":{"id":"synthetic_user_030","kind":"synthetic_activity_track","track_name":"Synthetic Saturday 030 - north crawl","persona":"north_crawl","source_type":"synthetic_activity_gpx","synthetic":true,"start_anchor":"#pavilion","start_local":"2026-05-23T14:16:04-05:00","end_local":"2026-05-23T16:03:38-05:00","duration_minutes":107.6,"distance_m":3123.9,"osm_track_m":421.4,"osm_route_count":1,"osm_way_ids":[1215497663,1215497664,1215497666,1215497683],"point_count":354,"visited_anchors":["#night-checkpoint","#north-technical","#pavilion","#upper-ledges"],"review_status":"synthetic Saturday simulation; not field evidence"}},{"type":"Feature","geometry":{"type":"LineString","coordinates":[[-85.7482554,35.0907308],[-85.7482569,35.0907343],[-85.7482376,35.0907347],[-85.7482544,35.0907248],[-85.7482698,35.0907338],[-85.748231,35.0907311],[-85.748266,35.0907163],[-85.7482494,35.0907322],[-85.7478827,35.0907628],[-85.7479309,35.0903859],[-85.7480032,35.089899],[-85.7475334,35.0898225],[-85.7459397,35.0896072],[-85.7459558,35.0889354],[-85.7456224,35.0872203],[-85.7456358,35.0872269],[-85.7456121,35.0872264],[-85.7456087,35.0872173],[-85.7456258,35.0872234],[-85.7456316,35.0872257],[-85.7456235,35.0872257],[-85.7456566,35.0872299],[-85.7456291,35.0872229],[-85.7456786,35.08724],[-85.7455635,35.0871992],[-85.7459582,35.0889302],[-85.7459419,35.0896007],[-85.7458999,35.0909893],[-85.7467525,35.0910837],[-85.7474908,35.0911488],[-85.7478395,35.091157],[-85.7481698,35.0911664],[-85.7487146,35.0912226],[-85.7489409,35.0912781],[-85.749203,35.091431],[-85.749296,35.0914928],[-85.7491829,35.0917115],[-85.7490424,35.0918704],[-85.7489001,35.0919725],[-85.748668,35.0919847],[-85.7483662,35.0919264],[-85.7481656,35.0919091],[-85.7479254,35.0918974],[-85.7476278,35.091941],[-85.7471829,35.0920457],[-85.7470923,35.0920926],[-85.7469892,35.0923048],[-85.7469835,35.0922981],[-85.7469884,35.0923148],[-85.7469931,35.0923054],[-85.7469887,35.0922933],[-85.7469773,35.0922909],[-85.7469675,35.0922859],[-85.7469817,35.0923028],[-85.7470196,35.0923059],[-85.746986,35.092294],[-85.7469922,35.0923136],[-85.7469886,35.0922993],[-85.7469797,35.092308],[-85.7469945,35.0923016],[-85.7469741,35.0922961],[-85.7470904,35.092093],[-85.7471863,35.0920438],[-85.7476296,35.0919372],[-85.7479303,35.0919017],[-85.7481656,35.0919054],[-85.74837,35.0919274],[-85.7486718,35.0919817],[-85.7488916,35.0919754],[-85.7490463,35.0918765],[-85.7491882,35.0917162],[-85.7492958,35.0914908],[-85.7492066,35.0914367],[-85.7489481,35.0912792],[-85.7487157,35.0912191],[-85.7481659,35.0911669],[-85.7478343,35.0911555],[-85.7478839,35.0907622],[-85.7479293,35.0903832],[-85.7481661,35.090373],[-85.7482519,35.0907273],[-85.748248,35.0907296],[-85.7482485,35.0907047],[-85.7482522,35.0907491],[-85.7482635,35.0907404],[-85.7482659,35.0907424],[-85.7482435,35.090718],[-85.7482257,35.0907159],[-85.7482628,35.0907359],[-85.7482407,35.0907187],[-85.7482321,35.090731]]},"properties":{"id":"synthetic_user_031","kind":"synthetic_activity_track","track_name":"Synthetic Saturday 031 - mixed sampler","persona":"mixed_sampler","source_type":"synthetic_activity_gpx","synthetic":true,"start_anchor":"#pavilion","start_local":"2026-05-23T14:09:09-05:00","end_local":"2026-05-23T15:20:45-05:00","duration_minutes":71.6,"distance_m":2236.0,"osm_track_m":1607.8,"osm_route_count":3,"osm_way_ids":[383693504,1215497663,1215497664,1215497666,1215497682,1215497683],"point_count":91,"visited_anchors":["#night-checkpoint","#pavilion","#proving-grounds"],"review_status":"synthetic Saturday simulation; not field evidence"}},{"type":"Feature","geometry":{"type":"LineString","coordinates":[[-85.7482467,35.0907352],[-85.748256,35.0907123],[-85.7482609,35.0907428],[-85.7482432,35.0907282],[-85.7482469,35.0907253],[-85.7482532,35.0907365],[-85.7482449,35.0907412],[-85.7482558,35.0907194],[-85.7482557,35.090739],[-85.747887,35.0907598],[-85.7479361,35.0903828],[-85.7480069,35.0898984],[-85.7475334,35.0898229],[-85.7459384,35.089603],[-85.7459575,35.0889316],[-85.7456203,35.0872226],[-85.7456103,35.0872157],[-85.7456296,35.0872282],[-85.7456273,35.0872287],[-85.7456199,35.0872186],[-85.7456255,35.0872104],[-85.7456128,35.0872244],[-85.7456241,35.0872012],[-85.7456159,35.0872264],[-85.7456196,35.0872456],[-85.7456181,35.0872168],[-85.7456189,35.0872326],[-85.7456151,35.0872204],[-85.7459587,35.0889337],[-85.7459425,35.0896053],[-85.7459041,35.0909878],[-85.74675,35.0910879],[-85.7474945,35.0911516],[-85.7478378,35.0911586],[-85.7481697,35.0911706],[-85.7487149,35.0912199],[-85.748942,35.0912775],[-85.7492066,35.0914323],[-85.7493034,35.0914913],[-85.749184,35.0917167],[-85.7490494,35.0918744],[-85.7488928,35.0919756],[-85.7486701,35.0919798],[-85.7483669,35.0919292],[-85.748169,35.0919104],[-85.7479271,35.0918975],[-85.7476297,35.0919414],[-85.7471883,35.0920475],[-85.7470882,35.0920956],[-85.7469897,35.092305],[-85.7469804,35.0923172],[-85.7469865,35.0922952],[-85.7469881,35.0923159],[-85.7469807,35.0923339],[-85.7469739,35.0923522],[-85.7469777,35.0923012],[-85.7470093,35.0922614],[-85.7469769,35.0923162],[-85.7469798,35.0923012],[-85.7469801,35.092308],[-85.7469805,35.0923136],[-85.7469936,35.0923012],[-85.7469816,35.0923342],[-85.7470094,35.0923288],[-85.7470349,35.0923605],[-85.7469574,35.0922949],[-85.7470379,35.0922721],[-85.7470628,35.0922395],[-85.7471086,35.0922792],[-85.7470784,35.0922787],[-85.7471204,35.0921763],[-85.7471768,35.0921925],[-85.7471316,35.0921968],[-85.7470514,35.0921184],[-85.7470123,35.0921061],[-85.7469278,35.0921375],[-85.7468928,35.0921678],[-85.7468325,35.0922334],[-85.7467672,35.0922295],[-85.7467494,35.092249],[-85.7467253,35.0922971],[-85.7466409,35.0923328],[-85.746616,35.0924073],[-85.7465862,35.0924407],[-85.7465122,35.0924436],[-85.7465754,35.0924344],[-85.7466297,35.0923761],[-85.7465305,35.0923661],[-85.7464523,35.0923925],[-85.7464454,35.0923595],[-85.7463677,35.0923103],[-85.7462319,35.0923828],[-85.7461402,35.0923999],[-85.745929,35.092508],[-85.7458275,35.092534],[-85.7458244,35.0926371],[-85.7458291,35.0926824],[-85.7458186,35.0927185],[-85.7456427,35.092753],[-85.7455086,35.09285],[-85.7454707,35.0928862],[-85.7454675,35.0929483],[-85.7454759,35.0930822],[-85.7454446,35.0931382],[-85.7453785,35.0932466],[-85.7453419,35.0933779],[-85.7452692,35.0934351],[-85.7451726,35.0934032],[-85.7450922,35.0935277],[-85.7450629,35.0936281],[-85.7450074,35.0937145],[-85.7449627,35.0938087],[-85.7448737,35.0938657],[-85.7448661,35.0939154],[-85.7448231,35.0939674],[-85.7447833,35.0940107],[-85.7447546,35.09407],[-85.7447038,35.0942062],[-85.7446857,35.0942705],[-85.7446134,35.0943663],[-85.7445567,35.0944105],[-85.7445053,35.0944712],[-85.7444671,35.0945058],[-85.7444133,35.0946041],[-85.7444066,35.0947253],[-85.74437,35.0947565],[-85.744326,35.0947774],[-85.7443409,35.0948437],[-85.7443277,35.0948751],[-85.7442919,35.0949841],[-85.7442101,35.095097],[-85.7441614,35.0952185],[-85.7440898,35.0952607],[-85.744112,35.0953523],[-85.7441427,35.0953871],[-85.7441419,35.0954463],[-85.7441585,35.0954828],[-85.7441502,35.0955389],[-85.7441375,35.0955759],[-85.7440832,35.0956163],[-85.7440519,35.095652],[-85.7439984,35.0956641],[-85.7439869,35.0957571],[-85.7439526,35.0957776],[-85.7439661,35.0958282],[-85.743927,35.0958496],[-85.7438642,35.0959641],[-85.7438657,35.0960786],[-85.7438781,35.0961824],[-85.7437952,35.0963809],[-85.7438214,35.0965076],[-85.7438212,35.0965803],[-85.7437874,35.096611],[-85.7437919,35.0966807],[-85.74376,35.0967069],[-85.7437885,35.0967792],[-85.7437891,35.0968438],[-85.7437547,35.0968854],[-85.7437184,35.0969194],[-85.7437417,35.0969756],[-85.7437334,35.0970274],[-85.7436995,35.0970856],[-85.7437028,35.0972278],[-85.7437505,35.0974005],[-85.7437636,35.0974786],[-85.7438105,35.0975176],[-85.7438449,35.0975715],[-85.7438532,35.0976177],[-85.7438369,35.0977085],[-85.7438563,35.0978368],[-85.7439301,35.0979162],[-85.7439033,35.0979772],[-85.7439571,35.0979225],[-85.7438685,35.0979247],[-85.7438938,35.0978983],[-85.7440067,35.0978868],[-85.7440017,35.0979009],[-85.7439562,35.0978758],[-85.7440404,35.0978818],[-85.7440883,35.0979452],[-85.744067,35.0979341],[-85.7439891,35.0979481],[-85.744007,35.0979426],[-85.7439988,35.0979518],[-85.7439866,35.0979545],[-85.7440068,35.0979467],[-85.7439974,35.0979457],[-85.7440238,35.0979362],[-85.7440233,35.0979112],[-85.7439616,35.0979828],[-85.7440044,35.0979492],[-85.7440039,35.09794],[-85.7440119,35.0979577],[-85.7440077,35.0979224],[-85.7440046,35.0978736],[-85.7439829,35.0978241],[-85.7439574,35.0978019],[-85.7439065,35.0977222],[-85.7439164,35.0976408],[-85.7439554,35.097589],[-85.7439837,35.0974978],[-85.7439649,35.097467],[-85.7438905,35.0974037],[-85.7438502,35.0973723],[-85.7438545,35.0972926],[-85.7438137,35.0972058],[-85.7438294,35.0971378],[-85.7438284,35.0969696],[-85.7438441,35.0969446],[-85.7438593,35.0968392],[-85.7438839,35.0968315],[-85.7439002,35.0967765],[-85.7438893,35.096718],[-85.7439057,35.0966068],[-85.7438907,35.0965556],[-85.7438989,35.096496],[-85.7438823,35.0963932],[-85.743894,35.0962686],[-85.7439257,35.0962071],[-85.7439715,35.0961766],[-85.7439705,35.0961154],[-85.7439835,35.0960635],[-85.7439985,35.0960385],[-85.7440074,35.0959866],[-85.7440224,35.0959569],[-85.7439703,35.0958819],[-85.743987,35.0958435],[-85.7439946,35.09579],[-85.7440624,35.0956959],[-85.7441095,35.0956717],[-85.7441911,35.0955275],[-85.7442312,35.0955292],[-85.7442412,35.0955043],[-85.7442288,35.0954179],[-85.7442247,35.0953769],[-85.7441994,35.0952591],[-85.744231,35.0951332],[-85.7443189,35.0950205],[-85.7443626,35.0949632],[-85.7443714,35.0948977],[-85.7444163,35.0948463],[-85.7444254,35.094788],[-85.7444524,35.09474],[-85.7444537,35.094702],[-85.7445221,35.0945656],[-85.7445267,35.0944967],[-85.7445559,35.0944096],[-85.7445969,35.0943669],[-85.744652,35.0943273],[-85.7447357,35.0941883],[-85.7447621,35.0941094],[-85.7447828,35.0940981],[-85.7448317,35.094069],[-85.7448484,35.0939779],[-85.7449191,35.0938803],[-85.7449167,35.0938499],[-85.7449569,35.093788],[-85.745006,35.0936566],[-85.7450529,35.0936427],[-85.7452015,35.093454],[-85.7452487,35.0934139],[-85.7453127,35.0933975],[-85.7454132,35.0933441],[-85.7454409,35.0931941],[-85.7454858,35.0931365],[-85.7455244,35.0930019],[-85.7455189,35.0929077],[-85.7455127,35.0928675],[-85.7456008,35.0928027],[-85.7456637,35.0927936],[-85.7457455,35.0927421],[-85.7459161,35.0926802],[-85.7459205,35.0926532],[-85.7458743,35.0926176],[-85.7458527,35.0925044],[-85.7458893,35.0924859],[-85.7460601,35.092459],[-85.7463514,35.0923528],[-85.7464758,35.0923263],[-85.74648,35.0922894],[-85.746614,35.0922803],[-85.7467903,35.0922976],[-85.7470115,35.0921398],[-85.7470522,35.0921303],[-85.7471087,35.0921283],[-85.7472964,35.0920403],[-85.7474515,35.0919927],[-85.7475667,35.091992],[-85.7477126,35.0919495],[-85.7478531,35.0919526],[-85.7479603,35.0919263],[-85.7480558,35.0919243],[-85.7481708,35.0919341],[-85.7483962,35.091986],[-85.7484646,35.0919732],[-85.7486338,35.091887],[-85.7487194,35.091868],[-85.7488104,35.0918464],[-85.7488435,35.0918113],[-85.7488535,35.0917802],[-85.7488114,35.0916819],[-85.7487136,35.09158],[-85.7486883,35.091567],[-85.7486416,35.0915457],[-85.7485939,35.0915002],[-85.7485402,35.0914593],[-85.7484298,35.0913841],[-85.7483641,35.0913467],[-85.748184,35.0912208],[-85.7480911,35.0911174],[-85.7479357,35.0910057],[-85.7479305,35.0909162],[-85.7479482,35.0908926],[-85.7480098,35.0905562],[-85.7480249,35.0905023],[-85.7480735,35.0904261],[-85.7481162,35.0903867],[-85.7481128,35.0904035],[-85.7481184,35.0903801],[-85.7481579,35.0903813],[-85.7482529,35.0907203],[-85.7482654,35.0907243],[-85.7482679,35.0907177],[-85.7482486,35.0907342],[-85.7482441,35.0907252],[-85.7482551,35.0907229],[-85.7482447,35.0907446],[-85.7482398,35.0907396]]},"properties":{"id":"synthetic_user_032","kind":"synthetic_activity_track","track_name":"Synthetic Saturday 032 - mixed sampler","persona":"mixed_sampler","source_type":"synthetic_activity_gpx","synthetic":true,"start_anchor":"#pavilion","start_local":"2026-05-23T14:53:53-05:00","end_local":"2026-05-23T16:43:58-05:00","duration_minutes":110.1,"distance_m":3945.9,"osm_track_m":1144.2,"osm_route_count":2,"osm_way_ids":[383693504,1215497663,1215497664,1215497666,1215497682,1215497683],"point_count":328,"visited_anchors":["#night-checkpoint","#north-technical","#pavilion","#proving-grounds"],"review_status":"synthetic Saturday simulation; not field evidence"}},{"type":"Feature","geometry":{"type":"LineString","coordinates":[[-85.7482574,35.090732],[-85.7482432,35.090731],[-85.7482546,35.0907389],[-85.7482333,35.0907328],[-85.7482554,35.0907107],[-85.7482666,35.0907135],[-85.7482497,35.0907414],[-85.7482402,35.0907207],[-85.7481677,35.0903818],[-85.748113,35.0903745],[-85.7481056,35.090398],[-85.748102,35.0903897],[-85.7480691,35.0904239],[-85.7480174,35.0905035],[-85.7480074,35.0905521],[-85.7479482,35.0908922],[-85.7479351,35.0909179],[-85.7479274,35.091],[-85.7480867,35.091122],[-85.7481838,35.0912169],[-85.7483629,35.0913472],[-85.7484318,35.0913723],[-85.7485411,35.0914681],[-85.7485929,35.0915042],[-85.7486259,35.0915411],[-85.748679,35.0915608],[-85.7487136,35.0915816],[-85.7488201,35.0916682],[-85.7488718,35.0917777],[-85.7488455,35.0918177],[-85.7488062,35.0918552],[-85.748712,35.0918543],[-85.7486399,35.0918952],[-85.7484683,35.0919833],[-85.7483979,35.091982],[-85.7481776,35.0919384],[-85.7480674,35.0919235],[-85.7479581,35.0919264],[-85.7478442,35.0919581],[-85.7477206,35.0919504],[-85.7475682,35.0919945],[-85.7474617,35.0920013],[-85.7472963,35.092038],[-85.7471048,35.0921266],[-85.7470527,35.0921282],[-85.7470105,35.0921445],[-85.7467904,35.092303],[-85.7465978,35.0922791],[-85.7464831,35.0922928],[-85.7464857,35.0923259],[-85.7463635,35.0923619],[-85.7460576,35.09247],[-85.7458918,35.0924809],[-85.7458713,35.0924958],[-85.7458753,35.092616],[-85.7459343,35.0926447],[-85.7459237,35.0926755],[-85.7457488,35.0927384],[-85.745671,35.0927849],[-85.7456125,35.0928045],[-85.7455333,35.09287],[-85.7455183,35.0929058],[-85.7455148,35.0929874],[-85.7454854,35.0931327],[-85.7454438,35.0931887],[-85.7454143,35.0933417],[-85.745318,35.093399],[-85.745247,35.0934215],[-85.7451993,35.0934438],[-85.7450548,35.093648],[-85.7450066,35.0936474],[-85.7449569,35.0937847],[-85.7449163,35.0938488],[-85.7449117,35.0938811],[-85.7448476,35.0939792],[-85.744835,35.0940647],[-85.7447831,35.0941121],[-85.7447673,35.0941108],[-85.7447412,35.0941862],[-85.7446495,35.0943285],[-85.7445933,35.094369],[-85.7445611,35.0944166],[-85.74453,35.0944929],[-85.7445183,35.0945573],[-85.7444441,35.0946882],[-85.7444519,35.0947379],[-85.7444237,35.0947802],[-85.744418,35.0948482],[-85.744381,35.0948936],[-85.7443598,35.0949572],[-85.7443266,35.0950188],[-85.7442496,35.0951366],[-85.7441997,35.0952514],[-85.7442375,35.0953866],[-85.7442219,35.0954113],[-85.7442566,35.0954929],[-85.7442315,35.0955252],[-85.7441804,35.0955386],[-85.7440988,35.0956814],[-85.7440612,35.0957004],[-85.7439962,35.0957903],[-85.7439883,35.0958406],[-85.7439804,35.0958727],[-85.7440081,35.0959583],[-85.744016,35.0959894],[-85.7440058,35.0960329],[-85.7439859,35.0960631],[-85.7439815,35.0961073],[-85.7439806,35.0961842],[-85.7439246,35.0961966],[-85.7438965,35.0962639],[-85.7438752,35.0964002],[-85.7438967,35.0964928],[-85.7438915,35.0965575],[-85.743892,35.0966155],[-85.7438773,35.0967211],[-85.7438906,35.0967786],[-85.7438815,35.0968214],[-85.743862,35.0968451],[-85.7438428,35.0969485],[-85.743823,35.0969742],[-85.7438322,35.0971326],[-85.7438112,35.0971921],[-85.7438421,35.0972861],[-85.7438509,35.0973605],[-85.7438885,35.0974076],[-85.7439788,35.097462],[-85.7439836,35.0975055],[-85.7439642,35.0975827],[-85.7439194,35.0976354],[-85.7439137,35.0977209],[-85.7439524,35.0978097],[-85.7439691,35.0978247],[-85.7440057,35.0978747],[-85.7440154,35.0979223],[-85.7440175,35.0979591],[-85.7440259,35.0980437],[-85.7439642,35.0981284],[-85.7439718,35.0982848],[-85.7439589,35.0983286],[-85.7439722,35.098473],[-85.743962,35.0985074],[-85.7439662,35.0985586],[-85.7439395,35.0985832],[-85.7439647,35.0985488],[-85.7439168,35.0985369],[-85.7439415,35.0985062],[-85.7439048,35.0984318],[-85.7438666,35.0982572],[-85.7438869,35.098142],[-85.7439418,35.0981101],[-85.7439623,35.0979966],[-85.7440459,35.0979571],[-85.7440119,35.0979335],[-85.7439811,35.0979466],[-85.7439876,35.0979631],[-85.7440124,35.0979526],[-85.7439913,35.0979614],[-85.7439648,35.097962],[-85.7439997,35.0979456],[-85.7439491,35.0979795],[-85.7440515,35.0979298],[-85.7439882,35.097964],[-85.7439971,35.097959],[-85.7439933,35.0979446],[-85.7439881,35.0979565],[-85.7439659,35.0979637],[-85.743949,35.0979793],[-85.7440492,35.0979261],[-85.7440313,35.0979402],[-85.7439972,35.0979591],[-85.7440097,35.0979499],[-85.7440062,35.0979544],[-85.7439652,35.0979626],[-85.7439427,35.0979694],[-85.7440521,35.0979306],[-85.7440276,35.0979343],[-85.7440074,35.0979447],[-85.7440033,35.0979499],[-85.7440131,35.0979463],[-85.7440049,35.0979599],[-85.7439428,35.0979696],[-85.7439047,35.0979655],[-85.7439546,35.0979257],[-85.7438758,35.0979168],[-85.7438976,35.0979021],[-85.7440093,35.0978841],[-85.7440045,35.0978946],[-85.7439495,35.0978899],[-85.7440365,35.097879],[-85.7440923,35.0979427],[-85.7440776,35.0979234],[-85.7439949,35.0979449],[-85.7440118,35.0979238],[-85.7440521,35.0979546],[-85.7439619,35.0979951],[-85.7439354,35.0981036],[-85.7438903,35.0981531],[-85.7438597,35.0982535],[-85.7439102,35.0984315],[-85.7439423,35.0985072],[-85.7439241,35.0985439],[-85.7439742,35.098548],[-85.7439443,35.0985781],[-85.7439552,35.0985481],[-85.7439455,35.0985031],[-85.7439679,35.0984633],[-85.7439575,35.0983373],[-85.7439758,35.0982908],[-85.7439743,35.0981324],[-85.7440249,35.0980466],[-85.7440317,35.097957],[-85.7440029,35.0979268],[-85.7440156,35.0978763],[-85.7439779,35.0978298],[-85.7439445,35.0978028],[-85.7439084,35.0977146],[-85.7439118,35.0976433],[-85.7439542,35.0975845],[-85.7439811,35.0975084],[-85.7439727,35.0974752],[-85.7438813,35.0974065],[-85.7438536,35.097369],[-85.7438459,35.0972863],[-85.7438085,35.0972017],[-85.7438329,35.0971352],[-85.7438345,35.0969729],[-85.7438357,35.0969487],[-85.7438624,35.0968493],[-85.74387,35.0968274],[-85.7438885,35.0967865],[-85.7438872,35.0967257],[-85.7439047,35.0966156],[-85.7438769,35.0965621],[-85.7438945,35.0964838],[-85.7438796,35.096395],[-85.743885,35.0962546],[-85.743927,35.096202],[-85.7439729,35.0961874],[-85.7439774,35.0961095],[-85.7439846,35.0960589],[-85.7440023,35.096041],[-85.7440122,35.0959904],[-85.7440184,35.0959494],[-85.7439766,35.0958761],[-85.7440009,35.0958436],[-85.7439971,35.0957857],[-85.7440663,35.0956949],[-85.7440929,35.0956801],[-85.7441927,35.0955391],[-85.7442314,35.0955264],[-85.7442501,35.0955066],[-85.7442209,35.0954152],[-85.7442409,35.0953784],[-85.7442071,35.0952532],[-85.7442427,35.0951392],[-85.7443278,35.09503],[-85.7443549,35.0949663],[-85.7443787,35.0949015],[-85.7444274,35.0948523],[-85.7444261,35.0947804],[-85.7444607,35.0947369],[-85.7444463,35.0947009],[-85.7445207,35.0945567],[-85.744529,35.0944879],[-85.7445466,35.0944116],[-85.7445916,35.0943779],[-85.7446591,35.0943293],[-85.7447349,35.0941758],[-85.7447646,35.0941075],[-85.7447983,35.0941063],[-85.744841,35.0940717],[-85.7448368,35.0939821],[-85.7449149,35.0938901],[-85.744923,35.0938463],[-85.7449495,35.0937834],[-85.7450046,35.0936478],[-85.7450537,35.0936334],[-85.7452033,35.09344],[-85.7452557,35.0934184],[-85.7453151,35.0933986],[-85.7454136,35.0933408],[-85.7454426,35.0931974],[-85.7454829,35.0931411],[-85.7455233,35.0929956],[-85.7455093,35.0929078],[-85.7455301,35.0928677],[-85.7455986,35.0928106],[-85.7456714,35.0927938],[-85.7457533,35.0927358],[-85.7459132,35.0926806],[-85.7459272,35.092647],[-85.745872,35.0926187],[-85.745871,35.0924979],[-85.7458853,35.0924725],[-85.7460617,35.0924627],[-85.7463457,35.0923593],[-85.7464768,35.0923304],[-85.7464802,35.0922869],[-85.7466117,35.0922803],[-85.7467953,35.0923021],[-85.7469985,35.0921445],[-85.7470408,35.0921249],[-85.7471138,35.0921284],[-85.7472876,35.0920396],[-85.7474519,35.0919936],[-85.7475626,35.0919803],[-85.7477184,35.0919646],[-85.7478416,35.0919459],[-85.7479441,35.0919321],[-85.748069,35.0919193],[-85.748186,35.0919288],[-85.748398,35.0919719],[-85.7484752,35.0919694],[-85.7486423,35.0918899],[-85.7487092,35.0918566],[-85.7488095,35.0918591],[-85.7488547,35.0918089],[-85.7488651,35.0917702],[-85.7488147,35.0916828],[-85.748706,35.09158],[-85.7486809,35.0915558],[-85.7486284,35.0915368],[-85.7486049,35.0915011],[-85.7485352,35.0914638],[-85.7484189,35.0913776],[-85.7483619,35.0913485],[-85.748187,35.0912191],[-85.7480912,35.0911126],[-85.7479428,35.0910011],[-85.7479303,35.0909143],[-85.7479564,35.090887],[-85.7480004,35.0905587],[-85.7480163,35.0905061],[-85.7480704,35.0904226],[-85.7481157,35.0903826],[-85.748098,35.0904],[-85.7481088,35.0903772],[-85.7481738,35.0903762],[-85.7482463,35.0907288],[-85.7482307,35.0907167],[-85.7482612,35.0907104],[-85.7482576,35.0907255],[-85.7482389,35.0907145],[-85.7482534,35.0907473],[-85.7482634,35.0907433],[-85.748238,35.0907339],[-85.7482675,35.0907233]]},"properties":{"id":"synthetic_user_033","kind":"synthetic_activity_track","track_name":"Synthetic Saturday 033 - north crawl","persona":"north_crawl","source_type":"synthetic_activity_gpx","synthetic":true,"start_anchor":"#pavilion","start_local":"2026-05-23T13:28:05-05:00","end_local":"2026-05-23T14:49:59-05:00","duration_minutes":81.9,"distance_m":3008.2,"osm_track_m":0.0,"osm_route_count":0,"osm_way_ids":[],"point_count":348,"visited_anchors":["#north-technical","#pavilion"],"review_status":"synthetic Saturday simulation; not field evidence"}},{"type":"Feature","geometry":{"type":"LineString","coordinates":[[-85.7482449,35.0907207],[-85.7482636,35.0907379],[-85.7482563,35.0907298],[-85.7482597,35.090709],[-85.7482623,35.0907432],[-85.7482485,35.0907428],[-85.7482595,35.0907156],[-85.7482596,35.0907397],[-85.7482424,35.0907201],[-85.7482447,35.090722],[-85.7482436,35.0907181],[-85.7478845,35.0907602],[-85.7478385,35.0911554],[-85.7481703,35.0911646],[-85.7487163,35.0912177],[-85.7489492,35.0912752],[-85.7487622,35.0915594],[-85.7489455,35.0912742],[-85.749202,35.0914308],[-85.749297,35.0914958],[-85.7493336,35.0913209],[-85.7492878,35.0912328],[-85.7491951,35.0909826],[-85.7491664,35.090849],[-85.7491861,35.0906482],[-85.7492511,35.0905095],[-85.7494267,35.090285],[-85.7494899,35.0902394],[-85.7495759,35.0902228],[-85.7496475,35.0902705],[-85.7497334,35.090288],[-85.749862,35.0902877],[-85.7500203,35.0902411],[-85.7504126,35.0901219],[-85.750449,35.0901175],[-85.7506455,35.0900932],[-85.7507883,35.0900891],[-85.7509412,35.0901282],[-85.7512077,35.0902597],[-85.751258,35.090273],[-85.7513687,35.090311],[-85.7517567,35.0903947],[-85.7518652,35.0904015],[-85.7519475,35.0904108],[-85.7521131,35.0904286],[-85.7524713,35.0904406],[-85.7527938,35.0904543],[-85.7530793,35.0905051],[-85.7533588,35.0906245],[-85.7534952,35.0906983],[-85.7536715,35.090794],[-85.7539609,35.0909765],[-85.7543462,35.0912055],[-85.7544766,35.091287],[-85.7551889,35.0917163],[-85.7555842,35.0919262],[-85.7555684,35.0919245],[-85.7555919,35.0919153],[-85.7555842,35.0919367],[-85.7555938,35.0919262],[-85.7555569,35.0919365],[-85.7555421,35.09195],[-85.7556304,35.091898],[-85.7555814,35.0919247],[-85.7551929,35.0917156],[-85.7544775,35.091283],[-85.7543438,35.0912098],[-85.7539585,35.0909812],[-85.7536672,35.0907903],[-85.7534979,35.0906951],[-85.7533569,35.0906216],[-85.7530752,35.0904999],[-85.7527911,35.0904563],[-85.7524762,35.0904421],[-85.7521116,35.0904315],[-85.7519441,35.0904108],[-85.7518646,35.0904075],[-85.751756,35.0903912],[-85.7513663,35.0903135],[-85.7512588,35.090277],[-85.7512132,35.0902572],[-85.750949,35.0901295],[-85.7507907,35.0900884],[-85.7506472,35.0900959],[-85.7504525,35.0901198],[-85.7504127,35.0901247],[-85.7500207,35.0902409],[-85.7498606,35.0902881],[-85.7497341,35.0902879],[-85.7496511,35.0902722],[-85.7495764,35.0902235],[-85.7495783,35.0901157],[-85.7496445,35.0898849],[-85.7496277,35.0896781],[-85.7496158,35.0894936],[-85.7496197,35.0894697],[-85.7493552,35.0895073],[-85.74913,35.0895356],[-85.7489583,35.089575],[-85.7488628,35.0896181],[-85.748812,35.0896704],[-85.7487691,35.0897269],[-85.7486654,35.0898271],[-85.7485227,35.0898896],[-85.7483567,35.0899165],[-85.7481449,35.089918],[-85.7480044,35.0898994],[-85.7479365,35.0903804],[-85.7481635,35.090379],[-85.7482576,35.0907272],[-85.7482551,35.0907141],[-85.7482236,35.0907235],[-85.7482415,35.0907444],[-85.7482379,35.0907102]]},"properties":{"id":"synthetic_user_034","kind":"synthetic_activity_track","track_name":"Synthetic Saturday 034 - osm spine runner","persona":"osm_spine_runner","source_type":"synthetic_activity_gpx","synthetic":true,"start_anchor":"#pavilion","start_local":"2026-05-23T16:00:24-05:00","end_local":"2026-05-23T16:51:35-05:00","duration_minutes":51.2,"distance_m":2092.2,"osm_track_m":1866.8,"osm_route_count":3,"osm_way_ids":[1215497664,1215497665,1215497666,1215497682,1215497683],"point_count":114,"visited_anchors":["#osm-main-spine-west","#pavilion","#photo-waypoint"],"review_status":"synthetic Saturday simulation; not field evidence"}},{"type":"Feature","geometry":{"type":"LineString","coordinates":[[-85.7482608,35.090724],[-85.7482542,35.0907302],[-85.7482704,35.0907275],[-85.7482531,35.0907178],[-85.7482506,35.0907297],[-85.7482375,35.0907159],[-85.7482499,35.0907149],[-85.7482576,35.0907291],[-85.7482552,35.0907108],[-85.7482579,35.0907313],[-85.7478786,35.0907575],[-85.7478388,35.0911592],[-85.7481698,35.0911681],[-85.7487117,35.0912175],[-85.7489445,35.0912777],[-85.7487617,35.0915621],[-85.7487594,35.0915722],[-85.7487578,35.091566],[-85.7487715,35.0915553],[-85.7487639,35.0915494],[-85.7489496,35.0912765],[-85.7492028,35.0914368],[-85.7492952,35.0914903],[-85.7491874,35.0917105],[-85.7490465,35.0918771],[-85.7488994,35.0919748],[-85.7486663,35.0919845],[-85.7483668,35.0919295],[-85.7481696,35.0919107],[-85.7479278,35.0918979],[-85.747634,35.0919418],[-85.7471857,35.0920441],[-85.747088,35.0920923],[-85.7469875,35.092306],[-85.7470014,35.0923073],[-85.7469978,35.0923034],[-85.7469747,35.0923087],[-85.7470001,35.0923031],[-85.7470106,35.0923222],[-85.7469972,35.0923052],[-85.74703,35.0923264],[-85.7469374,35.0922977],[-85.7469927,35.0923217],[-85.7469916,35.0923072],[-85.7469811,35.0923118],[-85.7469906,35.0923188],[-85.7470895,35.092096],[-85.7471885,35.0920434],[-85.7476336,35.0919428],[-85.747925,35.0918976],[-85.7481678,35.0919071],[-85.7483675,35.0919257],[-85.7486641,35.0919837],[-85.7488991,35.0919723],[-85.7490453,35.0918696],[-85.7491886,35.0917144],[-85.7492987,35.091492],[-85.7492084,35.0914322],[-85.7489422,35.0912805],[-85.7487116,35.0912225],[-85.7481709,35.0911697],[-85.7478419,35.0911592],[-85.7478835,35.090761],[-85.7479314,35.0903841],[-85.7481653,35.0903763],[-85.7482547,35.0907301],[-85.7482321,35.0907228],[-85.7482466,35.0907222],[-85.7482459,35.0907377],[-85.7482591,35.0907434],[-85.7482291,35.0907315],[-85.7482647,35.0907368],[-85.7482378,35.0907458],[-85.748235,35.0907276],[-85.7482591,35.0907078],[-85.7482523,35.0907476]]},"properties":{"id":"synthetic_user_035","kind":"synthetic_activity_track","track_name":"Synthetic Saturday 035 - checkpoint loop","persona":"checkpoint_loop","source_type":"synthetic_activity_gpx","synthetic":true,"start_anchor":"#pavilion","start_local":"2026-05-23T14:45:45-05:00","end_local":"2026-05-23T15:36:15-05:00","duration_minutes":50.5,"distance_m":1181.0,"osm_track_m":885.0,"osm_route_count":3,"osm_way_ids":[1215497663,1215497664,1215497666,1215497683],"point_count":76,"visited_anchors":["#night-checkpoint","#pavilion","#photo-waypoint"],"review_status":"synthetic Saturday simulation; not field evidence"}},{"type":"Feature","geometry":{"type":"LineString","coordinates":[[-85.7482407,35.0907306],[-85.748228,35.0907242],[-85.7482482,35.0907365],[-85.7482333,35.0907385],[-85.7482623,35.0907386],[-85.7482711,35.0907325],[-85.7482541,35.0907208],[-85.7478859,35.0907611],[-85.7479322,35.0903856],[-85.7480059,35.0898973],[-85.7475297,35.0898201],[-85.7459388,35.0896053],[-85.745955,35.0889325],[-85.7456221,35.0872219],[-85.7455981,35.0872284],[-85.7456378,35.0872233],[-85.7456283,35.0872184],[-85.7456053,35.0872298],[-85.7456161,35.0872175],[-85.7455774,35.0872434],[-85.7455437,35.0872478],[-85.7456233,35.0872167],[-85.7456972,35.0872017],[-85.7455968,35.0872263],[-85.7456105,35.087222],[-85.7456075,35.0872333],[-85.7456271,35.0872249],[-85.7455735,35.0872371],[-85.7455523,35.0872615],[-85.7456117,35.0872173],[-85.7456909,35.0871917],[-85.7456145,35.0872303],[-85.7456595,35.0871997],[-85.7456093,35.0872201],[-85.7456244,35.0872199],[-85.7456323,35.0872306],[-85.7455716,35.0872341],[-85.7455532,35.0872631],[-85.7456979,35.0872028],[-85.7456259,35.0872171],[-85.7459623,35.0889357],[-85.7459402,35.0896078],[-85.7475308,35.0898189],[-85.7480048,35.0898948],[-85.7479307,35.0903834],[-85.7481676,35.0903765],[-85.7482581,35.0907296],[-85.7482372,35.0907273],[-85.7482433,35.0907039],[-85.7482377,35.0907224],[-85.7482449,35.0907335],[-85.7482751,35.0907292],[-85.7482325,35.0907114],[-85.7482555,35.0907218],[-85.748251,35.0907257],[-85.7482539,35.0907133],[-85.7482261,35.0907225]]},"properties":{"id":"synthetic_user_036","kind":"synthetic_activity_track","track_name":"Synthetic Saturday 036 - proving ground","persona":"proving_ground","source_type":"synthetic_activity_gpx","synthetic":true,"start_anchor":"#pavilion","start_local":"2026-05-23T13:01:00-05:00","end_local":"2026-05-23T13:51:20-05:00","duration_minutes":50.3,"distance_m":1320.5,"osm_track_m":680.8,"osm_route_count":2,"osm_way_ids":[383693504,1215497682,1215497683],"point_count":57,"visited_anchors":["#pavilion","#proving-grounds"],"review_status":"synthetic Saturday simulation; not field evidence"}},{"type":"Feature","geometry":{"type":"LineString","coordinates":[[-85.748255,35.0907191],[-85.7482547,35.0907324],[-85.748272,35.0907165],[-85.7482602,35.0907086],[-85.7482453,35.0907135],[-85.7482345,35.0907285],[-85.7482573,35.0907304],[-85.748259,35.0907234],[-85.7482302,35.0907337],[-85.7478822,35.090762],[-85.7478333,35.0911572],[-85.7481651,35.0911684],[-85.7487158,35.091222],[-85.7489442,35.0912787],[-85.7487596,35.0915571],[-85.7489456,35.0912773],[-85.7492033,35.0914371],[-85.7493034,35.0914943],[-85.7491844,35.0917129],[-85.7490412,35.0918752],[-85.7488932,35.0919733],[-85.7486704,35.0919848],[-85.7483666,35.0919253],[-85.7481681,35.0919064],[-85.7479263,35.091903],[-85.7476299,35.091942],[-85.7471838,35.0920425],[-85.7470953,35.0920933],[-85.7469867,35.0923066],[-85.7469851,35.0923164],[-85.746999,35.0923034],[-85.7469829,35.0922963],[-85.746979,35.0923064],[-85.7469888,35.0923142],[-85.7469881,35.0923307],[-85.7469674,35.0923433],[-85.7469945,35.0922653],[-85.746999,35.0923088],[-85.7469886,35.0923171],[-85.746985,35.0923108],[-85.7469909,35.09231],[-85.7469831,35.092313],[-85.7469885,35.0923308],[-85.7469898,35.0923114],[-85.746979,35.0923456],[-85.747093,35.0920972],[-85.7471902,35.092046],[-85.7476343,35.0919391],[-85.7479302,35.0919009],[-85.7481647,35.0919077],[-85.7483729,35.0919296],[-85.7486711,35.091981],[-85.7488927,35.0919749],[-85.7490458,35.0918754],[-85.7491837,35.0917113],[-85.7493014,35.0914928],[-85.7492088,35.0914309],[-85.7489473,35.0912743],[-85.7487117,35.0912235],[-85.7481718,35.0911654],[-85.7478361,35.0911578],[-85.7478776,35.0907603],[-85.7479362,35.0903851],[-85.7481601,35.0903739],[-85.7482492,35.0907239],[-85.748262,35.0907481],[-85.7482315,35.0907432],[-85.7482585,35.0907215],[-85.7482525,35.0907327],[-85.7482586,35.0907203],[-85.7482618,35.0907253],[-85.7482685,35.0907108],[-85.7482738,35.0907175],[-85.7482422,35.0907099],[-85.7482421,35.0907323],[-85.7482281,35.0907362]]},"properties":{"id":"synthetic_user_037","kind":"synthetic_activity_track","track_name":"Synthetic Saturday 037 - checkpoint loop","persona":"checkpoint_loop","source_type":"synthetic_activity_gpx","synthetic":true,"start_anchor":"#pavilion","start_local":"2026-05-23T14:03:46-05:00","end_local":"2026-05-23T14:51:38-05:00","duration_minutes":47.9,"distance_m":1176.2,"osm_track_m":885.0,"osm_route_count":3,"osm_way_ids":[1215497663,1215497664,1215497666,1215497683],"point_count":76,"visited_anchors":["#night-checkpoint","#pavilion","#photo-waypoint"],"review_status":"synthetic Saturday simulation; not field evidence"}},{"type":"Feature","geometry":{"type":"LineString","coordinates":[[-85.7482485,35.0907201],[-85.7482364,35.0907132],[-85.7482397,35.090721],[-85.7482404,35.0907277],[-85.7482548,35.090742],[-85.7482373,35.0907228],[-85.7482498,35.0907414],[-85.747885,35.0907584],[-85.7478336,35.0911564],[-85.7481655,35.0911679],[-85.7487133,35.0912207],[-85.7489498,35.0912778],[-85.748762,35.0915588],[-85.7487541,35.0915485],[-85.7487582,35.091559],[-85.7487801,35.0915559],[-85.7487646,35.0915443],[-85.7487416,35.0915387],[-85.7487218,35.0915307],[-85.7487596,35.0915558],[-85.7487935,35.0915931],[-85.7487678,35.0915629],[-85.7487428,35.0915576],[-85.7487591,35.0915554],[-85.7487606,35.0915675],[-85.7486065,35.0915082],[-85.7486336,35.091479],[-85.7486244,35.0914976],[-85.7492308,35.0916891],[-85.749272,35.0916769],[-85.7492207,35.0916891],[-85.7486209,35.0915054],[-85.7486404,35.0914761],[-85.7486137,35.0915126],[-85.7487116,35.0912181],[-85.7481692,35.091171],[-85.7478374,35.0911616],[-85.747884,35.0907598],[-85.7479363,35.0903795],[-85.7481647,35.0903754],[-85.7482462,35.090726],[-85.7482383,35.0907374],[-85.7482614,35.0907477],[-85.7482525,35.0907153],[-85.7482594,35.0907248],[-85.7482673,35.0907411],[-85.7482361,35.0907263],[-85.7482705,35.0907101],[-85.748247,35.0907352]]},"properties":{"id":"synthetic_user_038","kind":"synthetic_activity_track","track_name":"Synthetic Saturday 038 - photo short","persona":"photo_short","source_type":"synthetic_activity_gpx","synthetic":true,"start_anchor":"#pavilion","start_local":"2026-05-23T14:42:14-05:00","end_local":"2026-05-23T15:09:52-05:00","duration_minutes":27.6,"distance_m":695.2,"osm_track_m":313.2,"osm_route_count":2,"osm_way_ids":[1215497664,1215497683],"point_count":49,"visited_anchors":["#pavilion","#photo-waypoint"],"review_status":"synthetic Saturday simulation; not field evidence"}},{"type":"Feature","geometry":{"type":"LineString","coordinates":[[-85.7482602,35.0907296],[-85.7482331,35.0907246],[-85.7482386,35.0907261],[-85.748245,35.0907399],[-85.7482561,35.0907303],[-85.7482411,35.0907276],[-85.7482475,35.0907421],[-85.7482475,35.0907222],[-85.7482679,35.0907333],[-85.7478804,35.0907576],[-85.7478389,35.0911563],[-85.7481715,35.0911702],[-85.7487109,35.0912192],[-85.7489429,35.0912755],[-85.7487584,35.0915634],[-85.7489408,35.0912766],[-85.7492046,35.0914373],[-85.7493026,35.0914903],[-85.7493336,35.0913213],[-85.7492888,35.09123],[-85.7491975,35.0909813],[-85.749164,35.0908473],[-85.749186,35.0906546],[-85.7492489,35.0905055],[-85.7494259,35.0902871],[-85.7494873,35.0902345],[-85.7495738,35.0902245],[-85.7496523,35.0902705],[-85.7497299,35.0902857],[-85.7498622,35.0902885],[-85.7500192,35.090245],[-85.7504112,35.0901252],[-85.750451,35.0901189],[-85.7506521,35.0900957],[-85.7507905,35.0900863],[-85.7509477,35.0901311],[-85.7512081,35.0902564],[-85.7512619,35.0902763],[-85.751364,35.0903073],[-85.7517549,35.0903935],[-85.7518673,35.0904049],[-85.7519487,35.0904128],[-85.7521081,35.0904286],[-85.7524738,35.0904409],[-85.7527915,35.09046],[-85.7530794,35.0905065],[-85.7533595,35.0906209],[-85.7534935,35.0906965],[-85.7536708,35.0907897],[-85.753959,35.0909764],[-85.7543467,35.0912088],[-85.7544791,35.0912894],[-85.7551918,35.0917168],[-85.7555904,35.0919249],[-85.7555778,35.0919242],[-85.7555895,35.0919149],[-85.7555938,35.0919248],[-85.7555783,35.0919188],[-85.7555817,35.0919196],[-85.7555656,35.0919178],[-85.7555594,35.0919377],[-85.7555804,35.091921],[-85.7555898,35.0919226],[-85.7556213,35.0920173],[-85.7557191,35.0921663],[-85.7560098,35.0925779],[-85.7562802,35.0929651],[-85.7564502,35.093216],[-85.7564903,35.0932405],[-85.7565567,35.0933207],[-85.7565976,35.0933646],[-85.7567163,35.0934642],[-85.7568708,35.0935927],[-85.7569328,35.0936849],[-85.756967,35.093858],[-85.756976,35.0941369],[-85.7569209,35.0943541],[-85.7568848,35.0945398],[-85.7568913,35.0947072],[-85.7569075,35.0948302],[-85.7568908,35.0949735],[-85.7568289,35.0951483],[-85.7567325,35.0952658],[-85.7566138,35.0953447],[-85.7565668,35.0953741],[-85.7561998,35.0956234],[-85.7560625,35.0956914],[-85.7559763,35.0957673],[-85.7559068,35.0958044],[-85.7557544,35.0959042],[-85.755357,35.0960951],[-85.7551103,35.0961517],[-85.7551585,35.0962216],[-85.7551972,35.0963444],[-85.7551436,35.0964052],[-85.7550773,35.0965206],[-85.7550671,35.0966358],[-85.7550478,35.0966763],[-85.7550188,35.0967754],[-85.7550102,35.096885],[-85.7548722,35.0970583],[-85.754772,35.0971088],[-85.7547947,35.0971163],[-85.7547595,35.0971032],[-85.754792,35.0971134],[-85.7547705,35.0971042],[-85.7547957,35.0971349],[-85.7548105,35.097152],[-85.7547401,35.097065],[-85.7547741,35.0971244],[-85.7547739,35.0971002],[-85.7547882,35.0971086],[-85.7547858,35.0971074],[-85.7547795,35.0971183],[-85.7547853,35.097139],[-85.7547719,35.097114],[-85.7548096,35.0971523],[-85.7547773,35.0971002],[-85.7547515,35.0970605],[-85.7547756,35.0971095],[-85.7546701,35.0970722],[-85.7545291,35.0969931],[-85.754445,35.0968882],[-85.7543626,35.0967924],[-85.7543236,35.0966589],[-85.7542816,35.0965693],[-85.7542513,35.0964562],[-85.7542305,35.0963549],[-85.7542269,35.096288],[-85.7541792,35.096227],[-85.754122,35.0961798],[-85.7539834,35.0962348],[-85.7537952,35.0962532],[-85.7536278,35.096268],[-85.7532913,35.0962217],[-85.7529392,35.09611],[-85.7527538,35.0960473],[-85.7522244,35.0958101],[-85.7520769,35.0957594],[-85.7521496,35.0956579],[-85.7522734,35.0956467],[-85.7523997,35.0956209],[-85.7524197,35.0955189],[-85.7524803,35.0954223],[-85.7525516,35.0952583],[-85.7525814,35.095097],[-85.7525926,35.0949048],[-85.7526013,35.0946589],[-85.7525751,35.0945369],[-85.752496,35.0943987],[-85.7523652,35.0942792],[-85.7521545,35.0942285],[-85.7519719,35.0942237],[-85.7517688,35.0942781],[-85.7515634,35.0942836],[-85.7512175,35.0943054],[-85.7511386,35.0942825],[-85.7510552,35.0942072],[-85.7509747,35.0940613],[-85.7509458,35.0940041],[-85.7509662,35.093901],[-85.7509866,35.0938057],[-85.7509272,35.0936594],[-85.7508399,35.0935531],[-85.7508081,35.0935178],[-85.7505578,35.0932886],[-85.7503924,35.0931326],[-85.7503098,35.0930025],[-85.7502744,35.0929286],[-85.7502601,35.0928645],[-85.7503078,35.0926659],[-85.7504141,35.0924908],[-85.7504655,35.0923463],[-85.7504507,35.0922152],[-85.7503688,35.0921013],[-85.750345,35.0920848],[-85.7502628,35.0920045],[-85.7500369,35.0918916],[-85.7498107,35.091749],[-85.7496609,35.0916262],[-85.7493822,35.0915436],[-85.7492956,35.091493],[-85.7492054,35.091435],[-85.748942,35.0912753],[-85.7487117,35.0912215],[-85.748171,35.0911698],[-85.7478409,35.0911576],[-85.7478824,35.0907598],[-85.7479337,35.0903835],[-85.7481593,35.0903781],[-85.7482486,35.0907262],[-85.7482708,35.0907243],[-85.7482444,35.0907162],[-85.748227,35.090723],[-85.7482502,35.0907332],[-85.7482393,35.0907382],[-85.7482715,35.0907262],[-85.748263,35.0907132],[-85.7482679,35.0907376],[-85.748249,35.0907353],[-85.7482314,35.0907123],[-85.7482619,35.0907247],[-85.7482525,35.0907434],[-85.7482575,35.0907047],[-85.748237,35.0907396]]},"properties":{"id":"synthetic_user_039","kind":"synthetic_activity_track","track_name":"Synthetic Saturday 039 - osm spine runner","persona":"osm_spine_runner","source_type":"synthetic_activity_gpx","synthetic":true,"start_anchor":"#pavilion","start_local":"2026-05-23T13:40:36-05:00","end_local":"2026-05-23T15:06:02-05:00","duration_minutes":85.4,"distance_m":3226.8,"osm_track_m":2801.8,"osm_route_count":4,"osm_way_ids":[1215497663,1215497664,1215497666,1215497670,1215497671,1215497672,1215497683,1215497700,1215497704,1215497705],"point_count":205,"visited_anchors":["#osm-main-spine-west","#osm-north-loop","#pavilion","#photo-waypoint"],"review_status":"synthetic Saturday simulation; not field evidence"}},{"type":"Feature","geometry":{"type":"LineString","coordinates":[[-85.7482606,35.0907267],[-85.7482559,35.0907366],[-85.7482319,35.090724],[-85.7482706,35.0907361],[-85.7482608,35.0907174],[-85.7478851,35.0907631],[-85.7478341,35.0911587],[-85.7481692,35.0911668],[-85.7487171,35.0912186],[-85.7489495,35.0912787],[-85.7487613,35.0915615],[-85.7487534,35.0915491],[-85.7487699,35.0915604],[-85.7487595,35.0915609],[-85.7487564,35.09155],[-85.7487391,35.0915454],[-85.7487205,35.0915429],[-85.7487103,35.0912231],[-85.748167,35.0911642],[-85.7478383,35.0911567],[-85.7478866,35.0907592],[-85.7479312,35.0903816],[-85.7481631,35.090375],[-85.748252,35.0907323],[-85.7482653,35.0907315],[-85.7482484,35.0907139],[-85.7482473,35.0907365],[-85.7482278,35.0907293],[-85.7482287,35.0907148],[-85.7482722,35.0907133],[-85.748251,35.0907333],[-85.7482753,35.0907203],[-85.7482442,35.09073],[-85.7482455,35.090722]]},"properties":{"id":"synthetic_user_040","kind":"synthetic_activity_track","track_name":"Synthetic Saturday 040 - photo short","persona":"photo_short","source_type":"synthetic_activity_gpx","synthetic":true,"start_anchor":"#pavilion","start_local":"2026-05-23T13:50:20-05:00","end_local":"2026-05-23T14:13:49-05:00","duration_minutes":23.5,"distance_m":523.2,"osm_track_m":313.2,"osm_route_count":2,"osm_way_ids":[1215497664,1215497683],"point_count":34,"visited_anchors":["#pavilion","#photo-waypoint"],"review_status":"synthetic Saturday simulation; not field evidence"}},{"type":"Feature","geometry":{"type":"LineString","coordinates":[[-85.7482399,35.0907258],[-85.7482746,35.090729],[-85.7482322,35.0907205],[-85.7482491,35.0907171],[-85.7478868,35.0907602],[-85.7479308,35.0903792],[-85.7480013,35.0898944],[-85.747526,35.0898212],[-85.7459445,35.0896023],[-85.7459587,35.0889319],[-85.7456224,35.0872211],[-85.7456116,35.0872421],[-85.7456019,35.0872149],[-85.7456263,35.0872163],[-85.7456162,35.0872365],[-85.7456456,35.0872541],[-85.7456199,35.0872249],[-85.7456439,35.0872798],[-85.7455993,35.0871652],[-85.745622,35.0872327],[-85.745638,35.0872353],[-85.7456213,35.0872323],[-85.7456199,35.0872286],[-85.7456276,35.0872178],[-85.7456152,35.0872367],[-85.7456354,35.0872568],[-85.7456519,35.0872777],[-85.7456069,35.0871632],[-85.7456028,35.0871895],[-85.7456212,35.0872283],[-85.7456158,35.0872183],[-85.7456203,35.0872606],[-85.745636,35.0872818],[-85.7455888,35.0871679],[-85.7456162,35.087186],[-85.7456117,35.0872124],[-85.7456208,35.087217],[-85.7456025,35.0872104],[-85.7456147,35.0872169],[-85.7459595,35.0889338],[-85.7459446,35.0896064],[-85.7459036,35.0909901],[-85.7467489,35.0910842],[-85.7474905,35.0911481],[-85.7478351,35.0911607],[-85.748173,35.0911677],[-85.7487118,35.0912206],[-85.7489408,35.091276],[-85.7487606,35.091562],[-85.7487559,35.0915454],[-85.7487526,35.0915527],[-85.7487617,35.0915491],[-85.748749,35.0915715],[-85.748947,35.0912769],[-85.7487145,35.091223],[-85.7481728,35.0911655],[-85.7478346,35.0911597],[-85.7478842,35.09076],[-85.747933,35.0903797],[-85.7481584,35.0903746],[-85.7482552,35.0907244],[-85.7482752,35.0907358],[-85.7482498,35.0907479],[-85.7482468,35.0907064],[-85.7482606,35.0907189],[-85.7482577,35.0907206],[-85.7482598,35.0907228],[-85.7482427,35.0907164],[-85.7482368,35.0907281],[-85.7482407,35.0907433],[-85.7482442,35.090709],[-85.7482418,35.0907154],[-85.7482416,35.0907194],[-85.7482557,35.090725]]},"properties":{"id":"synthetic_user_041","kind":"synthetic_activity_track","track_name":"Synthetic Saturday 041 - proving ground","persona":"proving_ground","source_type":"synthetic_activity_gpx","synthetic":true,"start_anchor":"#pavilion","start_local":"2026-05-23T15:30:47-05:00","end_local":"2026-05-23T16:47:58-05:00","duration_minutes":77.2,"distance_m":1761.4,"osm_track_m":1058.0,"osm_route_count":3,"osm_way_ids":[383693504,1215497664,1215497682,1215497683],"point_count":74,"visited_anchors":["#pavilion","#photo-waypoint","#proving-grounds"],"review_status":"synthetic Saturday simulation; not field evidence"}},{"type":"Feature","geometry":{"type":"LineString","coordinates":[[-85.7482585,35.0907304],[-85.748244,35.0907296],[-85.7482717,35.0907322],[-85.748261,35.0907371],[-85.7482399,35.0907278],[-85.7482485,35.0907383],[-85.7482691,35.0907397],[-85.7482408,35.0907393],[-85.7482455,35.0907355],[-85.7482521,35.0907354],[-85.7482323,35.0907208],[-85.7478867,35.0907608],[-85.747836,35.0911545],[-85.7481684,35.0911643],[-85.7487129,35.091222],[-85.7489482,35.0912799],[-85.7487588,35.0915574],[-85.7487533,35.0915648],[-85.7487574,35.0915677],[-85.7487662,35.0915587],[-85.7487517,35.0915573],[-85.7487449,35.0915705],[-85.7487334,35.0915747],[-85.7486065,35.0915064],[-85.7486359,35.0914787],[-85.7486246,35.0915066],[-85.7492189,35.0916883],[-85.7492681,35.0916768],[-85.7492278,35.0916941],[-85.7486225,35.0915017],[-85.7486279,35.0914796],[-85.7486074,35.091518],[-85.7482511,35.0907265],[-85.7482624,35.0907358],[-85.7482644,35.0907408],[-85.7482614,35.0907153],[-85.7482297,35.090721],[-85.748258,35.0907196],[-85.7482612,35.0907422],[-85.7478823,35.09076],[-85.7479323,35.090383],[-85.7481646,35.0903754],[-85.7482487,35.0907265],[-85.7482596,35.0907402],[-85.7482642,35.090742],[-85.7482481,35.0907185],[-85.7482505,35.0907076],[-85.7482451,35.0907035],[-85.7482524,35.0907275],[-85.7482675,35.0907448],[-85.7482264,35.0907254],[-85.7482318,35.0907125],[-85.7482423,35.0907265],[-85.7482336,35.0907372],[-85.7482683,35.0907225],[-85.7482658,35.0907216],[-85.7482301,35.0907256]]},"properties":{"id":"synthetic_user_042","kind":"synthetic_activity_track","track_name":"Synthetic Saturday 042 - photo short","persona":"photo_short","source_type":"synthetic_activity_gpx","synthetic":true,"start_anchor":"#pavilion","start_local":"2026-05-23T14:18:55-05:00","end_local":"2026-05-23T15:00:38-05:00","duration_minutes":41.7,"distance_m":663.9,"osm_track_m":188.7,"osm_route_count":2,"osm_way_ids":[1215497664,1215497683],"point_count":57,"visited_anchors":["#pavilion","#photo-waypoint"],"review_status":"synthetic Saturday simulation; not field evidence"}},{"type":"Feature","geometry":{"type":"LineString","coordinates":[[-85.7482589,35.0907187],[-85.7482626,35.0907404],[-85.7482287,35.0907267],[-85.7482436,35.0907076],[-85.7482413,35.0907172],[-85.7482427,35.0907439],[-85.7482558,35.090713],[-85.7482483,35.0907417],[-85.7482317,35.0907152],[-85.7482316,35.0907334],[-85.7482612,35.0907298],[-85.7478785,35.0907627],[-85.7478384,35.091158],[-85.7481719,35.0911674],[-85.7487105,35.0912189],[-85.7489484,35.0912798],[-85.7487603,35.0915591],[-85.7489446,35.0912757],[-85.7492085,35.0914367],[-85.7492979,35.0914914],[-85.7493292,35.0913219],[-85.7492905,35.0912297],[-85.7491972,35.0909836],[-85.7491659,35.0908489],[-85.7491891,35.09065],[-85.7492568,35.0905097],[-85.749421,35.0902862],[-85.749489,35.09024],[-85.7495734,35.090222],[-85.7496533,35.0902708],[-85.7497328,35.0902823],[-85.7498639,35.0902875],[-85.7500196,35.0902424],[-85.7504071,35.0901268],[-85.7504506,35.0901208],[-85.7506445,35.0900949],[-85.7507908,35.0900901],[-85.7509452,35.0901277],[-85.7512097,35.0902586],[-85.7512625,35.0902722],[-85.7513682,35.0903082],[-85.7517587,35.0903969],[-85.7518673,35.0904024],[-85.7519436,35.0904093],[-85.7521066,35.0904259],[-85.7524708,35.0904447],[-85.7527971,35.0904589],[-85.7530747,35.0905041],[-85.7533573,35.0906202],[-85.7535013,35.0906968],[-85.7536695,35.0907899],[-85.7539616,35.0909784],[-85.7543432,35.091207],[-85.7544805,35.0912856],[-85.7551909,35.091716],[-85.755587,35.0919248],[-85.7555999,35.0919312],[-85.7555838,35.0919142],[-85.7555886,35.091933],[-85.7555908,35.0919291],[-85.7556036,35.0919469],[-85.7556136,35.0919631],[-85.7555936,35.0919257],[-85.7555821,35.0919241],[-85.7551905,35.0917144],[-85.7544735,35.0912858],[-85.7543424,35.0912072],[-85.7539558,35.0909802],[-85.753667,35.0907892],[-85.7534962,35.0907],[-85.7533566,35.0906233],[-85.7530743,35.0905028],[-85.7527884,35.0904581],[-85.7524773,35.0904458],[-85.7521085,35.0904267],[-85.7519433,35.0904125],[-85.7518706,35.0904054],[-85.7517593,35.0903926],[-85.7513707,35.0903101],[-85.7512647,35.0902723],[-85.7512092,35.0902606],[-85.7509496,35.090128],[-85.7507911,35.090083],[-85.7506456,35.090093],[-85.7504482,35.0901143],[-85.7504055,35.0901214],[-85.750016,35.0902404],[-85.7498641,35.0902912],[-85.7497306,35.0902849],[-85.7496524,35.0902702],[-85.7495763,35.0902231],[-85.7494886,35.0902355],[-85.749419,35.0902826],[-85.7492517,35.0905077],[-85.7491902,35.0906525],[-85.749163,35.090848],[-85.7491936,35.0909848],[-85.7492933,35.0912306],[-85.7493268,35.0913219],[-85.7492978,35.0914935],[-85.7493842,35.0915446],[-85.7496653,35.0916258],[-85.749814,35.0917425],[-85.7500364,35.0918959],[-85.7507059,35.0919434],[-85.7512709,35.0920046],[-85.7514787,35.0919327],[-85.7514807,35.0919203],[-85.7514956,35.0919424],[-85.7514951,35.0919229],[-85.7514713,35.091926],[-85.7514644,35.0919412],[-85.7514827,35.0919301],[-85.7512785,35.0920009],[-85.7507087,35.0919449],[-85.7500391,35.0918926],[-85.7498141,35.0917488],[-85.7496618,35.0916264],[-85.7493784,35.0915419],[-85.7493025,35.0914907],[-85.7492073,35.0914327],[-85.7489453,35.0912739],[-85.7487165,35.091219],[-85.7481663,35.091164],[-85.7478336,35.0911583],[-85.7478816,35.0907631],[-85.7479337,35.09038],[-85.7481621,35.0903789],[-85.7482457,35.0907269],[-85.7482446,35.0907096],[-85.7482499,35.0907497],[-85.7482508,35.0907099],[-85.7482437,35.0907126],[-85.748235,35.0907325],[-85.7482382,35.0907144],[-85.7482393,35.0907073],[-85.7482551,35.0907282],[-85.7482462,35.0907427],[-85.7482627,35.0907436],[-85.7482367,35.0907173],[-85.7482458,35.0907364],[-85.7482667,35.0907101]]},"properties":{"id":"synthetic_user_043","kind":"synthetic_activity_track","track_name":"Synthetic Saturday 043 - osm spine runner","persona":"osm_spine_runner","source_type":"synthetic_activity_gpx","synthetic":true,"start_anchor":"#pavilion","start_local":"2026-05-23T14:43:24-05:00","end_local":"2026-05-23T16:13:38-05:00","duration_minutes":90.2,"distance_m":2638.7,"osm_track_m":2342.0,"osm_route_count":4,"osm_way_ids":[1215497663,1215497664,1215497666,1215497668,1215497683],"point_count":142,"visited_anchors":["#observed-trailhead","#osm-main-spine-west","#pavilion","#photo-waypoint"],"review_status":"synthetic Saturday simulation; not field evidence"}},{"type":"Feature","geometry":{"type":"LineString","coordinates":[[-85.7482491,35.0907262],[-85.7482525,35.0907379],[-85.7482533,35.0907088],[-85.7482435,35.0907096],[-85.7482453,35.0907323],[-85.7478819,35.0907609],[-85.7478352,35.0911567],[-85.7481665,35.0911689],[-85.7487119,35.0912192],[-85.7489452,35.0912768],[-85.7492075,35.0914324],[-85.7492975,35.0914947],[-85.7493818,35.0915432],[-85.7496615,35.0916237],[-85.7498134,35.0917478],[-85.7500366,35.0918951],[-85.7507098,35.0919458],[-85.7512718,35.0920006],[-85.751475,35.0919317],[-85.751478,35.0919298],[-85.7514477,35.0919413],[-85.751493,35.0919359],[-85.7514946,35.0919229],[-85.7514757,35.0919238],[-85.7514652,35.0919198],[-85.7514509,35.0919183],[-85.7514976,35.0919231],[-85.7512773,35.0920002],[-85.7507053,35.09194],[-85.7500373,35.0918904],[-85.7498121,35.0917497],[-85.7496657,35.0916228],[-85.7493776,35.0915403],[-85.749297,35.0914926],[-85.7492088,35.0914322],[-85.7489433,35.0912766],[-85.7487163,35.0912177],[-85.7481711,35.091169],[-85.7478368,35.0911547],[-85.7478843,35.09076],[-85.7479362,35.0903842],[-85.748161,35.0903753],[-85.7482439,35.0907235],[-85.7482354,35.0907097],[-85.7482772,35.0907197],[-85.748239,35.0907401],[-85.748275,35.0907332],[-85.7482286,35.0907332],[-85.7482775,35.0907252],[-85.7482482,35.0907083],[-85.7482619,35.0907134],[-85.7482456,35.090709],[-85.7482589,35.0907478]]},"properties":{"id":"synthetic_user_044","kind":"synthetic_activity_track","track_name":"Synthetic Saturday 044 - trailhead social","persona":"trailhead_social","source_type":"synthetic_activity_gpx","synthetic":true,"start_anchor":"#pavilion","start_local":"2026-05-23T14:07:32-05:00","end_local":"2026-05-23T14:43:03-05:00","duration_minutes":35.5,"distance_m":998.5,"osm_track_m":805.6,"osm_route_count":2,"osm_way_ids":[1215497663,1215497664,1215497668,1215497683],"point_count":53,"visited_anchors":["#observed-trailhead","#pavilion"],"review_status":"synthetic Saturday simulation; not field evidence"}},{"type":"Feature","geometry":{"type":"LineString","coordinates":[[-85.7482438,35.0907207],[-85.7482693,35.0907199],[-85.7482366,35.0907123],[-85.7482624,35.0907094],[-85.7482537,35.0907106],[-85.7482709,35.090726],[-85.7482448,35.0907093],[-85.7478838,35.0907601],[-85.7479307,35.09038],[-85.7480035,35.0898959],[-85.7475288,35.0898189],[-85.7459411,35.0896065],[-85.745957,35.0889332],[-85.7456218,35.0872234],[-85.7456101,35.0872079],[-85.7456219,35.0872201],[-85.7456243,35.0872348],[-85.7456279,35.0872173],[-85.7456142,35.0872114],[-85.7455981,35.0871894],[-85.7456009,35.0871627],[-85.7456191,35.0872277],[-85.7456351,35.0872841],[-85.7456216,35.0872295],[-85.7456187,35.0872056],[-85.7456101,35.0872174],[-85.7456135,35.0872187],[-85.7456203,35.0872098],[-85.7456168,35.0872316],[-85.7456111,35.0871861],[-85.7456044,35.0871618],[-85.7456388,35.0872832],[-85.7456328,35.0872587],[-85.7456187,35.0872252],[-85.7459622,35.0889353],[-85.7459384,35.089606],[-85.7475317,35.0898201],[-85.748002,35.0899003],[-85.7479292,35.0903823],[-85.7481652,35.0903774],[-85.7482475,35.0907296],[-85.7482542,35.0907242],[-85.7482529,35.0907062],[-85.748249,35.0907496],[-85.7482621,35.0907352],[-85.7482694,35.0907246],[-85.7482535,35.0907496],[-85.7482346,35.0907196],[-85.74825,35.0907115]]},"properties":{"id":"synthetic_user_045","kind":"synthetic_activity_track","track_name":"Synthetic Saturday 045 - proving ground","persona":"proving_ground","source_type":"synthetic_activity_gpx","synthetic":true,"start_anchor":"#pavilion","start_local":"2026-05-23T15:16:54-05:00","end_local":"2026-05-23T16:02:41-05:00","duration_minutes":45.8,"distance_m":1265.9,"osm_track_m":680.8,"osm_route_count":2,"osm_way_ids":[383693504,1215497682,1215497683],"point_count":49,"visited_anchors":["#pavilion","#proving-grounds"],"review_status":"synthetic Saturday simulation; not field evidence"}},{"type":"Feature","geometry":{"type":"LineString","coordinates":[[-85.7482595,35.0907334],[-85.7482617,35.0907161],[-85.7482467,35.0907323],[-85.7482626,35.0907354],[-85.748268,35.0907264],[-85.7482443,35.0907239],[-85.7478781,35.0907592],[-85.7479343,35.0903855],[-85.7480003,35.0898971],[-85.7475326,35.08982],[-85.7459421,35.089601],[-85.7459594,35.0889341],[-85.7456201,35.0872221],[-85.7456053,35.0872136],[-85.7456274,35.0872232],[-85.7456072,35.0872112],[-85.7456015,35.0872401],[-85.7456233,35.0872204],[-85.7455832,35.0872333],[-85.7456549,35.087211],[-85.7456064,35.0872168],[-85.7456136,35.0872169],[-85.7456163,35.0872273],[-85.7456127,35.0872267],[-85.7456206,35.0872142],[-85.7455949,35.0872214],[-85.7456205,35.0872306],[-85.7455779,35.0872183],[-85.7459591,35.0889327],[-85.7459427,35.0896073],[-85.7475311,35.089822],[-85.7479999,35.0898993],[-85.7479349,35.0903789],[-85.7481643,35.0903774],[-85.748247,35.0907207],[-85.7482778,35.0907229],[-85.7482416,35.0907461],[-85.7482495,35.0907436],[-85.7482701,35.0907408],[-85.7482267,35.0907299],[-85.7482506,35.0907238],[-85.7482751,35.0907276]]},"properties":{"id":"synthetic_user_046","kind":"synthetic_activity_track","track_name":"Synthetic Saturday 046 - proving ground","persona":"proving_ground","source_type":"synthetic_activity_gpx","synthetic":true,"start_anchor":"#pavilion","start_local":"2026-05-23T13:39:56-05:00","end_local":"2026-05-23T14:28:11-05:00","duration_minutes":48.2,"distance_m":1227.4,"osm_track_m":680.8,"osm_route_count":2,"osm_way_ids":[383693504,1215497682,1215497683],"point_count":42,"visited_anchors":["#pavilion","#proving-grounds"],"review_status":"synthetic Saturday simulation; not field evidence"}},{"type":"Feature","geometry":{"type":"LineString","coordinates":[[-85.7482524,35.0907362],[-85.7482495,35.090737],[-85.7482682,35.0907235],[-85.7482363,35.0907141],[-85.7482544,35.0907366],[-85.7482481,35.0907198],[-85.7482419,35.0907164],[-85.7482335,35.090714],[-85.7482491,35.0907402],[-85.7482655,35.0907246],[-85.7478784,35.0907618],[-85.7478352,35.0911554],[-85.7481671,35.091169],[-85.748714,35.0912188],[-85.7489437,35.0912739],[-85.7492023,35.0914331],[-85.7492944,35.0914926],[-85.7491842,35.0917166],[-85.7490415,35.091873],[-85.7488964,35.0919698],[-85.7486694,35.0919853],[-85.7483705,35.0919303],[-85.7481701,35.0919113],[-85.7479276,35.0918969],[-85.7476345,35.0919439],[-85.7471888,35.0920452],[-85.74709,35.0920954],[-85.7469869,35.0923085],[-85.7469954,35.092293],[-85.746988,35.0923153],[-85.7469898,35.0923046],[-85.7469851,35.0922957],[-85.7469871,35.0923025],[-85.7469968,35.0922771],[-85.7469934,35.0922574],[-85.74699,35.0923543],[-85.7469909,35.092302],[-85.7469847,35.0922923],[-85.7469819,35.0923009],[-85.7469956,35.0923253],[-85.747034,35.0923624],[-85.7469519,35.0922959],[-85.7470331,35.0922652],[-85.747068,35.0922394],[-85.7471077,35.0922776],[-85.7470763,35.0922779],[-85.7471198,35.0921809],[-85.7471694,35.0921878],[-85.7471249,35.0921937],[-85.7470563,35.092111],[-85.7470231,35.0921021],[-85.7469297,35.0921374],[-85.7469035,35.0921815],[-85.7468341,35.0922235],[-85.7467751,35.092238],[-85.746752,35.0922558],[-85.7467244,35.0922953],[-85.7466288,35.0923289],[-85.7466011,35.092404],[-85.7465864,35.0924322],[-85.7465155,35.0924387],[-85.7465725,35.0924298],[-85.7466326,35.0923796],[-85.7465348,35.0923697],[-85.7464461,35.0923931],[-85.7464428,35.0923543],[-85.7463749,35.0923125],[-85.746229,35.0923809],[-85.746152,35.0924045],[-85.7459314,35.092496],[-85.7458308,35.0925367],[-85.7458298,35.0926376],[-85.7458369,35.0926807],[-85.7458147,35.0927174],[-85.745648,35.0927555],[-85.745527,35.0928515],[-85.7454791,35.0928929],[-85.7454544,35.0929491],[-85.7454799,35.0930778],[-85.7454578,35.0931422],[-85.7453736,35.0932431],[-85.7453457,35.0933761],[-85.7452698,35.0934379],[-85.7451857,35.0934048],[-85.7451029,35.0935334],[-85.7450596,35.0936262],[-85.7449916,35.0937233],[-85.7449526,35.0937965],[-85.7448765,35.0938691],[-85.7448684,35.0939199],[-85.7448283,35.0939764],[-85.7447665,35.094005],[-85.7447626,35.0940756],[-85.7446894,35.0942096],[-85.7446917,35.094274],[-85.7446195,35.0943732],[-85.7445507,35.0944193],[-85.7445222,35.0944686],[-85.7444542,35.0945115],[-85.7444176,35.0946058],[-85.7444089,35.094716],[-85.7443806,35.0947477],[-85.7443361,35.0947813],[-85.7443332,35.0948414],[-85.744334,35.0948827],[-85.7443006,35.0949786],[-85.7442127,35.0951004],[-85.7441588,35.0952093],[-85.7441027,35.0952694],[-85.7441256,35.0953569],[-85.7441303,35.0953879],[-85.7441434,35.095451],[-85.7441571,35.0954829],[-85.7441608,35.095539],[-85.7441388,35.0955714],[-85.7440719,35.0956111],[-85.7440622,35.0956562],[-85.7440068,35.0956658],[-85.7439777,35.0957544],[-85.7439614,35.0957895],[-85.7439569,35.0958227],[-85.7439176,35.0958465],[-85.7438693,35.0959651],[-85.743871,35.0960865],[-85.7438731,35.0961841],[-85.7438092,35.0963806],[-85.7438219,35.0965165],[-85.7438144,35.0965778],[-85.7437853,35.0966132],[-85.7437795,35.09667],[-85.7437755,35.0967148],[-85.7437858,35.0967713],[-85.7437714,35.0968445],[-85.7437562,35.0968792],[-85.7437091,35.0969224],[-85.7437454,35.0969795],[-85.7437359,35.097032],[-85.7436973,35.0970926],[-85.7436877,35.0972209],[-85.7437419,35.0973964],[-85.743775,35.097471],[-85.7438183,35.0975081],[-85.743849,35.0975691],[-85.7438539,35.0976137],[-85.743842,35.0977019],[-85.7438581,35.0978475],[-85.743929,35.0979085],[-85.7439181,35.0979686],[-85.7439554,35.0979151],[-85.7438806,35.0979227],[-85.7438876,35.0978939],[-85.7440003,35.0978913],[-85.7440115,35.0979098],[-85.7439509,35.0978889],[-85.7440425,35.0978791],[-85.7440995,35.0979491],[-85.7440763,35.0979299],[-85.7439906,35.0979411],[-85.7440148,35.0979418],[-85.743987,35.0979601],[-85.7440089,35.0979417],[-85.7439978,35.0979517],[-85.7440456,35.0979472],[-85.7439959,35.0979489],[-85.74407,35.0979327],[-85.7439259,35.0979689],[-85.7440074,35.0979468],[-85.7440128,35.0979385],[-85.7440056,35.0979511],[-85.7439985,35.0979435],[-85.744012,35.0979467],[-85.7439902,35.0979479],[-85.744035,35.0979301],[-85.7439908,35.0979488],[-85.7440589,35.0979148],[-85.7439931,35.0979456],[-85.7439289,35.0979738],[-85.744006,35.0979537],[-85.7439563,35.0979642],[-85.7439952,35.0979503],[-85.7440113,35.09794],[-85.7440474,35.0979554],[-85.7439655,35.0979932],[-85.7439413,35.0981069],[-85.7438794,35.0981457],[-85.743868,35.0982437],[-85.7439047,35.0984317],[-85.7439439,35.0984956],[-85.743919,35.0985372],[-85.7439329,35.0985335],[-85.7439448,35.0985472],[-85.7439452,35.0985284],[-85.7439437,35.0985309],[-85.7439406,35.098513],[-85.7439516,35.0985438],[-85.7439311,35.098501],[-85.7439695,35.0985673],[-85.7439496,35.0985288],[-85.7439332,35.0985333],[-85.7439464,35.0985326],[-85.7439354,35.0985351],[-85.7439573,35.0985328],[-85.7439464,35.0985877],[-85.7439607,35.0985507],[-85.7439459,35.0985104],[-85.7439695,35.0984702],[-85.7439569,35.0983348],[-85.7439751,35.0982919],[-85.7439709,35.0981273],[-85.7440336,35.0980463],[-85.7440247,35.0979628],[-85.7440053,35.0979362],[-85.7440138,35.0978715],[-85.7439853,35.097827],[-85.7439476,35.0978004],[-85.7439173,35.0977286],[-85.7439185,35.09764],[-85.743964,35.0975935],[-85.7439812,35.0975089],[-85.7439826,35.0974695],[-85.7438811,35.0974121],[-85.7438569,35.0973634],[-85.7438542,35.0972886],[-85.7438168,35.0971922],[-85.7438261,35.0971335],[-85.7438313,35.0969767],[-85.743842,35.0969432],[-85.7438549,35.0968507],[-85.743874,35.0968276],[-85.7438944,35.0967845],[-85.7438951,35.0967149],[-85.7439085,35.0966134],[-85.7438805,35.096569],[-85.7438874,35.0964844],[-85.7438795,35.0963994],[-85.7438897,35.0962601],[-85.7439315,35.0962106],[-85.7439773,35.0961781],[-85.7439796,35.096108],[-85.7439904,35.0960653],[-85.7440059,35.0960346],[-85.7440055,35.0959925],[-85.74402,35.0959495],[-85.7439816,35.0958765],[-85.7439879,35.095846],[-85.7439949,35.0957868],[-85.7440621,35.0956947],[-85.7440999,35.0956672],[-85.7441909,35.0955353],[-85.7442255,35.0955222],[-85.7442472,35.0955071],[-85.7442213,35.0954121],[-85.7442291,35.0953843],[-85.7442011,35.0952526],[-85.7442388,35.0951318],[-85.7443319,35.0950294],[-85.7443527,35.0949587],[-85.7443824,35.0948987],[-85.7444129,35.094856],[-85.744422,35.0947874],[-85.7444522,35.0947405],[-85.744449,35.0947018],[-85.7445237,35.0945638],[-85.7445292,35.0944975],[-85.7445598,35.0944136],[-85.7445876,35.0943621],[-85.7446548,35.094327],[-85.7447459,35.0941815],[-85.7447776,35.0941059],[-85.744789,35.094101],[-85.7448298,35.0940726],[-85.7448302,35.0939792],[-85.7449225,35.0938862],[-85.7449267,35.093847],[-85.744949,35.0937961],[-85.7450074,35.0936541],[-85.7450652,35.0936399],[-85.7452082,35.093455],[-85.7452504,35.0934137],[-85.7453217,35.0933938],[-85.7454124,35.0933367],[-85.7454413,35.0931928],[-85.7454817,35.0931353],[-85.7455164,35.0929869],[-85.7455179,35.0928942],[-85.7455225,35.092868],[-85.7456056,35.0928067],[-85.7456725,35.0927914],[-85.7457355,35.0927389],[-85.7459155,35.0926733],[-85.7459162,35.0926441],[-85.7458694,35.0926102],[-85.7458593,35.0924957],[-85.7458846,35.092482],[-85.7460562,35.0924688],[-85.7463516,35.092353],[-85.7464797,35.0923245],[-85.746474,35.0922925],[-85.7466019,35.0922769],[-85.7467806,35.0922967],[-85.7470052,35.0921448],[-85.7470548,35.0921214],[-85.747102,35.0921268],[-85.7472875,35.0920359],[-85.7474556,35.0919922],[-85.7475651,35.0919892],[-85.7477215,35.0919548],[-85.7478482,35.09195],[-85.7479601,35.0919271],[-85.7480662,35.0919135],[-85.7481812,35.0919291],[-85.7484104,35.0919767],[-85.7484795,35.0919768],[-85.7486387,35.0918885],[-85.7487179,35.0918599],[-85.7488124,35.0918556],[-85.748859,35.091807],[-85.7488719,35.0917719],[-85.7488089,35.0916737],[-85.7487126,35.0915824],[-85.7486887,35.0915518],[-85.7486367,35.0915452],[-85.7486085,35.0914995],[-85.7485358,35.0914632],[-85.7484216,35.0913834],[-85.7483563,35.091359],[-85.7481992,35.09122],[-85.7481006,35.0911262],[-85.7479312,35.0910037],[-85.7479343,35.0909194],[-85.7479492,35.0908931],[-85.7480023,35.0905456],[-85.748011,35.0904985],[-85.7480682,35.0904256],[-85.7481067,35.0903892],[-85.7480968,35.0904017],[-85.7481107,35.0903762],[-85.7481672,35.09037],[-85.748258,35.0907256],[-85.7482274,35.0907239],[-85.7482476,35.090729],[-85.7482557,35.0907424]]},"properties":{"id":"synthetic_user_047","kind":"synthetic_activity_track","track_name":"Synthetic Saturday 047 - north crawl","persona":"north_crawl","source_type":"synthetic_activity_gpx","synthetic":true,"start_anchor":"#pavilion","start_local":"2026-05-23T13:21:14-05:00","end_local":"2026-05-23T14:58:54-05:00","duration_minutes":97.7,"distance_m":3070.2,"osm_track_m":421.4,"osm_route_count":1,"osm_way_ids":[1215497663,1215497664,1215497666,1215497683],"point_count":342,"visited_anchors":["#night-checkpoint","#north-technical","#pavilion","#upper-ledges"],"review_status":"synthetic Saturday simulation; not field evidence"}},{"type":"Feature","geometry":{"type":"LineString","coordinates":[[-85.7482523,35.0907182],[-85.748256,35.0907081],[-85.74827,35.0907327],[-85.748253,35.0907113],[-85.7482545,35.090746],[-85.7478812,35.0907569],[-85.747935,35.090386],[-85.7480044,35.0899003],[-85.7475282,35.0898215],[-85.7459434,35.0896053],[-85.7459562,35.0889367],[-85.745619,35.0872259],[-85.745605,35.087219],[-85.7456156,35.0872298],[-85.7456251,35.087214],[-85.7456103,35.0872252],[-85.7456085,35.0872194],[-85.745593,35.0872277],[-85.7455769,35.0872347],[-85.7456184,35.0872266],[-85.7456643,35.0872175],[-85.7456094,35.0872299],[-85.7456304,35.0872269],[-85.7456165,35.0872264],[-85.7456179,35.0872162],[-85.7456085,35.0872195],[-85.7455916,35.0872243],[-85.7456186,35.0872218],[-85.7455762,35.0872329],[-85.7456604,35.087208],[-85.7456141,35.0872251],[-85.7456455,35.0872176],[-85.7456137,35.0872196],[-85.7456218,35.0872185],[-85.7456263,35.0872244],[-85.7455921,35.0872256],[-85.7455759,35.0872321],[-85.7459613,35.0889367],[-85.7459404,35.0896002],[-85.7475269,35.0898244],[-85.7480005,35.0899005],[-85.7479293,35.0903815],[-85.748165,35.090379],[-85.7482457,35.0907257],[-85.7482672,35.0907397],[-85.7482474,35.0907241],[-85.7482733,35.0907258],[-85.7482687,35.0907103],[-85.7482551,35.0907206],[-85.7482265,35.0907241],[-85.7482611,35.0907096],[-85.7482428,35.0907064]]},"properties":{"id":"synthetic_user_048","kind":"synthetic_activity_track","track_name":"Synthetic Saturday 048 - proving ground","persona":"proving_ground","source_type":"synthetic_activity_gpx","synthetic":true,"start_anchor":"#pavilion","start_local":"2026-05-23T14:25:42-05:00","end_local":"2026-05-23T15:11:32-05:00","duration_minutes":45.8,"distance_m":1251.0,"osm_track_m":680.8,"osm_route_count":2,"osm_way_ids":[383693504,1215497682,1215497683],"point_count":52,"visited_anchors":["#pavilion","#proving-grounds"],"review_status":"synthetic Saturday simulation; not field evidence"}},{"type":"Feature","geometry":{"type":"LineString","coordinates":[[-85.7482592,35.0907237],[-85.7482454,35.0907217],[-85.7482638,35.0907341],[-85.7482546,35.0907116],[-85.7482348,35.0907144],[-85.7482513,35.0907131],[-85.7482629,35.0907354],[-85.7478786,35.0907603],[-85.7479317,35.090386],[-85.7480042,35.0898996],[-85.7481473,35.0899206],[-85.7483608,35.089918],[-85.7485269,35.0898899],[-85.7486691,35.089831],[-85.7487745,35.0897263],[-85.7488139,35.0896722],[-85.7488609,35.0896219],[-85.748959,35.0895752],[-85.7491328,35.0895342],[-85.7493586,35.0895087],[-85.7496181,35.0894719],[-85.7496143,35.0894957],[-85.7496317,35.0896777],[-85.7496411,35.0898897],[-85.7495712,35.0901148],[-85.74958,35.0902239],[-85.7496517,35.0902683],[-85.7497365,35.090285],[-85.7498621,35.0902869],[-85.7500222,35.0902412],[-85.7504045,35.0901223],[-85.7504479,35.0901207],[-85.7506478,35.0900965],[-85.7507915,35.0900838],[-85.7509458,35.0901299],[-85.7512129,35.0902585],[-85.751257,35.0902753],[-85.7513629,35.0903117],[-85.7517518,35.0903954],[-85.7518674,35.0904059],[-85.7519467,35.0904113],[-85.7521084,35.0904299],[-85.7524719,35.0904458],[-85.752794,35.0904581],[-85.7530804,35.0905041],[-85.7533565,35.0906192],[-85.7534967,35.0906957],[-85.7535308,35.0905828],[-85.7535637,35.0904838],[-85.7536595,35.0904487],[-85.7537788,35.0904741],[-85.7538787,35.0905166],[-85.7539967,35.0906219],[-85.754106,35.0907313],[-85.7541556,35.0908144],[-85.7542323,35.0908237],[-85.7543402,35.0908143],[-85.7544298,35.0907583],[-85.7544981,35.0907084],[-85.7546333,35.090668],[-85.7547538,35.0906507],[-85.7549294,35.0906433],[-85.7550483,35.0906296],[-85.7551105,35.0905723],[-85.7551148,35.0904654],[-85.7551203,35.0903602],[-85.7551612,35.0902802],[-85.7552587,35.0902265],[-85.7553813,35.090218],[-85.755505,35.0902286],[-85.7556537,35.0902865],[-85.7557487,35.0903575],[-85.7558163,35.0904141],[-85.7558799,35.0905047],[-85.7559047,35.0905911],[-85.7560161,35.0906189],[-85.7560605,35.0906281],[-85.7561509,35.0905545],[-85.7561508,35.090458],[-85.7561307,35.0904074],[-85.7562154,35.0903042],[-85.756361,35.0902832],[-85.7564687,35.090196],[-85.7565723,35.090195],[-85.7566714,35.0902083],[-85.756759,35.0902331],[-85.7568463,35.0903051],[-85.7569695,35.0903481],[-85.7570334,35.0902486],[-85.7570883,35.0900906],[-85.7572082,35.0898324],[-85.7573849,35.0894271],[-85.7574826,35.0891024],[-85.7575095,35.0889155],[-85.7575015,35.088795],[-85.7574854,35.0885853],[-85.7574923,35.0884263],[-85.7575206,35.0882176],[-85.7575985,35.0878307],[-85.7576018,35.0876845],[-85.7575627,35.0875031],[-85.7574893,35.0873385],[-85.7573148,35.0871062],[-85.7571308,35.0869824],[-85.7568786,35.0868288],[-85.7565446,35.0865939],[-85.7563468,35.0864339],[-85.7562708,35.0863201],[-85.7562123,35.0862073],[-85.7561434,35.0860189],[-85.75602,35.0857912],[-85.7560056,35.085712],[-85.7559961,35.0855364],[-85.7560088,35.0853638],[-85.756001,35.0851673],[-85.7559597,35.0850226],[-85.7558505,35.0848519],[-85.7556889,35.0847413],[-85.7554571,35.0846755],[-85.7552739,35.0846531],[-85.7551327,35.0845921],[-85.7549952,35.084526],[-85.7547977,35.0844953],[-85.754564,35.0845015],[-85.7543598,35.0845128],[-85.7541713,35.0845587],[-85.7537484,35.0847385],[-85.753028,35.0850073],[-85.7525598,35.0851429],[-85.7523201,35.0851994],[-85.7521047,35.0852427],[-85.7519654,35.0853138],[-85.7516115,35.0855478],[-85.7513548,35.0858242],[-85.7511405,35.086152],[-85.7509809,35.0864474],[-85.7509445,35.0866113],[-85.7508428,35.0867541],[-85.7507194,35.0868547],[-85.7505147,35.0869476],[-85.750535,35.0869591],[-85.7505027,35.0869464],[-85.7505302,35.0869572],[-85.7505275,35.0869488],[-85.7505598,35.0869623],[-85.7505081,35.0869442],[-85.7505895,35.0869668],[-85.7504443,35.0869344],[-85.7505355,35.0869577],[-85.7505252,35.0869528],[-85.7505258,35.0869459],[-85.7505321,35.0869522],[-85.7505601,35.0869613],[-85.75052,35.0869504],[-85.7507214,35.0868519],[-85.7508462,35.0867568],[-85.7509374,35.0866103],[-85.7509856,35.0864519],[-85.7511399,35.0861564],[-85.7513583,35.0858218],[-85.7516106,35.0855551],[-85.7519648,35.0853153],[-85.7521102,35.0852464],[-85.7523198,35.0852029],[-85.7525609,35.0851403],[-85.753026,35.0850068],[-85.7537469,35.0847381],[-85.75417,35.0845638],[-85.7543592,35.084514],[-85.7545659,35.0845057],[-85.7547963,35.0844943],[-85.7549925,35.0845282],[-85.7551292,35.0845938],[-85.7552756,35.08465],[-85.755459,35.0846804],[-85.7556847,35.0847378],[-85.7558513,35.0848503],[-85.7559579,35.0850277],[-85.7559995,35.0851681],[-85.7560028,35.0853643],[-85.7559964,35.0855354],[-85.7560108,35.085712],[-85.7560262,35.0857858],[-85.7561456,35.0860193],[-85.7562101,35.0862048],[-85.7562698,35.0863183],[-85.7563471,35.0864312],[-85.756542,35.0865969],[-85.7568759,35.086822],[-85.7571298,35.0869827],[-85.7573154,35.0871065],[-85.7574907,35.0873377],[-85.7575628,35.0875022],[-85.7576031,35.0876799],[-85.7575921,35.0878309],[-85.7575238,35.0882209],[-85.7574951,35.0884247],[-85.7574864,35.088582],[-85.7575002,35.0887961],[-85.7575048,35.0889142],[-85.7574875,35.089105],[-85.7573905,35.0894255],[-85.7572063,35.0898293],[-85.7570887,35.0900889],[-85.7570267,35.09025],[-85.7569697,35.0903423],[-85.7568447,35.0903025],[-85.7567597,35.0902318],[-85.756677,35.0902116],[-85.7565726,35.0901935],[-85.7564652,35.0901977],[-85.7563653,35.0902874],[-85.7562146,35.0903065],[-85.7561326,35.0904108],[-85.7561534,35.0904557],[-85.7561526,35.0905579],[-85.7560639,35.0906275],[-85.7560168,35.0906216],[-85.7559044,35.0905888],[-85.7558854,35.0905016],[-85.7558189,35.0904144],[-85.7557476,35.0903556],[-85.7556526,35.090288],[-85.7555067,35.0902239],[-85.7553793,35.0902163],[-85.7552638,35.0902293],[-85.7551689,35.0902819],[-85.7551204,35.0903592],[-85.7551195,35.0904664],[-85.7551083,35.0905749],[-85.7550431,35.0906297],[-85.754929,35.0906426],[-85.7547534,35.090649],[-85.7546333,35.0906621],[-85.7544984,35.0907098],[-85.7544352,35.0907578],[-85.7543437,35.0908176],[-85.7542345,35.0908198],[-85.7541575,35.0908124],[-85.7541051,35.0907341],[-85.7540003,35.090616],[-85.7538791,35.0905184],[-85.7537824,35.0904749],[-85.753665,35.0904511],[-85.7535694,35.0904859],[-85.753526,35.090582],[-85.7534964,35.090698],[-85.7533595,35.090621],[-85.753071,35.0905048],[-85.7527916,35.0904565],[-85.7524749,35.0904391],[-85.7521114,35.0904298],[-85.7519456,35.0904146],[-85.7518659,35.0904078],[-85.7517566,35.0903964],[-85.751367,35.090309],[-85.751259,35.0902752],[-85.7512132,35.0902548],[-85.7509471,35.0901303],[-85.7507868,35.0900847],[-85.7506497,35.0900937],[-85.7504491,35.0901204],[-85.7504071,35.0901197],[-85.7500155,35.0902435],[-85.7498625,35.0902895],[-85.7497356,35.0902828],[-85.74965,35.0902691],[-85.7495712,35.0902264],[-85.7495763,35.0901138],[-85.7496385,35.0898874],[-85.7496339,35.0896764],[-85.7496126,35.0894933],[-85.7496155,35.0894702],[-85.7493539,35.0895092],[-85.7491331,35.0895316],[-85.7489649,35.0895732],[-85.7488603,35.089621],[-85.7488111,35.0896682],[-85.7487737,35.0897302],[-85.7486627,35.0898286],[-85.7485291,35.0898892],[-85.7483609,35.0899198],[-85.748144,35.0899205],[-85.7480009,35.0899012],[-85.7475317,35.0898216],[-85.7459444,35.0896042],[-85.7459616,35.0889301],[-85.7456172,35.087226],[-85.7456127,35.0872181],[-85.7456167,35.0872304],[-85.7456185,35.0872174],[-85.7456209,35.0872324],[-85.7456205,35.0872044],[-85.7456045,35.0871999],[-85.7456412,35.0872429],[-85.7456228,35.0872133],[-85.7459607,35.0889326],[-85.7459435,35.0896072],[-85.7459035,35.0909884],[-85.7467471,35.0910833],[-85.7474933,35.091144],[-85.7478348,35.0911594],[-85.7481665,35.0911645],[-85.7487166,35.0912176],[-85.7489478,35.0912786],[-85.7487575,35.0915602],[-85.7489478,35.091274],[-85.748716,35.0912183],[-85.748168,35.0911715],[-85.7478361,35.0911575],[-85.7478822,35.0907639],[-85.7479377,35.0903812],[-85.7481651,35.0903771],[-85.7482594,35.0907251],[-85.748265,35.0907215],[-85.7482457,35.090707],[-85.7482579,35.0907147],[-85.7482581,35.090704],[-85.7482385,35.0907205]]},"properties":{"id":"synthetic_user_049","kind":"synthetic_activity_track","track_name":"Synthetic Saturday 049 - osm south connector","persona":"osm_south_connector","source_type":"synthetic_activity_gpx","synthetic":true,"start_anchor":"#pavilion","start_local":"2026-05-23T15:47:49-05:00","end_local":"2026-05-23T19:07:17-05:00","duration_minutes":199.5,"distance_m":6433.4,"osm_track_m":5458.5,"osm_route_count":4,"osm_way_ids":[383693504,1215497664,1215497665,1215497666,1215497673,1215497682,1215497683,1215497689,1215497690,1215497692,1215497694],"point_count":319,"visited_anchors":["#osm-south-connector","#pavilion","#photo-waypoint","#proving-grounds"],"review_status":"synthetic Saturday simulation; not field evidence"}},{"type":"Feature","geometry":{"type":"LineString","coordinates":[[-85.7482543,35.0907247],[-85.7482352,35.0907228],[-85.7482712,35.0907263],[-85.7482568,35.0907247],[-85.7482642,35.0907106],[-85.7482716,35.0907204],[-85.7482503,35.0907124],[-85.7482488,35.0907368],[-85.7482366,35.0907128],[-85.748263,35.0907431],[-85.7478813,35.0907627],[-85.7479332,35.0903786],[-85.7480009,35.0899002],[-85.7475274,35.0898231],[-85.7459417,35.0896005],[-85.7459568,35.0889357],[-85.7456187,35.0872195],[-85.745637,35.0872189],[-85.7456098,35.0872283],[-85.7456176,35.0872106],[-85.7456466,35.0872064],[-85.7456594,35.0871919],[-85.7455803,35.0872548],[-85.7456199,35.087229],[-85.7459611,35.0889328],[-85.7459384,35.0896011],[-85.7459011,35.0909882],[-85.746752,35.0910857],[-85.7474901,35.0911462],[-85.7478402,35.0911598],[-85.7481663,35.0911704],[-85.7487107,35.0912227],[-85.7489469,35.0912788],[-85.7492026,35.0914348],[-85.7493008,35.0914902],[-85.7491904,35.0917162],[-85.7490413,35.0918712],[-85.7488948,35.091977],[-85.7486699,35.0919807],[-85.7483724,35.0919279],[-85.7481671,35.0919057],[-85.7479274,35.0918985],[-85.7476354,35.0919375],[-85.7471873,35.0920454],[-85.7470898,35.0920949],[-85.7469863,35.0923025],[-85.7469852,35.092298],[-85.7470029,35.0923005],[-85.7469851,35.0922999],[-85.746975,35.0923086],[-85.7469973,35.0923021],[-85.7469723,35.0922966],[-85.7469598,35.0922926],[-85.7470212,35.092314],[-85.746995,35.0922902],[-85.746982,35.0922997],[-85.7469919,35.092299],[-85.7470951,35.0920927],[-85.7471871,35.0920463],[-85.7476367,35.0919415],[-85.747926,35.0918983],[-85.7481685,35.0919075],[-85.7483676,35.0919272],[-85.7486682,35.0919863],[-85.7488954,35.0919718],[-85.7490447,35.0918744],[-85.7491889,35.091713],[-85.7493006,35.0914912],[-85.7492094,35.0914331],[-85.7489439,35.0912765],[-85.7487152,35.0912221],[-85.748173,35.091168],[-85.7478375,35.0911592],[-85.7478825,35.0907566],[-85.7479367,35.0903833],[-85.7481657,35.0903784],[-85.7482571,35.0907266],[-85.7482662,35.0907162],[-85.7482443,35.0907355],[-85.7482514,35.090731],[-85.7482584,35.0907421],[-85.748232,35.0907095],[-85.7482506,35.0907126],[-85.7482468,35.0907491],[-85.7482467,35.0907364],[-85.7482353,35.0907248],[-85.7482671,35.090721],[-85.7482682,35.0907176],[-85.7482298,35.090724],[-85.7482725,35.0907217],[-85.7482556,35.0907326]]},"properties":{"id":"synthetic_user_050","kind":"synthetic_activity_track","track_name":"Synthetic Saturday 050 - mixed sampler","persona":"mixed_sampler","source_type":"synthetic_activity_gpx","synthetic":true,"start_anchor":"#pavilion","start_local":"2026-05-23T14:43:56-05:00","end_local":"2026-05-23T16:12:14-05:00","duration_minutes":88.3,"distance_m":2240.4,"osm_track_m":1607.8,"osm_route_count":3,"osm_way_ids":[383693504,1215497663,1215497664,1215497666,1215497682,1215497683],"point_count":91,"visited_anchors":["#night-checkpoint","#pavilion","#proving-grounds"],"review_status":"synthetic Saturday simulation; not field evidence"}},{"type":"Feature","geometry":{"type":"LineString","coordinates":[[-85.7482515,35.0907181],[-85.748228,35.0907251],[-85.748233,35.0907169],[-85.7482525,35.0907088],[-85.7482712,35.09072],[-85.748247,35.0907196],[-85.7482419,35.0907248],[-85.7482329,35.0907255],[-85.748257,35.0907281],[-85.7478855,35.0907589],[-85.7478388,35.0911551],[-85.7481677,35.0911697],[-85.7487129,35.0912199],[-85.7489426,35.0912757],[-85.7487591,35.0915594],[-85.7487676,35.091562],[-85.7487535,35.0915617],[-85.7487495,35.0915524],[-85.7487509,35.0915607],[-85.7487601,35.0915657],[-85.7487577,35.0915622],[-85.7489449,35.0912738],[-85.7492031,35.0914332],[-85.7492992,35.0914954],[-85.7493282,35.0913205],[-85.7492868,35.0912342],[-85.7491979,35.0909867],[-85.7491698,35.0908517],[-85.7491819,35.0906524],[-85.7492561,35.0905088],[-85.7494279,35.0902823],[-85.7494917,35.0902346],[-85.7495781,35.0902217],[-85.7496485,35.0902675],[-85.7497329,35.0902825],[-85.749867,35.0902894],[-85.7500222,35.0902401],[-85.7504047,35.0901222],[-85.7504504,35.0901144],[-85.7506504,35.0900937],[-85.7507907,35.0900864],[-85.7509419,35.0901288],[-85.7512107,35.0902597],[-85.7512601,35.0902768],[-85.7513691,35.0903078],[-85.7517543,35.090392],[-85.7518651,35.0904014],[-85.7519479,35.0904136],[-85.7521066,35.0904299],[-85.7524757,35.0904453],[-85.7527937,35.0904596],[-85.7530751,35.0905037],[-85.7533614,35.0906191],[-85.7534964,35.0906936],[-85.7536697,35.0907895],[-85.7539558,35.090976],[-85.7543432,35.0912067],[-85.7544757,35.0912835],[-85.7551884,35.0917116],[-85.7555817,35.0919239],[-85.7555935,35.0919343],[-85.7555772,35.0919273],[-85.7555796,35.0919217],[-85.7555932,35.09192],[-85.7556054,35.0919281],[-85.7555921,35.0919195],[-85.7556178,35.0919349],[-85.7555876,35.0919257],[-85.7556256,35.0920146],[-85.7557215,35.0921647],[-85.7560088,35.0925789],[-85.7562818,35.0929718],[-85.7564489,35.0932179],[-85.756485,35.0932403],[-85.7565598,35.0933242],[-85.7566055,35.0933645],[-85.7567205,35.0934656],[-85.756873,35.0935922],[-85.7569348,35.0936787],[-85.7569622,35.0938536],[-85.7569733,35.0941387],[-85.7569216,35.0943553],[-85.7568861,35.0945427],[-85.7568909,35.0947125],[-85.7569099,35.0948312],[-85.7568908,35.0949731],[-85.7568286,35.0951495],[-85.7567383,35.0952661],[-85.7566146,35.0953428],[-85.7565672,35.095375],[-85.7562016,35.0956271],[-85.7560644,35.095695],[-85.7559732,35.0957635],[-85.7558995,35.0958026],[-85.7557527,35.0959042],[-85.7553525,35.0960957],[-85.7551095,35.0961541],[-85.7551653,35.0962216],[-85.7551927,35.0963457],[-85.7551408,35.0964064],[-85.7550784,35.0965205],[-85.7550653,35.0966306],[-85.7550454,35.0966764],[-85.7550108,35.0967739],[-85.7550107,35.0968852],[-85.7548774,35.097057],[-85.7547752,35.0971072],[-85.7547934,35.0971138],[-85.7547587,35.0971175],[-85.7547669,35.0971059],[-85.754787,35.097119],[-85.7548157,35.097119],[-85.7547807,35.0971033],[-85.7548467,35.0971107],[-85.7547806,35.097107],[-85.7547751,35.0971098],[-85.7546727,35.0970726],[-85.7545347,35.096992],[-85.7544467,35.0968848],[-85.7543624,35.0967906],[-85.754326,35.0966608],[-85.7542839,35.0965707],[-85.7542593,35.0964547],[-85.7542337,35.0963495],[-85.7542271,35.0962836],[-85.7541749,35.0962311],[-85.7541219,35.0961773],[-85.753986,35.0962275],[-85.7537943,35.0962537],[-85.7536263,35.0962736],[-85.7532876,35.0962192],[-85.7529446,35.0961066],[-85.7527558,35.0960501],[-85.7522279,35.0958118],[-85.7520762,35.0957587],[-85.7521558,35.0956633],[-85.7522781,35.0956501],[-85.7524033,35.0956206],[-85.7524191,35.0955147],[-85.7524777,35.0954222],[-85.7525532,35.0952575],[-85.7525817,35.0950969],[-85.7525917,35.0949028],[-85.7526046,35.0946628],[-85.7525799,35.0945317],[-85.7524905,35.0943951],[-85.7523644,35.0942833],[-85.7521587,35.0942295],[-85.7519689,35.0942235],[-85.7517715,35.0942827],[-85.7515659,35.0942855],[-85.7512213,35.0943082],[-85.7511346,35.0942795],[-85.7510592,35.0942084],[-85.7509751,35.0940655],[-85.7509467,35.0940062],[-85.7509669,35.0939053],[-85.7509911,35.0938068],[-85.7509193,35.0936622],[-85.750833,35.0935511],[-85.750809,35.093518],[-85.7505574,35.0932894],[-85.7503898,35.0931288],[-85.7503066,35.0930024],[-85.7502745,35.0929311],[-85.7502608,35.0928635],[-85.7503018,35.0926681],[-85.7504123,35.092486],[-85.7504641,35.0923464],[-85.7504478,35.0922191],[-85.750369,35.092101],[-85.7503504,35.0920819],[-85.7502649,35.0920008],[-85.7500336,35.0918939],[-85.7498109,35.0917453],[-85.7496673,35.0916258],[-85.7493814,35.0915454],[-85.7492956,35.091493],[-85.7492064,35.0914318],[-85.7489457,35.0912779],[-85.7487181,35.0912202],[-85.7481647,35.0911659],[-85.7478377,35.0911576],[-85.7478843,35.0907596],[-85.7479318,35.0903811],[-85.7481629,35.0903788],[-85.7482484,35.0907211],[-85.7482652,35.0907459],[-85.748252,35.0907178],[-85.7482429,35.0907046],[-85.7482573,35.090746],[-85.7482524,35.090726],[-85.7482417,35.0907197],[-85.7482481,35.0907101],[-85.7482622,35.0907105],[-85.7482368,35.0907132],[-85.7482415,35.0907172],[-85.748257,35.0907282]]},"properties":{"id":"synthetic_user_051","kind":"synthetic_activity_track","track_name":"Synthetic Saturday 051 - osm spine runner","persona":"osm_spine_runner","source_type":"synthetic_activity_gpx","synthetic":true,"start_anchor":"#pavilion","start_local":"2026-05-23T13:52:55-05:00","end_local":"2026-05-23T15:13:47-05:00","duration_minutes":80.9,"distance_m":3175.9,"osm_track_m":2801.8,"osm_route_count":4,"osm_way_ids":[1215497663,1215497664,1215497666,1215497670,1215497671,1215497672,1215497683,1215497700,1215497704,1215497705],"point_count":198,"visited_anchors":["#osm-main-spine-west","#osm-north-loop","#pavilion","#photo-waypoint"],"review_status":"synthetic Saturday simulation; not field evidence"}},{"type":"Feature","geometry":{"type":"LineString","coordinates":[[-85.748249,35.090723],[-85.7482678,35.0907405],[-85.7482319,35.0907313],[-85.7482383,35.090731],[-85.7482618,35.0907264],[-85.7478807,35.0907609],[-85.7479304,35.0903821],[-85.7480064,35.0898986],[-85.7481457,35.0899205],[-85.7483536,35.0899201],[-85.7485313,35.0898905],[-85.748668,35.0898303],[-85.7487688,35.0897239],[-85.7488143,35.0896677],[-85.7488631,35.0896217],[-85.7489583,35.0895732],[-85.7491316,35.0895309],[-85.7493605,35.0895076],[-85.7496167,35.0894742],[-85.7496073,35.0894947],[-85.749632,35.0896808],[-85.7496361,35.089885],[-85.7495738,35.0901126],[-85.7495798,35.0902246],[-85.7496537,35.090269],[-85.7497325,35.0902887],[-85.7498675,35.0902895],[-85.7500161,35.0902403],[-85.7504125,35.090124],[-85.7504466,35.0901172],[-85.7506445,35.0900952],[-85.7507917,35.0900889],[-85.7509434,35.0901321],[-85.7512076,35.0902602],[-85.7512583,35.0902766],[-85.7513659,35.0903134],[-85.7517521,35.0903945],[-85.7518629,35.0904022],[-85.7519442,35.0904093],[-85.7521121,35.0904298],[-85.7524735,35.0904435],[-85.7527883,35.0904566],[-85.7530736,35.0905043],[-85.7533614,35.0906196],[-85.7534971,35.0906941],[-85.753529,35.0905815],[-85.7535687,35.090484],[-85.7536642,35.0904477],[-85.7537783,35.0904724],[-85.7538829,35.0905144],[-85.7539985,35.0906147],[-85.7541018,35.0907317],[-85.7541564,35.0908169],[-85.7542293,35.0908195],[-85.754339,35.0908132],[-85.7544378,35.0907573],[-85.7545005,35.0907113],[-85.7546315,35.0906639],[-85.754756,35.090654],[-85.7549304,35.0906461],[-85.7550491,35.0906316],[-85.7551115,35.0905708],[-85.7551193,35.0904622],[-85.7551161,35.0903638],[-85.7551639,35.0902799],[-85.7552656,35.090231],[-85.7553857,35.0902172],[-85.7555075,35.0902281],[-85.7556529,35.0902888],[-85.7557403,35.0903553],[-85.7558228,35.0904176],[-85.7558814,35.0905002],[-85.7559092,35.0905901],[-85.756018,35.0906218],[-85.7560607,35.0906316],[-85.7561501,35.090555],[-85.7561522,35.0904593],[-85.7561342,35.0904062],[-85.7562122,35.090306],[-85.7563603,35.0902868],[-85.7564648,35.090196],[-85.7565731,35.0901935],[-85.7566703,35.090208],[-85.7567587,35.0902366],[-85.7568416,35.0903034],[-85.7569691,35.090347],[-85.7570331,35.0902481],[-85.7570914,35.0900871],[-85.757206,35.0898352],[-85.7573837,35.0894241],[-85.7574894,35.0891012],[-85.7575031,35.0889175],[-85.7575017,35.0887953],[-85.7574847,35.088585],[-85.7574885,35.0884275],[-85.7575269,35.0882218],[-85.7575989,35.0878291],[-85.7575978,35.0876844],[-85.7575692,35.0875026],[-85.7574928,35.0873373],[-85.7573097,35.0871066],[-85.757129,35.0869822],[-85.7568731,35.0868251],[-85.7565464,35.0865949],[-85.7563469,35.0864289],[-85.7562733,35.086319],[-85.756208,35.0862045],[-85.7561443,35.0860181],[-85.756027,35.0857923],[-85.7560096,35.085709],[-85.7559965,35.0855318],[-85.7560061,35.0853604],[-85.7560022,35.0851703],[-85.7559581,35.0850245],[-85.7558548,35.0848466],[-85.7556819,35.0847439],[-85.7554624,35.0846789],[-85.7552752,35.0846504],[-85.7551266,35.0845883],[-85.7549901,35.084524],[-85.7547951,35.0844876],[-85.7545644,35.0845056],[-85.7543575,35.0845184],[-85.7541689,35.0845597],[-85.7537456,35.0847374],[-85.7530271,35.0850139],[-85.7525654,35.08514],[-85.7523185,35.0852032],[-85.7521077,35.085242],[-85.7519719,35.0853151],[-85.751608,35.0855539],[-85.7513569,35.0858273],[-85.7511431,35.0861537],[-85.7509861,35.0864493],[-85.7509409,35.0866097],[-85.7508478,35.0867561],[-85.7507228,35.0868507],[-85.7505196,35.0869498],[-85.7505049,35.0869538],[-85.7505235,35.0869445],[-85.7505119,35.0869542],[-85.7505144,35.0869616],[-85.7504982,35.086969],[-85.7504817,35.0869761],[-85.7505615,35.0869373],[-85.7505084,35.0869586],[-85.7505112,35.0869491],[-85.7505107,35.0869566],[-85.7504915,35.0869598],[-85.750477,35.0869696],[-85.7505077,35.0869456],[-85.7505532,35.086926],[-85.7505173,35.0869508],[-85.7505441,35.0869432],[-85.7505131,35.0869518],[-85.7505241,35.0869514],[-85.7505212,35.0869495],[-85.7504906,35.0869587],[-85.7505119,35.0869589],[-85.7504775,35.0869703],[-85.7505583,35.086933],[-85.750542,35.0869402],[-85.7505177,35.0869532],[-85.7507222,35.0868555],[-85.7508475,35.0867528],[-85.7509385,35.0866064],[-85.7509833,35.0864456],[-85.7511374,35.0861511],[-85.7513571,35.0858212],[-85.7516119,35.0855507],[-85.7519634,35.085315],[-85.7521093,35.0852462],[-85.75232,35.085203],[-85.7525599,35.085143],[-85.753029,35.0850069],[-85.7537468,35.0847437],[-85.7541687,35.0845627],[-85.7543584,35.0845125],[-85.754568,35.0844996],[-85.7547956,35.0844893],[-85.7549925,35.084526],[-85.7551253,35.0845918],[-85.7552725,35.0846495],[-85.7554583,35.0846752],[-85.7556812,35.0847435],[-85.7558521,35.0848472],[-85.7559573,35.0850275],[-85.756003,35.0851691],[-85.7560024,35.085365],[-85.7559961,35.0855348],[-85.7560051,35.0857116],[-85.7560239,35.0857922],[-85.7561495,35.0860202],[-85.7562142,35.0862071],[-85.7562709,35.0863228],[-85.7563453,35.0864305],[-85.7565467,35.0865922],[-85.7568756,35.0868232],[-85.757126,35.0869878],[-85.7573079,35.0871056],[-85.7574912,35.0873357],[-85.7575675,35.0875017],[-85.7576007,35.0876793],[-85.7575924,35.087831],[-85.7575241,35.0882195],[-85.7574907,35.0884291],[-85.7574835,35.0885853],[-85.7574979,35.0887968],[-85.7575093,35.0889184],[-85.7574886,35.0891017],[-85.7573836,35.0894247],[-85.7572071,35.0898358],[-85.7570884,35.0900881],[-85.7570323,35.0902518],[-85.7569688,35.0903479],[-85.7568412,35.0903029],[-85.7567632,35.0902333],[-85.7566741,35.090213],[-85.7565703,35.0901978],[-85.7564632,35.0901955],[-85.7563645,35.0902876],[-85.7562112,35.0903026],[-85.7561267,35.0904103],[-85.7561535,35.0904585],[-85.7561492,35.0905565],[-85.7560656,35.0906278],[-85.7560183,35.0906187],[-85.7559055,35.0905871],[-85.7558804,35.0905051],[-85.7558185,35.090419],[-85.7557423,35.0903527],[-85.7556538,35.0902844],[-85.7555047,35.0902252],[-85.7553822,35.0902183],[-85.7552614,35.09023],[-85.755166,35.0902853],[-85.7551143,35.0903581],[-85.7551122,35.0904623],[-85.7551097,35.0905712],[-85.7550478,35.0906293],[-85.7549255,35.0906451],[-85.7547527,35.0906515],[-85.7546318,35.0906673],[-85.7544999,35.0907075],[-85.7544334,35.0907612],[-85.7543434,35.0908147],[-85.754236,35.0908229],[-85.7541561,35.0908131],[-85.7541048,35.0907312],[-85.753998,35.0906161],[-85.7538806,35.0905198],[-85.753778,35.0904734],[-85.7536585,35.0904524],[-85.7535666,35.0904841],[-85.7535301,35.090581],[-85.7535004,35.0906956],[-85.7533605,35.0906214],[-85.7530729,35.0905043],[-85.7527958,35.0904584],[-85.7524731,35.0904425],[-85.7521113,35.0904285],[-85.7519427,35.0904141],[-85.7518643,35.0904084],[-85.7517593,35.0903929],[-85.7513682,35.0903116],[-85.7512563,35.0902756],[-85.7512078,35.0902578],[-85.7509496,35.0901285],[-85.7507865,35.0900881],[-85.7506467,35.0900933],[-85.7504451,35.0901169],[-85.7504078,35.09012],[-85.7500162,35.0902403],[-85.7498634,35.0902892],[-85.7497322,35.0902843],[-85.7496475,35.0902685],[-85.7495779,35.0902215],[-85.749491,35.0902386],[-85.7494247,35.0902873],[-85.7492522,35.0905051],[-85.7491894,35.0906529],[-85.7491697,35.0908515],[-85.7492007,35.0909868],[-85.7492913,35.0912327],[-85.74933,35.0913233],[-85.749302,35.0914948],[-85.7492067,35.0914337],[-85.7489438,35.0912801],[-85.7487564,35.0915577],[-85.7489456,35.0912733],[-85.7487169,35.0912193],[-85.7481709,35.091165],[-85.7478361,35.091154],[-85.7478807,35.0907632],[-85.7479308,35.0903856],[-85.7481674,35.0903771],[-85.7482561,35.0907322],[-85.7482611,35.0907475],[-85.7482248,35.0907241],[-85.7482756,35.0907282],[-85.7482588,35.0907418],[-85.7482661,35.0907449],[-85.7482447,35.0907143],[-85.7482474,35.0907232],[-85.7482677,35.0907389],[-85.7482591,35.0907326],[-85.7482643,35.0907437],[-85.7482685,35.0907377],[-85.748235,35.0907143],[-85.7482602,35.0907425]]},"properties":{"id":"synthetic_user_052","kind":"synthetic_activity_track","track_name":"Synthetic Saturday 052 - osm south connector","persona":"osm_south_connector","source_type":"synthetic_activity_gpx","synthetic":true,"start_anchor":"#pavilion","start_local":"2026-05-23T13:51:59-05:00","end_local":"2026-05-23T17:06:34-05:00","duration_minutes":194.6,"distance_m":5238.3,"osm_track_m":4636.4,"osm_route_count":3,"osm_way_ids":[1215497664,1215497665,1215497666,1215497673,1215497682,1215497683,1215497689,1215497690,1215497692,1215497694],"point_count":310,"visited_anchors":["#osm-south-connector","#pavilion","#photo-waypoint"],"review_status":"synthetic Saturday simulation; not field evidence"}},{"type":"Feature","geometry":{"type":"LineString","coordinates":[[-85.7482468,35.0907205],[-85.7482564,35.0907393],[-85.7482324,35.0907159],[-85.7482382,35.0907279],[-85.7482669,35.0907194],[-85.7482395,35.0907181],[-85.7482711,35.0907234],[-85.748271,35.0907357],[-85.748248,35.0907288],[-85.7478838,35.0907605],[-85.7478377,35.0911542],[-85.7481708,35.0911684],[-85.7487102,35.0912197],[-85.7489463,35.0912756],[-85.7487596,35.0915624],[-85.7487564,35.0915683],[-85.748758,35.0915518],[-85.7487488,35.0915625],[-85.7487456,35.0915757],[-85.7487514,35.0915928],[-85.7487894,35.0915361],[-85.7487644,35.0915549],[-85.7487471,35.0915643],[-85.7487567,35.0915619],[-85.7487512,35.0915635],[-85.7487617,35.0915826],[-85.7487332,35.0915851],[-85.7487492,35.0915638],[-85.7486039,35.0915147],[-85.7486301,35.0914706],[-85.7486179,35.0914981],[-85.7492269,35.0916904],[-85.7492677,35.0916757],[-85.7492254,35.0916955],[-85.7486227,35.0915043],[-85.7486297,35.0914755],[-85.7486073,35.0915072],[-85.7482497,35.0907257],[-85.7482565,35.0907069],[-85.7482556,35.0907159],[-85.74824,35.0907047],[-85.7478806,35.0907579],[-85.7479373,35.0903803],[-85.7481642,35.0903753],[-85.7482558,35.0907301],[-85.748248,35.0907183],[-85.7482746,35.0907269],[-85.7482403,35.0907214],[-85.7482573,35.090745],[-85.7482697,35.0907147],[-85.7482313,35.0907416],[-85.7482296,35.0907161]]},"properties":{"id":"synthetic_user_053","kind":"synthetic_activity_track","track_name":"Synthetic Saturday 053 - photo short","persona":"photo_short","source_type":"synthetic_activity_gpx","synthetic":true,"start_anchor":"#pavilion","start_local":"2026-05-23T14:31:03-05:00","end_local":"2026-05-23T15:06:54-05:00","duration_minutes":35.9,"distance_m":676.0,"osm_track_m":188.7,"osm_route_count":2,"osm_way_ids":[1215497664,1215497683],"point_count":52,"visited_anchors":["#pavilion","#photo-waypoint"],"review_status":"synthetic Saturday simulation; not field evidence"}},{"type":"Feature","geometry":{"type":"LineString","coordinates":[[-85.7482459,35.0907219],[-85.7482431,35.0907204],[-85.7482466,35.0907203],[-85.7482503,35.090728],[-85.7482711,35.0907234],[-85.7482304,35.0907197],[-85.748231,35.0907172],[-85.7482365,35.0907154],[-85.7482294,35.09072],[-85.7482602,35.0907388],[-85.7478854,35.0907576],[-85.7478337,35.0911578],[-85.748166,35.0911668],[-85.7487105,35.0912207],[-85.7489458,35.0912771],[-85.7487642,35.0915618],[-85.7489475,35.0912776],[-85.7492016,35.0914331],[-85.7492986,35.0914959],[-85.7493339,35.091319],[-85.7492866,35.091233],[-85.7492012,35.0909855],[-85.7491685,35.09085],[-85.7491871,35.0906521],[-85.7492507,35.090506],[-85.7494228,35.0902822],[-85.7494864,35.0902371],[-85.7495772,35.0902217],[-85.7496497,35.0902706],[-85.7497293,35.090286],[-85.7498683,35.0902882],[-85.7500182,35.090241],[-85.7504075,35.0901248],[-85.7504463,35.0901206],[-85.7506521,35.0900917],[-85.7507886,35.0900892],[-85.7509493,35.0901297],[-85.7512118,35.0902547],[-85.7512611,35.0902753],[-85.7513651,35.0903099],[-85.7517556,35.0903898],[-85.751865,35.0904027],[-85.7519468,35.0904115],[-85.7521066,35.0904311],[-85.7524728,35.0904391],[-85.7527961,35.0904552],[-85.7530729,35.0905007],[-85.7533595,35.090623],[-85.7534938,35.0906987],[-85.7536689,35.0907872],[-85.7539546,35.0909764],[-85.754344,35.0912101],[-85.7544811,35.0912878],[-85.7551913,35.0917167],[-85.7555886,35.0919208],[-85.7555908,35.0919313],[-85.7555788,35.0919173],[-85.7555776,35.0919214],[-85.7555764,35.0919192],[-85.755592,35.0919276],[-85.7555769,35.0919288],[-85.7555841,35.0919223],[-85.755187,35.0917141],[-85.754481,35.0912834],[-85.7543392,35.0912072],[-85.7539569,35.090975],[-85.7536703,35.0907879],[-85.7534961,35.0906974],[-85.7533615,35.090623],[-85.7530727,35.0905017],[-85.7527931,35.0904553],[-85.7524739,35.0904448],[-85.7521078,35.0904295],[-85.7519453,35.0904111],[-85.7518705,35.0904057],[-85.7517547,35.0903925],[-85.7513629,35.0903097],[-85.7512622,35.0902722],[-85.7512154,35.0902576],[-85.7509481,35.0901306],[-85.7507902,35.0900881],[-85.7506492,35.0900944],[-85.7504493,35.0901181],[-85.7504097,35.0901261],[-85.7500182,35.0902411],[-85.7498636,35.0902897],[-85.7497365,35.0902851],[-85.7496521,35.090266],[-85.7495733,35.0902265],[-85.7495735,35.0901137],[-85.7496357,35.0898856],[-85.7496344,35.0896761],[-85.7496125,35.0894983],[-85.7496163,35.0894739],[-85.7493599,35.0895082],[-85.749134,35.0895367],[-85.7489614,35.0895741],[-85.7488644,35.0896211],[-85.7488127,35.0896697],[-85.74877,35.0897256],[-85.7486712,35.0898273],[-85.7485299,35.0898914],[-85.7483586,35.0899208],[-85.7481395,35.0899207],[-85.7480026,35.0899007],[-85.7479327,35.090379],[-85.7481643,35.0903748],[-85.7482536,35.0907245],[-85.748236,35.0907262],[-85.7482568,35.0907266],[-85.748251,35.0907163],[-85.7482777,35.090723],[-85.7482563,35.0907081],[-85.7482506,35.0907176],[-85.7482256,35.090724]]},"properties":{"id":"synthetic_user_054","kind":"synthetic_activity_track","track_name":"Synthetic Saturday 054 - osm spine runner","persona":"osm_spine_runner","source_type":"synthetic_activity_gpx","synthetic":true,"start_anchor":"#pavilion","start_local":"2026-05-23T13:37:22-05:00","end_local":"2026-05-23T14:55:58-05:00","duration_minutes":78.6,"distance_m":2067.2,"osm_track_m":1866.8,"osm_route_count":3,"osm_way_ids":[1215497664,1215497665,1215497666,1215497682,1215497683],"point_count":115,"visited_anchors":["#osm-main-spine-west","#pavilion","#photo-waypoint"],"review_status":"synthetic Saturday simulation; not field evidence"}},{"type":"Feature","geometry":{"type":"LineString","coordinates":[[-85.748253,35.0907284],[-85.7482315,35.0907374],[-85.7482469,35.0907342],[-85.7482455,35.0907203],[-85.7482575,35.0907162],[-85.7482413,35.0907118],[-85.7482539,35.0907448],[-85.7482336,35.0907147],[-85.7482587,35.090716],[-85.7482653,35.090724],[-85.7478817,35.0907618],[-85.7478416,35.091158],[-85.7481703,35.0911674],[-85.7487135,35.0912238],[-85.7489488,35.0912776],[-85.7492054,35.0914318],[-85.7493018,35.0914959],[-85.7491883,35.0917142],[-85.7490408,35.0918761],[-85.7488942,35.091973],[-85.7486727,35.0919818],[-85.7483656,35.0919318],[-85.7481648,35.0919075],[-85.7479233,35.0918999],[-85.747636,35.0919425],[-85.7471885,35.0920482],[-85.7470949,35.0920942],[-85.7469829,35.0923067],[-85.7469963,35.0922987],[-85.7469878,35.0923163],[-85.7469977,35.0923035],[-85.747005,35.0922887],[-85.7470199,35.0922802],[-85.7469896,35.0922978],[-85.7469504,35.0923269],[-85.7470045,35.0923056],[-85.746991,35.0923082],[-85.7469982,35.0923097],[-85.7470039,35.0923087],[-85.7470031,35.0922871],[-85.7470135,35.0922748],[-85.7470726,35.0922294],[-85.7471171,35.0922691],[-85.7470812,35.0922712],[-85.7471222,35.092186],[-85.7471821,35.0921873],[-85.7471196,35.0921948],[-85.7470463,35.0921106],[-85.7470165,35.0921022],[-85.7469189,35.0921341],[-85.7468975,35.0921734],[-85.7468283,35.0922299],[-85.7467822,35.0922272],[-85.7467459,35.0922412],[-85.7467308,35.0923001],[-85.7466331,35.0923318],[-85.7466005,35.0924131],[-85.7465885,35.0924417],[-85.7465111,35.0924339],[-85.7465704,35.0924202],[-85.7466302,35.0923807],[-85.7465341,35.092373],[-85.7464455,35.0923821],[-85.7464422,35.0923454],[-85.7463659,35.0923072],[-85.7462311,35.0923776],[-85.7461469,35.0923965],[-85.7459366,35.0925043],[-85.7458311,35.0925342],[-85.7458228,35.0926331],[-85.7458415,35.0926867],[-85.7458233,35.092712],[-85.7456383,35.0927594],[-85.745519,35.0928529],[-85.7454704,35.092893],[-85.7454541,35.0929484],[-85.7454823,35.0930787],[-85.7454437,35.0931385],[-85.7453656,35.0932424],[-85.7453417,35.0933904],[-85.7452669,35.0934429],[-85.7451694,35.0934044],[-85.745102,35.0935381],[-85.7450698,35.0936361],[-85.7450041,35.0937146],[-85.7449659,35.0938027],[-85.7448621,35.0938733],[-85.744861,35.0939144],[-85.7448238,35.0939648],[-85.7447797,35.0940093],[-85.7447544,35.0940778],[-85.7446976,35.0942195],[-85.7447025,35.094267],[-85.7446187,35.0943632],[-85.7445619,35.0944173],[-85.7445082,35.0944653],[-85.7444593,35.09451],[-85.7444215,35.094597],[-85.7444108,35.0947228],[-85.7443696,35.0947591],[-85.7443223,35.0947878],[-85.7443416,35.0948436],[-85.7443209,35.0948817],[-85.7442879,35.0949698],[-85.7442061,35.095102],[-85.7441692,35.0952167],[-85.7440993,35.0952649],[-85.7441262,35.0953516],[-85.7441376,35.0953938],[-85.74413,35.0954493],[-85.7441497,35.095477],[-85.7441577,35.0955441],[-85.7441289,35.0955687],[-85.7440801,35.0956099],[-85.74406,35.0956461],[-85.7440141,35.0956736],[-85.7439806,35.0957591],[-85.7439598,35.0957829],[-85.743962,35.095824],[-85.7439285,35.0958426],[-85.7438691,35.0959717],[-85.74386,35.0960928],[-85.7438709,35.0961849],[-85.7437956,35.0963831],[-85.743824,35.0965051],[-85.7438112,35.0965762],[-85.7437876,35.0966145],[-85.7437818,35.0966763],[-85.7437712,35.0967158],[-85.7437759,35.0967684],[-85.7437717,35.0968459],[-85.743764,35.0968802],[-85.7437132,35.0969241],[-85.7437437,35.0969854],[-85.7437431,35.0970299],[-85.7436919,35.0970894],[-85.7436925,35.0972298],[-85.7437404,35.0974035],[-85.7437687,35.0974674],[-85.7438185,35.0975192],[-85.7438441,35.097563],[-85.7438441,35.0976104],[-85.7438316,35.0976992],[-85.7438552,35.0978386],[-85.7439248,35.0979156],[-85.7439045,35.0979684],[-85.7439544,35.097924],[-85.7438798,35.0979134],[-85.7438884,35.0978948],[-85.7440061,35.0978806],[-85.7440009,35.0979021],[-85.7439421,35.0978845],[-85.7440323,35.0978733],[-85.7440999,35.0979518],[-85.7440741,35.0979301],[-85.7439858,35.0979442],[-85.7440241,35.0979589],[-85.7439815,35.0979527],[-85.7439961,35.0979476],[-85.7440128,35.0979373],[-85.7440478,35.0979375],[-85.7440025,35.0979599],[-85.7440861,35.0979508],[-85.7439122,35.0979559],[-85.7440243,35.0979598],[-85.7440084,35.097959],[-85.7439943,35.0979464],[-85.7440152,35.0979476],[-85.7440492,35.097943],[-85.7440847,35.0979452],[-85.7439983,35.0979474],[-85.743914,35.0979634],[-85.7439486,35.0979617],[-85.7440068,35.0979525],[-85.7439922,35.0979574],[-85.7440488,35.0979416],[-85.7440841,35.0979427],[-85.7439166,35.0979744],[-85.7439453,35.0979478],[-85.7439914,35.0979491],[-85.7439833,35.0979605],[-85.7439909,35.0979518],[-85.7439914,35.0979547],[-85.7439776,35.097962],[-85.7440188,35.0979354],[-85.7440591,35.0979654],[-85.7439703,35.0980045],[-85.7439449,35.0981118],[-85.7438835,35.0981527],[-85.7438623,35.098256],[-85.7438965,35.0984378],[-85.743943,35.0985085],[-85.7439182,35.09854],[-85.7439613,35.0985219],[-85.7439441,35.0985478],[-85.7439552,35.0985311],[-85.7439536,35.0985224],[-85.7439767,35.0985058],[-85.7440023,35.098491],[-85.7439465,35.0985397],[-85.7438966,35.09858],[-85.7439556,35.0985182],[-85.7439553,35.0985584],[-85.74394,35.0985869],[-85.7439715,35.0985402],[-85.743922,35.0985411],[-85.7439332,35.0985039],[-85.7439085,35.0984348],[-85.7438644,35.0982514],[-85.7438907,35.0981408],[-85.7439526,35.0981065],[-85.7439604,35.0979953],[-85.7440594,35.0979677],[-85.7440159,35.0979353],[-85.7439807,35.0979421],[-85.7440657,35.097933],[-85.7440973,35.0979543],[-85.7440425,35.0978836],[-85.7439574,35.0978814],[-85.7440156,35.0979046],[-85.7440103,35.0978871],[-85.7439039,35.0978919],[-85.7438666,35.0979204],[-85.7439539,35.0979148],[-85.7439103,35.0979637],[-85.7439288,35.0979075],[-85.7438551,35.0978447],[-85.7438322,35.0977109],[-85.7438584,35.0976184],[-85.7438556,35.0975651],[-85.7438206,35.0975216],[-85.7437719,35.0974673],[-85.7437362,35.0974056],[-85.7436889,35.0972171],[-85.7436943,35.097092],[-85.7437318,35.0970268],[-85.7437403,35.0969758],[-85.7437085,35.0969129],[-85.7437632,35.0968789],[-85.7437893,35.0968454],[-85.7437801,35.096778],[-85.7437646,35.0967132],[-85.7437783,35.0966695],[-85.7437885,35.0966079],[-85.7438095,35.0965837],[-85.7438302,35.0965127],[-85.7438021,35.0963721],[-85.7438699,35.0961797],[-85.7438561,35.0960831],[-85.7438823,35.0959734],[-85.7439268,35.0958546],[-85.7439635,35.0958217],[-85.743959,35.0957757],[-85.7439878,35.0957533],[-85.7440171,35.0956664],[-85.7440488,35.0956469],[-85.7440702,35.0956095],[-85.7441298,35.0955758],[-85.744151,35.0955464],[-85.7441474,35.0954843],[-85.7441325,35.0954424],[-85.7441292,35.0953881],[-85.7441172,35.0953599],[-85.7440988,35.0952719],[-85.744153,35.0952189],[-85.7442138,35.0950949],[-85.7442988,35.0949689],[-85.7443359,35.0948862],[-85.7443362,35.094847],[-85.7443238,35.0947797],[-85.74438,35.094751],[-85.7443971,35.0947183],[-85.7444234,35.0945931],[-85.7444569,35.0945118],[-85.7445223,35.0944702],[-85.7445462,35.0944177],[-85.7446102,35.0943621],[-85.7447002,35.0942665],[-85.7446977,35.0942049],[-85.7447714,35.0940756],[-85.7447771,35.0940191],[-85.7448261,35.0939792],[-85.7448624,35.0939139],[-85.7448757,35.0938799],[-85.7449552,35.0938058],[-85.7450081,35.0937209],[-85.7450592,35.0936354],[-85.7450984,35.0935368],[-85.745175,35.0934033],[-85.7452537,35.0934384],[-85.7453435,35.0933832],[-85.7453724,35.0932463],[-85.7454483,35.0931498],[-85.7454721,35.0930829],[-85.7454585,35.092953],[-85.7454834,35.0928875],[-85.7455186,35.0928439],[-85.7456517,35.0927526],[-85.7458079,35.0927173],[-85.7458315,35.0926767],[-85.7458161,35.0926306],[-85.7458335,35.0925275],[-85.745923,35.0925036],[-85.7461411,35.0923892],[-85.7462242,35.0923888],[-85.746371,35.0923186],[-85.7464482,35.0923564],[-85.7464495,35.0923871],[-85.7465398,35.0923688],[-85.7466395,35.0923811],[-85.7465766,35.0924191],[-85.7464997,35.0924419],[-85.7465834,35.0924279],[-85.7466021,35.0924056],[-85.7466304,35.0923314],[-85.7467169,35.0922911],[-85.7467554,35.0922478],[-85.7467803,35.0922334],[-85.7468393,35.0922288],[-85.7469041,35.0921699],[-85.7469278,35.0921304],[-85.7470137,35.0920949],[-85.7470436,35.0921126],[-85.7471244,35.0922003],[-85.7471787,35.0921806],[-85.7471097,35.0921838],[-85.7470819,35.0922727],[-85.7471093,35.0922648],[-85.7470626,35.0922283],[-85.7470274,35.0922745],[-85.7469564,35.0922909],[-85.7470244,35.0923594],[-85.7470094,35.0923235],[-85.7469644,35.0923031],[-85.7470024,35.0922972],[-85.7470697,35.0923361],[-85.7470417,35.0923185],[-85.7469381,35.092166],[-85.7469233,35.092099],[-85.7470047,35.0920502],[-85.7471463,35.0920094],[-85.7472161,35.0919495],[-85.7473527,35.0919301],[-85.7475017,35.0918979],[-85.7476673,35.0918547],[-85.747722,35.0918411],[-85.7477301,35.0918325],[-85.7478124,35.0918588],[-85.7478938,35.0918582],[-85.7480241,35.0918487],[-85.7480847,35.0918747],[-85.748127,35.0918453],[-85.7481778,35.0918543],[-85.7482399,35.0918494],[-85.7482968,35.0918744],[-85.748392,35.0918662],[-85.748459,35.0919026],[-85.7485822,35.0919347],[-85.7486658,35.0919236],[-85.7487322,35.0919143],[-85.7488114,35.0919369],[-85.7488961,35.0919964],[-85.7489104,35.0920283],[-85.7489825,35.0920745],[-85.7492743,35.0919334],[-85.7494133,35.0919361],[-85.7494588,35.0919587],[-85.7495245,35.0919553],[-85.7496207,35.0919923],[-85.7496929,35.0920047],[-85.7497131,35.0920007],[-85.7497402,35.0919765],[-85.7497917,35.0919564],[-85.7498376,35.0919636],[-85.749976,35.0919598],[-85.7499943,35.0919904],[-85.750118,35.0920125],[-85.7501589,35.0920065],[-85.7502238,35.0919611],[-85.750291,35.0919567],[-85.7503275,35.0919412],[-85.7503471,35.0918842],[-85.7503837,35.0918737],[-85.7504344,35.09183],[-85.7504728,35.0918085],[-85.7506335,35.0918422],[-85.7507184,35.0918763],[-85.7507667,35.0918671],[-85.7508298,35.0918347],[-85.7508761,35.0918353],[-85.7510342,35.0918925],[-85.7511137,35.0919137],[-85.7511298,35.0919549],[-85.7511172,35.0920566],[-85.7512243,35.0921249],[-85.7512716,35.0921218],[-85.7511466,35.0920545],[-85.7511296,35.0920095],[-85.751189,35.0919963],[-85.751217,35.0919411],[-85.7512933,35.0920314],[-85.7512808,35.091992],[-85.7513355,35.0919271],[-85.7513429,35.0918772],[-85.7513067,35.0918235],[-85.7512877,35.0917516],[-85.7513461,35.0916938],[-85.7513588,35.0916383],[-85.7514129,35.0916466],[-85.7514299,35.0916204],[-85.7514898,35.0915874],[-85.7515297,35.0915363],[-85.7515952,35.0915081],[-85.7516901,35.0915382],[-85.7516855,35.0916224],[-85.7516591,35.0916407],[-85.7516125,35.091623],[-85.7515912,35.0916287],[-85.7514986,35.0916916],[-85.7514145,35.0916887],[-85.7514081,35.0917085],[-85.75136,35.09175],[-85.7514,35.0917754],[-85.7514351,35.0917723],[-85.7514658,35.0917673],[-85.7515043,35.0917885],[-85.7514977,35.0919119],[-85.7515158,35.0919944],[-85.7515525,35.0919423],[-85.7515062,35.0919166],[-85.7514786,35.0919266],[-85.7514869,35.0919147],[-85.7514702,35.0919497],[-85.7514799,35.0919449],[-85.7514642,35.0919169],[-85.7514943,35.0919464],[-85.7514856,35.0919535],[-85.7514719,35.091931],[-85.7512746,35.0919983],[-85.7507118,35.0919439],[-85.7500373,35.0918899],[-85.7498088,35.0917441],[-85.7496612,35.0916266],[-85.7493783,35.0915435],[-85.7493002,35.0914948],[-85.7492065,35.0914375],[-85.7489463,35.0912768],[-85.7487147,35.0912171],[-85.7481651,35.0911678],[-85.7478379,35.091161],[-85.7478821,35.0907616],[-85.747932,35.0903823],[-85.7481626,35.0903722],[-85.7482469,35.0907228],[-85.748276,35.0907169],[-85.7482519,35.090727],[-85.7482285,35.0907129],[-85.7482353,35.0907085],[-85.7482366,35.0907384],[-85.748265,35.0907117],[-85.7482769,35.0907279],[-85.7482426,35.0907229],[-85.7482615,35.0907412],[-85.7482777,35.090727],[-85.7482393,35.0907153],[-85.7482787,35.0907305],[-85.7482311,35.0907161]]},"properties":{"id":"synthetic_user_055","kind":"synthetic_activity_track","track_name":"Synthetic Saturday 055 - north crawl","persona":"north_crawl","source_type":"synthetic_activity_gpx","synthetic":true,"start_anchor":"#pavilion","start_local":"2026-05-23T14:06:17-05:00","end_local":"2026-05-23T16:25:52-05:00","duration_minutes":139.6,"distance_m":4149.1,"osm_track_m":845.3,"osm_route_count":2,"osm_way_ids":[1215497663,1215497664,1215497666,1215497668,1215497683],"point_count":467,"visited_anchors":["#night-checkpoint","#north-technical","#observed-trailhead","#pavilion","#upper-ledges"],"review_status":"synthetic Saturday simulation; not field evidence"}},{"type":"Feature","geometry":{"type":"LineString","coordinates":[[-85.7482594,35.0907306],[-85.7482668,35.0907263],[-85.7482359,35.0907396],[-85.7482584,35.0907171],[-85.7482534,35.0907067],[-85.748235,35.0907127],[-85.7482398,35.0907283],[-85.7482505,35.0907259],[-85.7482618,35.0907321],[-85.7482462,35.0907333],[-85.7482357,35.0907402],[-85.7482648,35.0907271],[-85.7482696,35.0907309],[-85.7478783,35.0907578],[-85.747835,35.0911576],[-85.7481687,35.0911666],[-85.7487178,35.0912217],[-85.7489461,35.0912737],[-85.7487642,35.0915587],[-85.7487534,35.0915611],[-85.7487602,35.0915567],[-85.7487638,35.0915675],[-85.7487503,35.0915585],[-85.7487696,35.0915575],[-85.7489469,35.0912753],[-85.7492048,35.0914373],[-85.7493008,35.0914893],[-85.7493359,35.0913215],[-85.7492907,35.0912276],[-85.7491934,35.0909868],[-85.7491624,35.090853],[-85.7491866,35.0906502],[-85.7492531,35.0905075],[-85.7494263,35.0902848],[-85.7494907,35.0902367],[-85.7495733,35.0902278],[-85.7496534,35.0902721],[-85.7497369,35.0902867],[-85.7498638,35.0902856],[-85.7500146,35.0902428],[-85.7504096,35.0901202],[-85.7504488,35.0901152],[-85.7506447,35.0900932],[-85.7507943,35.0900869],[-85.7509449,35.0901324],[-85.7512082,35.0902611],[-85.7512572,35.0902767],[-85.7513686,35.0903099],[-85.7517555,35.0903958],[-85.7518695,35.0904034],[-85.7519469,35.0904088],[-85.7521113,35.0904291],[-85.7524712,35.0904441],[-85.752793,35.0904611],[-85.7530788,35.0905059],[-85.7533553,35.0906213],[-85.7535004,35.0906999],[-85.7536675,35.0907888],[-85.7539596,35.090978],[-85.7543428,35.0912077],[-85.7544813,35.0912855],[-85.7551902,35.0917172],[-85.7555879,35.0919235],[-85.7555982,35.0919317],[-85.7555799,35.0919127],[-85.7555934,35.0919325],[-85.7555894,35.0919262],[-85.7556194,35.0919307],[-85.7556383,35.0919412],[-85.755539,35.0918971],[-85.7555824,35.0919242],[-85.7556213,35.0920165],[-85.7557218,35.0921641],[-85.756007,35.0925794],[-85.7562805,35.0929719],[-85.7564503,35.0932198],[-85.756492,35.0932385],[-85.7565619,35.0933245],[-85.7566046,35.093366],[-85.7567172,35.0934601],[-85.7568748,35.0935896],[-85.7569339,35.0936795],[-85.7569646,35.0938551],[-85.756978,35.094136],[-85.75692,35.0943545],[-85.7568918,35.094539],[-85.7568874,35.0947128],[-85.7569049,35.0948253],[-85.7568842,35.0949761],[-85.7568283,35.0951497],[-85.756735,35.0952679],[-85.7566137,35.095341],[-85.7565665,35.095373],[-85.7561966,35.0956226],[-85.756068,35.0956917],[-85.7559732,35.0957618],[-85.7559058,35.0958019],[-85.7557519,35.0959032],[-85.7553529,35.0960942],[-85.7551078,35.0961512],[-85.7551625,35.0962174],[-85.7551926,35.0963429],[-85.7551403,35.0964041],[-85.7550744,35.0965168],[-85.7550663,35.096631],[-85.7550487,35.0966737],[-85.7550184,35.0967747],[-85.7550091,35.096885],[-85.7548809,35.0970554],[-85.754779,35.0971109],[-85.7547604,35.0971193],[-85.7547862,35.0971083],[-85.7547653,35.0971012],[-85.7547789,35.0971141],[-85.7547437,35.0971051],[-85.7547218,35.0971124],[-85.7547852,35.0971032],[-85.7548285,35.0971138],[-85.7547688,35.0971098],[-85.7547604,35.0971192],[-85.7547704,35.0971129],[-85.7547651,35.0971042],[-85.7547436,35.0971067],[-85.7547799,35.0971064],[-85.7547723,35.0971107],[-85.7546722,35.0970712],[-85.7545293,35.096994],[-85.7544458,35.0968833],[-85.7543676,35.0967924],[-85.7543253,35.0966616],[-85.7542798,35.0965747],[-85.7542524,35.0964549],[-85.7542294,35.0963541],[-85.7542238,35.0962884],[-85.7541777,35.0962278],[-85.7541158,35.0961774],[-85.7539816,35.0962332],[-85.7537995,35.0962541],[-85.7536284,35.096272],[-85.7532911,35.0962192],[-85.7529458,35.0961084],[-85.7527563,35.096047],[-85.7522254,35.095813],[-85.7520744,35.0957547],[-85.752151,35.0956599],[-85.7522807,35.0956468],[-85.7524007,35.0956178],[-85.7524204,35.0955157],[-85.7524802,35.0954208],[-85.7525502,35.0952578],[-85.7525844,35.0951007],[-85.7525962,35.0949033],[-85.7526033,35.0946633],[-85.752575,35.0945311],[-85.7524993,35.0943968],[-85.7523683,35.0942808],[-85.7521536,35.0942276],[-85.7519679,35.0942222],[-85.7517714,35.0942819],[-85.7515612,35.0942851],[-85.7512209,35.0943095],[-85.7511403,35.0942797],[-85.7510539,35.0942107],[-85.7509798,35.0940614],[-85.7509479,35.0940019],[-85.7509654,35.0939048],[-85.7509862,35.0938113],[-85.750922,35.0936582],[-85.7508385,35.093549],[-85.7508063,35.0935199],[-85.7505549,35.0932893],[-85.7503921,35.0931306],[-85.7503091,35.0930076],[-85.7502803,35.0929291],[-85.7502575,35.0928611],[-85.7503061,35.0926694],[-85.7504084,35.092491],[-85.7504648,35.0923497],[-85.7504455,35.092215],[-85.7503639,35.0921059],[-85.7503487,35.0920838],[-85.7502637,35.0919993],[-85.7500346,35.0918907],[-85.7498154,35.0917486],[-85.749668,35.091624],[-85.7493844,35.0915426],[-85.7492949,35.0914925],[-85.7492043,35.0914375],[-85.7489437,35.0912775],[-85.7487143,35.09122],[-85.7481689,35.0911655],[-85.7478402,35.0911583],[-85.7478805,35.0907589],[-85.7479373,35.0903842],[-85.7481632,35.0903769],[-85.7482542,35.090724],[-85.7482708,35.0907166],[-85.748257,35.0907067],[-85.748248,35.0907071],[-85.7482592,35.0907094]]},"properties":{"id":"synthetic_user_056","kind":"synthetic_activity_track","track_name":"Synthetic Saturday 056 - osm spine runner","persona":"osm_spine_runner","source_type":"synthetic_activity_gpx","synthetic":true,"start_anchor":"#pavilion","start_local":"2026-05-23T14:08:02-05:00","end_local":"2026-05-23T16:03:29-05:00","duration_minutes":115.4,"distance_m":3191.0,"osm_track_m":2801.8,"osm_route_count":4,"osm_way_ids":[1215497663,1215497664,1215497666,1215497670,1215497671,1215497672,1215497683,1215497700,1215497704,1215497705],"point_count":200,"visited_anchors":["#osm-main-spine-west","#osm-north-loop","#pavilion","#photo-waypoint"],"review_status":"synthetic Saturday simulation; not field evidence"}},{"type":"Feature","geometry":{"type":"LineString","coordinates":[[-85.7482544,35.0907356],[-85.7482552,35.0907188],[-85.748237,35.0907193],[-85.7482409,35.0907279],[-85.7482409,35.0907343],[-85.7478806,35.0907617],[-85.747834,35.0911559],[-85.7481706,35.0911664],[-85.7487139,35.091218],[-85.7489477,35.0912786],[-85.7487564,35.0915593],[-85.748948,35.0912767],[-85.7492024,35.0914367],[-85.7492976,35.0914934],[-85.7491878,35.0917117],[-85.7490478,35.0918705],[-85.7488997,35.0919749],[-85.7486642,35.0919829],[-85.7483682,35.0919314],[-85.7481649,35.0919083],[-85.7479233,35.0919016],[-85.74763,35.0919389],[-85.7471873,35.0920441],[-85.747095,35.0920947],[-85.7469878,35.0923084],[-85.7469985,35.0923095],[-85.7469786,35.0923078],[-85.7469958,35.0923076],[-85.7470122,35.0923123],[-85.7470305,35.0923061],[-85.7469446,35.0923059],[-85.7469994,35.0923046],[-85.7469902,35.0923098],[-85.7469927,35.0922987],[-85.7469954,35.092306],[-85.7469966,35.0923037],[-85.7470137,35.0923041],[-85.7470295,35.0923117],[-85.7469456,35.0923004],[-85.7469615,35.0923072],[-85.7469959,35.0923093],[-85.7469905,35.0923107],[-85.746984,35.092304],[-85.7470142,35.0923011],[-85.7470299,35.0923092],[-85.7469449,35.092304],[-85.7469619,35.0923052],[-85.7469871,35.0923032],[-85.7469785,35.0923081],[-85.7469833,35.0923081],[-85.7469808,35.0922983],[-85.7469644,35.0923043],[-85.7469986,35.0923218],[-85.7470429,35.0923578],[-85.7469656,35.0922978],[-85.7470254,35.0922696],[-85.7470663,35.092243],[-85.7471104,35.0922722],[-85.7470721,35.0922685],[-85.7471219,35.0921709],[-85.7471808,35.0921902],[-85.7471203,35.0922045],[-85.7470475,35.0921142],[-85.7470221,35.0921044],[-85.7469243,35.0921413],[-85.7469035,35.092173],[-85.7468228,35.0922271],[-85.7467774,35.0922226],[-85.7467524,35.0922509],[-85.7467119,35.0922983],[-85.7466339,35.0923296],[-85.746614,35.0924091],[-85.7465968,35.0924359],[-85.746512,35.0924404],[-85.7465697,35.0924268],[-85.7466273,35.0923823],[-85.7465323,35.0923651],[-85.7464443,35.0923961],[-85.7464518,35.0923455],[-85.7463577,35.0923099],[-85.746218,35.0923843],[-85.7461487,35.0923915],[-85.745936,35.0925026],[-85.745839,35.0925386],[-85.7458283,35.0926391],[-85.7458284,35.0926757],[-85.745813,35.0927128],[-85.7456541,35.0927651],[-85.7455152,35.0928597],[-85.7454789,35.0928907],[-85.745453,35.0929466],[-85.7454655,35.0930851],[-85.7454587,35.0931435],[-85.7453782,35.0932399],[-85.7453418,35.0933896],[-85.745262,35.0934352],[-85.745173,35.0934097],[-85.7450962,35.0935378],[-85.7450764,35.0936293],[-85.7449943,35.0937249],[-85.7449667,35.093804],[-85.7448785,35.0938731],[-85.7448591,35.093914],[-85.7448293,35.0939788],[-85.7447792,35.0940182],[-85.7447545,35.0940735],[-85.7446876,35.0942067],[-85.7446827,35.0942667],[-85.7446147,35.0943719],[-85.7445429,35.094416],[-85.744519,35.0944735],[-85.7444704,35.0945053],[-85.7444106,35.0945995],[-85.7443975,35.0947172],[-85.7443696,35.094758],[-85.7443164,35.0947786],[-85.7443313,35.0948408],[-85.7443309,35.0948754],[-85.7442923,35.0949787],[-85.7442225,35.0950943],[-85.7441526,35.0952138],[-85.7441033,35.0952706],[-85.744113,35.0953584],[-85.7441375,35.0953905],[-85.7441459,35.0954516],[-85.7441585,35.0954864],[-85.7441517,35.095538],[-85.7441353,35.0955727],[-85.7440673,35.0956163],[-85.744065,35.0956506],[-85.7440103,35.0956741],[-85.7439789,35.0957576],[-85.7439511,35.0957855],[-85.7439561,35.0958291],[-85.743931,35.0958519],[-85.7438699,35.095976],[-85.7438723,35.0960881],[-85.7438675,35.096182],[-85.7438027,35.0963753],[-85.7438297,35.0965155],[-85.743827,35.0965819],[-85.7438056,35.0966132],[-85.7437913,35.0966765],[-85.7437678,35.0967079],[-85.743782,35.096776],[-85.7437781,35.0968508],[-85.7437593,35.0968732],[-85.7437208,35.0969133],[-85.7437407,35.0969743],[-85.7437297,35.0970298],[-85.7437052,35.0970958],[-85.7437044,35.0972181],[-85.7437335,35.0974027],[-85.7437632,35.0974675],[-85.7438227,35.0975242],[-85.7438424,35.0975678],[-85.7438438,35.0976122],[-85.7438294,35.0977003],[-85.7438517,35.0978365],[-85.7439423,35.0979139],[-85.7439123,35.0979787],[-85.7439481,35.0979244],[-85.7438711,35.0979216],[-85.7438897,35.0978897],[-85.7440075,35.0978825],[-85.7440091,35.0978924],[-85.7439425,35.0978864],[-85.7440343,35.0978746],[-85.7440856,35.0979493],[-85.7440699,35.0979305],[-85.7439844,35.0979389],[-85.7440074,35.0979256],[-85.7440509,35.097966],[-85.7439634,35.0979983],[-85.743943,35.098112],[-85.7438921,35.0981476],[-85.7438766,35.0982536],[-85.7438968,35.0984349],[-85.7439462,35.0984986],[-85.7439323,35.0985302],[-85.7439617,35.0985399],[-85.7439538,35.0985856],[-85.7439604,35.0985519],[-85.7439501,35.0985047],[-85.7439718,35.0984653],[-85.7439547,35.0983386],[-85.7439682,35.098279],[-85.7439795,35.0981359],[-85.7440246,35.0980558],[-85.7440357,35.0979631],[-85.7440114,35.0979345],[-85.7440046,35.0978714],[-85.7439839,35.0978244],[-85.7439481,35.0977985],[-85.7439075,35.0977159],[-85.743921,35.0976316],[-85.743961,35.0975911],[-85.7439936,35.0975067],[-85.7439708,35.0974659],[-85.7438849,35.0974087],[-85.7438535,35.0973617],[-85.7438418,35.0972995],[-85.743814,35.0972078],[-85.7438341,35.097145],[-85.7438294,35.0969774],[-85.7438408,35.096943],[-85.7438574,35.0968436],[-85.7438873,35.0968255],[-85.7438895,35.0967761],[-85.743892,35.0967212],[-85.7438915,35.0966145],[-85.7438887,35.0965565],[-85.743902,35.0964888],[-85.7438792,35.0963865],[-85.7438946,35.0962555],[-85.7439199,35.0962097],[-85.7439823,35.0961842],[-85.7439681,35.0961081],[-85.7439865,35.0960598],[-85.7440088,35.0960339],[-85.7440057,35.0959884],[-85.744018,35.095952],[-85.7439741,35.0958755],[-85.7439902,35.0958537],[-85.7440004,35.0957926],[-85.7440619,35.0956921],[-85.7441049,35.0956751],[-85.7441879,35.0955346],[-85.7442213,35.0955264],[-85.7442423,35.0955026],[-85.744218,35.0954091],[-85.7442403,35.0953797],[-85.7441943,35.0952439],[-85.7442389,35.0951422],[-85.7443204,35.0950268],[-85.7443522,35.0949678],[-85.7443698,35.0948902],[-85.7444105,35.0948593],[-85.7444223,35.0947923],[-85.7444546,35.0947372],[-85.7444465,35.0946948],[-85.7445145,35.0945624],[-85.7445297,35.0945001],[-85.7445555,35.0944077],[-85.7445941,35.0943745],[-85.7446436,35.0943312],[-85.7447414,35.094181],[-85.74476,35.0940983],[-85.7447781,35.0941033],[-85.744825,35.0940741],[-85.7447857,35.0940694],[-85.7448008,35.0940521],[-85.7447866,35.0940622],[-85.7447583,35.0940745],[-85.7446978,35.0942114],[-85.744685,35.0942677],[-85.7446042,35.0943707],[-85.7445521,35.0944177],[-85.7445141,35.0944608],[-85.7444593,35.094505],[-85.7444196,35.0945941],[-85.7444076,35.0947225],[-85.7443753,35.0947451],[-85.7443319,35.0947836],[-85.7443299,35.0948508],[-85.7443315,35.0948833],[-85.7443,35.0949749],[-85.7442059,35.0951006],[-85.7441578,35.0952083],[-85.7440982,35.0952595],[-85.7441259,35.0953602],[-85.7441349,35.0953801],[-85.7441371,35.0954532],[-85.74415,35.0954847],[-85.7441518,35.0955405],[-85.744136,35.0955806],[-85.7440664,35.0956126],[-85.7440584,35.0956531],[-85.7440068,35.0956717],[-85.7439864,35.0957468],[-85.7439547,35.0957768],[-85.7439609,35.0958205],[-85.7439174,35.0958556],[-85.7438784,35.0959632],[-85.7438701,35.0960889],[-85.7438718,35.0961866],[-85.7437965,35.0963803],[-85.7438249,35.0965195],[-85.7438149,35.0965888],[-85.7437977,35.0966211],[-85.7437857,35.0966785],[-85.7437618,35.0967033],[-85.7437833,35.0967825],[-85.7437723,35.0968438],[-85.7437543,35.0968748],[-85.743707,35.0969162],[-85.7437428,35.0969908],[-85.7437443,35.0970245],[-85.7437054,35.0970975],[-85.7436995,35.0972219],[-85.74374,35.0974037],[-85.7437603,35.0974769],[-85.7438084,35.0975149],[-85.7438567,35.0975658],[-85.7438613,35.0976114],[-85.7438317,35.0977016],[-85.7438534,35.0978413],[-85.7439385,35.0979166],[-85.7439016,35.0979731],[-85.7439611,35.0979154],[-85.7438771,35.0979188],[-85.7438914,35.0978961],[-85.7440041,35.0978882],[-85.7440129,35.0979047],[-85.7439604,35.0978882],[-85.7440321,35.0978843],[-85.7440865,35.0979578],[-85.7440688,35.0979206],[-85.7439865,35.0979557],[-85.744002,35.0979329],[-85.7440556,35.0979546],[-85.7439612,35.0980094],[-85.7439456,35.0980987],[-85.7438919,35.0981487],[-85.7438684,35.0982605],[-85.7439079,35.0984251],[-85.7439441,35.0984972],[-85.7439198,35.0985333],[-85.7439602,35.0985495],[-85.7439575,35.098579],[-85.7439636,35.0985507],[-85.743958,35.0985105],[-85.7439677,35.0984569],[-85.7439597,35.0983372],[-85.7439719,35.0982859],[-85.7439729,35.0981408],[-85.7440196,35.0980462],[-85.7440317,35.0979538],[-85.744017,35.0979244],[-85.7440175,35.09788],[-85.7439782,35.0978223],[-85.7439452,35.0978099],[-85.7439204,35.0977161],[-85.7439276,35.0976408],[-85.7439501,35.0975917],[-85.7439893,35.0975032],[-85.743973,35.0974595],[-85.7438844,35.0973999],[-85.7438527,35.0973571],[-85.7438561,35.0972883],[-85.7438053,35.0972021],[-85.7438368,35.0971426],[-85.7438269,35.0969668],[-85.7438417,35.096935],[-85.743846,35.0968511],[-85.7438783,35.096832],[-85.7439015,35.0967817],[-85.7438908,35.096717],[-85.7439065,35.0966111],[-85.7438885,35.096571],[-85.7438917,35.0964859],[-85.7438807,35.0963881],[-85.7438909,35.0962694],[-85.7439298,35.0962075],[-85.7439742,35.09619],[-85.7439745,35.0961021],[-85.7439927,35.096062],[-85.744004,35.0960411],[-85.7440072,35.0959898],[-85.7440182,35.0959495],[-85.7439771,35.0958853],[-85.7439919,35.0958384],[-85.7439882,35.0957892],[-85.7440592,35.0956878],[-85.7440911,35.095677],[-85.7441981,35.0955326],[-85.74422,35.0955253],[-85.7442502,35.095509],[-85.7442182,35.0954131],[-85.7442354,35.0953782],[-85.7441944,35.0952508],[-85.7442443,35.095131],[-85.7443222,35.0950298],[-85.7443645,35.0949599],[-85.744383,35.0948957],[-85.7444141,35.0948476],[-85.7444276,35.0947844],[-85.7444525,35.0947385],[-85.7444523,35.0946917],[-85.7445197,35.0945595],[-85.7445241,35.0944876],[-85.7445524,35.0944013],[-85.7445984,35.0943735],[-85.7446422,35.0943296],[-85.7447389,35.0941772],[-85.744768,35.0941061],[-85.7447948,35.0941089],[-85.7448318,35.0940757],[-85.7448413,35.0939684],[-85.7449132,35.0938904],[-85.7449193,35.0938391],[-85.7449448,35.0937861],[-85.7449988,35.0936533],[-85.7450554,35.093641],[-85.7452006,35.0934469],[-85.7452493,35.0934243],[-85.745317,35.0933998],[-85.7454072,35.0933403],[-85.7454314,35.0931938],[-85.7454869,35.0931402],[-85.7455263,35.0929985],[-85.7455073,35.0928996],[-85.7455192,35.0928673],[-85.7456047,35.092803],[-85.7456681,35.0927879],[-85.7457533,35.0927366],[-85.745913,35.0926759],[-85.7459331,35.0926427],[-85.7458732,35.0926212],[-85.7458649,35.0924932],[-85.7458897,35.0924808],[-85.7460577,35.0924533],[-85.7463548,35.0923549],[-85.7464828,35.0923268],[-85.7464832,35.0923018],[-85.7466079,35.0922746],[-85.7467862,35.0923107],[-85.7469976,35.0921396],[-85.7470516,35.092132],[-85.7471067,35.0921355],[-85.7472882,35.0920473],[-85.7474528,35.0920033],[-85.7475766,35.0919828],[-85.747724,35.09196],[-85.7478415,35.0919562],[-85.7479461,35.0919214],[-85.7480523,35.0919192],[-85.7481855,35.0919251],[-85.7484129,35.0919794],[-85.7484734,35.0919815],[-85.7486392,35.0918812],[-85.7487197,35.0918608],[-85.7487978,35.0918542],[-85.7488463,35.0918165],[-85.7488722,35.0917808],[-85.7488164,35.0916773],[-85.7487068,35.0915736],[-85.7486913,35.0915608],[-85.7486285,35.0915439],[-85.7486069,35.0914984],[-85.7485443,35.091468],[-85.7484216,35.0913821],[-85.7483609,35.0913489],[-85.7481868,35.0912131],[-85.7480961,35.0911162],[-85.747928,35.0910062],[-85.7479374,35.0909202],[-85.7479586,35.0908945],[-85.748003,35.0905526],[-85.7480151,35.0905054],[-85.7480619,35.0904289],[-85.7481094,35.0903857],[-85.7481136,35.0904054],[-85.7481092,35.0903751],[-85.748159,35.0903744],[-85.7482572,35.0907247],[-85.7482444,35.0907146],[-85.7482745,35.0907225],[-85.7482681,35.0907223]]},"properties":{"id":"synthetic_user_057","kind":"synthetic_activity_track","track_name":"Synthetic Saturday 057 - checkpoint loop","persona":"checkpoint_loop","source_type":"synthetic_activity_gpx","synthetic":true,"start_anchor":"#pavilion","start_local":"2026-05-23T14:39:07-05:00","end_local":"2026-05-23T16:35:22-05:00","duration_minutes":116.2,"distance_m":4222.8,"osm_track_m":421.4,"osm_route_count":2,"osm_way_ids":[1215497663,1215497664,1215497666,1215497683],"point_count":469,"visited_anchors":["#mid-shelf","#night-checkpoint","#pavilion","#photo-waypoint"],"review_status":"synthetic Saturday simulation; not field evidence"}},{"type":"Feature","geometry":{"type":"LineString","coordinates":[[-85.7482489,35.0907313],[-85.7482286,35.0907253],[-85.7482483,35.090715],[-85.7482476,35.0907088],[-85.7482525,35.0907438],[-85.7482701,35.0907186],[-85.7482369,35.0907378],[-85.7482625,35.090741],[-85.7478798,35.0907621],[-85.7478367,35.0911545],[-85.7481712,35.0911643],[-85.7487176,35.0912228],[-85.7489441,35.091281],[-85.7487592,35.0915614],[-85.7487603,35.091557],[-85.7487467,35.0915583],[-85.7487667,35.0915612],[-85.7487516,35.0915565],[-85.7489469,35.0912754],[-85.7492085,35.0914319],[-85.7492962,35.0914938],[-85.7491884,35.0917169],[-85.7490496,35.0918742],[-85.7488957,35.0919736],[-85.7486687,35.0919834],[-85.7483655,35.0919302],[-85.7481653,35.0919104],[-85.7479225,35.0919004],[-85.7476349,35.0919391],[-85.7471875,35.0920473],[-85.7470901,35.0920963],[-85.7469888,35.0923082],[-85.7469726,35.0923042],[-85.7469978,35.0923025],[-85.7469779,35.0923107],[-85.7469862,35.0923088],[-85.7469568,35.0923141],[-85.7469882,35.0922981],[-85.746935,35.0923142],[-85.74704,35.0922961],[-85.7469726,35.0923046],[-85.7469985,35.0923041],[-85.7469813,35.0922994],[-85.7469773,35.0923082],[-85.7469564,35.092312],[-85.7469362,35.0923192],[-85.7469594,35.0923034],[-85.7470015,35.0923252],[-85.7470446,35.0923575],[-85.7469595,35.0922996],[-85.7470335,35.0922706],[-85.7470691,35.0922268],[-85.7471093,35.0922725],[-85.7470741,35.0922634],[-85.74711,35.0921791],[-85.747167,35.0921876],[-85.7471275,35.0922068],[-85.7470543,35.0921147],[-85.7470193,35.0921016],[-85.7469302,35.0921429],[-85.7469003,35.0921709],[-85.7468229,35.0922317],[-85.7467806,35.0922376],[-85.7467429,35.092253],[-85.746724,35.092306],[-85.7466345,35.0923382],[-85.7466132,35.0924065],[-85.7465883,35.0924338],[-85.7465047,35.0924399],[-85.7465861,35.0924296],[-85.7466363,35.0923781],[-85.7465222,35.0923753],[-85.7464495,35.0923818],[-85.74645,35.0923529],[-85.7463661,35.0923076],[-85.7462261,35.0923904],[-85.7461429,35.0924017],[-85.7459234,35.0924987],[-85.7458402,35.0925326],[-85.7458213,35.0926313],[-85.7458348,35.0926742],[-85.7458145,35.0927083],[-85.7456483,35.0927538],[-85.7455228,35.0928512],[-85.7454888,35.0928892],[-85.7454526,35.0929505],[-85.7454779,35.093082],[-85.7454499,35.0931405],[-85.7453703,35.0932443],[-85.7453315,35.093379],[-85.7452727,35.0934401],[-85.7451719,35.0934037],[-85.7451043,35.0935251],[-85.74507,35.0936333],[-85.7449919,35.0937176],[-85.7449538,35.0938094],[-85.7448665,35.0938798],[-85.7448531,35.0939187],[-85.7448299,35.0939654],[-85.7447815,35.0940066],[-85.7447561,35.0940749],[-85.7447064,35.094209],[-85.7446814,35.0942681],[-85.7446178,35.0943736],[-85.7445515,35.094407],[-85.7445193,35.094472],[-85.7444599,35.0945152],[-85.7444102,35.0945939],[-85.7444096,35.0947164],[-85.7443796,35.0947499],[-85.7443166,35.0947758],[-85.7443406,35.0948494],[-85.7443311,35.0948759],[-85.7443008,35.0949737],[-85.7442049,35.0951045],[-85.7441614,35.0952148],[-85.7440948,35.0952713],[-85.7441183,35.0953587],[-85.7441376,35.0953955],[-85.7441386,35.0954469],[-85.7441583,35.0954811],[-85.7441446,35.0955398],[-85.7441319,35.0955715],[-85.7440789,35.0956125],[-85.7440625,35.0956465],[-85.7440077,35.095661],[-85.7439802,35.0957516],[-85.7439636,35.0957832],[-85.7439643,35.0958257],[-85.7439261,35.0958555],[-85.7438782,35.0959633],[-85.7438685,35.0960816],[-85.743869,35.0961877],[-85.7437971,35.0963742],[-85.7438261,35.0965124],[-85.7438132,35.0965834],[-85.7437962,35.0966163],[-85.743777,35.0966746],[-85.7437651,35.0967084],[-85.7437862,35.0967776],[-85.7437755,35.0968411],[-85.743758,35.096878],[-85.7437237,35.0969189],[-85.7437338,35.0969893],[-85.7437341,35.097021],[-85.7437011,35.097086],[-85.743688,35.0972219],[-85.7437448,35.0973993],[-85.7437687,35.0974718],[-85.7438216,35.097522],[-85.7438459,35.097568],[-85.743857,35.0976138],[-85.7438344,35.0977011],[-85.7438535,35.0978354],[-85.7439274,35.0979129],[-85.7439038,35.0979715],[-85.7439508,35.0979116],[-85.7438827,35.0979153],[-85.7438968,35.0978911],[-85.7439974,35.0978832],[-85.7440137,35.0978956],[-85.7439512,35.0978786],[-85.7440263,35.097878],[-85.7440939,35.0979514],[-85.7440762,35.0979212],[-85.743987,35.0979476],[-85.7440066,35.0979288],[-85.7440499,35.0979563],[-85.7439702,35.0979997],[-85.7439479,35.0981035],[-85.7438916,35.0981519],[-85.7438651,35.0982539],[-85.743898,35.0984283],[-85.743947,35.0984976],[-85.7439282,35.0985288],[-85.7439668,35.0985406],[-85.7439454,35.0985798],[-85.7439652,35.0985462],[-85.7439503,35.0985124],[-85.7439726,35.0984727],[-85.7439614,35.0983349],[-85.7439621,35.0982857],[-85.7439776,35.0981334],[-85.7440315,35.0980431],[-85.744035,35.0979641],[-85.7440107,35.0979254],[-85.7440127,35.0978799],[-85.7439682,35.09782],[-85.7439442,35.0978049],[-85.743919,35.0977174],[-85.7439197,35.0976304],[-85.7439587,35.0975858],[-85.7439927,35.0975047],[-85.7439634,35.09747],[-85.7438847,35.0974023],[-85.7438509,35.0973717],[-85.743851,35.0972899],[-85.7438185,35.0971974],[-85.7438232,35.0971355],[-85.7438198,35.0969713],[-85.743852,35.0969394],[-85.7438546,35.0968508],[-85.7438823,35.0968368],[-85.743889,35.096776],[-85.7438812,35.0967128],[-85.7439025,35.0966062],[-85.7438758,35.0965668],[-85.7438896,35.0964896],[-85.7438721,35.096393],[-85.7438846,35.0962619],[-85.7439322,35.0962066],[-85.7439763,35.0961859],[-85.7439743,35.0961049],[-85.7439884,35.0960588],[-85.7440181,35.0960396],[-85.7440007,35.0959852],[-85.7440178,35.0959556],[-85.7439862,35.0958765],[-85.7439948,35.0958404],[-85.743992,35.0957855],[-85.7440647,35.0956951],[-85.7440921,35.0956705],[-85.7441908,35.0955375],[-85.7442299,35.0955179],[-85.7442566,35.0955021],[-85.7442133,35.0954118],[-85.7442275,35.0953819],[-85.7442023,35.0952446],[-85.744236,35.0951426],[-85.7443227,35.0950285],[-85.7443589,35.0949579],[-85.7443673,35.0948989],[-85.7444144,35.0948449],[-85.7444196,35.0947874],[-85.744448,35.0947307],[-85.7444494,35.0947007],[-85.7445089,35.0945565],[-85.7445288,35.0944873],[-85.7445469,35.0944096],[-85.744589,35.0943639],[-85.744652,35.0943343],[-85.7447404,35.094183],[-85.7447759,35.0941023],[-85.7447887,35.0940972],[-85.7448337,35.0940728],[-85.7447994,35.0940686],[-85.7448004,35.0940516],[-85.7447987,35.0940751],[-85.7448081,35.0940705],[-85.7447957,35.0940718],[-85.7447992,35.0940582],[-85.7448318,35.0940786],[-85.7448423,35.0939727],[-85.7449144,35.0938893],[-85.7449186,35.0938458],[-85.7449438,35.0937888],[-85.7450005,35.093648],[-85.7450643,35.0936376],[-85.7452032,35.0934558],[-85.7452613,35.0934214],[-85.7453227,35.0933982],[-85.7454136,35.0933447],[-85.7454447,35.0931984],[-85.7454861,35.0931358],[-85.7455179,35.0929998],[-85.7455106,35.0929074],[-85.7455226,35.0928765],[-85.7455965,35.0928109],[-85.7456669,35.0927847],[-85.7457395,35.0927479],[-85.7459275,35.0926786],[-85.7459281,35.0926531],[-85.7458652,35.0926125],[-85.7458556,35.0925045],[-85.7458792,35.0924821],[-85.7460492,35.092457],[-85.7463592,35.0923667],[-85.7464792,35.0923295],[-85.7464751,35.0922921],[-85.7466158,35.0922758],[-85.7467924,35.0922974],[-85.7470112,35.092135],[-85.7470525,35.0921272],[-85.747121,35.0921278],[-85.7472786,35.0920401],[-85.7474589,35.0919932],[-85.7475737,35.0919909],[-85.7477165,35.0919569],[-85.7478347,35.0919555],[-85.7479491,35.0919376],[-85.7480656,35.0919199],[-85.7481842,35.0919271],[-85.748395,35.0919823],[-85.7484823,35.0919806],[-85.748637,35.0918949],[-85.748715,35.0918572],[-85.748817,35.0918534],[-85.7488506,35.0918045],[-85.7488562,35.0917694],[-85.7488195,35.0916756],[-85.7487142,35.0915743],[-85.7486839,35.0915533],[-85.7486235,35.0915468],[-85.7485976,35.0915],[-85.7485452,35.0914665],[-85.7484323,35.0913848],[-85.7483639,35.0913527],[-85.7481839,35.0912207],[-85.7480882,35.0911199],[-85.7479426,35.0910045],[-85.7479252,35.0909182],[-85.7479608,35.090894],[-85.7479957,35.0905523],[-85.7480145,35.0905018],[-85.74807,35.0904242],[-85.7481112,35.0903933],[-85.7481114,35.0903997],[-85.7481169,35.0903786],[-85.7481704,35.0903733],[-85.7482503,35.0907206],[-85.7482575,35.0907136],[-85.7482538,35.0907459],[-85.7482334,35.0907217],[-85.7482315,35.0907353],[-85.748238,35.0907193],[-85.7482717,35.0907131],[-85.7482594,35.0907346],[-85.7482741,35.0907373],[-85.7482715,35.0907209],[-85.7482514,35.0907035],[-85.748255,35.0907218],[-85.7482489,35.0907318],[-85.7482672,35.0907307]]},"properties":{"id":"synthetic_user_058","kind":"synthetic_activity_track","track_name":"Synthetic Saturday 058 - checkpoint loop","persona":"checkpoint_loop","source_type":"synthetic_activity_gpx","synthetic":true,"start_anchor":"#pavilion","start_local":"2026-05-23T15:09:28-05:00","end_local":"2026-05-23T16:50:09-05:00","duration_minutes":100.7,"distance_m":3072.5,"osm_track_m":421.4,"osm_route_count":2,"osm_way_ids":[1215497663,1215497664,1215497666,1215497683],"point_count":333,"visited_anchors":["#mid-shelf","#night-checkpoint","#pavilion","#photo-waypoint"],"review_status":"synthetic Saturday simulation; not field evidence"}},{"type":"Feature","geometry":{"type":"LineString","coordinates":[[-85.7482452,35.0907296],[-85.7482312,35.090717],[-85.7482503,35.0907291],[-85.7482553,35.0907457],[-85.7482462,35.0907146],[-85.7482572,35.0907403],[-85.7482512,35.0907139],[-85.748245,35.0907082],[-85.7482319,35.0907175],[-85.7482522,35.0907351],[-85.7482435,35.0907402],[-85.7478835,35.0907594],[-85.7478358,35.0911565],[-85.7481706,35.091165],[-85.7487121,35.0912205],[-85.7489484,35.0912795],[-85.7487604,35.0915586],[-85.7489452,35.0912737],[-85.7492062,35.0914337],[-85.7492977,35.0914899],[-85.7491842,35.0917167],[-85.7490438,35.0918746],[-85.7489005,35.0919725],[-85.7486723,35.0919809],[-85.748373,35.0919294],[-85.7481681,35.0919054],[-85.7479219,35.0919005],[-85.7476331,35.091944],[-85.7471829,35.0920433],[-85.7470902,35.0920963],[-85.7469865,35.092306],[-85.747003,35.0923096],[-85.746971,35.0923084],[-85.7470027,35.0923045],[-85.7470092,35.0923283],[-85.7470301,35.0923363],[-85.7469434,35.0922767],[-85.7470071,35.0923051],[-85.7469927,35.092307],[-85.7469906,35.0923178],[-85.7469819,35.0923131],[-85.7470221,35.0923141],[-85.74698,35.0923102],[-85.7470892,35.0920963],[-85.7471888,35.092043],[-85.747635,35.0919402],[-85.7479262,35.0919014],[-85.7481693,35.0919091],[-85.7483703,35.0919314],[-85.7486729,35.0919831],[-85.748899,35.0919748],[-85.7490418,35.0918714],[-85.7491899,35.0917145],[-85.7493029,35.0914901],[-85.749208,35.0914348],[-85.7489425,35.0912771],[-85.7487089,35.0912198],[-85.7481678,35.0911667],[-85.7478376,35.091154],[-85.7478826,35.0907563],[-85.7479302,35.0903826],[-85.7481621,35.0903723],[-85.7482513,35.0907193],[-85.7482583,35.090728],[-85.7482607,35.0907357],[-85.7482428,35.0907103],[-85.7482476,35.0907114],[-85.7482478,35.0907381],[-85.7482639,35.0907271]]},"properties":{"id":"synthetic_user_059","kind":"synthetic_activity_track","track_name":"Synthetic Saturday 059 - checkpoint loop","persona":"checkpoint_loop","source_type":"synthetic_activity_gpx","synthetic":true,"start_anchor":"#pavilion","start_local":"2026-05-23T14:32:17-05:00","end_local":"2026-05-23T15:10:12-05:00","duration_minutes":37.9,"distance_m":1174.3,"osm_track_m":885.0,"osm_route_count":3,"osm_way_ids":[1215497663,1215497664,1215497666,1215497683],"point_count":69,"visited_anchors":["#night-checkpoint","#pavilion","#photo-waypoint"],"review_status":"synthetic Saturday simulation; not field evidence"}},{"type":"Feature","geometry":{"type":"LineString","coordinates":[[-85.7482499,35.0907291],[-85.7482616,35.09074],[-85.7482559,35.0907248],[-85.7482495,35.0907207],[-85.7482478,35.0907132],[-85.7482336,35.0907373],[-85.7482491,35.0907374],[-85.7478834,35.0907608],[-85.7478406,35.0911585],[-85.7481704,35.0911713],[-85.7487126,35.0912175],[-85.7489436,35.0912779],[-85.74876,35.0915571],[-85.7487574,35.0915649],[-85.7487582,35.0915559],[-85.748754,35.0915632],[-85.7487519,35.0915707],[-85.7487608,35.0915503],[-85.7487461,35.0915777],[-85.7487795,35.0915429],[-85.7487617,35.0915654],[-85.7487633,35.0915621],[-85.7487564,35.0915691],[-85.7487455,35.0915622],[-85.7486073,35.0915129],[-85.7486284,35.0914802],[-85.7486256,35.0915032],[-85.7492261,35.0916915],[-85.7492802,35.0916724],[-85.7492193,35.0916956],[-85.7486193,35.0915052],[-85.7486318,35.091475],[-85.748614,35.0915119],[-85.7487123,35.0912191],[-85.7481666,35.0911679],[-85.7478385,35.0911588],[-85.7478813,35.0907616],[-85.7479364,35.090383],[-85.7481666,35.0903741],[-85.7482544,35.0907225],[-85.7482434,35.0907454],[-85.7482405,35.0907375],[-85.7482723,35.090716],[-85.7482712,35.090741],[-85.748279,35.0907227],[-85.7482374,35.0907073],[-85.7482702,35.0907292],[-85.7482506,35.0907201],[-85.7482496,35.090747],[-85.7482684,35.0907211],[-85.7482489,35.0907389]]},"properties":{"id":"synthetic_user_060","kind":"synthetic_activity_track","track_name":"Synthetic Saturday 060 - photo short","persona":"photo_short","source_type":"synthetic_activity_gpx","synthetic":true,"start_anchor":"#pavilion","start_local":"2026-05-23T14:08:50-05:00","end_local":"2026-05-23T14:45:06-05:00","duration_minutes":36.3,"distance_m":693.2,"osm_track_m":313.2,"osm_route_count":2,"osm_way_ids":[1215497664,1215497683],"point_count":51,"visited_anchors":["#pavilion","#photo-waypoint"],"review_status":"synthetic Saturday simulation; not field evidence"}},{"type":"Feature","geometry":{"type":"LineString","coordinates":[[-85.7482488,35.0907305],[-85.7482444,35.0907144],[-85.7482343,35.0907311],[-85.7482341,35.0907222],[-85.7481599,35.0903733],[-85.7481158,35.090366],[-85.7480959,35.0904002],[-85.7481079,35.0903913],[-85.7480731,35.0904275],[-85.7480253,35.0904952],[-85.7479988,35.0905555],[-85.7479615,35.0908896],[-85.7479281,35.0909204],[-85.7479311,35.0910027],[-85.7480961,35.0911112],[-85.7481929,35.0912139],[-85.748353,35.091355],[-85.7484173,35.0913742],[-85.7485327,35.0914647],[-85.7485997,35.091492],[-85.7486372,35.0915448],[-85.7486789,35.0915539],[-85.7487141,35.0915744],[-85.748824,35.091671],[-85.7488586,35.0917785],[-85.7488438,35.0918131],[-85.7488113,35.0918616],[-85.7487185,35.0918639],[-85.7486366,35.0918836],[-85.7484671,35.0919841],[-85.7484103,35.091983],[-85.7481835,35.0919319],[-85.7480609,35.0919095],[-85.7479519,35.091928],[-85.7478446,35.0919485],[-85.7477211,35.0919525],[-85.7475652,35.0919792],[-85.7474558,35.0919898],[-85.7472881,35.0920487],[-85.7471152,35.0921259],[-85.7470383,35.0921309],[-85.7470023,35.0921458],[-85.7467947,35.0923017],[-85.746613,35.0922821],[-85.7464837,35.0922966],[-85.7464853,35.0923226],[-85.7463559,35.092365],[-85.7460665,35.0924659],[-85.7458762,35.0924741],[-85.7458537,35.0924997],[-85.7458704,35.0926074],[-85.7459325,35.092643],[-85.7459158,35.0926813],[-85.7457357,35.0927395],[-85.7456597,35.0927837],[-85.7456085,35.0928077],[-85.7455269,35.092874],[-85.7455178,35.092902],[-85.7455285,35.0929893],[-85.7454783,35.0931362],[-85.7454439,35.0931971],[-85.7454147,35.0933332],[-85.7453139,35.0934038],[-85.7452516,35.0934132],[-85.7452101,35.0934499],[-85.745052,35.0936373],[-85.7449977,35.093659],[-85.7449457,35.0937897],[-85.744924,35.0938435],[-85.744925,35.0938856],[-85.744837,35.0939713],[-85.7448277,35.09408],[-85.7447864,35.0941078],[-85.7447607,35.0940979],[-85.7447397,35.0941777],[-85.7446509,35.0943339],[-85.7445913,35.0943607],[-85.7445513,35.0944142],[-85.744521,35.0944961],[-85.7445102,35.0945591],[-85.7444498,35.0946902],[-85.7444554,35.0947319],[-85.7444318,35.0947897],[-85.7444103,35.0948506],[-85.7443791,35.0948976],[-85.7443569,35.094964],[-85.7443159,35.0950248],[-85.74424,35.0951272],[-85.744203,35.0952503],[-85.7442404,35.0953836],[-85.7442184,35.0954173],[-85.7442595,35.0954959],[-85.7442203,35.0955228],[-85.7441949,35.0955331],[-85.744111,35.0956742],[-85.7440642,35.0956907],[-85.7439996,35.095789],[-85.7439939,35.0958504],[-85.7439725,35.0958741],[-85.7440267,35.0959559],[-85.7440106,35.0959956],[-85.7440024,35.0960445],[-85.7439897,35.0960619],[-85.7439743,35.0961045],[-85.743967,35.0961839],[-85.7439293,35.0961966],[-85.743887,35.0962697],[-85.7438828,35.0963944],[-85.7438994,35.096486],[-85.7438883,35.0965673],[-85.7439013,35.0966028],[-85.743884,35.0967137],[-85.7439054,35.0967867],[-85.7438784,35.0968272],[-85.7438541,35.0968441],[-85.7438383,35.0969418],[-85.7438208,35.09698],[-85.7438351,35.097138],[-85.7438116,35.0971998],[-85.7438494,35.0972961],[-85.7438457,35.097372],[-85.743882,35.0974043],[-85.743981,35.097465],[-85.7439825,35.0975089],[-85.7439592,35.097587],[-85.7439163,35.0976421],[-85.7439123,35.0977125],[-85.7439432,35.0977987],[-85.7439775,35.0978286],[-85.7440159,35.0978725],[-85.7440005,35.0979294],[-85.7440189,35.0979643],[-85.7440277,35.0980561],[-85.7439702,35.0981346],[-85.7439638,35.0982916],[-85.7439642,35.0983311],[-85.7439666,35.0984684],[-85.7439613,35.0985075],[-85.7439683,35.0985512],[-85.7439468,35.0985856],[-85.7439624,35.0985393],[-85.7439182,35.0985394],[-85.7439461,35.0985032],[-85.7439029,35.0984343],[-85.7438703,35.0982541],[-85.743881,35.0981464],[-85.7439444,35.098096],[-85.7439654,35.0979964],[-85.7440616,35.0979597],[-85.7440094,35.0979261],[-85.7439849,35.0979544],[-85.7439972,35.0979359],[-85.7440022,35.0979645],[-85.7440037,35.0979397],[-85.7440041,35.0979554],[-85.743986,35.0979164],[-85.7439848,35.0978918],[-85.7439976,35.0980141],[-85.7440045,35.0979354],[-85.7439992,35.0979468],[-85.7439987,35.0979401],[-85.7439895,35.0979161],[-85.7440032,35.0979568],[-85.7439983,35.0978909],[-85.743999,35.0979462],[-85.7440102,35.0980132],[-85.7439927,35.0979898],[-85.7439918,35.0979521],[-85.7439912,35.0979474],[-85.7439931,35.0979584],[-85.7440017,35.0979551],[-85.7439964,35.0979156],[-85.7439998,35.0978907],[-85.7440099,35.0980132],[-85.7439968,35.0979895],[-85.744001,35.0979471],[-85.7439989,35.0979647],[-85.7439945,35.0979583],[-85.7439919,35.0979529],[-85.7439948,35.0979693],[-85.7439793,35.0979416],[-85.7440117,35.0979334],[-85.7440513,35.0979568],[-85.7439682,35.0979935],[-85.7439402,35.0981014],[-85.743891,35.0981407],[-85.7438671,35.0982544],[-85.7439078,35.0984355],[-85.7439386,35.0985003],[-85.743933,35.098539],[-85.7439283,35.0985341],[-85.7439642,35.098536],[-85.7439337,35.0985284],[-85.743903,35.0985372],[-85.7439388,35.0985334],[-85.7438723,35.0985397],[-85.7439467,35.0985388],[-85.7440255,35.0985322],[-85.7439594,35.0985346],[-85.7439316,35.0985288],[-85.743946,35.0984964],[-85.7439091,35.0984279],[-85.7438765,35.0982498],[-85.743886,35.0981394],[-85.7439422,35.0981073],[-85.7439625,35.0980045],[-85.7440426,35.0979619],[-85.744008,35.0979243],[-85.7439847,35.0979502],[-85.7440785,35.0979244],[-85.7440855,35.0979571],[-85.7440385,35.0978844],[-85.7439611,35.0978785],[-85.7440179,35.0979028],[-85.7439994,35.0978814],[-85.7438982,35.0978905],[-85.7438726,35.0979224],[-85.7439442,35.0979203],[-85.7439149,35.0979662],[-85.7439367,35.0979128],[-85.7438541,35.0978463],[-85.7438312,35.0976964],[-85.7438488,35.0976183],[-85.7438416,35.0975697],[-85.7438209,35.0975245],[-85.7437691,35.0974625],[-85.7437468,35.0974061],[-85.7436912,35.0972167],[-85.7437028,35.0970859],[-85.7437355,35.0970353],[-85.7437275,35.0969853],[-85.7437121,35.0969176],[-85.7437544,35.0968838],[-85.743778,35.0968444],[-85.7437795,35.0967719],[-85.7437756,35.0967122],[-85.7437861,35.0966686],[-85.743798,35.0966078],[-85.7438077,35.0965792],[-85.7438264,35.0965052],[-85.7438117,35.0963729],[-85.7438687,35.0961813],[-85.7438608,35.0960918],[-85.7438644,35.0959687],[-85.7439262,35.0958442],[-85.743968,35.0958212],[-85.7439579,35.0957851],[-85.7439838,35.0957535],[-85.7440197,35.0956652],[-85.7440672,35.0956493],[-85.7440779,35.0956204],[-85.7441452,35.0955664],[-85.7441459,35.0955328],[-85.7441573,35.0954868],[-85.7441419,35.0954539],[-85.7441336,35.0953938],[-85.7441115,35.0953594],[-85.7441033,35.0952612],[-85.7441619,35.0952245],[-85.7442181,35.0950953],[-85.7442882,35.0949755],[-85.7443391,35.0948763],[-85.7443372,35.0948413],[-85.7443326,35.0947782],[-85.7443751,35.0947525],[-85.7444085,35.0947165],[-85.7444217,35.0946039],[-85.7444731,35.0945123],[-85.7445133,35.0944732],[-85.7445444,35.0944094],[-85.7446183,35.0943601],[-85.7446813,35.0942684],[-85.7447014,35.0942125],[-85.744755,35.0940736],[-85.7447646,35.0940126],[-85.7448323,35.0939688],[-85.7448704,35.0939203],[-85.7448754,35.0938773],[-85.7449522,35.093799],[-85.7450061,35.0937233],[-85.7450686,35.093629],[-85.7450911,35.0935324],[-85.7451806,35.0934075],[-85.7452625,35.0934435],[-85.7453472,35.0933782],[-85.7453692,35.0932475],[-85.7454548,35.0931401],[-85.7454752,35.0930854],[-85.745454,35.0929523],[-85.7454763,35.0928884],[-85.745512,35.0928541],[-85.7456543,35.0927662],[-85.7458143,35.0927157],[-85.7458432,35.0926833],[-85.7458137,35.0926371],[-85.7458407,35.0925312],[-85.7459388,35.092504],[-85.746148,35.0923942],[-85.7462299,35.0923864],[-85.7463596,35.0923226],[-85.7464496,35.0923558],[-85.7464416,35.092387],[-85.7465224,35.0923736],[-85.7466306,35.0923737],[-85.7465789,35.0924281],[-85.746511,35.0924453],[-85.7465895,35.0924339],[-85.746607,35.0924017],[-85.7466315,35.0923318],[-85.7467235,35.0923047],[-85.746745,35.0922459],[-85.7467764,35.0922234],[-85.7468215,35.0922277],[-85.7469037,35.0921754],[-85.7469221,35.0921367],[-85.7470118,35.0920999],[-85.7470563,35.0921049],[-85.7471224,35.0922013],[-85.7471776,35.0921919],[-85.7471107,35.0921822],[-85.7470809,35.0922634],[-85.7471092,35.0922756],[-85.7470644,35.0922313],[-85.7470216,35.0922668],[-85.7469526,35.0922972],[-85.7470382,35.0923544],[-85.7470124,35.0923201],[-85.7469628,35.0923042],[-85.7470133,35.0922969],[-85.7470765,35.0923392],[-85.7470368,35.0923105],[-85.7469423,35.0921711],[-85.7469258,35.092097],[-85.7469974,35.0920432],[-85.7471439,35.0920113],[-85.7472225,35.0919495],[-85.7473595,35.0919304],[-85.7474958,35.0919017],[-85.7476631,35.0918491],[-85.7477091,35.0918427],[-85.7477477,35.0918355],[-85.7478227,35.09186],[-85.7478869,35.0918743],[-85.7480219,35.0918366],[-85.7480943,35.0918802],[-85.7481238,35.0918484],[-85.7481712,35.0918471],[-85.7482456,35.0918471],[-85.7483114,35.0918779],[-85.7483971,35.0918651],[-85.7484619,35.0919041],[-85.748593,35.091932],[-85.7486758,35.0919098],[-85.7487352,35.0919118],[-85.7488102,35.0919322],[-85.7488982,35.0920002],[-85.7488994,35.0920232],[-85.7489716,35.092074],[-85.7492625,35.0919383],[-85.749416,35.0919456],[-85.7494597,35.0919583],[-85.7495234,35.091951],[-85.7496253,35.0919938],[-85.7496863,35.0919976],[-85.7497202,35.0919981],[-85.7497419,35.0919807],[-85.7497897,35.0919662],[-85.7498516,35.0919708],[-85.7499754,35.0919531],[-85.7499943,35.091984],[-85.7501323,35.0920056],[-85.7501584,35.092001],[-85.7502191,35.091966],[-85.7502921,35.0919589],[-85.7503138,35.0919379],[-85.7503412,35.09189],[-85.7503772,35.0918732],[-85.7504396,35.0918362],[-85.7504689,35.0918193],[-85.7506316,35.0918376],[-85.7507238,35.0918783],[-85.7507787,35.0918644],[-85.7508377,35.0918323],[-85.7508616,35.0918366],[-85.751038,35.0918947],[-85.7511165,35.0919105],[-85.7511443,35.0919567],[-85.7511089,35.0920618],[-85.7512231,35.0921141],[-85.7512631,35.0921185],[-85.7511336,35.0920585],[-85.7511342,35.0920006],[-85.7511879,35.0919953],[-85.7512199,35.0919409],[-85.7512894,35.0920196],[-85.7512739,35.0919812],[-85.7513262,35.0919273],[-85.7513291,35.0918776],[-85.7512992,35.0918374],[-85.7512888,35.0917561],[-85.7513457,35.0916944],[-85.7513571,35.0916436],[-85.751417,35.0916543],[-85.7514278,35.0916183],[-85.7514851,35.0915854],[-85.7515429,35.0915303],[-85.7515863,35.0915171],[-85.7516955,35.0915411],[-85.7516828,35.0916198],[-85.751661,35.0916397],[-85.7516224,35.0916251],[-85.7515739,35.091627],[-85.7514873,35.0916883],[-85.7514182,35.0916895],[-85.7514151,35.0917049],[-85.7513677,35.0917592],[-85.7513981,35.0917746],[-85.7514363,35.0917656],[-85.7514751,35.0917733],[-85.7515193,35.0917873],[-85.7514964,35.0919189],[-85.7515154,35.0919824],[-85.751545,35.0919379],[-85.7515051,35.0919247],[-85.7514776,35.0919276],[-85.751488,35.0919408],[-85.7514878,35.0919193],[-85.7514906,35.0919295],[-85.75148,35.0919122],[-85.7515005,35.0919426],[-85.7512759,35.092006],[-85.7507141,35.0919431],[-85.7500387,35.091893],[-85.7498151,35.0917449],[-85.7496657,35.091623],[-85.7493763,35.091543],[-85.7493018,35.0914917],[-85.7492093,35.0914326],[-85.7489409,35.0912789],[-85.7487146,35.0912242],[-85.7481686,35.0911674],[-85.7478395,35.0911574],[-85.7478825,35.0907595],[-85.7479286,35.0903828],[-85.7481614,35.0903746],[-85.7482447,35.0907222],[-85.7482679,35.0907283],[-85.7482681,35.0907251],[-85.748231,35.0907272],[-85.7482522,35.0907418],[-85.7482272,35.0907219],[-85.7482571,35.090729],[-85.748279,35.0907245],[-85.7482622,35.0907169],[-85.7482579,35.0907177],[-85.7482466,35.0907217]]},"properties":{"id":"synthetic_user_061","kind":"synthetic_activity_track","track_name":"Synthetic Saturday 061 - north crawl","persona":"north_crawl","source_type":"synthetic_activity_gpx","synthetic":true,"start_anchor":"#pavilion","start_local":"2026-05-23T14:06:11-05:00","end_local":"2026-05-23T16:21:49-05:00","duration_minutes":135.6,"distance_m":4003.3,"osm_track_m":423.9,"osm_route_count":1,"osm_way_ids":[1215497663,1215497664,1215497668,1215497683],"point_count":456,"visited_anchors":["#north-technical","#observed-trailhead","#pavilion","#upper-ledges"],"review_status":"synthetic Saturday simulation; not field evidence"}},{"type":"Feature","geometry":{"type":"LineString","coordinates":[[-85.7482622,35.0907246],[-85.7482587,35.0907327],[-85.7482594,35.090732],[-85.7482473,35.090744],[-85.7482553,35.0907378],[-85.7482626,35.0907167],[-85.7482589,35.0907109],[-85.7482572,35.090716],[-85.7482438,35.090716],[-85.7482703,35.0907289],[-85.7482596,35.0907325],[-85.7482375,35.0907263],[-85.7482402,35.090738],[-85.7478842,35.0907603],[-85.7478397,35.091155],[-85.7481697,35.0911637],[-85.7487123,35.0912182],[-85.748941,35.0912761],[-85.7487617,35.091559],[-85.7489403,35.0912779],[-85.7492011,35.0914336],[-85.749297,35.0914903],[-85.7493339,35.0913204],[-85.7492877,35.0912344],[-85.749195,35.0909844],[-85.7491664,35.0908543],[-85.7491866,35.0906527],[-85.7492547,35.0905037],[-85.7494254,35.090287],[-85.7494892,35.0902353],[-85.7495737,35.090227],[-85.7496492,35.0902732],[-85.7497333,35.090283],[-85.7498631,35.0902856],[-85.7500196,35.0902418],[-85.7504044,35.0901216],[-85.7504473,35.090116],[-85.7506497,35.0900955],[-85.7507913,35.0900856],[-85.7509492,35.0901298],[-85.7512083,35.0902594],[-85.7512578,35.0902761],[-85.7513686,35.0903107],[-85.7517554,35.0903939],[-85.7518624,35.090402],[-85.7519459,35.0904134],[-85.7521092,35.0904257],[-85.7524737,35.0904398],[-85.7527935,35.0904606],[-85.753078,35.0905053],[-85.7533604,35.0906225],[-85.7534989,35.0906952],[-85.7536723,35.0907907],[-85.7539561,35.0909765],[-85.7543458,35.0912037],[-85.7544801,35.0912834],[-85.7551898,35.0917117],[-85.7555832,35.0919231],[-85.7555704,35.0919181],[-85.7555986,35.0919203],[-85.7555796,35.0919235],[-85.7555745,35.0919192],[-85.7555497,35.0919236],[-85.7555261,35.0919186],[-85.7555948,35.0919173],[-85.7556457,35.0919304],[-85.7555694,35.0919257],[-85.7555804,35.091925],[-85.7555736,35.091926],[-85.7555502,35.0919194],[-85.7555852,35.0919229],[-85.7551877,35.0917141],[-85.7544749,35.0912852],[-85.7543406,35.0912064],[-85.7539612,35.0909785],[-85.7536718,35.0907906],[-85.7534992,35.0906991],[-85.7533586,35.09062],[-85.753072,35.0905023],[-85.7527933,35.0904563],[-85.7524717,35.0904435],[-85.7521051,35.0904299],[-85.7519426,35.090415],[-85.7518658,35.0904084],[-85.7517557,35.0903977],[-85.7513682,35.0903112],[-85.7512611,35.0902741],[-85.7512115,35.0902602],[-85.7509437,35.0901329],[-85.7507949,35.0900876],[-85.7506515,35.0900904],[-85.7504465,35.0901152],[-85.7504086,35.0901199],[-85.7500187,35.0902435],[-85.7498675,35.0902878],[-85.7497325,35.0902854],[-85.7496513,35.0902683],[-85.7495744,35.090222],[-85.7495755,35.0901171],[-85.7496361,35.0898879],[-85.7496338,35.0896805],[-85.7496132,35.0894943],[-85.7496191,35.0894733],[-85.7493547,35.0895054],[-85.7491296,35.089531],[-85.7489592,35.0895713],[-85.7488665,35.0896207],[-85.748814,35.0896721],[-85.7487704,35.0897277],[-85.7486631,35.0898292],[-85.7485244,35.0898879],[-85.7483604,35.0899225],[-85.7481405,35.0899232],[-85.7480029,35.0898979],[-85.747932,35.0903854],[-85.7481637,35.0903727],[-85.7482477,35.0907287],[-85.7482698,35.0907106],[-85.7482279,35.0907201],[-85.7482329,35.0907254],[-85.7482444,35.0907297],[-85.7482544,35.0907037],[-85.7482471,35.0907041],[-85.7482596,35.0907439],[-85.7482409,35.0907236],[-85.748255,35.0907487],[-85.7482536,35.0907319],[-85.7482539,35.0907123]]},"properties":{"id":"synthetic_user_062","kind":"synthetic_activity_track","track_name":"Synthetic Saturday 062 - osm spine runner","persona":"osm_spine_runner","source_type":"synthetic_activity_gpx","synthetic":true,"start_anchor":"#pavilion","start_local":"2026-05-23T14:45:42-05:00","end_local":"2026-05-23T15:59:29-05:00","duration_minutes":73.8,"distance_m":2109.2,"osm_track_m":1866.8,"osm_route_count":3,"osm_way_ids":[1215497664,1215497665,1215497666,1215497682,1215497683],"point_count":128,"visited_anchors":["#osm-main-spine-west","#pavilion","#photo-waypoint"],"review_status":"synthetic Saturday simulation; not field evidence"}},{"type":"Feature","geometry":{"type":"LineString","coordinates":[[-85.7482501,35.0907178],[-85.7482604,35.0907165],[-85.7482405,35.0907372],[-85.7482598,35.0907191],[-85.7482541,35.0907395],[-85.7482651,35.0907381],[-85.7478843,35.0907607],[-85.7478374,35.0911607],[-85.7481668,35.0911695],[-85.7487099,35.0912233],[-85.7489463,35.0912804],[-85.7487557,35.0915615],[-85.7489469,35.091279],[-85.7492078,35.0914328],[-85.7493017,35.0914893],[-85.7493337,35.091321],[-85.7492888,35.0912295],[-85.7491978,35.0909861],[-85.7491612,35.0908503],[-85.7491875,35.0906485],[-85.7492571,35.0905045],[-85.7494224,35.0902875],[-85.7494942,35.0902402],[-85.7495735,35.0902248],[-85.7496503,35.0902722],[-85.7497358,35.0902835],[-85.7498682,35.0902874],[-85.7500193,35.090245],[-85.7504077,35.0901205],[-85.7504465,35.0901181],[-85.7506501,35.0900939],[-85.750792,35.0900878],[-85.750943,35.0901331],[-85.7512109,35.0902587],[-85.7512575,35.0902731],[-85.7513656,35.0903086],[-85.7517583,35.0903936],[-85.7518709,35.0904054],[-85.7519476,35.0904118],[-85.7521086,35.0904321],[-85.7524762,35.0904443],[-85.7527947,35.0904548],[-85.7530777,35.0905005],[-85.7533618,35.0906237],[-85.7535004,35.0906977],[-85.7536741,35.090789],[-85.753961,35.0909785],[-85.7543412,35.0912098],[-85.7544728,35.0912874],[-85.7551876,35.0917166],[-85.755587,35.0919265],[-85.7555763,35.0919193],[-85.755586,35.0919347],[-85.7555738,35.0919258],[-85.7555676,35.0919105],[-85.7555591,35.0918976],[-85.7555746,35.0919236],[-85.7556249,35.0919369],[-85.7555922,35.0919194],[-85.7555825,35.0919225],[-85.7556251,35.0920171],[-85.755718,35.0921706],[-85.7560078,35.092577],[-85.7562852,35.092969],[-85.7564497,35.0932191],[-85.7564867,35.0932386],[-85.7565631,35.0933197],[-85.7565996,35.0933628],[-85.7567199,35.093464],[-85.7568675,35.0935926],[-85.7569362,35.0936858],[-85.7569651,35.0938531],[-85.7569743,35.09414],[-85.75692,35.0943561],[-85.756885,35.0945405],[-85.7568846,35.094712],[-85.7569059,35.0948257],[-85.7568913,35.0949782],[-85.7568312,35.0951482],[-85.7567331,35.0952662],[-85.7566148,35.0953455],[-85.7565679,35.0953723],[-85.7561954,35.0956265],[-85.7560626,35.0956905],[-85.7559696,35.0957648],[-85.7559033,35.0958039],[-85.7557547,35.0959043],[-85.7553514,35.0961004],[-85.7551104,35.0961479],[-85.7551656,35.0962177],[-85.7551964,35.0963451],[-85.7551386,35.0964072],[-85.7550784,35.0965208],[-85.7550663,35.0966328],[-85.7550406,35.0966729],[-85.7550158,35.0967757],[-85.7550066,35.0968889],[-85.7548787,35.0970606],[-85.7547714,35.0971079],[-85.7547906,35.0971052],[-85.7547623,35.0971138],[-85.7547886,35.0971031],[-85.754801,35.0971137],[-85.7547836,35.0971031],[-85.754818,35.0971171],[-85.7547425,35.0970851],[-85.7547906,35.0971051],[-85.7547655,35.097104],[-85.7547796,35.0971087],[-85.754773,35.0971025],[-85.7547827,35.0971121],[-85.7547791,35.0971142],[-85.7547761,35.0971096],[-85.7546729,35.0970715],[-85.7545284,35.0969934],[-85.7544511,35.0968872],[-85.7543667,35.0967882],[-85.7543285,35.0966621],[-85.7542852,35.0965761],[-85.7542602,35.0964559],[-85.7542361,35.096355],[-85.7542252,35.0962856],[-85.7541796,35.0962294],[-85.7541166,35.0961762],[-85.7539798,35.0962295],[-85.7537963,35.0962522],[-85.7536277,35.0962713],[-85.7532889,35.0962241],[-85.7529448,35.0961091],[-85.7527513,35.0960482],[-85.7522239,35.0958122],[-85.7520777,35.0957563],[-85.7521506,35.0956581],[-85.7522744,35.0956511],[-85.7524025,35.0956166],[-85.7524237,35.0955189],[-85.7524785,35.0954246],[-85.752547,35.0952597],[-85.7525869,35.0951017],[-85.7525962,35.0949096],[-85.7526004,35.0946579],[-85.752574,35.0945329],[-85.7524953,35.0944005],[-85.7523655,35.0942803],[-85.7521564,35.0942299],[-85.7519707,35.0942221],[-85.7517702,35.0942834],[-85.7515669,35.0942861],[-85.751222,35.0943063],[-85.7511331,35.0942786],[-85.7510528,35.094211],[-85.7509728,35.094066],[-85.7509491,35.0940018],[-85.7509647,35.0939044],[-85.7509882,35.09381],[-85.7509248,35.0936564],[-85.7508377,35.0935495],[-85.7508101,35.0935198],[-85.7505553,35.0932873],[-85.7503959,35.0931309],[-85.7503084,35.0930022],[-85.7502724,35.0929305],[-85.7502617,35.092866],[-85.7503063,35.0926685],[-85.7504068,35.0924883],[-85.7504642,35.0923528],[-85.7504435,35.0922156],[-85.7503627,35.092101],[-85.7503463,35.0920832],[-85.7502682,35.0920031],[-85.7500357,35.0918894],[-85.749814,35.0917496],[-85.7496687,35.0916275],[-85.7493791,35.0915401],[-85.7493003,35.0914943],[-85.7492057,35.0914348],[-85.7489431,35.0912784],[-85.7487165,35.0912212],[-85.7481679,35.0911711],[-85.7478401,35.091159],[-85.7478799,35.0907581],[-85.7479354,35.0903813],[-85.7481616,35.0903767],[-85.7482542,35.0907233],[-85.7482319,35.0907412],[-85.7482695,35.0907303],[-85.7482727,35.0907152],[-85.74827,35.0907265],[-85.7482462,35.0907184],[-85.7482305,35.0907122],[-85.7482441,35.0907214],[-85.7482596,35.0907208],[-85.74826,35.0907226],[-85.7482692,35.0907177],[-85.7482656,35.0907299],[-85.7482577,35.0907171]]},"properties":{"id":"synthetic_user_063","kind":"synthetic_activity_track","track_name":"Synthetic Saturday 063 - osm spine runner","persona":"osm_spine_runner","source_type":"synthetic_activity_gpx","synthetic":true,"start_anchor":"#pavilion","start_local":"2026-05-23T14:49:47-05:00","end_local":"2026-05-23T16:22:13-05:00","duration_minutes":92.4,"distance_m":3177.8,"osm_track_m":2801.8,"osm_route_count":4,"osm_way_ids":[1215497663,1215497664,1215497666,1215497670,1215497671,1215497672,1215497683,1215497700,1215497704,1215497705],"point_count":196,"visited_anchors":["#osm-main-spine-west","#osm-north-loop","#pavilion","#photo-waypoint"],"review_status":"synthetic Saturday simulation; not field evidence"}},{"type":"Feature","geometry":{"type":"LineString","coordinates":[[-85.7482601,35.0907269],[-85.7482729,35.0907268],[-85.7482562,35.0907211],[-85.7482437,35.0907417],[-85.7482723,35.0907268],[-85.7482437,35.0907278],[-85.7482539,35.0907243],[-85.7482388,35.0907384],[-85.7482406,35.0907301],[-85.7481668,35.0903812],[-85.7481104,35.090376],[-85.748103,35.090395],[-85.7481104,35.0903921],[-85.7480625,35.0904196],[-85.7480114,35.0904971],[-85.7479973,35.090558],[-85.7479489,35.0908857],[-85.7479293,35.0909198],[-85.747923,35.0910055],[-85.7480916,35.0911192],[-85.7481923,35.0912089],[-85.748354,35.0913529],[-85.7484341,35.0913771],[-85.7485378,35.0914612],[-85.7485965,35.0915007],[-85.7486363,35.0915412],[-85.7486874,35.0915675],[-85.7487086,35.0915795],[-85.7488251,35.0916816],[-85.7488701,35.0917806],[-85.7488451,35.0918087],[-85.7488039,35.0918552],[-85.7487171,35.0918587],[-85.7486457,35.0918907],[-85.7484765,35.0919749],[-85.7483978,35.0919795],[-85.7481823,35.0919298],[-85.7480624,35.0919134],[-85.7479599,35.0919266],[-85.7478524,35.0919584],[-85.7477113,35.091954],[-85.7475666,35.0919908],[-85.7474472,35.0919954],[-85.7472846,35.0920355],[-85.7471045,35.0921221],[-85.7470496,35.0921253],[-85.7470013,35.0921382],[-85.746794,35.0923065],[-85.746611,35.0922855],[-85.7464824,35.092301],[-85.7464854,35.0923264],[-85.7463609,35.0923604],[-85.7460543,35.0924598],[-85.7458898,35.0924773],[-85.7458626,35.0924967],[-85.7458659,35.0926178],[-85.7459325,35.0926508],[-85.7459149,35.0926782],[-85.7457352,35.0927426],[-85.7456657,35.092787],[-85.745598,35.0928074],[-85.7455147,35.0928752],[-85.7455189,35.0929045],[-85.7455222,35.0929921],[-85.7454824,35.0931302],[-85.7454347,35.0931887],[-85.7454276,35.0933436],[-85.7453118,35.0933903],[-85.7452449,35.0934182],[-85.7452039,35.093441],[-85.7450538,35.0936389],[-85.7450104,35.0936533],[-85.7449488,35.0937978],[-85.7449186,35.0938483],[-85.7449245,35.0938775],[-85.7448456,35.0939731],[-85.7448244,35.0940706],[-85.7447954,35.0941027],[-85.7447611,35.0941053],[-85.7447335,35.0941817],[-85.7446559,35.0943231],[-85.7445998,35.0943656],[-85.7445663,35.0944068],[-85.7445166,35.094496],[-85.7445299,35.0945559],[-85.7444465,35.0947005],[-85.7444469,35.0947293],[-85.7444343,35.0947887],[-85.7444116,35.0948587],[-85.7443844,35.0949026],[-85.7443587,35.0949653],[-85.7443174,35.0950208],[-85.7442455,35.0951356],[-85.7442046,35.095257],[-85.7442296,35.0953852],[-85.7442266,35.0954133],[-85.7442522,35.0954961],[-85.7442199,35.095522],[-85.7441958,35.0955364],[-85.7441022,35.0956662],[-85.7440544,35.0956911],[-85.7439934,35.0957882],[-85.7439885,35.0958541],[-85.7439866,35.0958816],[-85.7440119,35.0959581],[-85.7440132,35.0959918],[-85.7440141,35.0960433],[-85.7439737,35.0960678],[-85.7439721,35.0961169],[-85.7439696,35.0961884],[-85.743922,35.0962106],[-85.7438851,35.0962651],[-85.7438744,35.0963894],[-85.7438854,35.0964953],[-85.7438786,35.0965699],[-85.743891,35.096613],[-85.7438863,35.0967191],[-85.7439043,35.0967852],[-85.7438688,35.0968286],[-85.7438481,35.0968458],[-85.7438377,35.0969479],[-85.7438293,35.0969784],[-85.7438269,35.0971457],[-85.7438138,35.0972036],[-85.7438375,35.0972972],[-85.7438391,35.097364],[-85.7438722,35.0974041],[-85.7439819,35.0974725],[-85.7439763,35.0975042],[-85.7439535,35.0975891],[-85.7439151,35.0976413],[-85.7439053,35.0977178],[-85.74395,35.097807],[-85.7439823,35.0978154],[-85.7440083,35.0978706],[-85.7440052,35.0979379],[-85.744032,35.0979619],[-85.7440285,35.0980504],[-85.7439759,35.0981301],[-85.74396,35.0982899],[-85.7439528,35.0983345],[-85.7439747,35.0984569],[-85.7439564,35.0985043],[-85.743951,35.0985538],[-85.7439416,35.098589],[-85.7439684,35.098547],[-85.7439183,35.098539],[-85.7439309,35.0984994],[-85.7439099,35.0984254],[-85.7438692,35.0982578],[-85.7438874,35.0981466],[-85.7439541,35.0980988],[-85.7439644,35.0979942],[-85.7440555,35.0979654],[-85.7440054,35.097936],[-85.7439837,35.0979481],[-85.7439941,35.0979693],[-85.7440015,35.0979468],[-85.7439969,35.0979382],[-85.7440049,35.0979574],[-85.74399,35.0979634],[-85.7439837,35.0979887],[-85.7439832,35.0980157],[-85.7440144,35.097889],[-85.7439812,35.0979656],[-85.7439912,35.0979563],[-85.7439977,35.0979508],[-85.7439831,35.0979613],[-85.7439787,35.0979872],[-85.744008,35.0979525],[-85.74397,35.0980119],[-85.7439953,35.0979583],[-85.7440347,35.0978949],[-85.7440144,35.0979162],[-85.7439926,35.0979567],[-85.743994,35.0979449],[-85.7439883,35.09799],[-85.7440001,35.0979621],[-85.743962,35.0980095],[-85.7440332,35.0978945],[-85.7439931,35.0979457],[-85.7440117,35.0979154],[-85.7440083,35.0979416],[-85.743991,35.097944],[-85.743996,35.0979575],[-85.7440109,35.0979376],[-85.7439626,35.0980097],[-85.744018,35.0978901],[-85.7440068,35.0979449],[-85.7440543,35.0979673],[-85.7439658,35.097998],[-85.7439408,35.0981069],[-85.7438885,35.0981459],[-85.7438715,35.0982552],[-85.7439087,35.0984265],[-85.7439292,35.0984972],[-85.7439296,35.0985375],[-85.7439666,35.0985429],[-85.7439414,35.0985248],[-85.7439591,35.0985433],[-85.7439756,35.0985628],[-85.7440096,35.0985682],[-85.7439582,35.0985405],[-85.7439066,35.0984872],[-85.7439642,35.0985449],[-85.7439467,35.0985442],[-85.7439566,35.0985385],[-85.7439692,35.0985351],[-85.7439685,35.0985684],[-85.7439598,35.0985159],[-85.743975,35.0984599],[-85.7439525,35.0983313],[-85.7439641,35.0982929],[-85.743968,35.0981411],[-85.7440211,35.0980476],[-85.7440251,35.0979575],[-85.7440127,35.0979277],[-85.7440176,35.0978727],[-85.7439762,35.0978266],[-85.7439507,35.0977995],[-85.7439136,35.0977293],[-85.7439315,35.0976414],[-85.7439584,35.0975828],[-85.743984,35.0975091],[-85.7439757,35.0974723],[-85.7438711,35.0974079],[-85.7438434,35.0973571],[-85.7438423,35.0972917],[-85.7438182,35.0971981],[-85.7438234,35.0971407],[-85.7438241,35.0969688],[-85.7438349,35.0969439],[-85.7438515,35.0968386],[-85.7438812,35.0968254],[-85.7438979,35.0967742],[-85.7438848,35.096723],[-85.7438981,35.0966053],[-85.7438894,35.0965691],[-85.7438861,35.096484],[-85.743879,35.0963858],[-85.7438969,35.0962629],[-85.7439336,35.096206],[-85.7439672,35.0961815],[-85.7439785,35.096112],[-85.7439886,35.0960675],[-85.7440106,35.0960347],[-85.7440058,35.0959938],[-85.744012,35.0959514],[-85.7439709,35.0958848],[-85.7439838,35.0958476],[-85.744001,35.095787],[-85.7440569,35.0956989],[-85.7441086,35.0956781],[-85.7441837,35.0955351],[-85.7442258,35.095527],[-85.7442515,35.0955062],[-85.7442234,35.0954107],[-85.744241,35.0953853],[-85.7441986,35.0952535],[-85.7442346,35.0951367],[-85.7443349,35.0950282],[-85.7443573,35.0949584],[-85.7443805,35.0948978],[-85.7444078,35.0948502],[-85.7444312,35.0947809],[-85.7444563,35.0947379],[-85.7444516,35.0947009],[-85.7445182,35.0945496],[-85.7445246,35.0944994],[-85.7445669,35.0944068],[-85.7445812,35.0943689],[-85.7446603,35.0943237],[-85.7447354,35.0941862],[-85.7447643,35.0940985],[-85.7447861,35.094097],[-85.744834,35.0940788],[-85.7448303,35.0939743],[-85.7449189,35.0938881],[-85.7449219,35.0938416],[-85.7449432,35.0937845],[-85.7450097,35.0936511],[-85.7450497,35.0936327],[-85.7452096,35.0934402],[-85.7452509,35.09342],[-85.7453088,35.0933982],[-85.7454222,35.0933436],[-85.7454416,35.0931894],[-85.7454783,35.0931346],[-85.7455137,35.092992],[-85.7455128,35.0928999],[-85.7455311,35.0928678],[-85.7455935,35.0928103],[-85.7456641,35.0927852],[-85.745754,35.0927462],[-85.7459264,35.092677],[-85.7459289,35.0926464],[-85.7458725,35.0926225],[-85.7458631,35.092504],[-85.7458812,35.0924791],[-85.746062,35.0924612],[-85.7463604,35.0923628],[-85.7464755,35.0923228],[-85.7464715,35.092289],[-85.7466014,35.0922715],[-85.7467842,35.0923118],[-85.7470075,35.0921363],[-85.747044,35.09213],[-85.7471078,35.0921255],[-85.747279,35.0920471],[-85.7474601,35.0919909],[-85.7475657,35.0919904],[-85.7477207,35.09196],[-85.7478438,35.0919536],[-85.7479428,35.0919298],[-85.7480649,35.0919163],[-85.7481709,35.09193],[-85.7483972,35.0919789],[-85.7484619,35.0919748],[-85.748638,35.0918914],[-85.7487039,35.0918667],[-85.7488006,35.091848],[-85.7488604,35.0918156],[-85.7488636,35.0917755],[-85.7488199,35.0916805],[-85.7487177,35.0915792],[-85.7486939,35.0915612],[-85.7486248,35.0915456],[-85.7485959,35.0914989],[-85.7485347,35.091473],[-85.7484229,35.0913848],[-85.7483631,35.0913564],[-85.7481918,35.0912131],[-85.7480997,35.0911254],[-85.7479343,35.091002],[-85.7479429,35.0909237],[-85.7479457,35.0908981],[-85.7480001,35.0905494],[-85.7480242,35.0905034],[-85.7480683,35.090416],[-85.7481129,35.0903927],[-85.7481034,35.0903934],[-85.7481225,35.0903775],[-85.7481621,35.0903726],[-85.748248,35.0907277],[-85.7482468,35.0907458],[-85.7482354,35.0907239],[-85.7482482,35.0907297],[-85.7482556,35.0907072],[-85.7482459,35.0907342],[-85.7482355,35.090714],[-85.7482419,35.090724],[-85.7482652,35.090718],[-85.7482312,35.0907234],[-85.7482567,35.0907193],[-85.7482456,35.0907138]]},"properties":{"id":"synthetic_user_064","kind":"synthetic_activity_track","track_name":"Synthetic Saturday 064 - north crawl","persona":"north_crawl","source_type":"synthetic_activity_gpx","synthetic":true,"start_anchor":"#pavilion","start_local":"2026-05-23T13:11:14-05:00","end_local":"2026-05-23T14:59:15-05:00","duration_minutes":108.0,"distance_m":3045.1,"osm_track_m":0.0,"osm_route_count":0,"osm_way_ids":[],"point_count":355,"visited_anchors":["#north-technical","#pavilion","#upper-ledges"],"review_status":"synthetic Saturday simulation; not field evidence"}},{"type":"Feature","geometry":{"type":"LineString","coordinates":[[-85.7482563,35.0907332],[-85.7482668,35.0907405],[-85.7482637,35.0907173],[-85.7482499,35.0907376],[-85.7482457,35.0907124],[-85.7482404,35.0907275],[-85.7482413,35.0907361],[-85.7482566,35.0907308],[-85.7482481,35.0907238],[-85.7482354,35.0907346],[-85.7481561,35.090381],[-85.7481261,35.0903715],[-85.7481037,35.0903985],[-85.7481067,35.0903767],[-85.7480621,35.0904289],[-85.7480104,35.0905058],[-85.7480018,35.0905554],[-85.74796,35.0908852],[-85.7479454,35.0909163],[-85.7479287,35.0910025],[-85.7481033,35.0911195],[-85.7482009,35.0912157],[-85.7483547,35.0913571],[-85.7484214,35.0913736],[-85.7485458,35.0914588],[-85.748611,35.0915013],[-85.7486412,35.0915421],[-85.7486828,35.0915577],[-85.7487037,35.0915737],[-85.748821,35.0916698],[-85.7488621,35.0917836],[-85.7488529,35.0918124],[-85.7488035,35.0918525],[-85.7487114,35.0918607],[-85.7486357,35.0918834],[-85.7484735,35.0919698],[-85.7483941,35.0919826],[-85.7481715,35.0919374],[-85.7480549,35.0919193],[-85.7479568,35.0919279],[-85.7478466,35.0919523],[-85.747713,35.0919623],[-85.7475678,35.0919833],[-85.7474656,35.0919966],[-85.7472881,35.0920355],[-85.747109,35.0921221],[-85.7470381,35.0921314],[-85.7470138,35.0921376],[-85.7467914,35.0922994],[-85.7466127,35.0922733],[-85.7464771,35.0922934],[-85.7464885,35.0923313],[-85.7463545,35.092353],[-85.7460589,35.0924639],[-85.7458794,35.0924888],[-85.7458623,35.0924924],[-85.7458674,35.0926105],[-85.7459164,35.0926439],[-85.7459172,35.0926796],[-85.7457417,35.0927373],[-85.745668,35.0927962],[-85.7456021,35.0927998],[-85.7455253,35.0928777],[-85.7455065,35.0928998],[-85.745529,35.0929907],[-85.7454811,35.0931385],[-85.7454382,35.0931839],[-85.7454101,35.0933371],[-85.7453135,35.0933951],[-85.7452562,35.0934092],[-85.7452147,35.0934464],[-85.7450643,35.0936389],[-85.745009,35.0936527],[-85.7449573,35.093782],[-85.7449157,35.0938448],[-85.7449193,35.0938883],[-85.7448452,35.0939719],[-85.7448335,35.0940686],[-85.7447809,35.0940991],[-85.7447696,35.0941071],[-85.7447334,35.0941771],[-85.7446562,35.0943353],[-85.7445922,35.0943721],[-85.7445515,35.0944137],[-85.744517,35.094496],[-85.7445281,35.0945556],[-85.7444446,35.0946905],[-85.7444499,35.0947276],[-85.744435,35.094786],[-85.7444189,35.0948601],[-85.7443738,35.0948908],[-85.7443501,35.0949649],[-85.7443219,35.0950234],[-85.7442444,35.0951414],[-85.7442,35.0952578],[-85.7442369,35.0953883],[-85.744216,35.0954071],[-85.7442483,35.0955],[-85.7442307,35.0955207],[-85.7441955,35.0955382],[-85.7440963,35.0956789],[-85.7440577,35.0956893],[-85.7439918,35.0957812],[-85.7439913,35.0958483],[-85.74397,35.0958759],[-85.7440099,35.0959526],[-85.7440025,35.0959831],[-85.7440068,35.0960472],[-85.743981,35.0960668],[-85.7439749,35.0961094],[-85.7439744,35.0961878],[-85.7439263,35.0962136],[-85.7438819,35.096259],[-85.7438738,35.0963978],[-85.743898,35.096499],[-85.7438882,35.0965596],[-85.7438944,35.0966114],[-85.7438839,35.0967242],[-85.7438946,35.0967871],[-85.7438848,35.0968353],[-85.7438449,35.0968487],[-85.7438483,35.0969474],[-85.7438286,35.0969688],[-85.7438365,35.0971348],[-85.7438069,35.0972014],[-85.743841,35.0972953],[-85.743852,35.097368],[-85.7438903,35.0974105],[-85.74398,35.0974696],[-85.7439811,35.0975039],[-85.7439548,35.0975975],[-85.7439216,35.0976308],[-85.7439059,35.0977173],[-85.7439431,35.0978047],[-85.7439725,35.0978174],[-85.7440086,35.0978798],[-85.7440117,35.097929],[-85.7440262,35.0979572],[-85.744022,35.0980579],[-85.7439643,35.09814],[-85.7439794,35.0982834],[-85.7439616,35.0983415],[-85.7439795,35.0984677],[-85.7439446,35.0985109],[-85.7439548,35.0985589],[-85.7439578,35.0985794],[-85.7439642,35.0985391],[-85.7439211,35.0985356],[-85.7439443,35.0985009],[-85.7439073,35.0984355],[-85.7438683,35.0982568],[-85.7438937,35.0981398],[-85.7439495,35.0981091],[-85.7439557,35.0980025],[-85.7440502,35.0979699],[-85.7440121,35.0979315],[-85.7439878,35.097946],[-85.7439769,35.0979527],[-85.743996,35.0979435],[-85.7440155,35.0979524],[-85.7439839,35.0979536],[-85.7439798,35.0979759],[-85.7439514,35.0979796],[-85.7440086,35.0979574],[-85.7440445,35.0979238],[-85.7440001,35.0979705],[-85.7440058,35.0979634],[-85.7439949,35.0979484],[-85.7439906,35.0979588],[-85.743986,35.0979806],[-85.7439615,35.0979873],[-85.7440458,35.0979247],[-85.7440324,35.0979399],[-85.7439909,35.0979534],[-85.7440042,35.0979622],[-85.7439907,35.0979404],[-85.7439844,35.0979794],[-85.7439909,35.0979482],[-85.7439541,35.0979816],[-85.7440245,35.0979084],[-85.7440237,35.0979332],[-85.7440557,35.0979687],[-85.7439622,35.0979944],[-85.7439404,35.0981088],[-85.7438889,35.0981406],[-85.7438641,35.0982562],[-85.7439101,35.0984339],[-85.7439382,35.0985105],[-85.7439355,35.0985334],[-85.7439582,35.0985221],[-85.7439451,35.098539],[-85.7439467,35.0985492],[-85.743962,35.0985315],[-85.7439716,35.0985082],[-85.7439978,35.098501],[-85.7439401,35.0985339],[-85.7438916,35.0985612],[-85.7439339,35.0985377],[-85.7439302,35.0984991],[-85.7438975,35.098425],[-85.7438765,35.0982538],[-85.7438903,35.098153],[-85.7439379,35.0981055],[-85.7439634,35.0979987],[-85.7440544,35.0979525],[-85.7440191,35.0979279],[-85.7439893,35.0979518],[-85.7440678,35.0979341],[-85.7441011,35.097947],[-85.7440365,35.0978881],[-85.7439599,35.0978803],[-85.7440079,35.0979],[-85.7440024,35.0978905],[-85.7438941,35.0978933],[-85.7438718,35.0979212],[-85.7439564,35.0979138],[-85.7439087,35.0979796],[-85.7439355,35.0979182],[-85.743847,35.0978346],[-85.7438387,35.0977056],[-85.7438542,35.0976206],[-85.7438424,35.0975714],[-85.7438098,35.0975225],[-85.7437611,35.0974772],[-85.7437504,35.0974013],[-85.7436897,35.0972208],[-85.7437044,35.0970837],[-85.7437308,35.097025],[-85.7437426,35.0969865],[-85.7437229,35.0969176],[-85.7437575,35.0968741],[-85.7437795,35.096839],[-85.7437779,35.0967688],[-85.7437559,35.0967092],[-85.7437938,35.0966757],[-85.7437889,35.0966097],[-85.7438077,35.0965777],[-85.7438189,35.0965115],[-85.7437994,35.0963845],[-85.7438624,35.0961834],[-85.7438622,35.0960867],[-85.7438734,35.0959766],[-85.7439275,35.0958485],[-85.7439621,35.0958309],[-85.7439532,35.0957771],[-85.7439772,35.0957564],[-85.7440119,35.0956593],[-85.7440613,35.0956477],[-85.7440729,35.0956154],[-85.7441355,35.0955768],[-85.7441474,35.095538],[-85.7441512,35.0954883],[-85.7441436,35.0954442],[-85.7441458,35.095385],[-85.7441177,35.0953634],[-85.7441028,35.0952649],[-85.7441692,35.0952167],[-85.744213,35.0951062],[-85.7442932,35.094983],[-85.7443277,35.0948751],[-85.7443285,35.0948502],[-85.7443257,35.0947888],[-85.7443689,35.0947478],[-85.7444127,35.0947207],[-85.744413,35.0945971],[-85.7444537,35.0945059],[-85.7445171,35.0944652],[-85.744548,35.0944177],[-85.7446054,35.0943735],[-85.7446949,35.0942632],[-85.7446867,35.0942137],[-85.7447723,35.0940738],[-85.744768,35.0940034],[-85.744825,35.0939658],[-85.7448681,35.0939141],[-85.7448696,35.0938712],[-85.7449486,35.0938027],[-85.7449942,35.0937144],[-85.7450751,35.0936299],[-85.7451026,35.0935349],[-85.7451805,35.0934057],[-85.7452688,35.0934336],[-85.7453389,35.0933813],[-85.7453744,35.0932496],[-85.7454405,35.0931465],[-85.7454746,35.0930917],[-85.7454519,35.0929434],[-85.7454892,35.0928842],[-85.7455225,35.0928463],[-85.7456546,35.0927611],[-85.7458257,35.0927117],[-85.7458377,35.0926883],[-85.7458227,35.092644],[-85.745828,35.0925343],[-85.7459277,35.0924942],[-85.7461418,35.0923976],[-85.746231,35.0923795],[-85.7463631,35.0923232],[-85.746454,35.092354],[-85.7464504,35.0923881],[-85.7465369,35.0923783],[-85.7466276,35.0923828],[-85.7465717,35.0924186],[-85.7465124,35.0924333],[-85.746583,35.0924419],[-85.7466112,35.0924008],[-85.7466399,35.0923404],[-85.7467242,35.0922951],[-85.7467508,35.0922495],[-85.7467833,35.0922306],[-85.7468224,35.0922293],[-85.7468962,35.0921735],[-85.7469163,35.0921425],[-85.7470282,35.092096],[-85.7470551,35.0921091],[-85.747123,35.0922009],[-85.7471756,35.0921823],[-85.7471096,35.0921762],[-85.747071,35.0922712],[-85.7471137,35.0922787],[-85.7470595,35.092232],[-85.7470209,35.0922672],[-85.7469562,35.0922918],[-85.7470374,35.0923579],[-85.7470069,35.0923283],[-85.7469608,35.0923177],[-85.747013,35.0922996],[-85.7470688,35.0923369],[-85.7470318,35.0923166],[-85.7469385,35.0921794],[-85.7469191,35.0921039],[-85.7469974,35.0920432],[-85.7471265,35.0920106],[-85.7472053,35.0919452],[-85.7473509,35.0919314],[-85.7475093,35.091907],[-85.7476668,35.0918457],[-85.7477116,35.0918455],[-85.7477467,35.0918365],[-85.7478155,35.0918641],[-85.7478941,35.0918623],[-85.7480226,35.0918347],[-85.7480936,35.0918678],[-85.7481259,35.0918382],[-85.7481831,35.0918492],[-85.748246,35.0918596],[-85.7482974,35.0918691],[-85.7483969,35.0918714],[-85.7484689,35.091906],[-85.7485887,35.0919447],[-85.7486634,35.0919111],[-85.7487405,35.0919096],[-85.7488059,35.091928],[-85.748896,35.0919935],[-85.7489117,35.0920276],[-85.748984,35.0920653],[-85.7492671,35.091931],[-85.7494046,35.0919435],[-85.7494541,35.0919558],[-85.7495326,35.0919545],[-85.7496336,35.0919891],[-85.7496858,35.0919987],[-85.7497313,35.0920006],[-85.749751,35.0919755],[-85.7497901,35.091954],[-85.7498421,35.0919653],[-85.749975,35.0919603],[-85.7499975,35.0919786],[-85.7501285,35.0920156],[-85.7501609,35.0920116],[-85.7502305,35.0919635],[-85.7502855,35.0919609],[-85.7503255,35.0919481],[-85.7503539,35.0918909],[-85.7503811,35.0918751],[-85.7504337,35.0918289],[-85.7504641,35.0918133],[-85.7506424,35.0918381],[-85.7507258,35.0918763],[-85.7507744,35.0918675],[-85.7508421,35.0918466],[-85.7508809,35.0918392],[-85.7510302,35.091898],[-85.7511189,35.0919087],[-85.7511301,35.0919669],[-85.7511109,35.09206],[-85.7512293,35.0921256],[-85.7512642,35.0921208],[-85.7511339,35.0920633],[-85.7511349,35.092015],[-85.7511902,35.0919845],[-85.7512301,35.0919367],[-85.7512852,35.0920284],[-85.751281,35.0919796],[-85.7513385,35.0919319],[-85.7513399,35.0918792],[-85.7512962,35.0918288],[-85.7512898,35.0917625],[-85.7513425,35.0916973],[-85.7513657,35.0916384],[-85.7514091,35.0916537],[-85.7514297,35.0916154],[-85.7514862,35.0915963],[-85.7515379,35.09153],[-85.7515807,35.0915074],[-85.7517015,35.0915359],[-85.7516829,35.0916103],[-85.7516512,35.0916346],[-85.7516225,35.0916164],[-85.7515926,35.0916267],[-85.7514852,35.0916931],[-85.7514098,35.0916841],[-85.7514231,35.0917182],[-85.7513744,35.0917525],[-85.7513969,35.0917748],[-85.7514325,35.0917603],[-85.7514651,35.0917723],[-85.7515136,35.0917888],[-85.7515017,35.0919091],[-85.7515235,35.0919886],[-85.7515554,35.0919401],[-85.7515002,35.091919],[-85.751477,35.0919292],[-85.7514938,35.0919219],[-85.7514915,35.091921],[-85.7514751,35.0919114],[-85.7514594,35.0919462],[-85.7514971,35.0919438],[-85.7514924,35.091928],[-85.7514998,35.0919304],[-85.7514805,35.0919131],[-85.7512768,35.0920044],[-85.7507088,35.091946],[-85.7500355,35.0918949],[-85.7498097,35.0917483],[-85.7496617,35.0916264],[-85.7493785,35.0915429],[-85.7493008,35.0914954],[-85.7492066,35.0914371],[-85.7489427,35.0912754],[-85.7487134,35.0912207],[-85.7481716,35.0911644],[-85.7478413,35.0911588],[-85.747881,35.0907613],[-85.7479293,35.0903828],[-85.7481653,35.0903739],[-85.7482538,35.0907212],[-85.748272,35.0907324],[-85.7482326,35.0907151],[-85.7482428,35.0907389],[-85.7482647,35.0907441],[-85.7482442,35.0907185]]},"properties":{"id":"synthetic_user_065","kind":"synthetic_activity_track","track_name":"Synthetic Saturday 065 - north crawl","persona":"north_crawl","source_type":"synthetic_activity_gpx","synthetic":true,"start_anchor":"#pavilion","start_local":"2026-05-23T13:56:13-05:00","end_local":"2026-05-23T15:51:39-05:00","duration_minutes":115.4,"distance_m":3971.3,"osm_track_m":423.9,"osm_route_count":1,"osm_way_ids":[1215497663,1215497664,1215497668,1215497683],"point_count":452,"visited_anchors":["#north-technical","#observed-trailhead","#pavilion","#upper-ledges"],"review_status":"synthetic Saturday simulation; not field evidence"}},{"type":"Feature","geometry":{"type":"LineString","coordinates":[[-85.7482491,35.0907319],[-85.7482549,35.0907386],[-85.7482706,35.0907166],[-85.748249,35.0907257],[-85.7478821,35.0907573],[-85.7478418,35.0911567],[-85.7481651,35.0911678],[-85.7487137,35.0912201],[-85.7489461,35.0912806],[-85.749206,35.091437],[-85.749301,35.091496],[-85.7491895,35.0917173],[-85.7490475,35.091874],[-85.7488998,35.0919737],[-85.7486704,35.091982],[-85.7483679,35.0919248],[-85.7481686,35.0919052],[-85.7479265,35.0919021],[-85.7476363,35.0919391],[-85.7471897,35.0920414],[-85.7470917,35.0920927],[-85.7469888,35.0923072],[-85.7469974,35.0922962],[-85.7469926,35.0923092],[-85.7469821,35.0922995],[-85.7470003,35.0922971],[-85.7469798,35.0922929],[-85.7469865,35.0922811],[-85.7470163,35.0923056],[-85.7469725,35.0923128],[-85.7469985,35.0923314],[-85.7470289,35.0923524],[-85.7469518,35.0922995],[-85.7470273,35.0922755],[-85.7470562,35.0922388],[-85.747114,35.0922659],[-85.7470744,35.0922675],[-85.747117,35.0921728],[-85.7471814,35.0921856],[-85.7471331,35.0921964],[-85.7470498,35.092103],[-85.7470151,35.0921056],[-85.746927,35.0921408],[-85.7469036,35.0921778],[-85.7468279,35.0922248],[-85.7467764,35.0922275],[-85.7467373,35.0922504],[-85.7467172,35.0922957],[-85.7466241,35.0923336],[-85.7465985,35.0924124],[-85.7465833,35.0924378],[-85.7465108,35.0924318],[-85.7465711,35.0924291],[-85.7466342,35.0923761],[-85.7465255,35.0923661],[-85.7464585,35.0923939],[-85.7464392,35.0923497],[-85.7463672,35.0923072],[-85.7462286,35.0923851],[-85.7461472,35.0923912],[-85.7459344,35.0924949],[-85.7458396,35.0925314],[-85.745819,35.0926401],[-85.7458251,35.0926818],[-85.745811,35.0927159],[-85.7456433,35.0927577],[-85.7455223,35.092859],[-85.7454794,35.0928844],[-85.7454645,35.0929454],[-85.7454691,35.0930878],[-85.7454534,35.0931353],[-85.7453806,35.0932408],[-85.7453456,35.0933848],[-85.7452571,35.0934417],[-85.7451835,35.0934026],[-85.7451068,35.093529],[-85.7450679,35.0936403],[-85.7449968,35.0937278],[-85.7449682,35.0938002],[-85.7448639,35.0938697],[-85.7448643,35.0939285],[-85.7448203,35.0939727],[-85.744765,35.0940073],[-85.7447587,35.0940828],[-85.7446931,35.0942123],[-85.744682,35.0942657],[-85.7446212,35.0943629],[-85.7445518,35.0944129],[-85.7445052,35.0944673],[-85.7444642,35.0945145],[-85.7444172,35.0946033],[-85.7443956,35.0947224],[-85.7443739,35.0947493],[-85.7443208,35.0947771],[-85.7443284,35.0948475],[-85.7443348,35.0948778],[-85.7442937,35.0949709],[-85.7442152,35.0950912],[-85.7441649,35.095223],[-85.7440911,35.0952663],[-85.7441172,35.0953585],[-85.7441357,35.095382],[-85.7441324,35.0954427],[-85.7441495,35.0954795],[-85.7441432,35.0955441],[-85.7441298,35.0955703],[-85.7440856,35.0956138],[-85.7440513,35.0956512],[-85.7440188,35.0956693],[-85.7439892,35.0957531],[-85.7439517,35.0957784],[-85.7439713,35.0958305],[-85.7439247,35.095843],[-85.743869,35.0959728],[-85.7438638,35.0960849],[-85.7438725,35.0961768],[-85.7438087,35.0963798],[-85.743813,35.0965143],[-85.7438157,35.0965882],[-85.7437946,35.0966192],[-85.7437916,35.0966799],[-85.7437594,35.0967045],[-85.7437769,35.0967744],[-85.7437705,35.0968449],[-85.7437688,35.0968828],[-85.7437171,35.0969196],[-85.7437394,35.0969748],[-85.7437364,35.0970249],[-85.743703,35.0970969],[-85.7436942,35.0972217],[-85.7437477,35.097406],[-85.7437701,35.0974775],[-85.7438124,35.0975116],[-85.7438456,35.0975743],[-85.7438449,35.0976125],[-85.743835,35.0976969],[-85.7438437,35.0978415],[-85.7439252,35.0979183],[-85.7439094,35.0979714],[-85.7439595,35.0979169],[-85.743875,35.097921],[-85.7438991,35.0978897],[-85.744006,35.0978796],[-85.7440126,35.0978962],[-85.7439428,35.0978844],[-85.7440269,35.0978779],[-85.7440842,35.0979448],[-85.7440754,35.0979268],[-85.7439788,35.0979506],[-85.7439794,35.0979525],[-85.7440005,35.0979557],[-85.7440143,35.0979538],[-85.7439901,35.0979614],[-85.744003,35.0979514],[-85.7439617,35.0979623],[-85.7439385,35.0979714],[-85.7440038,35.0979575],[-85.7440499,35.0979183],[-85.7439802,35.0979537],[-85.7439964,35.0979588],[-85.7439859,35.0979548],[-85.7439636,35.0979654],[-85.7439418,35.0979767],[-85.7440542,35.0979252],[-85.7439908,35.0979546],[-85.7440326,35.0979368],[-85.7439889,35.0979469],[-85.7440028,35.0979482],[-85.7439714,35.0979777],[-85.743946,35.0979834],[-85.7440537,35.0979244],[-85.7440097,35.0979552],[-85.7440329,35.0979373],[-85.7440052,35.0979463],[-85.7440097,35.0979466],[-85.7440008,35.097945],[-85.7439988,35.0979555],[-85.7440153,35.0979322],[-85.7440566,35.0979615],[-85.7439658,35.098003],[-85.7439535,35.0981068],[-85.7438821,35.0981501],[-85.7438609,35.098247],[-85.7438987,35.0984299],[-85.7439357,35.0984953],[-85.7439242,35.0985277],[-85.7439677,35.0985462],[-85.7439489,35.098575],[-85.7439506,35.0985501],[-85.743963,35.0985122],[-85.7439713,35.0984632],[-85.7439471,35.098334],[-85.7439626,35.0982865],[-85.7439784,35.0981377],[-85.7440296,35.0980555],[-85.7440265,35.0979664],[-85.7440168,35.0979294],[-85.7440169,35.0978757],[-85.7439681,35.0978258],[-85.7439446,35.0978116],[-85.7439058,35.097718],[-85.7439182,35.0976376],[-85.7439511,35.0975938],[-85.7439823,35.0975034],[-85.7439747,35.0974606],[-85.7438868,35.0974035],[-85.74384,35.0973669],[-85.7438476,35.0972889],[-85.743815,35.0972016],[-85.743827,35.0971319],[-85.7438215,35.0969691],[-85.7438377,35.0969499],[-85.7438624,35.0968494],[-85.7438765,35.0968336],[-85.7439036,35.0967797],[-85.7438788,35.0967199],[-85.7438992,35.0966163],[-85.743887,35.0965569],[-85.7438922,35.0964997],[-85.7438777,35.096396],[-85.7438871,35.0962609],[-85.7439304,35.0962007],[-85.7439753,35.0961824],[-85.7439671,35.0961133],[-85.7439767,35.096071],[-85.7440102,35.0960358],[-85.7439981,35.095988],[-85.7440184,35.0959567],[-85.7439816,35.0958816],[-85.743986,35.0958517],[-85.7439916,35.0957809],[-85.7440552,35.095696],[-85.7440996,35.0956663],[-85.7441798,35.095533],[-85.7442225,35.0955176],[-85.7442447,35.0954934],[-85.7442264,35.0954185],[-85.7442316,35.095372],[-85.7442002,35.0952574],[-85.7442394,35.0951308],[-85.7443258,35.0950177],[-85.7443597,35.0949718],[-85.7443808,35.0948958],[-85.7444063,35.0948515],[-85.74443,35.0947808],[-85.7444556,35.0947302],[-85.7444487,35.0946863],[-85.7445155,35.0945545],[-85.744532,35.0944874],[-85.7445482,35.0944118],[-85.7445935,35.0943713],[-85.744661,35.0943278],[-85.7447377,35.0941738],[-85.7447679,35.0941007],[-85.7447845,35.0940969],[-85.7448408,35.0940718],[-85.7448423,35.0939695],[-85.7449161,35.0938738],[-85.7449186,35.0938393],[-85.7449591,35.0937835],[-85.7449967,35.0936515],[-85.7450611,35.0936413],[-85.7451971,35.093444],[-85.7452495,35.093423],[-85.7453197,35.0933974],[-85.7454163,35.0933405],[-85.7454478,35.0931961],[-85.7454735,35.0931323],[-85.7455293,35.0929947],[-85.7455124,35.0928955],[-85.745514,35.0928729],[-85.7456104,35.0928044],[-85.7456714,35.092789],[-85.7457448,35.0927363],[-85.7459298,35.0926794],[-85.7459209,35.0926534],[-85.7458742,35.0926193],[-85.7458644,35.0924926],[-85.7458897,35.0924793],[-85.7460496,35.0924596],[-85.7463472,35.0923532],[-85.7464842,35.0923188],[-85.746477,35.0922945],[-85.7466058,35.0922789],[-85.7467849,35.0922955],[-85.7470102,35.0921379],[-85.7470474,35.0921343],[-85.7471057,35.0921237],[-85.7472923,35.0920456],[-85.7474603,35.0920003],[-85.7475709,35.0919834],[-85.7477051,35.091955],[-85.7478399,35.0919586],[-85.7479451,35.0919235],[-85.748059,35.091924],[-85.7481744,35.0919343],[-85.7484106,35.091979],[-85.7484697,35.0919697],[-85.7486475,35.0918861],[-85.7487113,35.0918654],[-85.7487969,35.0918561],[-85.7488622,35.0918075],[-85.7488606,35.0917693],[-85.7488259,35.0916773],[-85.7487132,35.0915779],[-85.7486831,35.091566],[-85.7486295,35.0915466],[-85.7485937,35.0914989],[-85.7485406,35.091464],[-85.7484256,35.0913794],[-85.74836,35.0913472],[-85.7481936,35.0912251],[-85.7481011,35.0911113],[-85.7479319,35.0910093],[-85.7479449,35.0909208],[-85.7479567,35.0908852],[-85.7480004,35.0905526],[-85.7480226,35.0905014],[-85.7480672,35.0904258],[-85.7480992,35.0903903],[-85.7480968,35.0904028],[-85.7481212,35.0903725],[-85.7481613,35.0903744],[-85.748255,35.0907259],[-85.7482777,35.0907216],[-85.7482418,35.0907472],[-85.7482537,35.0907229]]},"properties":{"id":"synthetic_user_066","kind":"synthetic_activity_track","track_name":"Synthetic Saturday 066 - north crawl","persona":"north_crawl","source_type":"synthetic_activity_gpx","synthetic":true,"start_anchor":"#pavilion","start_local":"2026-05-23T15:10:16-05:00","end_local":"2026-05-23T16:43:23-05:00","duration_minutes":93.1,"distance_m":3020.9,"osm_track_m":421.4,"osm_route_count":1,"osm_way_ids":[1215497663,1215497664,1215497666,1215497683],"point_count":327,"visited_anchors":["#night-checkpoint","#north-technical","#pavilion"],"review_status":"synthetic Saturday simulation; not field evidence"}},{"type":"Feature","geometry":{"type":"LineString","coordinates":[[-85.7482523,35.0907359],[-85.748239,35.090718],[-85.7482361,35.0907382],[-85.7482435,35.0907203],[-85.7482387,35.0907189],[-85.7482392,35.0907403],[-85.748243,35.0907163],[-85.7482494,35.0907433],[-85.7482321,35.0907323],[-85.7481588,35.0903783],[-85.7481205,35.0903792],[-85.7481009,35.0903976],[-85.7480997,35.0903873],[-85.7480668,35.0904165],[-85.7480235,35.0904952],[-85.7480139,35.0905559],[-85.7479432,35.0908931],[-85.7479385,35.0909254],[-85.7479314,35.0909941],[-85.7480955,35.0911138],[-85.7481868,35.0912163],[-85.7483558,35.0913481],[-85.7484315,35.0913806],[-85.748531,35.0914664],[-85.7485988,35.0914921],[-85.7486314,35.0915519],[-85.7486813,35.0915645],[-85.7487087,35.0915827],[-85.748809,35.0916809],[-85.7488618,35.0917843],[-85.7488494,35.0918207],[-85.748816,35.0918529],[-85.7487163,35.0918579],[-85.7486379,35.0918838],[-85.7484661,35.0919734],[-85.7483946,35.0919857],[-85.7481837,35.0919294],[-85.7480656,35.0919127],[-85.7479418,35.091929],[-85.7478423,35.0919617],[-85.7477094,35.0919595],[-85.7475731,35.0919794],[-85.7474501,35.0919896],[-85.7472921,35.0920445],[-85.7471166,35.0921361],[-85.7470548,35.0921322],[-85.7470023,35.0921477],[-85.746789,35.0923011],[-85.7466052,35.0922727],[-85.7464807,35.0923007],[-85.7464851,35.092327],[-85.7463568,35.0923567],[-85.7460517,35.0924571],[-85.7458762,35.0924794],[-85.7458652,35.0925022],[-85.7458612,35.0926198],[-85.7459168,35.0926502],[-85.7459242,35.0926841],[-85.7457468,35.092745],[-85.7456703,35.0927825],[-85.7456013,35.0928001],[-85.7455185,35.092873],[-85.74551,35.0929064],[-85.7455215,35.0929876],[-85.7454759,35.0931275],[-85.7454456,35.0931998],[-85.7454246,35.0933409],[-85.7453239,35.0933942],[-85.7452503,35.0934159],[-85.7451967,35.0934504],[-85.745061,35.0936349],[-85.745004,35.0936602],[-85.7449481,35.093786],[-85.7449266,35.0938458],[-85.7449092,35.0938845],[-85.7448449,35.0939845],[-85.7448232,35.0940708],[-85.744779,35.0940996],[-85.7447716,35.0941018],[-85.7447392,35.0941802],[-85.7446478,35.0943276],[-85.7445939,35.0943651],[-85.7445465,35.0944097],[-85.7445351,35.0944911],[-85.7445271,35.09456],[-85.7444518,35.0946861],[-85.7444468,35.0947321],[-85.7444287,35.09478],[-85.7444081,35.0948515],[-85.7443751,35.0948928],[-85.7443523,35.0949632],[-85.7443317,35.0950313],[-85.7442415,35.0951435],[-85.7441959,35.0952451],[-85.7442364,35.0953756],[-85.7442212,35.0954025],[-85.7442433,35.0955007],[-85.7442174,35.0955228],[-85.7441983,35.0955377],[-85.7440919,35.0956769],[-85.7440642,35.0957018],[-85.7439938,35.0957793],[-85.7439865,35.0958522],[-85.7439831,35.0958829],[-85.7440232,35.0959488],[-85.7440168,35.0959882],[-85.7440036,35.0960353],[-85.7439852,35.0960663],[-85.7439798,35.0961073],[-85.7439703,35.0961769],[-85.7439331,35.0962102],[-85.7438901,35.0962537],[-85.7438807,35.0963847],[-85.7438891,35.0964891],[-85.7438938,35.0965663],[-85.7439033,35.0966147],[-85.7438832,35.0967206],[-85.7438999,35.0967838],[-85.7438722,35.0968329],[-85.743863,35.0968454],[-85.7438384,35.0969478],[-85.7438177,35.0969687],[-85.743821,35.0971373],[-85.7438185,35.0971951],[-85.7438504,35.0972996],[-85.7438377,35.0973636],[-85.7438829,35.0974088],[-85.7439838,35.0974642],[-85.7439783,35.0975013],[-85.7439662,35.0975949],[-85.7439133,35.0976434],[-85.7439161,35.0977237],[-85.7439509,35.097798],[-85.7439806,35.0978145],[-85.7440097,35.0978705],[-85.7440109,35.0979363],[-85.7440223,35.0979592],[-85.7440226,35.0980476],[-85.7439657,35.0981265],[-85.7439729,35.0982883],[-85.7439561,35.0983349],[-85.7439744,35.098469],[-85.7439573,35.0985148],[-85.7439564,35.0985465],[-85.7439427,35.0985896],[-85.7439702,35.0985492],[-85.74392,35.0985368],[-85.7439391,35.0984942],[-85.7438912,35.0984292],[-85.7438621,35.0982559],[-85.7438951,35.0981455],[-85.7439467,35.0980996],[-85.7439628,35.0980099],[-85.7440577,35.0979576],[-85.7440034,35.0979256],[-85.7439774,35.097946],[-85.7439864,35.0979427],[-85.7439989,35.0979503],[-85.7439934,35.0979672],[-85.7440059,35.0979555],[-85.7439848,35.0979477],[-85.7439763,35.0979282],[-85.7439993,35.0979445],[-85.7439623,35.0979116],[-85.7440214,35.0980005],[-85.7440005,35.0979599],[-85.743985,35.0979435],[-85.7440029,35.097945],[-85.7439933,35.09796],[-85.7440019,35.0979389],[-85.7439884,35.097922],[-85.7439546,35.0979156],[-85.7439982,35.0979457],[-85.7440355,35.0979932],[-85.744023,35.0979758],[-85.7440018,35.0979455],[-85.7439887,35.097963],[-85.7440035,35.0979522],[-85.7439738,35.0979295],[-85.7439669,35.0979092],[-85.7440318,35.0979951],[-85.7439975,35.0979446],[-85.744012,35.0979815],[-85.7440134,35.0979568],[-85.743996,35.0979581],[-85.7439967,35.0979589],[-85.7439948,35.0979707],[-85.7439664,35.0979095],[-85.7439921,35.0979481],[-85.7440012,35.0979325],[-85.7440496,35.097968],[-85.7439616,35.0980058],[-85.7439491,35.0980977],[-85.7438896,35.0981483],[-85.7438689,35.0982509],[-85.7438946,35.0984356],[-85.7439344,35.0985073],[-85.7439308,35.0985386],[-85.7439363,35.098529],[-85.7439558,35.0985427],[-85.7439507,35.098536],[-85.7439347,35.0985366],[-85.743951,35.0985422],[-85.7439272,35.0985136],[-85.743904,35.0985101],[-85.7439921,35.0985622],[-85.7439319,35.0985344],[-85.7439562,35.0985299],[-85.7439494,35.0985272],[-85.7439378,35.0985327],[-85.7439173,35.0985259],[-85.7439042,35.0985099],[-85.7439892,35.0985657],[-85.74397,35.0985573],[-85.7439513,35.0985801],[-85.743964,35.0985508],[-85.7439305,35.0985343],[-85.7439352,35.0984966],[-85.7438954,35.0984302],[-85.743874,35.0982575],[-85.7438892,35.0981425],[-85.7439439,35.0981116],[-85.7439566,35.0979976],[-85.7440577,35.0979617],[-85.7440163,35.097938],[-85.7439826,35.0979523],[-85.7440748,35.0979261],[-85.7441007,35.0979467],[-85.7440373,35.0978838],[-85.7439569,35.0978817],[-85.7440115,35.097895],[-85.7440074,35.0978793],[-85.7438996,35.0978941],[-85.7438806,35.0979246],[-85.7439617,35.0979186],[-85.7439039,35.0979748],[-85.7439303,35.0979192],[-85.7438507,35.097839],[-85.7438267,35.0977026],[-85.7438596,35.0976167],[-85.7438543,35.0975707],[-85.7438267,35.0975193],[-85.7437625,35.0974713],[-85.7437395,35.097395],[-85.7436895,35.0972231],[-85.7436931,35.0970946],[-85.7437493,35.0970303],[-85.7437305,35.0969857],[-85.7437218,35.0969174],[-85.743761,35.0968788],[-85.7437834,35.0968458],[-85.7437873,35.0967678],[-85.7437629,35.0967065],[-85.7437897,35.096674],[-85.7437922,35.096618],[-85.7438245,35.0965807],[-85.7438166,35.0965062],[-85.7437975,35.0963787],[-85.7438652,35.0961832],[-85.7438644,35.0960803],[-85.7438698,35.0959674],[-85.7439251,35.0958576],[-85.7439697,35.0958216],[-85.7439594,35.0957791],[-85.743976,35.0957446],[-85.7440088,35.0956579],[-85.7440554,35.0956513],[-85.744078,35.0956188],[-85.7441349,35.0955712],[-85.7441419,35.0955423],[-85.7441486,35.0954842],[-85.7441285,35.0954435],[-85.7441324,35.0953817],[-85.7441145,35.0953567],[-85.7441069,35.0952623],[-85.7441525,35.0952214],[-85.7442185,35.0950955],[-85.7442927,35.0949836],[-85.7443252,35.0948709],[-85.7443343,35.094856],[-85.7443303,35.0947838],[-85.7443803,35.0947613],[-85.7444013,35.0947203],[-85.7444209,35.0946037],[-85.7444716,35.0945054],[-85.7445168,35.094465],[-85.7445469,35.0944211],[-85.7446147,35.0943681],[-85.7446902,35.0942753],[-85.7446963,35.0942039],[-85.7447708,35.0940695],[-85.7447791,35.0940173],[-85.7448304,35.0939706],[-85.744865,35.09392],[-85.7448668,35.0938672],[-85.7449607,35.093794],[-85.7450025,35.0937167],[-85.7450653,35.0936383],[-85.7451052,35.0935367],[-85.7451763,35.0933999],[-85.74527,35.0934315],[-85.7453395,35.09339],[-85.7453686,35.0932445],[-85.7454501,35.0931498],[-85.7454789,35.0930843],[-85.7454652,35.0929426],[-85.7454769,35.0928922],[-85.7455272,35.0928528],[-85.7456531,35.0927512],[-85.7458125,35.0927135],[-85.7458391,35.0926853],[-85.7458133,35.0926324],[-85.7458265,35.0925388],[-85.7459372,35.092498],[-85.7461405,35.0923938],[-85.7462165,35.0923879],[-85.746361,35.0923243],[-85.7464474,35.0923424],[-85.7464492,35.0923976],[-85.746534,35.092375],[-85.746634,35.0923854],[-85.7465713,35.0924235],[-85.7465054,35.092443],[-85.7465855,35.0924359],[-85.7466002,35.0924035],[-85.7466392,35.092337],[-85.7467123,35.092297],[-85.7467413,35.0922463],[-85.746771,35.092229],[-85.7468244,35.0922257],[-85.7469017,35.0921722],[-85.74693,35.0921428],[-85.7470159,35.0920931],[-85.7470592,35.0921166],[-85.7471345,35.0922037],[-85.7471709,35.0921893],[-85.7471135,35.0921814],[-85.7470711,35.0922743],[-85.7471128,35.092279],[-85.7470739,35.0922346],[-85.7470267,35.0922663],[-85.746949,35.0922895],[-85.7470359,35.0923624],[-85.746999,35.092321],[-85.7469585,35.0923128],[-85.7469987,35.0923039],[-85.7470655,35.092341],[-85.7470398,35.0923108],[-85.7469335,35.0921767],[-85.7469256,35.0921002],[-85.7470036,35.0920559],[-85.7471423,35.0920047],[-85.7472076,35.0919446],[-85.7473615,35.0919386],[-85.7474944,35.0918996],[-85.7476562,35.0918501],[-85.7477147,35.0918519],[-85.747736,35.0918252],[-85.7478137,35.0918602],[-85.7478901,35.0918662],[-85.7480317,35.0918449],[-85.7480899,35.0918765],[-85.7481319,35.091843],[-85.74818,35.0918518],[-85.7482484,35.091846],[-85.7483173,35.0918744],[-85.7483875,35.0918698],[-85.7484505,35.0919026],[-85.7485929,35.0919324],[-85.7486635,35.0919072],[-85.7487385,35.0919157],[-85.7488155,35.0919256],[-85.7488898,35.091988],[-85.7489069,35.0920175],[-85.7489893,35.0920685],[-85.7492634,35.09193],[-85.7494093,35.0919438],[-85.7494446,35.0919544],[-85.7495249,35.0919434],[-85.7496333,35.0919883],[-85.7496859,35.0920069],[-85.7497178,35.0920043],[-85.7497449,35.0919796],[-85.7497958,35.0919533],[-85.7498495,35.0919708],[-85.7499814,35.0919501],[-85.750001,35.0919759],[-85.7501263,35.092016],[-85.7501672,35.0920088],[-85.7502278,35.0919543],[-85.7502829,35.0919655],[-85.7503201,35.0919447],[-85.750351,35.0918848],[-85.7503974,35.0918777],[-85.7504403,35.0918356],[-85.7504762,35.0918161],[-85.7506358,35.0918433],[-85.7507249,35.0918803],[-85.750778,35.0918652],[-85.7508357,35.0918332],[-85.7508746,35.0918378],[-85.7510267,35.0919002],[-85.7511019,35.0919108],[-85.7511445,35.0919581],[-85.7511123,35.09207],[-85.7512394,35.0921161],[-85.7512748,35.0921145],[-85.7511438,35.0920534],[-85.7511385,35.0920112],[-85.7511783,35.0919928],[-85.7512294,35.0919502],[-85.7512935,35.0920313],[-85.7512731,35.0919853],[-85.7513355,35.0919347],[-85.7513358,35.0918736],[-85.751305,35.091833],[-85.7512933,35.0917534],[-85.7513394,35.0917027],[-85.7513666,35.0916356],[-85.751422,35.0916568],[-85.7514239,35.0916212],[-85.7514798,35.0915918],[-85.751538,35.091537],[-85.7515929,35.0915033],[-85.751705,35.0915434],[-85.7516835,35.09162],[-85.7516541,35.0916407],[-85.7516268,35.0916233],[-85.7515836,35.0916311],[-85.7514917,35.0916977],[-85.7514248,35.0916862],[-85.7514233,35.0917132],[-85.7513733,35.0917591],[-85.7513978,35.0917817],[-85.7514358,35.0917683],[-85.751465,35.0917634],[-85.7515091,35.0917915],[-85.751506,35.0919133],[-85.751526,35.0919929],[-85.751564,35.0919348],[-85.7515058,35.0919237],[-85.7514733,35.0919299],[-85.7514572,35.0919315],[-85.7514757,35.0919247],[-85.7514887,35.0919136],[-85.7514969,35.0919342],[-85.7515023,35.0919317],[-85.7515051,35.0919324],[-85.751464,35.0919491],[-85.7512737,35.0920015],[-85.7507067,35.0919443],[-85.7500356,35.0918894],[-85.7498095,35.0917425],[-85.7496654,35.0916291],[-85.7493777,35.0915435],[-85.7493026,35.0914933],[-85.7492017,35.0914322],[-85.7489455,35.0912805],[-85.7487122,35.0912243],[-85.7481669,35.0911647],[-85.7478389,35.0911563],[-85.7478788,35.0907613],[-85.7479355,35.0903843],[-85.7481608,35.0903736],[-85.7482512,35.0907294],[-85.7482344,35.090708],[-85.748261,35.0907298],[-85.7482767,35.0907263],[-85.7482614,35.0907251],[-85.748229,35.0907119],[-85.7482738,35.0907141],[-85.748238,35.0907205],[-85.748261,35.0907186],[-85.7482356,35.0907427],[-85.7482376,35.0907137],[-85.7482483,35.0907368],[-85.7482621,35.0907306],[-85.748258,35.0907308],[-85.7482596,35.090737],[-85.7482584,35.0907424]]},"properties":{"id":"synthetic_user_067","kind":"synthetic_activity_track","track_name":"Synthetic Saturday 067 - north crawl","persona":"north_crawl","source_type":"synthetic_activity_gpx","synthetic":true,"start_anchor":"#pavilion","start_local":"2026-05-23T15:16:07-05:00","end_local":"2026-05-23T17:25:00-05:00","duration_minutes":128.9,"distance_m":4052.1,"osm_track_m":423.9,"osm_route_count":1,"osm_way_ids":[1215497663,1215497664,1215497668,1215497683],"point_count":480,"visited_anchors":["#north-technical","#observed-trailhead","#pavilion","#upper-ledges"],"review_status":"synthetic Saturday simulation; not field evidence"}},{"type":"Feature","geometry":{"type":"LineString","coordinates":[[-85.7482513,35.0907242],[-85.7482607,35.0907213],[-85.7482441,35.0907327],[-85.7482561,35.0907313],[-85.7482662,35.0907182],[-85.7482715,35.0907302],[-85.7478802,35.0907572],[-85.7478332,35.0911583],[-85.7481663,35.0911699],[-85.748716,35.0912206],[-85.7489427,35.0912803],[-85.7492077,35.0914327],[-85.7493027,35.0914909],[-85.749379,35.0915447],[-85.7496651,35.0916302],[-85.7498162,35.0917469],[-85.7500402,35.0918924],[-85.750709,35.0919413],[-85.7512742,35.0920047],[-85.7514743,35.0919354],[-85.7514786,35.0919152],[-85.7514849,35.0919354],[-85.7514673,35.0919363],[-85.7514875,35.0919338],[-85.7514553,35.0919495],[-85.7514887,35.0919387],[-85.7515026,35.0919444],[-85.7514877,35.0919133],[-85.7514585,35.0919216],[-85.7514976,35.0919407],[-85.7514496,35.0919384],[-85.7514764,35.0919254],[-85.7515091,35.0919201],[-85.7515494,35.0919345],[-85.7515285,35.0919933],[-85.7515086,35.0919164],[-85.7515066,35.0917988],[-85.7514745,35.091774],[-85.7514299,35.0917648],[-85.751391,35.0917793],[-85.7513557,35.0917537],[-85.7514176,35.0917037],[-85.7514261,35.091688],[-85.7515003,35.0916898],[-85.7515857,35.0916337],[-85.7516249,35.0916268],[-85.7516584,35.0916423],[-85.7516805,35.0916167],[-85.7517081,35.0915415],[-85.7515792,35.091505],[-85.751541,35.0915427],[-85.7514768,35.0915913],[-85.7514168,35.0916138],[-85.7514179,35.0916569],[-85.7513563,35.0916429],[-85.7513544,35.0917019],[-85.7512979,35.0917546],[-85.7513133,35.0918286],[-85.7513362,35.0918786],[-85.7513366,35.0919239],[-85.7512712,35.0919792],[-85.7512847,35.0920276],[-85.75123,35.0919341],[-85.7511978,35.0919922],[-85.7511341,35.0920004],[-85.7511381,35.0920508],[-85.7512737,35.0921127],[-85.7512235,35.0921159],[-85.7511144,35.0920566],[-85.751125,35.0919628],[-85.7511159,35.0919139],[-85.7510376,35.0919058],[-85.7508691,35.0918371],[-85.7508306,35.0918337],[-85.7507824,35.0918707],[-85.7507186,35.0918866],[-85.7506264,35.0918348],[-85.7504816,35.0918151],[-85.7504418,35.0918216],[-85.7503953,35.0918825],[-85.7503386,35.0918899],[-85.7503262,35.0919383],[-85.750291,35.0919654],[-85.7502287,35.0919651],[-85.7501617,35.0920071],[-85.7501317,35.0920009],[-85.7499978,35.0919805],[-85.7499766,35.09196],[-85.7498552,35.0919656],[-85.7497849,35.0919564],[-85.7497474,35.0919731],[-85.7497252,35.0919964],[-85.7496924,35.0919987],[-85.7496306,35.0919901],[-85.7495197,35.0919459],[-85.7494528,35.0919595],[-85.7494131,35.0919447],[-85.7492677,35.0919381],[-85.7489849,35.0920757],[-85.7489041,35.0920315],[-85.7488922,35.0920015],[-85.7488059,35.0919376],[-85.7487403,35.0919174],[-85.7486684,35.0919188],[-85.7485843,35.0919355],[-85.7484518,35.0919036],[-85.7483914,35.0918662],[-85.7483,35.0918737],[-85.748247,35.0918519],[-85.7481764,35.0918567],[-85.7481256,35.0918418],[-85.7480947,35.0918666],[-85.7480354,35.0918422],[-85.7478978,35.0918693],[-85.7478185,35.0918538],[-85.7477375,35.0918411],[-85.7477059,35.0918413],[-85.747664,35.0918437],[-85.7474961,35.0918993],[-85.747359,35.0919278],[-85.747217,35.0919429],[-85.7471349,35.0920128],[-85.7470116,35.0920525],[-85.7469343,35.0920944],[-85.7469321,35.0921662],[-85.7470379,35.0923196],[-85.7470714,35.0923306],[-85.7470053,35.0922936],[-85.7469622,35.0923053],[-85.7470025,35.0923253],[-85.7470414,35.0923596],[-85.7469617,35.0922952],[-85.7470379,35.0922703],[-85.7470735,35.0922318],[-85.7471171,35.0922727],[-85.7470712,35.0922733],[-85.7471288,35.0921793],[-85.7471723,35.09219],[-85.7471276,35.0921916],[-85.7470435,35.0921157],[-85.7470279,35.0920961],[-85.7469221,35.0921395],[-85.7468939,35.0921731],[-85.7468325,35.0922308],[-85.7467763,35.0922382],[-85.7467475,35.092257],[-85.746715,35.092292],[-85.7466278,35.0923373],[-85.7466177,35.0924088],[-85.7465939,35.0924395],[-85.7465044,35.0924362],[-85.7465831,35.0924185],[-85.7466295,35.0923838],[-85.7465295,35.0923709],[-85.7464501,35.0923923],[-85.74644,35.0923539],[-85.7463712,35.0923159],[-85.7462226,35.0923865],[-85.7461395,35.092401],[-85.7459285,35.092501],[-85.7458281,35.0925311],[-85.7458138,35.0926339],[-85.7458369,35.0926819],[-85.7458224,35.0927123],[-85.7456525,35.0927539],[-85.7455182,35.0928476],[-85.7454737,35.0928927],[-85.7454562,35.092949],[-85.7454674,35.0930774],[-85.7454516,35.0931423],[-85.7453624,35.0932409],[-85.7453502,35.0933837],[-85.7452596,35.0934328],[-85.7451812,35.0934108],[-85.7450941,35.0935349],[-85.7450581,35.0936334],[-85.7449941,35.0937201],[-85.7449646,35.093806],[-85.7448637,35.0938747],[-85.7448731,35.0939221],[-85.744825,35.0939669],[-85.7447711,35.0940101],[-85.7447653,35.0940722],[-85.7447016,35.0942143],[-85.7446818,35.0942664],[-85.7446081,35.0943627],[-85.7445583,35.0944092],[-85.7445103,35.0944676],[-85.7444619,35.0945149],[-85.744426,35.0945941],[-85.7444022,35.0947109],[-85.7443667,35.0947543],[-85.744321,35.0947763],[-85.7443403,35.0948518],[-85.744334,35.0948765],[-85.7442894,35.0949801],[-85.7442147,35.0950952],[-85.7441615,35.0952144],[-85.7441099,35.0952613],[-85.7441183,35.0953474],[-85.7441412,35.0953912],[-85.7441369,35.0954563],[-85.7441485,35.0954841],[-85.7441495,35.0955421],[-85.7441461,35.0955742],[-85.7440769,35.0956149],[-85.7440623,35.0956507],[-85.7440068,35.0956652],[-85.743982,35.095744],[-85.7439684,35.0957847],[-85.7439644,35.0958343],[-85.7439332,35.095852],[-85.7438682,35.095974],[-85.7438557,35.0960811],[-85.7438653,35.0961897],[-85.7438026,35.0963687],[-85.7438234,35.0965037],[-85.7438107,35.0965785],[-85.7437991,35.0966163],[-85.7437894,35.0966739],[-85.7437666,35.096708],[-85.7437834,35.0967777],[-85.7437758,35.0968483],[-85.7437553,35.0968758],[-85.7437164,35.0969222],[-85.7437387,35.0969875],[-85.7437486,35.0970289],[-85.743699,35.0970827],[-85.7436902,35.0972288],[-85.7437366,35.0974022],[-85.7437692,35.097469],[-85.7438279,35.0975162],[-85.7438497,35.0975679],[-85.7438541,35.0976214],[-85.743831,35.0977028],[-85.7438598,35.0978446],[-85.7439421,35.0979098],[-85.7439034,35.0979701],[-85.7439464,35.0979245],[-85.7438787,35.0979245],[-85.7438901,35.0979],[-85.7439948,35.0978799],[-85.7440204,35.0979043],[-85.7439596,35.0978859],[-85.7440332,35.0978844],[-85.7440938,35.0979475],[-85.7440776,35.0979303],[-85.7439869,35.0979527],[-85.7440133,35.0979507],[-85.7440001,35.0979455],[-85.7439867,35.0979497],[-85.7440107,35.097954],[-85.7440309,35.0979484],[-85.744004,35.0979571],[-85.7440508,35.0979421],[-85.7440558,35.0979671],[-85.7439738,35.0979971],[-85.7439559,35.0981027],[-85.7438803,35.0981488],[-85.7438688,35.0982561],[-85.7438992,35.0984367],[-85.7439395,35.0984965],[-85.7439224,35.0985361],[-85.7439636,35.0985433],[-85.7439404,35.0985835],[-85.7439574,35.0985547],[-85.7439447,35.0985056],[-85.7439702,35.0984713],[-85.7439546,35.0983303],[-85.7439596,35.0982892],[-85.743966,35.0981418],[-85.7440326,35.0980539],[-85.7440336,35.0979548],[-85.7440062,35.097931],[-85.7440073,35.0978707],[-85.7439704,35.0978162],[-85.7439387,35.0978055],[-85.7439049,35.0977217],[-85.7439175,35.0976325],[-85.7439523,35.097588],[-85.74399,35.0975082],[-85.7439665,35.0974667],[-85.7438868,35.097403],[-85.7438471,35.0973605],[-85.7438533,35.0972889],[-85.743806,35.0972004],[-85.7438379,35.0971394],[-85.7438254,35.0969689],[-85.7438483,35.0969449],[-85.7438628,35.0968467],[-85.7438738,35.0968324],[-85.7438882,35.0967819],[-85.7438871,35.0967135],[-85.7438941,35.096609],[-85.7438888,35.0965704],[-85.7438914,35.0964871],[-85.7438824,35.0963957],[-85.7438875,35.0962579],[-85.7439261,35.0962136],[-85.7439766,35.0961834],[-85.7439805,35.0961108],[-85.7439871,35.0960639],[-85.7440108,35.0960364],[-85.7440129,35.0959901],[-85.7440113,35.0959515],[-85.743976,35.0958713],[-85.7439849,35.0958524],[-85.7439885,35.0957878],[-85.7440617,35.0956889],[-85.7440973,35.0956803],[-85.744189,35.0955331],[-85.7442196,35.0955204],[-85.7442525,35.0954956],[-85.7442268,35.095409],[-85.744226,35.0953786],[-85.7442022,35.0952487],[-85.7442481,35.0951392],[-85.7443284,35.0950299],[-85.7443665,35.0949616],[-85.744379,35.0948953],[-85.7444137,35.0948458],[-85.7444345,35.0947856],[-85.7444552,35.0947247],[-85.744446,35.0946912],[-85.7445199,35.0945584],[-85.7445266,35.0944997],[-85.7445531,35.0944099],[-85.7445955,35.0943762],[-85.7446556,35.0943301],[-85.7447398,35.0941794],[-85.7447756,35.0941059],[-85.7447909,35.0941024],[-85.7448407,35.0940748],[-85.7448442,35.0939703],[-85.7449239,35.0938765],[-85.7449113,35.0938396],[-85.7449547,35.0937923],[-85.7450016,35.0936598],[-85.7450502,35.0936389],[-85.7452052,35.093451],[-85.7452593,35.0934187],[-85.7453153,35.0933934],[-85.745418,35.0933396],[-85.7454413,35.0931988],[-85.7454815,35.0931395],[-85.7455289,35.0929897],[-85.7455058,35.0929017],[-85.7455251,35.0928772],[-85.7456027,35.0928112],[-85.7456668,35.0927939],[-85.7457506,35.0927381],[-85.7459242,35.0926793],[-85.7459282,35.0926411],[-85.7458696,35.0926057],[-85.7458717,35.0924973],[-85.7458731,35.0924815],[-85.7460481,35.0924635],[-85.746354,35.0923591],[-85.7464807,35.0923331],[-85.7464766,35.0922876],[-85.7466089,35.0922865],[-85.7467817,35.0922992],[-85.7470033,35.0921403],[-85.7470503,35.0921286],[-85.7471092,35.0921227],[-85.7472865,35.0920404],[-85.747459,35.0919956],[-85.7475743,35.0919909],[-85.7477229,35.0919566],[-85.7478471,35.0919483],[-85.747943,35.0919296],[-85.7480531,35.0919125],[-85.7481859,35.0919259],[-85.7483916,35.0919788],[-85.7484642,35.091983],[-85.7486364,35.0918866],[-85.7487118,35.0918702],[-85.7488123,35.0918471],[-85.7488434,35.0918131],[-85.748871,35.0917762],[-85.7488188,35.091676],[-85.7487168,35.0915777],[-85.7486886,35.0915564],[-85.7486261,35.09154],[-85.7486014,35.0915047],[-85.7485435,35.0914614],[-85.7484265,35.0913839],[-85.7483704,35.0913555],[-85.7482039,35.0912179],[-85.7480866,35.091123],[-85.7479272,35.0909952],[-85.7479314,35.0909252],[-85.7479464,35.0908905],[-85.7480095,35.0905473],[-85.7480128,35.0905009],[-85.7480597,35.0904256],[-85.7481096,35.090381],[-85.7481115,35.0904057],[-85.7481136,35.0903762],[-85.7481733,35.0903729],[-85.7482546,35.090731],[-85.7482351,35.0907172],[-85.7482595,35.0907201],[-85.7482604,35.0907424],[-85.7482461,35.0907108],[-85.7482547,35.0907238],[-85.7482657,35.0907314],[-85.7482781,35.0907251],[-85.7482489,35.0907065],[-85.7482314,35.0907305],[-85.7482404,35.0907068],[-85.7482391,35.0907166],[-85.7482582,35.0907218]]},"properties":{"id":"synthetic_user_068","kind":"synthetic_activity_track","track_name":"Synthetic Saturday 068 - trailhead social","persona":"trailhead_social","source_type":"synthetic_activity_gpx","synthetic":true,"start_anchor":"#pavilion","start_local":"2026-05-23T13:30:02-05:00","end_local":"2026-05-23T15:21:01-05:00","duration_minutes":111.0,"distance_m":3662.4,"osm_track_m":381.7,"osm_route_count":1,"osm_way_ids":[1215497663,1215497664,1215497668,1215497683],"point_count":413,"visited_anchors":["#north-technical","#observed-trailhead","#pavilion"],"review_status":"synthetic Saturday simulation; not field evidence"}},{"type":"Feature","geometry":{"type":"LineString","coordinates":[[-85.7482606,35.090725],[-85.7482507,35.090744],[-85.7482603,35.0907314],[-85.7482484,35.0907421],[-85.7482615,35.0907381],[-85.7482604,35.0907207],[-85.7482372,35.0907111],[-85.7482474,35.0907296],[-85.7482465,35.0907295],[-85.7478804,35.0907621],[-85.7478363,35.0911558],[-85.7481706,35.0911683],[-85.7487139,35.0912232],[-85.7489404,35.0912773],[-85.749202,35.0914325],[-85.7492956,35.0914918],[-85.7491868,35.0917131],[-85.7490441,35.0918738],[-85.7488919,35.0919746],[-85.7486687,35.091985],[-85.7483711,35.0919318],[-85.7481654,35.0919063],[-85.7479276,35.0919026],[-85.7476302,35.0919386],[-85.7471874,35.0920484],[-85.7470888,35.0920939],[-85.7469844,35.0923037],[-85.746976,35.0923078],[-85.7469762,35.0923077],[-85.746984,35.0923148],[-85.7469886,35.0922988],[-85.7469748,35.092299],[-85.7469845,35.0923081],[-85.7469617,35.0922986],[-85.7469854,35.0923098],[-85.7469551,35.0923161],[-85.7469953,35.0923289],[-85.7470307,35.092361],[-85.746963,35.0922923],[-85.7470244,35.0922659],[-85.7470695,35.092238],[-85.7471076,35.0922692],[-85.7470841,35.0922684],[-85.7471204,35.0921832],[-85.7471814,35.0921812],[-85.7471192,35.0922034],[-85.74705,35.0921158],[-85.7470111,35.092104],[-85.7469297,35.0921425],[-85.7468966,35.0921761],[-85.7468356,35.0922245],[-85.7467675,35.0922327],[-85.7467441,35.0922579],[-85.746728,35.0923013],[-85.7466323,35.0923325],[-85.7466176,35.0924065],[-85.7465806,35.0924279],[-85.7465082,35.092435],[-85.7465682,35.0924234],[-85.7466332,35.0923731],[-85.7465255,35.0923752],[-85.746457,35.0923848],[-85.7464428,35.0923552],[-85.7463605,35.0923184],[-85.746221,35.0923867],[-85.7461511,35.0924002],[-85.7459366,35.0924969],[-85.7458302,35.0925294],[-85.7458217,35.0926339],[-85.7458358,35.0926741],[-85.7458083,35.0927098],[-85.745641,35.0927629],[-85.7455235,35.0928509],[-85.7454708,35.0928932],[-85.74547,35.0929446],[-85.7454708,35.0930804],[-85.7454484,35.0931475],[-85.7453632,35.0932465],[-85.7453362,35.0933739],[-85.745254,35.0934348],[-85.7451751,35.0933966],[-85.7450967,35.0935275],[-85.7450682,35.0936301],[-85.7450086,35.0937253],[-85.744954,35.0938049],[-85.7448695,35.0938714],[-85.7448618,35.0939225],[-85.7448214,35.0939749],[-85.7447729,35.0940186],[-85.744769,35.0940726],[-85.7447016,35.0942049],[-85.7446818,35.0942693],[-85.7446103,35.0943729],[-85.7445623,35.0944174],[-85.7445106,35.0944694],[-85.7444649,35.0945128],[-85.7444164,35.0945971],[-85.7444015,35.0947269],[-85.7443776,35.0947499],[-85.7443292,35.0947814],[-85.7443362,35.0948438],[-85.7443273,35.0948726],[-85.7443032,35.0949734],[-85.7442071,35.0951008],[-85.7441585,35.0952147],[-85.7440913,35.0952677],[-85.7441207,35.0953479],[-85.7441304,35.0953814],[-85.74413,35.0954534],[-85.7441487,35.0954879],[-85.7441415,35.0955386],[-85.7441333,35.0955741],[-85.7440765,35.0956105],[-85.7440566,35.0956441],[-85.7440114,35.0956731],[-85.7439805,35.0957533],[-85.7439575,35.0957838],[-85.7439631,35.09583],[-85.7439183,35.0958489],[-85.7438672,35.0959643],[-85.7438637,35.0960913],[-85.7438681,35.0961843],[-85.7438051,35.0963858],[-85.7438235,35.0965042],[-85.7438229,35.0965865],[-85.7437862,35.0966136],[-85.7437862,35.0966769],[-85.7437616,35.0967119],[-85.7437746,35.0967758],[-85.7437829,35.0968441],[-85.7437544,35.0968807],[-85.7437127,35.09691],[-85.7437394,35.0969824],[-85.7437291,35.0970253],[-85.7437043,35.0970949],[-85.7436997,35.0972259],[-85.7437437,35.0974107],[-85.7437641,35.0974785],[-85.743815,35.0975231],[-85.7438533,35.0975689],[-85.7438595,35.097611],[-85.7438382,35.0976996],[-85.7438407,35.0978428],[-85.7439382,35.0979132],[-85.7439168,35.0979657],[-85.7439551,35.0979164],[-85.7438759,35.0979163],[-85.7438959,35.0978961],[-85.7440052,35.0978869],[-85.7440169,35.0979034],[-85.7439588,35.0978799],[-85.7440415,35.0978814],[-85.7440872,35.0979456],[-85.7440692,35.0979242],[-85.7439893,35.0979416],[-85.7440055,35.0979438],[-85.7440077,35.0979577],[-85.7440039,35.097946],[-85.7439962,35.0979346],[-85.7440063,35.0979526],[-85.7439953,35.0979227],[-85.7440042,35.0979819],[-85.7440051,35.0979494],[-85.7439934,35.0979448],[-85.7440044,35.0979544],[-85.7440044,35.0979492],[-85.7440055,35.0979459],[-85.7439958,35.0979347],[-85.7439903,35.0979231],[-85.7439987,35.0979824],[-85.7439979,35.0979705],[-85.7439944,35.0979501],[-85.7439957,35.0979554],[-85.743998,35.0979345],[-85.7439895,35.0979232],[-85.7439943,35.0979828],[-85.7439947,35.0979707],[-85.7439964,35.0979445],[-85.7439976,35.0979585],[-85.7439984,35.0979551],[-85.7440008,35.0979603],[-85.7439932,35.0979445],[-85.7440015,35.0979222],[-85.7440029,35.0979821],[-85.7439919,35.0979522],[-85.7440023,35.0979286],[-85.7440451,35.0979563],[-85.743969,35.0980088],[-85.7439544,35.0980994],[-85.74389,35.0981426],[-85.7438775,35.0982548],[-85.7439109,35.0984346],[-85.7439482,35.0985042],[-85.7439328,35.0985363],[-85.7439606,35.0985461],[-85.743938,35.098584],[-85.7439555,35.0985473],[-85.7439616,35.0985096],[-85.7439661,35.098463],[-85.7439591,35.0983402],[-85.7439769,35.0982894],[-85.7439686,35.0981407],[-85.7440275,35.098045],[-85.7440219,35.0979647],[-85.7440178,35.0979294],[-85.7440185,35.0978722],[-85.7439823,35.0978142],[-85.7439495,35.0978094],[-85.7439183,35.0977256],[-85.7439211,35.0976301],[-85.7439657,35.0975876],[-85.7439837,35.0974945],[-85.7439844,35.0974674],[-85.7438795,35.0974088],[-85.7438475,35.0973698],[-85.7438481,35.0972882],[-85.7438087,35.0972054],[-85.7438287,35.0971458],[-85.7438305,35.0969671],[-85.7438383,35.096935],[-85.7438568,35.0968507],[-85.7438881,35.0968268],[-85.7438935,35.0967785],[-85.7438879,35.0967212],[-85.743904,35.0966034],[-85.7438934,35.0965682],[-85.7438956,35.0964974],[-85.7438751,35.0963836],[-85.7438969,35.0962591],[-85.7439202,35.096202],[-85.7439693,35.0961823],[-85.7439694,35.0961033],[-85.74399,35.0960733],[-85.7440113,35.0960357],[-85.7440044,35.0959884],[-85.7440259,35.0959533],[-85.7439801,35.0958708],[-85.7439882,35.0958413],[-85.7440017,35.0957937],[-85.7440703,35.0957001],[-85.7440975,35.0956831],[-85.7441911,35.0955334],[-85.7442165,35.0955208],[-85.7442519,35.0955079],[-85.7442292,35.0954174],[-85.7442294,35.0953864],[-85.7441995,35.0952471],[-85.7442461,35.0951361],[-85.7443249,35.0950215],[-85.7443629,35.0949652],[-85.7443718,35.0949052],[-85.744421,35.0948509],[-85.7444237,35.0947818],[-85.7444541,35.0947389],[-85.7444589,35.0946923],[-85.7445189,35.0945505],[-85.7445255,35.0944931],[-85.7445603,35.0944028],[-85.744596,35.0943696],[-85.7446495,35.0943375],[-85.7447376,35.0941815],[-85.7447609,35.0941033],[-85.7447849,35.0940965],[-85.7448341,35.0940717],[-85.7448395,35.0939712],[-85.7449242,35.0938754],[-85.7449219,35.0938534],[-85.7449547,35.0937849],[-85.745005,35.0936509],[-85.7450516,35.093637],[-85.745197,35.0934449],[-85.7452526,35.0934137],[-85.7453162,35.0933989],[-85.7454103,35.0933365],[-85.7454316,35.093192],[-85.745474,35.0931308],[-85.7455113,35.092998],[-85.7455071,35.0929038],[-85.7455177,35.092873],[-85.7456011,35.0928121],[-85.7456646,35.0927905],[-85.7457434,35.0927489],[-85.7459191,35.0926829],[-85.7459153,35.092646],[-85.7458589,35.0926121],[-85.745855,35.0924941],[-85.745889,35.0924878],[-85.7460568,35.0924667],[-85.7463598,35.0923605],[-85.746494,35.0923287],[-85.7464719,35.0922998],[-85.7466047,35.0922722],[-85.7467924,35.0922998],[-85.7470071,35.0921398],[-85.747055,35.0921232],[-85.7471163,35.0921265],[-85.7472829,35.0920373],[-85.7474575,35.0919934],[-85.7475659,35.0919804],[-85.7477063,35.0919521],[-85.7478399,35.0919559],[-85.7479609,35.0919265],[-85.7480599,35.0919236],[-85.7481834,35.0919399],[-85.7483937,35.0919827],[-85.7484682,35.0919787],[-85.7486498,35.091888],[-85.7487126,35.0918681],[-85.7487985,35.0918535],[-85.7488478,35.0918069],[-85.7488704,35.0917719],[-85.7488142,35.0916797],[-85.7487218,35.0915789],[-85.7486885,35.0915541],[-85.7486296,35.0915489],[-85.7486043,35.0915014],[-85.7485408,35.0914566],[-85.7484313,35.091375],[-85.7483533,35.0913516],[-85.7481924,35.0912173],[-85.748103,35.0911127],[-85.7479311,35.0909945],[-85.7479401,35.0909263],[-85.7479524,35.0908949],[-85.7479966,35.0905493],[-85.7480279,35.0904969],[-85.7480741,35.0904239],[-85.7481166,35.0903814],[-85.7481046,35.090397],[-85.74811,35.090373],[-85.7481602,35.0903729],[-85.7482484,35.0907307],[-85.7482428,35.0907151],[-85.74826,35.090728],[-85.7482703,35.0907376],[-85.7482428,35.0907283],[-85.7482704,35.0907304],[-85.7482779,35.0907305],[-85.748238,35.0907411],[-85.7482718,35.090711],[-85.748271,35.0907341],[-85.7482351,35.0907347],[-85.7482705,35.0907291],[-85.7482609,35.0907218],[-85.7482733,35.090723],[-85.748272,35.0907165]]},"properties":{"id":"synthetic_user_069","kind":"synthetic_activity_track","track_name":"Synthetic Saturday 069 - north crawl","persona":"north_crawl","source_type":"synthetic_activity_gpx","synthetic":true,"start_anchor":"#pavilion","start_local":"2026-05-23T13:57:13-05:00","end_local":"2026-05-23T15:40:20-05:00","duration_minutes":103.1,"distance_m":3010.2,"osm_track_m":421.4,"osm_route_count":1,"osm_way_ids":[1215497663,1215497664,1215497666,1215497683],"point_count":346,"visited_anchors":["#night-checkpoint","#north-technical","#pavilion"],"review_status":"synthetic Saturday simulation; not field evidence"}},{"type":"Feature","geometry":{"type":"LineString","coordinates":[[-85.7482543,35.0907197],[-85.7482431,35.0907097],[-85.7482566,35.0907292],[-85.7482295,35.0907222],[-85.7482367,35.0907295],[-85.7482677,35.0907337],[-85.7482382,35.0907381],[-85.7478833,35.0907576],[-85.7478388,35.0911577],[-85.7481689,35.0911683],[-85.7487151,35.0912222],[-85.7489464,35.0912767],[-85.749202,35.0914306],[-85.7492964,35.0914909],[-85.7493817,35.0915422],[-85.7496676,35.0916282],[-85.749808,35.0917447],[-85.7500344,35.0918893],[-85.7507115,35.091943],[-85.7512759,35.0919993],[-85.7514793,35.0919315],[-85.7514817,35.0919398],[-85.751476,35.0919567],[-85.7514572,35.0919507],[-85.751479,35.0919364],[-85.7514589,35.0919509],[-85.751465,35.0919523],[-85.7514728,35.0919274],[-85.7515048,35.0919183],[-85.7515447,35.091933],[-85.7515282,35.0919867],[-85.7515094,35.09191],[-85.7515094,35.0917942],[-85.7514708,35.0917675],[-85.7514304,35.09177],[-85.7514014,35.0917728],[-85.7513596,35.0917507],[-85.751413,35.0917108],[-85.7514246,35.0916815],[-85.7514946,35.0917009],[-85.7515853,35.0916196],[-85.7516128,35.0916266],[-85.7516585,35.0916391],[-85.7516874,35.0916101],[-85.7516981,35.0915482],[-85.7515849,35.0915144],[-85.7515409,35.0915344],[-85.75149,35.0915924],[-85.7514163,35.0916087],[-85.7514158,35.0916503],[-85.751358,35.0916426],[-85.7513546,35.0916994],[-85.7512833,35.0917522],[-85.7513029,35.0918298],[-85.751336,35.0918871],[-85.7513398,35.0919363],[-85.7512824,35.0919866],[-85.7512991,35.0920223],[-85.7512164,35.0919428],[-85.7511967,35.0919879],[-85.7511395,35.0920127],[-85.7511433,35.0920586],[-85.751272,35.0921263],[-85.7512338,35.0921169],[-85.7511091,35.0920695],[-85.751144,35.0919602],[-85.7511089,35.09191],[-85.7510341,35.0919003],[-85.7508734,35.0918394],[-85.7508354,35.0918379],[-85.7507766,35.0918759],[-85.7507103,35.0918755],[-85.750627,35.0918389],[-85.7504703,35.091821],[-85.75044,35.0918245],[-85.7503909,35.0918799],[-85.7503458,35.091896],[-85.7503129,35.0919426],[-85.750294,35.0919575],[-85.7502228,35.09196],[-85.7501549,35.0920109],[-85.7501322,35.0920163],[-85.7499863,35.0919799],[-85.749981,35.0919472],[-85.7498538,35.0919625],[-85.7497926,35.0919675],[-85.7497497,35.0919788],[-85.7497125,35.0919967],[-85.7496826,35.0919966],[-85.7496251,35.0919951],[-85.7495211,35.0919561],[-85.7494508,35.0919593],[-85.7494031,35.0919462],[-85.7492752,35.091941],[-85.7489902,35.0920706],[-85.7489144,35.092031],[-85.7488866,35.0920006],[-85.7488207,35.091932],[-85.7487382,35.091905],[-85.7486775,35.0919158],[-85.7485887,35.0919453],[-85.7484651,35.0919027],[-85.7484003,35.0918752],[-85.7483053,35.0918683],[-85.748243,35.0918441],[-85.7481664,35.0918513],[-85.748131,35.091833],[-85.7480867,35.0918793],[-85.7480258,35.0918421],[-85.7478837,35.0918708],[-85.7478223,35.0918534],[-85.7477433,35.0918257],[-85.7477146,35.0918422],[-85.7476699,35.0918428],[-85.747498,35.0919009],[-85.7473645,35.0919317],[-85.7472116,35.0919492],[-85.7471334,35.0920072],[-85.7470021,35.0920534],[-85.7469384,35.0921001],[-85.7469309,35.0921694],[-85.747039,35.0923116],[-85.7470715,35.0923286],[-85.7470061,35.092307],[-85.7469599,35.0923136],[-85.7470039,35.0923302],[-85.7470433,35.0923579],[-85.7469652,35.0922937],[-85.7470272,35.0922664],[-85.7470659,35.0922398],[-85.7471056,35.0922782],[-85.747076,35.0922751],[-85.747121,35.0921732],[-85.7471778,35.0921912],[-85.7471264,35.0921973],[-85.7470606,35.0921143],[-85.7470253,35.0920926],[-85.7469218,35.0921348],[-85.7469051,35.0921734],[-85.7468322,35.0922226],[-85.7467729,35.0922371],[-85.7467543,35.0922467],[-85.7467127,35.0922956],[-85.7466311,35.0923357],[-85.7465982,35.092409],[-85.7465852,35.0924315],[-85.7465064,35.0924488],[-85.7465663,35.0924273],[-85.7466259,35.0923748],[-85.7465287,35.0923651],[-85.7464593,35.0923907],[-85.7464389,35.0923483],[-85.7463613,35.0923217],[-85.7462255,35.0923771],[-85.7461407,35.0923959],[-85.7459358,35.092497],[-85.7458335,35.0925264],[-85.7458125,35.0926351],[-85.7458398,35.092689],[-85.7458232,35.0927155],[-85.7456472,35.09276],[-85.7455183,35.092858],[-85.7454708,35.0928932],[-85.7454716,35.0929481],[-85.7454833,35.0930855],[-85.7454494,35.0931422],[-85.7453663,35.0932451],[-85.7453425,35.0933775],[-85.7452692,35.0934429],[-85.7451777,35.0933968],[-85.745105,35.093529],[-85.7450632,35.0936375],[-85.7450072,35.0937179],[-85.7449513,35.0938011],[-85.7448795,35.0938698],[-85.7448662,35.0939156],[-85.7448235,35.0939792],[-85.7447719,35.0940056],[-85.7447613,35.0940725],[-85.7446979,35.0942173],[-85.7446918,35.0942634],[-85.7446071,35.0943677],[-85.7445623,35.0944171],[-85.7445196,35.0944653],[-85.7444647,35.0945171],[-85.7444167,35.0945977],[-85.7444138,35.0947233],[-85.7443864,35.0947519],[-85.7443256,35.0947839],[-85.7443398,35.0948446],[-85.7443309,35.0948704],[-85.7442925,35.0949747],[-85.7442226,35.0950984],[-85.7441611,35.095217],[-85.74409,35.0952643],[-85.7441125,35.0953517],[-85.7441456,35.0953921],[-85.7441445,35.0954508],[-85.7441612,35.0954844],[-85.7441459,35.0955383],[-85.7441456,35.0955688],[-85.7440754,35.0956131],[-85.7440573,35.0956495],[-85.7440052,35.0956713],[-85.7439784,35.0957458],[-85.7439591,35.0957766],[-85.7439717,35.0958266],[-85.7439175,35.0958523],[-85.7438672,35.0959626],[-85.7438685,35.096094],[-85.7438635,35.0961918],[-85.7437951,35.0963719],[-85.7438174,35.0965156],[-85.7438085,35.0965771],[-85.7438011,35.0966209],[-85.7437843,35.0966752],[-85.7437598,35.0967153],[-85.7437825,35.0967715],[-85.7437856,35.0968471],[-85.7437559,35.0968794],[-85.7437079,35.0969126],[-85.7437327,35.0969858],[-85.7437343,35.097029],[-85.7436976,35.0970845],[-85.7436944,35.097222],[-85.7437364,35.0974087],[-85.7437711,35.0974675],[-85.7438222,35.0975093],[-85.7438461,35.097565],[-85.7438534,35.0976087],[-85.7438361,35.0977069],[-85.7438485,35.0978366],[-85.7439354,35.0979225],[-85.743911,35.0979733],[-85.7439504,35.0979101],[-85.7438694,35.0979179],[-85.7439016,35.0978917],[-85.7440116,35.097884],[-85.7440102,35.0978989],[-85.7439485,35.0978785],[-85.7440231,35.0978803],[-85.7440862,35.0979517],[-85.7440659,35.0979341],[-85.7439897,35.0979528],[-85.7440114,35.0979408],[-85.743983,35.0979559],[-85.7440007,35.097938],[-85.7440197,35.0979212],[-85.7440028,35.0979616],[-85.7440445,35.0979087],[-85.7439875,35.0979536],[-85.7439489,35.0979926],[-85.7440191,35.0979467],[-85.7440091,35.0979531],[-85.7440092,35.0979446],[-85.7440193,35.0979209],[-85.7440421,35.0979069],[-85.7440025,35.0978988],[-85.743946,35.0978904],[-85.7440391,35.0978825],[-85.7440928,35.0979494],[-85.7440695,35.0979255],[-85.7439848,35.0979538],[-85.7440142,35.0979246],[-85.7440584,35.0979652],[-85.7439707,35.0980013],[-85.7439455,35.098108],[-85.7438861,35.0981494],[-85.7438684,35.0982468],[-85.743896,35.0984313],[-85.7439379,35.0985056],[-85.7439164,35.098535],[-85.7439706,35.0985466],[-85.7439465,35.0985902],[-85.7439577,35.0985484],[-85.743948,35.098503],[-85.7439608,35.0984671],[-85.7439489,35.0983381],[-85.7439765,35.0982896],[-85.743976,35.0981401],[-85.7440208,35.0980555],[-85.7440348,35.0979638],[-85.7440026,35.0979352],[-85.7440015,35.097879],[-85.7439717,35.0978251],[-85.7439487,35.0978125],[-85.7439101,35.0977279],[-85.7439211,35.0976436],[-85.743959,35.0975863],[-85.7439903,35.0974995],[-85.7439783,35.0974661],[-85.7438828,35.097405],[-85.7438447,35.0973639],[-85.7438449,35.0972937],[-85.7438107,35.0971972],[-85.7438209,35.0971334],[-85.7438286,35.0969719],[-85.7438422,35.0969498],[-85.7438479,35.0968391],[-85.7438701,35.0968312],[-85.7438989,35.0967861],[-85.743883,35.096724],[-85.7438991,35.0966125],[-85.743885,35.0965545],[-85.74389,35.0964967],[-85.7438704,35.0963925],[-85.7438837,35.0962576],[-85.7439247,35.0962075],[-85.7439717,35.0961826],[-85.7439776,35.0961141],[-85.74399,35.0960617],[-85.7440146,35.0960365],[-85.7439995,35.095985],[-85.7440185,35.0959515],[-85.7439686,35.0958777],[-85.7439868,35.0958384],[-85.7439964,35.0957849],[-85.7440587,35.0956959],[-85.7440995,35.0956708],[-85.7441869,35.0955425],[-85.7442258,35.0955291],[-85.7442403,35.0955009],[-85.7442239,35.0954131],[-85.7442316,35.0953762],[-85.7442035,35.0952548],[-85.7442323,35.0951308],[-85.7443363,35.095022],[-85.7443615,35.0949705],[-85.7443759,35.0948983],[-85.7444112,35.0948551],[-85.744419,35.0947805],[-85.7444589,35.0947353],[-85.7444539,35.0946859],[-85.7445238,35.0945609],[-85.7445234,35.0945024],[-85.7445608,35.0944171],[-85.7445986,35.0943645],[-85.7446475,35.0943227],[-85.7447471,35.0941784],[-85.7447644,35.0941002],[-85.7447824,35.0941091],[-85.7448407,35.094073],[-85.7448314,35.0939784],[-85.7449102,35.0938858],[-85.744921,35.0938414],[-85.7449454,35.0937893],[-85.7450048,35.093657],[-85.7450518,35.0936426],[-85.7451988,35.0934466],[-85.7452573,35.0934143],[-85.7453158,35.0934038],[-85.7454166,35.0933332],[-85.745441,35.0931953],[-85.7454762,35.0931308],[-85.7455262,35.0929936],[-85.7455065,35.0928944],[-85.7455275,35.0928652],[-85.7455926,35.0928061],[-85.7456781,35.0927874],[-85.7457421,35.0927368],[-85.745925,35.0926729],[-85.7459329,35.0926421],[-85.7458638,35.0926108],[-85.7458682,35.0925059],[-85.7458862,35.0924761],[-85.7460476,35.0924616],[-85.7463587,35.0923614],[-85.7464846,35.0923315],[-85.7464841,35.0922988],[-85.7465967,35.0922815],[-85.7467751,35.0923043],[-85.7470008,35.0921419],[-85.7470374,35.0921273],[-85.7471036,35.0921279],[-85.7472952,35.0920417],[-85.7474461,35.091995],[-85.7475593,35.0919852],[-85.7477201,35.0919619],[-85.7478341,35.0919557],[-85.7479471,35.0919363],[-85.7480565,35.0919144],[-85.7481759,35.0919251],[-85.7483985,35.0919842],[-85.7484687,35.091979],[-85.7486417,35.0918951],[-85.7487108,35.0918624],[-85.7488121,35.091856],[-85.7488466,35.0918087],[-85.7488711,35.0917745],[-85.7488135,35.0916735],[-85.7487197,35.0915836],[-85.7486842,35.0915575],[-85.7486312,35.0915474],[-85.7486026,35.0915039],[-85.7485471,35.0914625],[-85.7484227,35.0913726],[-85.7483606,35.091354],[-85.7481927,35.091211],[-85.7480972,35.0911274],[-85.7479268,35.0909973],[-85.7479369,35.0909163],[-85.7479582,35.0908978],[-85.7480105,35.0905531],[-85.7480178,35.0905055],[-85.7480703,35.0904236],[-85.7481128,35.0903881],[-85.7481047,35.090399],[-85.7481282,35.0903709],[-85.7481593,35.0903725],[-85.7482531,35.0907221],[-85.7482624,35.0907124],[-85.7482438,35.0907193],[-85.7482423,35.0907092],[-85.7482398,35.0907264],[-85.7482568,35.0907327],[-85.7482369,35.0907248],[-85.7482686,35.090734],[-85.7482392,35.0907117]]},"properties":{"id":"synthetic_user_070","kind":"synthetic_activity_track","track_name":"Synthetic Saturday 070 - trailhead social","persona":"trailhead_social","source_type":"synthetic_activity_gpx","synthetic":true,"start_anchor":"#pavilion","start_local":"2026-05-23T14:12:06-05:00","end_local":"2026-05-23T15:53:56-05:00","duration_minutes":101.8,"distance_m":3715.3,"osm_track_m":381.7,"osm_route_count":1,"osm_way_ids":[1215497663,1215497664,1215497668,1215497683],"point_count":418,"visited_anchors":["#north-technical","#observed-trailhead","#pavilion"],"review_status":"synthetic Saturday simulation; not field evidence"}},{"type":"Feature","geometry":{"type":"LineString","coordinates":[[-85.7482527,35.09072],[-85.74825,35.0907219],[-85.7482387,35.0907332],[-85.7482363,35.0907379],[-85.7482453,35.0907262],[-85.7482732,35.0907312],[-85.7482472,35.0907271],[-85.7482701,35.0907181],[-85.7482587,35.0907279],[-85.7482456,35.0907195],[-85.7482695,35.0907204],[-85.7478851,35.0907569],[-85.7478397,35.0911556],[-85.7481664,35.0911647],[-85.7487127,35.0912208],[-85.7489409,35.0912792],[-85.7487559,35.0915589],[-85.7487504,35.0915571],[-85.748768,35.0915618],[-85.7487512,35.0915624],[-85.748762,35.091554],[-85.7487488,35.0915493],[-85.7487633,35.0915565],[-85.7487486,35.0915391],[-85.7487738,35.0915799],[-85.7487623,35.0915521],[-85.7487551,35.0915597],[-85.7487528,35.0915578],[-85.74876,35.0915447],[-85.7487514,35.091538],[-85.7487568,35.0915693],[-85.7487671,35.0915827],[-85.7487741,35.0915695],[-85.7489467,35.0912779],[-85.7487106,35.0912228],[-85.7481676,35.0911694],[-85.7478331,35.0911561],[-85.7478797,35.0907598],[-85.7479311,35.0903794],[-85.7481639,35.0903766],[-85.7482445,35.0907309],[-85.7482341,35.090719],[-85.7482302,35.0907195],[-85.7482376,35.0907197],[-85.7482578,35.0907115],[-85.7482595,35.0907397],[-85.7482371,35.0907078]]},"properties":{"id":"synthetic_user_071","kind":"synthetic_activity_track","track_name":"Synthetic Saturday 071 - photo short","persona":"photo_short","source_type":"synthetic_activity_gpx","synthetic":true,"start_anchor":"#pavilion","start_local":"2026-05-23T14:59:35-05:00","end_local":"2026-05-23T15:32:19-05:00","duration_minutes":32.7,"distance_m":561.5,"osm_track_m":335.2,"osm_route_count":2,"osm_way_ids":[1215497664,1215497683],"point_count":47,"visited_anchors":["#pavilion","#photo-waypoint"],"review_status":"synthetic Saturday simulation; not field evidence"}},{"type":"Feature","geometry":{"type":"LineString","coordinates":[[-85.7482426,35.0907207],[-85.7482738,35.0907228],[-85.7482277,35.0907279],[-85.7482426,35.0907249],[-85.7482451,35.0907146],[-85.7482343,35.0907146],[-85.7482463,35.0907096],[-85.7482512,35.0907361],[-85.7482347,35.090722],[-85.7482382,35.0907377],[-85.7478838,35.090762],[-85.7478405,35.0911558],[-85.7481697,35.0911687],[-85.7487172,35.0912216],[-85.748943,35.091276],[-85.7487571,35.0915592],[-85.748941,35.0912756],[-85.7492059,35.0914313],[-85.7493016,35.0914952],[-85.7493319,35.0913201],[-85.7492894,35.0912309],[-85.7491936,35.090982],[-85.7491638,35.0908502],[-85.7491902,35.0906494],[-85.7492524,35.0905081],[-85.7494278,35.0902837],[-85.7494952,35.0902385],[-85.7495734,35.0902243],[-85.7496512,35.0902676],[-85.7497367,35.0902863],[-85.7498611,35.090286],[-85.7500193,35.0902434],[-85.7504123,35.0901217],[-85.7504449,35.0901177],[-85.7506456,35.0900911],[-85.7507949,35.090086],[-85.7509422,35.090127],[-85.7512125,35.0902588],[-85.7512613,35.0902754],[-85.7513641,35.0903119],[-85.7517588,35.090396],[-85.7518686,35.0904017],[-85.7519448,35.0904155],[-85.7521075,35.0904252],[-85.7524698,35.090441],[-85.7527952,35.0904545],[-85.7530797,35.090502],[-85.7533616,35.0906253],[-85.7534958,35.0907008],[-85.7536713,35.0907896],[-85.7539615,35.09098],[-85.7543431,35.0912034],[-85.7544783,35.0912896],[-85.7551876,35.0917168],[-85.7555857,35.0919232],[-85.7555821,35.0919143],[-85.7555833,35.0919286],[-85.7555902,35.0919193],[-85.7555968,35.0919099],[-85.7555888,35.0919153],[-85.7555904,35.0918957],[-85.7555929,35.0919161],[-85.7555774,35.0919502],[-85.7555822,35.0919143],[-85.7555877,35.0919187],[-85.7555861,35.0919204],[-85.7556257,35.0920145],[-85.7557214,35.0921689],[-85.7560107,35.0925779],[-85.7562821,35.0929717],[-85.7564518,35.0932161],[-85.7564864,35.0932365],[-85.7565592,35.0933204],[-85.7565981,35.0933657],[-85.7567194,35.0934605],[-85.7568719,35.0935926],[-85.7569339,35.0936828],[-85.7569627,35.0938521],[-85.7569747,35.0941367],[-85.7569238,35.0943535],[-85.7568889,35.0945372],[-85.756891,35.0947108],[-85.7569096,35.0948282],[-85.7568875,35.0949744],[-85.7568322,35.0951488],[-85.7567386,35.0952639],[-85.7566221,35.0953424],[-85.7565741,35.095375],[-85.7562024,35.0956278],[-85.7560656,35.0956887],[-85.7559724,35.0957648],[-85.7559026,35.0958075],[-85.7557522,35.0959044],[-85.7553533,35.0960967],[-85.7551106,35.096149],[-85.7551587,35.0962186],[-85.7551911,35.0963454],[-85.7551383,35.0964058],[-85.7550735,35.096516],[-85.7550651,35.0966301],[-85.7550436,35.0966719],[-85.755012,35.0967748],[-85.7550073,35.0968879],[-85.7548744,35.0970577],[-85.7547791,35.0971094],[-85.7547746,35.0971194],[-85.754771,35.097102],[-85.7547836,35.0971135],[-85.7547903,35.0971271],[-85.7547861,35.0971444],[-85.754758,35.0970748],[-85.754786,35.0971155],[-85.7547757,35.0971119],[-85.7547884,35.0971119],[-85.7547825,35.0971298],[-85.7547935,35.0971419],[-85.7547631,35.097073],[-85.7547627,35.097089],[-85.7547719,35.0971132],[-85.7547779,35.0971109],[-85.7546691,35.0970726],[-85.7545336,35.096992],[-85.7544461,35.0968872],[-85.7543668,35.0967889],[-85.7543247,35.0966653],[-85.7542845,35.0965696],[-85.7542552,35.0964578],[-85.7542336,35.0963493],[-85.7542252,35.0962869],[-85.7541763,35.0962292],[-85.7541193,35.0961806],[-85.7539809,35.0962317],[-85.7537953,35.0962527],[-85.7536279,35.0962671],[-85.7532907,35.0962193],[-85.752945,35.096106],[-85.7527516,35.0960462],[-85.7522311,35.0958102],[-85.7520762,35.0957562],[-85.7521557,35.0956617],[-85.7522739,35.0956454],[-85.7524034,35.0956141],[-85.7524194,35.0955188],[-85.7524811,35.0954233],[-85.75255,35.0952609],[-85.7525808,35.0950971],[-85.7525921,35.0949079],[-85.7526056,35.0946597],[-85.7525806,35.0945341],[-85.7524936,35.0943963],[-85.7523629,35.0942826],[-85.7521524,35.0942294],[-85.75197,35.0942202],[-85.7517682,35.0942815],[-85.7515654,35.0942843],[-85.7512256,35.0943075],[-85.7511371,35.0942776],[-85.7510555,35.0942092],[-85.7509803,35.0940655],[-85.7509503,35.0939997],[-85.7509659,35.0938999],[-85.7509909,35.0938071],[-85.750925,35.0936561],[-85.7508378,35.0935514],[-85.7508089,35.0935162],[-85.7505572,35.0932856],[-85.7503928,35.0931286],[-85.7503076,35.0930007],[-85.7502788,35.0929277],[-85.7502576,35.0928608],[-85.7503029,35.0926703],[-85.7504108,35.0924888],[-85.7504636,35.092345],[-85.7504462,35.0922169],[-85.7503678,35.0921042],[-85.7503468,35.0920805],[-85.7502634,35.0920017],[-85.7500335,35.0918937],[-85.7498104,35.0917478],[-85.7496633,35.0916235],[-85.7493788,35.0915469],[-85.7492974,35.0914902],[-85.749204,35.0914327],[-85.7489425,35.0912763],[-85.7487132,35.0912176],[-85.7481708,35.0911679],[-85.7478399,35.0911611],[-85.7478841,35.0907604],[-85.7479292,35.0903844],[-85.7481625,35.090378],[-85.7482478,35.0907221],[-85.7482346,35.0907235],[-85.7482544,35.090742],[-85.7482345,35.0907253],[-85.7482565,35.090744],[-85.748262,35.0907363],[-85.7482516,35.0907031],[-85.7482768,35.0907341],[-85.7482661,35.0907202],[-85.7482308,35.090727],[-85.7482453,35.0907051],[-85.7482344,35.0907264],[-85.7482618,35.0907431],[-85.748259,35.090706]]},"properties":{"id":"synthetic_user_072","kind":"synthetic_activity_track","track_name":"Synthetic Saturday 072 - osm spine runner","persona":"osm_spine_runner","source_type":"synthetic_activity_gpx","synthetic":true,"start_anchor":"#pavilion","start_local":"2026-05-23T14:12:25-05:00","end_local":"2026-05-23T15:43:11-05:00","duration_minutes":90.8,"distance_m":3203.8,"osm_track_m":2801.8,"osm_route_count":4,"osm_way_ids":[1215497663,1215497664,1215497666,1215497670,1215497671,1215497672,1215497683,1215497700,1215497704,1215497705],"point_count":204,"visited_anchors":["#osm-main-spine-west","#osm-north-loop","#pavilion","#photo-waypoint"],"review_status":"synthetic Saturday simulation; not field evidence"}}],"_meta":{"maturity":"delete","group":"Simulated Saturday activity (staged for removal)","locked":false,"maturity_note":"delete — staged for removal; in the Delete group until the actual delete is approved"}}