{"type":"FeatureCollection","name":"vegetation","xy_coordinate_resolution":1e-06,"features":[{"type":"Feature","properties":{"id":1,"kind":"landcover","class":"vegetation"},"geometry":{"type":"Polygon","coordinates":[[[-85.778914,35.067218],[-85.778899,35.067164],[-85.779053,35.067164],[-85.779018,35.067234],[-85.778914,35.067218]]]}},{"type":"Feature","properties":{"id":2,"kind":"landcover","class":"vegetation"},"geometry":{"type":"Polygon","coordinates":[[[-85.777652,35.07107],[-85.777715,35.071057],[-85.777714,35.071154],[-85.777651,35.071139],[-85.777652,35.07107]]]}},{"type":"Feature","properties":{"id":3,"kind":"landcover","class":"vegetation"},"geometry":{"type":"Polygon","coordinates":[[[-85.77802,35.071217],[-85.778108,35.0712],[-85.778129,35.071244],[-85.778034,35.071269],[-85.77802,35.071217]]]}},{"type":"Feature","properties":{"id":4,"kind":"landcover","class":"vegetation"},"geometry":{"type":"Polygon","coordinates":[[[-85.777784,35.071547],[-85.777572,35.0715],[-85.777643,35.071187],[-85.777765,35.071369],[-85.777929,35.071464],[-85.777921,35.071592],[-85.777784,35.071547]]]}},{"type":"Feature","properties":{"id":5,"kind":"landcover","class":"vegetation"},"geometry":{"type":"Polygon","coordinates":[[[-85.777622,35.072166],[-85.777723,35.072174],[-85.777721,35.072249],[-85.777621,35.072246],[-85.777622,35.072166]]]}},{"type":"Feature","properties":{"id":6,"kind":"landcover","class":"vegetation"},"geometry":{"type":"Polygon","coordinates":[[[-85.779846,35.07288],[-85.779951,35.072869],[-85.779941,35.07297],[-85.779837,35.072967],[-85.779846,35.07288]]]}},{"type":"Feature","properties":{"id":7,"kind":"landcover","class":"vegetation"},"geometry":{"type":"Polygon","coordinates":[[[-85.782935,35.0912],[-85.78285,35.091175],[-85.78288583783784,35.09114789189189],[-85.782713,35.091179],[-85.782659,35.091223],[-85.78262657142857,35.091377],[-85.782676,35.091476],[-85.782878,35.091545],[-85.782867,35.091593],[-85.782741,35.091621],[-85.782693,35.091723],[-85.78262,35.091748],[-85.782698,35.09185],[-85.782782,35.092363],[-85.782712,35.092569],[-85.78277,35.092844],[-85.782693,35.0929],[-85.78262,35.093133],[-85.78271574647887,35.09325867605634],[-85.782761,35.093207],[-85.782853,35.093305],[-85.782866,35.093437],[-85.782828,35.093509],[-85.78274,35.093523],[-85.782642,35.093356],[-85.782499,35.093361],[-85.78242,35.093588],[-85.78223438947369,35.09367068421052],[-85.782257,35.093736],[-85.782182,35.093797],[-85.782176,35.093763],[-85.782119,35.093951],[-85.78210246049662,35.094208620767446],[-85.782155,35.094149],[-85.78218,35.094212],[-85.782143,35.094314],[-85.782102,35.09424500000056],[-85.782128,35.09474],[-85.782208,35.094801],[-85.782226,35.094896],[-85.782303,35.094768],[-85.78246,35.094754],[-85.782511,35.094823],[-85.782399,35.094892],[-85.782308,35.095141],[-85.782235,35.095106],[-85.782225,35.094972],[-85.782179,35.095068],[-85.782031,35.09513],[-85.781938,35.095714],[-85.78175020070422,35.09578119366197],[-85.781811,35.095825],[-85.781728,35.095873],[-85.781631,35.096136],[-85.781525,35.096166],[-85.781485,35.096232],[-85.781438,35.096176],[-85.78136,35.096162],[-85.781446,35.096292],[-85.781422,35.096441],[-85.781345,35.096501],[-85.781417,35.096539],[-85.781431,35.096618],[-85.781377,35.097003],[-85.781288,35.097069],[-85.781387,35.097111],[-85.781421,35.097194],[-85.78148288135593,35.09766291525416],[-85.781509,35.097535],[-85.781566,35.097598],[-85.781785,35.09762],[-85.781949,35.097796],[-85.781885,35.097865],[-85.78159913435114,35.09785669923664],[-85.781596,35.098159],[-85.781459,35.098212],[-85.781551,35.098367],[-85.781512,35.098766],[-85.781582,35.098855],[-85.781782,35.098885],[-85.781831,35.098937],[-85.781745,35.099143],[-85.781832,35.099636],[-85.781889,35.099701],[-85.782042,35.099647],[-85.782098,35.099681],[-85.782081,35.099861],[-85.781811,35.099894],[-85.781773,35.099962],[-85.781787,35.100221],[-85.781837,35.10034],[-85.781967,35.100405],[-85.781968,35.100545],[-85.781935,35.100607],[-85.78173,35.100646],[-85.781589,35.100754],[-85.781528,35.101058],[-85.781614,35.101202],[-85.781264,35.101278],[-85.781152,35.101417],[-85.780971,35.101467],[-85.780925,35.101654],[-85.780952,35.101732],[-85.781503,35.101823],[-85.781571,35.101915],[-85.781595,35.102104],[-85.781698,35.102146],[-85.781756,35.102115],[-85.7818,35.101992],[-85.781926,35.10196],[-85.782012,35.101771],[-85.782086,35.101725],[-85.782108,35.10162],[-85.782236,35.101482],[-85.782233,35.101368],[-85.78203,35.101287],[-85.782316,35.101258],[-85.782408,35.101388],[-85.782549,35.10141],[-85.782746,35.101362],[-85.782799,35.101292],[-85.782805,35.100962],[-85.782681,35.100678],[-85.782358,35.100574],[-85.782283,35.100509],[-85.782338,35.100406],[-85.782464,35.100497],[-85.782586,35.100519],[-85.782768,35.100394],[-85.782771,35.099915],[-85.782457,35.099816],[-85.782405,35.099651],[-85.782307,35.099593],[-85.782073,35.099563],[-85.782071,35.099424],[-85.782261,35.099277],[-85.782196,35.099138],[-85.782278,35.099104],[-85.782298,35.099019],[-85.782049,35.09889],[-85.782028,35.098784],[-85.781935,35.098686],[-85.781975,35.098574],[-85.78213,35.098645],[-85.782266,35.098579],[-85.782273,35.098311],[-85.782328,35.098186],[-85.782231,35.097981],[-85.782179,35.097956],[-85.782193,35.097771],[-85.782428,35.097735],[-85.78282,35.09784],[-85.782896,35.097754],[-85.782854,35.097619],[-85.782713,35.097546],[-85.782678,35.097391],[-85.782441,35.097299],[-85.782685,35.097133],[-85.782814,35.096943],[-85.782763,35.096835],[-85.782532,35.096777],[-85.78274,35.096728],[-85.782918,35.096448],[-85.78291,35.096343],[-85.782714,35.096264],[-85.782758,35.096207],[-85.782901,35.096167],[-85.782921,35.096106],[-85.782919,35.095797],[-85.78275,35.095676],[-85.782814,35.095551],[-85.782815,35.095429],[-85.782552,35.095325],[-85.782521,35.095268],[-85.782541,35.095191],[-85.782636,35.095163],[-85.782776,35.095183],[-85.78289074789916,35.09527896638655],[-85.782833,35.095188],[-85.782826,35.095046],[-85.782884,35.094911],[-85.782935,35.094392],[-85.782935,35.098272],[-85.782876,35.098322],[-85.782845,35.098397],[-85.78281002061857,35.098724329896854],[-85.782863,35.098392],[-85.782935,35.098282],[-85.782935,35.099381],[-85.782862,35.099377],[-85.782777,35.099272],[-85.782778,35.098806],[-85.782748,35.099149],[-85.782776,35.099368],[-85.782935,35.099387],[-85.782935,35.103407],[-85.782552,35.103316],[-85.782499,35.103256],[-85.782448,35.103021],[-85.782185,35.103011],[-85.782099,35.103055],[-85.782076,35.103155],[-85.782111,35.103211],[-85.782269,35.103268],[-85.782297,35.103484],[-85.782935,35.103555],[-85.782935,35.115244],[-85.781757,35.116792],[-85.779154,35.117928],[-85.761129,35.117928],[-85.761074,35.117788],[-85.761087,35.117531],[-85.761016,35.117486],[-85.761,35.1174],[-85.760679,35.117244],[-85.760476,35.117231],[-85.760362,35.117264],[-85.760332,35.117342],[-85.760579,35.117616],[-85.760453,35.117928],[-85.759191,35.117928],[-85.758938,35.117775],[-85.758746,35.117514],[-85.758559,35.117428],[-85.758227,35.117435],[-85.758131,35.1175],[-85.758077,35.117619],[-85.757654,35.116967],[-85.757287,35.116631],[-85.756855,35.116395],[-85.754438,35.115605],[-85.754144,35.115533],[-85.753505,35.115488],[-85.753264,35.115379],[-85.752985,35.11517],[-85.751534,35.114697],[-85.751189,35.114706],[-85.751022,35.114833],[-85.750975,35.114988],[-85.750981,35.115215],[-85.751068,35.1154],[-85.75147,35.11568],[-85.751809,35.115827],[-85.752141,35.11613],[-85.752392,35.116486],[-85.752704,35.117206],[-85.752806,35.117328],[-85.752677,35.117723],[-85.752571,35.117748],[-85.752475,35.11785],[-85.751917,35.117229],[-85.751732,35.117076],[-85.751604,35.117034],[-85.751554,35.116929],[-85.751467,35.116883],[-85.751368,35.116561],[-85.750925,35.116053],[-85.750744,35.115959],[-85.750687,35.115821],[-85.750603,35.115803],[-85.750558,35.115694],[-85.750481,35.115676],[-85.75039,35.115543],[-85.75029,35.115489],[-85.750244,35.115234],[-85.750125,35.115145],[-85.750069,35.115016],[-85.749764,35.11492],[-85.749712,35.114791],[-85.749606,35.114712],[-85.749603,35.114455],[-85.74937,35.114375],[-85.749327,35.114187],[-85.748999,35.113751],[-85.748395,35.113588],[-85.748332,35.113621],[-85.748322,35.113734],[-85.748496,35.113988],[-85.748755,35.114274],[-85.748886,35.114331],[-85.748924,35.114447],[-85.749099,35.114507],[-85.749168,35.11465],[-85.749263,35.114691],[-85.749415,35.11503],[-85.749655,35.11527],[-85.750091,35.115857],[-85.750428,35.116169],[-85.750857,35.116823],[-85.750983,35.116883],[-85.751046,35.116995],[-85.75126,35.117157],[-85.751445,35.117519],[-85.751784,35.117928],[-85.742758,35.117928],[-85.742699,35.117609],[-85.742479,35.11728],[-85.742483,35.117031],[-85.742617,35.116721],[-85.742484,35.116321],[-85.742412,35.116251],[-85.742401,35.116122],[-85.742293,35.116056],[-85.742375,35.116003],[-85.742395,35.115902],[-85.742265,35.115834],[-85.742067,35.11586],[-85.742047,35.115956],[-85.742108,35.116066],[-85.742058,35.1161],[-85.741857,35.116094],[-85.741758,35.115994],[-85.741787,35.115932],[-85.741882,35.115911],[-85.741942,35.115695],[-85.742217,35.115609],[-85.742504,35.115286],[-85.742525,35.115078],[-85.742377,35.114926],[-85.742486,35.11489],[-85.742521,35.114746],[-85.742609,35.114701],[-85.742633,35.114616],[-85.742545,35.114571],[-85.742253,35.11458],[-85.742164,35.114651],[-85.742137,35.114774],[-85.742078,35.114787],[-85.742007,35.114696],[-85.741934,35.114681],[-85.741873,35.11456],[-85.741737,35.11456],[-85.741704,35.114684],[-85.741816,35.114724],[-85.741853,35.114817],[-85.741965,35.114851],[-85.741992,35.114903],[-85.741896,35.11512],[-85.741811,35.115142],[-85.741761,35.1151],[-85.741733,35.114932],[-85.741685,35.114851],[-85.741597,35.114828],[-85.74156,35.114715],[-85.74136,35.114703],[-85.741235,35.11482],[-85.741184,35.114572],[-85.740533,35.114438],[-85.740252,35.114516],[-85.740161,35.114726],[-85.740181,35.115036],[-85.74033,35.115319],[-85.740257,35.115996],[-85.7402,35.116143],[-85.740141,35.116155],[-85.740115,35.116219],[-85.740129,35.116335],[-85.740204,35.116382],[-85.740247,35.116517],[-85.740238,35.116823],[-85.740152,35.117065],[-85.740234,35.117184],[-85.740165,35.117246],[-85.740129,35.117386],[-85.740063,35.117427],[-85.740022,35.117646],[-85.740066,35.117782],[-85.740319,35.117928],[-85.724388,35.117928],[-85.720395,35.11474],[-85.717742,35.108282],[-85.717154,35.103652],[-85.717154,35.080485],[-85.717514,35.076129],[-85.718906,35.069713],[-85.720493,35.067164],[-85.729864,35.067164],[-85.729995,35.067299],[-85.730038,35.067442],[-85.73018,35.067492],[-85.730336,35.067646],[-85.730414,35.067904],[-85.73095,35.068474],[-85.731094,35.068564],[-85.731319,35.068877],[-85.73186,35.069413],[-85.732084,35.069682],[-85.732197,35.069927],[-85.73236,35.070016],[-85.732811,35.070654],[-85.733395,35.071293],[-85.733558,35.071315],[-85.733653,35.071189],[-85.733818,35.071346],[-85.733875,35.071512],[-85.734186,35.071656],[-85.734519,35.07165],[-85.734543,35.071554],[-85.734453,35.071389],[-85.734265,35.071287],[-85.733999,35.070957],[-85.733735,35.070736],[-85.73355,35.070687],[-85.73348,35.070549],[-85.733359,35.070472],[-85.733269,35.07019],[-85.732736,35.069672],[-85.732599,35.06947],[-85.73235,35.069273],[-85.731622,35.068446],[-85.731444,35.068393],[-85.731393,35.068235],[-85.731241,35.068179],[-85.731125,35.06792],[-85.73084,35.06762],[-85.730613,35.067528],[-85.730571,35.067401],[-85.730456,35.067351],[-85.7304,35.067164],[-85.732749,35.067164],[-85.732749,35.067275],[-85.73285,35.067364],[-85.732851,35.067436],[-85.73264,35.067695],[-85.732494,35.068038],[-85.732386,35.068117],[-85.732377,35.068242],[-85.732395,35.068301],[-85.732546,35.068345],[-85.732671,35.068576],[-85.732927,35.068666],[-85.733119,35.068837],[-85.733044,35.068947],[-85.732794,35.069061],[-85.732793,35.06917],[-85.732859,35.069255],[-85.734422,35.070485],[-85.734682,35.070597],[-85.734784,35.070822],[-85.735145,35.071125],[-85.735493,35.0713],[-85.735955,35.071702],[-85.736279,35.071762],[-85.736479,35.071936],[-85.736848,35.072042],[-85.736747,35.072169],[-85.736504,35.072178],[-85.736324,35.072124],[-85.736222,35.071953],[-85.73603,35.071965],[-85.735966,35.072076],[-85.735977,35.072291],[-85.736029,35.072361],[-85.736213,35.072431],[-85.736265,35.072832],[-85.736989,35.072943],[-85.737127,35.072921],[-85.737196,35.072806],[-85.737257,35.072792],[-85.737738,35.072877],[-85.737602,35.073052],[-85.737656,35.073212],[-85.737356,35.0733],[-85.737329,35.073384],[-85.737419,35.073435],[-85.737844,35.073481],[-85.737886,35.073618],[-85.737727,35.073748],[-85.737647,35.073646],[-85.737566,35.073622],[-85.737425,35.073639],[-85.737364,35.07371],[-85.737148,35.07373],[-85.73712,35.073879],[-85.737307,35.073911],[-85.737367,35.073812],[-85.737471,35.073795],[-85.737528,35.073836],[-85.737568,35.073999],[-85.737713,35.074132],[-85.737844,35.074161],[-85.73791,35.074121],[-85.737957,35.073954],[-85.73816,35.073778],[-85.738192,35.073541],[-85.738246,35.073459],[-85.73839,35.073467],[-85.738734,35.07367],[-85.738736,35.073732],[-85.738354,35.073842],[-85.738153,35.074163],[-85.738196,35.074211],[-85.738343,35.074214],[-85.738416,35.074104],[-85.738483,35.074091],[-85.738554,35.074231],[-85.738754,35.0743],[-85.738807,35.074464],[-85.738808,35.074701],[-85.738738,35.074918],[-85.73861,35.074915],[-85.738436,35.07478],[-85.738211,35.074743],[-85.738112,35.074445],[-85.738041,35.07437],[-85.737952,35.074392],[-85.737879,35.07467],[-85.737781,35.074743],[-85.737612,35.074721],[-85.737554,35.074608],[-85.737418,35.074592],[-85.73731,35.074513],[-85.737194,35.074569],[-85.737211,35.074654],[-85.737283,35.074682],[-85.737253,35.074739],[-85.736949,35.074705],[-85.736876,35.074607],[-85.736752,35.073844],[-85.736671,35.073776],[-85.736818,35.07367],[-85.737042,35.073614],[-85.737118,35.073503],[-85.737121,35.073302],[-85.737,35.073242],[-85.736955,35.073133],[-85.736847,35.073068],[-85.736605,35.073037],[-85.736397,35.073096],[-85.736456,35.073366],[-85.73629,35.073511],[-85.736382,35.07382],[-85.736387,35.074048],[-85.736335,35.074146],[-85.736152,35.073858],[-85.736075,35.07359],[-85.735933,35.073413],[-85.735706,35.072915],[-85.735454,35.072583],[-85.735241,35.072437],[-85.735082,35.07218],[-85.734943,35.072062],[-85.73491,35.071917],[-85.734774,35.071842],[-85.734452,35.071813],[-85.734222,35.071848],[-85.734175,35.071893],[-85.734235,35.072084],[-85.734498,35.072332],[-85.734737,35.072472],[-85.7349,35.072704],[-85.735112,35.072786],[-85.735167,35.072922],[-85.73526,35.072981],[-85.735299,35.073268],[-85.735391,35.0734],[-85.73546,35.073638],[-85.735605,35.073909],[-85.735785,35.074006],[-85.735985,35.074603],[-85.735955,35.074906],[-85.736069,35.074993],[-85.736097,35.075083],[-85.736067,35.076003],[-85.736126,35.076194],[-85.736126,35.077032],[-85.736231,35.077344],[-85.736161,35.077411],[-85.73608,35.077384],[-85.736025,35.077144],[-85.73592,35.077083],[-85.735864,35.077175],[-85.735844,35.077549],[-85.735774,35.077693],[-85.735843,35.077743],[-85.736118,35.077769],[-85.736165,35.077864],[-85.736264,35.077912],[-85.736272,35.077979],[-85.73607,35.078033],[-85.73577,35.078002],[-85.7357,35.077888],[-85.735538,35.077856],[-85.735441,35.077766],[-85.735425,35.077551],[-85.735355,35.07745],[-85.735113,35.077469],[-85.735029,35.077631],[-85.735073,35.077717],[-85.735271,35.077785],[-85.735365,35.078127],[-85.735843,35.078262],[-85.735965,35.078472],[-85.736072,35.07845],[-85.736129,35.078358],[-85.736237,35.078362],[-85.736294,35.078545],[-85.736201,35.078835],[-85.736217,35.080062],[-85.73625,35.080268],[-85.736352,35.080388],[-85.73638,35.080716],[-85.736316,35.080791],[-85.736283,35.080972],[-85.736289,35.081405],[-85.736375,35.081716],[-85.736316,35.081804],[-85.736314,35.08193],[-85.736421,35.082038],[-85.736442,35.082143],[-85.73642,35.082323],[-85.736356,35.082388],[-85.736315,35.082844],[-85.736235,35.082957],[-85.736172,35.082956],[-85.736091,35.082896],[-85.736025,35.082701],[-85.735809,35.082657],[-85.735507,35.082693],[-85.735372,35.082779],[-85.735367,35.082841],[-85.735417,35.082919],[-85.735656,35.082983],[-85.735791,35.083178],[-85.73604,35.083255],[-85.735971,35.083324],[-85.735953,35.083466],[-85.736064,35.08356],[-85.73614,35.083561],[-85.736235,35.083451],[-85.736277,35.083008],[-85.736314,35.082971],[-85.736379,35.083428],[-85.736464,35.083494],[-85.736492,35.08359],[-85.736481,35.083755],[-85.736418,35.08379],[-85.736398,35.083878],[-85.736506,35.084003],[-85.736503,35.084184],[-85.73636,35.084346],[-85.73628,35.084256],[-85.736102,35.084223],[-85.736044,35.084088],[-85.735846,35.084042],[-85.735816,35.083949],[-85.735861,35.083888],[-85.736043,35.083834],[-85.736105,35.08398],[-85.73622,35.084015],[-85.736297,35.083933],[-85.736258,35.083809],[-85.736089,35.083771],[-85.735986,35.083677],[-85.735647,35.083657],[-85.735578,35.083595],[-85.735468,35.083581],[-85.735404,35.083622],[-85.735373,35.08376],[-85.735468,35.083964],[-85.735469,35.084111],[-85.73534,35.084378],[-85.735284,35.084408],[-85.735256,35.08457],[-85.735344,35.084674],[-85.735727,35.084761],[-85.735861,35.08484],[-85.736034,35.084852],[-85.736284,35.084723],[-85.736375,35.084402],[-85.736421,35.084849],[-85.736406,35.084984],[-85.736316,35.085121],[-85.736147,35.085106],[-85.736036,35.084991],[-85.735682,35.084982],[-85.735515,35.084915],[-85.735388,35.084976],[-85.735438,35.086924],[-85.735468,35.08701],[-85.735914,35.087081],[-85.73604,35.087065],[-85.736088,35.086964],[-85.736161,35.086964],[-85.736277,35.087243],[-85.736487,35.08734],[-85.736514,35.087491],[-85.736482,35.087598],[-85.73632,35.087664],[-85.736259,35.087865],[-85.736209,35.08785],[-85.736196,35.087635],[-85.736135,35.08757],[-85.735669,35.087529],[-85.735561,35.087586],[-85.73545,35.087877],[-85.735426,35.088405],[-85.735352,35.08853],[-85.735311,35.088832],[-85.735337,35.08915],[-85.73549,35.089525],[-85.735932,35.089592],[-85.736342,35.089573],[-85.736552,35.089625],[-85.736654,35.089782],[-85.736802,35.089821],[-85.736796,35.090073],[-85.736694,35.090174],[-85.736666,35.090337],[-85.736746,35.090892],[-85.736773,35.093218],[-85.736851,35.093538],[-85.736793,35.093791],[-85.73675,35.094539],[-85.73673,35.094592],[-85.736618,35.094539],[-85.736505,35.094558],[-85.7365,35.094895],[-85.736421,35.095314],[-85.736249,35.095447],[-85.73622,35.09554],[-85.736044,35.095572],[-85.735999,35.095627],[-85.736003,35.095706],[-85.736092,35.095818],[-85.736195,35.095837],[-85.736247,35.095792],[-85.736258,35.095606],[-85.736329,35.095602],[-85.736361,35.095726],[-85.736498,35.095767],[-85.736584,35.095888],[-85.736708,35.095898],[-85.736761,35.096028],[-85.736809,35.096677],[-85.736747,35.097847],[-85.736693,35.097979],[-85.736526,35.098018],[-85.736465,35.098131],[-85.736207,35.098182],[-85.736143,35.098236],[-85.736209,35.098432],[-85.736231,35.099861],[-85.736376,35.099922],[-85.736648,35.099815],[-85.736694,35.099839],[-85.736702,35.099922],[-85.736681,35.100018],[-85.736602,35.100051],[-85.736535,35.100158],[-85.736536,35.100256],[-85.736617,35.100347],[-85.736543,35.100446],[-85.736225,35.100374],[-85.73615,35.10018],[-85.735911,35.1001],[-85.73574,35.100112],[-85.735611,35.100233],[-85.735328,35.100221],[-85.735248,35.100173],[-85.735202,35.100023],[-85.735261,35.099872],[-85.735419,35.099789],[-85.735463,35.099648],[-85.735386,35.098839],[-85.735284,35.098784],[-85.735126,35.098787],[-85.734565,35.098951],[-85.734193,35.099125],[-85.734113,35.09928],[-85.734169,35.099562],[-85.734605,35.099832],[-85.734629,35.099899],[-85.734608,35.100043],[-85.734426,35.100102],[-85.734342,35.100465],[-85.734248,35.100438],[-85.734223,35.100154],[-85.734141,35.100091],[-85.733949,35.100115],[-85.733534,35.100272],[-85.733386,35.100505],[-85.733282,35.100454],[-85.733347,35.100331],[-85.733342,35.100233],[-85.73288,35.099953],[-85.732476,35.099939],[-85.732041,35.100106],[-85.732043,35.100379],[-85.73212,35.100616],[-85.73231,35.100854],[-85.732279,35.100911],[-85.732113,35.100984],[-85.731984,35.101186],[-85.731821,35.101691],[-85.731782,35.102015],[-85.731867,35.102116],[-85.732048,35.102187],[-85.732324,35.102227],[-85.734289,35.102234],[-85.734597,35.1022],[-85.734929,35.102055],[-85.735472,35.101911],[-85.735527,35.101971],[-85.735543,35.102144],[-85.735655,35.102197],[-85.735716,35.102146],[-85.73575,35.101935],[-85.735882,35.101883],[-85.735914,35.101819],[-85.735918,35.101669],[-85.735852,35.101573],[-85.735848,35.101223],[-85.735586,35.101143],[-85.734393,35.101221],[-85.734206,35.101182],[-85.734172,35.101068],[-85.73424,35.100727],[-85.734486,35.10068],[-85.734563,35.100594],[-85.73466,35.100589],[-85.734758,35.100708],[-85.734883,35.100733],[-85.734989,35.100822],[-85.735038,35.100939],[-85.73523,35.100978],[-85.73555,35.100953],[-85.735707,35.100774],[-85.73578,35.100751],[-85.736469,35.100698],[-85.736926,35.100763],[-85.737065,35.100892],[-85.737063,35.101086],[-85.73693,35.101115],[-85.736837,35.101209],[-85.736807,35.101766],[-85.736787,35.10185],[-85.736675,35.101944],[-85.736646,35.102211],[-85.736705,35.102693],[-85.736909,35.102827],[-85.736897,35.102905],[-85.736756,35.102996],[-85.736807,35.103234],[-85.737139,35.103334],[-85.737298,35.103313],[-85.737358,35.103225],[-85.737229,35.102716],[-85.737011,35.102644],[-85.736915,35.102525],[-85.736936,35.102403],[-85.736992,35.102426],[-85.737025,35.10252],[-85.737353,35.102607],[-85.737424,35.102697],[-85.737831,35.102726],[-85.73788,35.10289],[-85.737666,35.103004],[-85.737613,35.103094],[-85.737677,35.103231],[-85.73791,35.103231],[-85.73837,35.103081],[-85.738429,35.102942],[-85.738298,35.10279],[-85.738387,35.102668],[-85.73836,35.102441],[-85.738105,35.102284],[-85.738182,35.102062],[-85.738249,35.102045],[-85.738866,35.102709],[-85.73923,35.102899],[-85.739379,35.103286],[-85.739553,35.103385],[-85.739698,35.103638],[-85.739918,35.103826],[-85.740222,35.104239],[-85.74034,35.104298],[-85.740444,35.104499],[-85.740945,35.105072],[-85.741298,35.105299],[-85.741449,35.105301],[-85.741569,35.105246],[-85.741547,35.104882],[-85.741434,35.104729],[-85.741187,35.104637],[-85.741062,35.104404],[-85.740955,35.104355],[-85.740676,35.104082],[-85.74064,35.103929],[-85.740795,35.103872],[-85.740805,35.103777],[-85.740639,35.10354],[-85.740551,35.103503],[-85.740406,35.103164],[-85.740494,35.103122],[-85.740619,35.103206],[-85.741181,35.103896],[-85.741798,35.104522],[-85.741993,35.10466],[-85.742106,35.104644],[-85.742276,35.104233],[-85.742556,35.104058],[-85.742596,35.103953],[-85.742074,35.103405],[-85.741852,35.102558],[-85.741828,35.102249],[-85.741663,35.102182],[-85.741408,35.102191],[-85.740874,35.102317],[-85.740616,35.102412],[-85.740399,35.102554],[-85.740009,35.102617],[-85.739901,35.102675],[-85.739835,35.10279],[-85.739744,35.102745],[-85.739625,35.102547],[-85.739386,35.102454],[-85.739367,35.102348],[-85.739248,35.102252],[-85.73924,35.102045],[-85.73932,35.101869],[-85.73944,35.101857],[-85.739572,35.101939],[-85.739875,35.102292],[-85.740051,35.10232],[-85.741307,35.101925],[-85.741749,35.101709],[-85.741801,35.101646],[-85.741818,35.101326],[-85.742098,35.100752],[-85.742242,35.100555],[-85.742266,35.100248],[-85.74213,35.099917],[-85.741844,35.099539],[-85.741584,35.09931],[-85.741112,35.099075],[-85.740582,35.098962],[-85.740391,35.098828],[-85.740343,35.098648],[-85.740229,35.098472],[-85.740143,35.097561],[-85.739922,35.097352],[-85.739932,35.096241],[-85.739969,35.095973],[-85.740038,35.095831],[-85.740047,35.095615],[-85.739903,35.094691],[-85.74004,35.094518],[-85.740581,35.094378],[-85.740688,35.094293],[-85.740705,35.0942],[-85.740587,35.094137],[-85.740405,35.094148],[-85.740333,35.094203],[-85.74023,35.09416],[-85.739211,35.094139],[-85.73886,35.094081],[-85.738717,35.094006],[-85.739286,35.093918],[-85.740996,35.093892],[-85.741323,35.09381],[-85.741583,35.093629],[-85.741918,35.093526],[-85.74243,35.093514],[-85.742515,35.093394],[-85.742701,35.093321],[-85.742718,35.093151],[-85.742613,35.093005],[-85.742682,35.092933],[-85.742701,35.09276],[-85.742656,35.092619],[-85.742426,35.092276],[-85.742172,35.09205],[-85.741973,35.091975],[-85.741723,35.091639],[-85.741535,35.091562],[-85.741347,35.091393],[-85.740672,35.091282],[-85.739733,35.091212],[-85.739569,35.09127],[-85.739501,35.091498],[-85.739388,35.091595],[-85.739328,35.091138],[-85.738991,35.090778],[-85.738287,35.090637],[-85.737708,35.090579],[-85.737415,35.090606],[-85.737336,35.090716],[-85.737357,35.091201],[-85.737475,35.091206],[-85.737619,35.090821],[-85.737703,35.090858],[-85.737726,35.091005],[-85.737793,35.091065],[-85.737656,35.09117],[-85.737618,35.091324],[-85.737674,35.091539],[-85.737767,35.091647],[-85.737439,35.091713],[-85.737357,35.091801],[-85.737411,35.091954],[-85.737701,35.092014],[-85.737662,35.092094],[-85.737477,35.092152],[-85.737467,35.092249],[-85.737518,35.092318],[-85.73771,35.09237],[-85.737786,35.092525],[-85.737953,35.092586],[-85.738019,35.092778],[-85.7381,35.092838],[-85.738067,35.092907],[-85.737941,35.092942],[-85.73797,35.093122],[-85.737865,35.093156],[-85.737722,35.093338],[-85.737694,35.092886],[-85.737559,35.092829],[-85.737515,35.092725],[-85.737377,35.092749],[-85.737372,35.092861],[-85.737496,35.092947],[-85.737399,35.092997],[-85.737369,35.093245],[-85.737469,35.093343],[-85.737551,35.093772],[-85.73763,35.093909],[-85.73789,35.093972],[-85.738128,35.093913],[-85.738492,35.093548],[-85.738562,35.093333],[-85.73881,35.093261],[-85.738936,35.093134],[-85.738981,35.092987],[-85.738978,35.092447],[-85.739072,35.092211],[-85.739168,35.092208],[-85.739196,35.09226],[-85.739155,35.092429],[-85.739156,35.093047],[-85.739095,35.093226],[-85.738643,35.093766],[-85.738554,35.094021],[-85.738271,35.094193],[-85.738,35.09457],[-85.737845,35.09498],[-85.737801,35.09543],[-85.738016,35.095452],[-85.738208,35.095382],[-85.738635,35.095355],[-85.738727,35.0953],[-85.738826,35.095657],[-85.738965,35.095732],[-85.739251,35.095744],[-85.739291,35.095847],[-85.739107,35.095909],[-85.738898,35.095824],[-85.7383,35.095865],[-85.738176,35.095801],[-85.738144,35.095684],[-85.737989,35.095526],[-85.737822,35.095559],[-85.737725,35.095702],[-85.73748,35.095634],[-85.737503,35.094905],[-85.737579,35.094825],[-85.737635,35.09446],[-85.73781,35.09439],[-85.737843,35.094241],[-85.737804,35.094139],[-85.737547,35.094111],[-85.737402,35.094131],[-85.737307,35.094241],[-85.737236,35.094068],[-85.737189,35.090705],[-85.737132,35.090123],[-85.737066,35.090095],[-85.737041,35.089899],[-85.737125,35.089695],[-85.73717,35.088637],[-85.737281,35.08846],[-85.737255,35.088305],[-85.73716,35.088277],[-85.737124,35.088192],[-85.737309,35.088118],[-85.737356,35.087948],[-85.737269,35.087678],[-85.737138,35.087612],[-85.737066,35.087269],[-85.736957,35.087117],[-85.736936,35.086564],[-85.737036,35.086424],[-85.737183,35.086408],[-85.737246,35.086346],[-85.737214,35.086234],[-85.737065,35.086184],[-85.737233,35.086058],[-85.737275,35.085774],[-85.737224,35.085643],[-85.737244,35.085571],[-85.737389,35.085498],[-85.737454,35.085655],[-85.737597,35.085693],[-85.737759,35.085604],[-85.737961,35.08558],[-85.738004,35.085498],[-85.738111,35.085479],[-85.738202,35.085399],[-85.738252,35.085202],[-85.738434,35.085115],[-85.738487,35.085126],[-85.738502,35.085199],[-85.73842,35.085495],[-85.738435,35.085728],[-85.738518,35.085754],[-85.73861,35.085904],[-85.738909,35.085914],[-85.738992,35.085829],[-85.739021,35.085572],[-85.739119,35.0853],[-85.739112,35.085141],[-85.739002,35.085038],[-85.738985,35.084901],[-85.739029,35.084818],[-85.739182,35.084736],[-85.739196,35.084666],[-85.739093,35.084448],[-85.738784,35.084354],[-85.7387,35.084225],[-85.737887,35.083945],[-85.737549,35.083711],[-85.737149,35.083628],[-85.737132,35.083573],[-85.737279,35.08353],[-85.737251,35.083417],[-85.737115,35.083419],[-85.73706,35.083573],[-85.736956,35.08361],[-85.736899,35.083574],[-85.736865,35.083424],[-85.736782,35.083374],[-85.73676,35.083191],[-85.736845,35.082954],[-85.73686,35.082523],[-85.736843,35.082264],[-85.736775,35.08222],[-85.736726,35.082072],[-85.736709,35.081583],[-85.736781,35.081436],[-85.736922,35.081402],[-85.73696,35.081215],[-85.73705,35.081145],[-85.737093,35.080976],[-85.737073,35.080881],[-85.736926,35.08084],[-85.736907,35.080771],[-85.73682,35.080742],[-85.736792,35.080649],[-85.736702,35.0806],[-85.736589,35.080145],[-85.73659,35.07992],[-85.736682,35.079854],[-85.736722,35.079623],[-85.736709,35.078695],[-85.73673,35.078618],[-85.736815,35.078572],[-85.736867,35.078421],[-85.736961,35.078398],[-85.737125,35.079244],[-85.737213,35.079375],[-85.737334,35.079445],[-85.739311,35.079657],[-85.740802,35.079725],[-85.74115,35.079666],[-85.742217,35.079193],[-85.742464,35.079165],[-85.742939,35.079011],[-85.743465,35.079019],[-85.743564,35.078956],[-85.743574,35.07865],[-85.743936,35.078323],[-85.743988,35.078179],[-85.743687,35.077319],[-85.743596,35.077248],[-85.743503,35.076975],[-85.743403,35.076938],[-85.743361,35.076856],[-85.743347,35.076702],[-85.743423,35.076464],[-85.743405,35.076302],[-85.743128,35.075289],[-85.743056,35.075226],[-85.742934,35.075225],[-85.74287,35.075286],[-85.742802,35.076076],[-85.742699,35.07643],[-85.742676,35.076772],[-85.742743,35.076917],[-85.743293,35.077034],[-85.743312,35.077176],[-85.742714,35.077198],[-85.742443,35.077145],[-85.742375,35.07709],[-85.742468,35.076094],[-85.74263,35.075675],[-85.742761,35.074975],[-85.742766,35.074399],[-85.742922,35.073925],[-85.742911,35.073487],[-85.742977,35.073313],[-85.742969,35.072929],[-85.742522,35.07289],[-85.742226,35.072775],[-85.741763,35.072725],[-85.741571,35.072638],[-85.741625,35.072582],[-85.741805,35.072564],[-85.741924,35.072488],[-85.74232,35.072387],[-85.742512,35.072173],[-85.743109,35.071914],[-85.743225,35.071797],[-85.743264,35.07168],[-85.743353,35.07162],[-85.743351,35.071522],[-85.743221,35.071433],[-85.742963,35.071126],[-85.742809,35.070782],[-85.742634,35.070529],[-85.742301,35.07019],[-85.742201,35.069975],[-85.742131,35.069949],[-85.742044,35.069813],[-85.74186,35.069764],[-85.74135,35.069163],[-85.740894,35.068735],[-85.740586,35.068478],[-85.740177,35.06836],[-85.740115,35.068269],[-85.739733,35.068055],[-85.73964,35.067952],[-85.739234,35.067926],[-85.738883,35.067781],[-85.738596,35.067281],[-85.738471,35.067164],[-85.739307,35.067164],[-85.739344,35.067294],[-85.739414,35.067358],[-85.739976,35.067489],[-85.740099,35.067467],[-85.740139,35.067367],[-85.740339,35.06725],[-85.740367,35.067164],[-85.74065,35.067164],[-85.740586,35.067531],[-85.740611,35.067811],[-85.740784,35.067947],[-85.741338,35.068192],[-85.741649,35.068588],[-85.741815,35.068673],[-85.7419,35.068839],[-85.742133,35.069024],[-85.742172,35.069128],[-85.742458,35.06939],[-85.74276,35.069803],[-85.743002,35.069994],[-85.743084,35.070152],[-85.743156,35.070189],[-85.743246,35.070178],[-85.743304,35.070078],[-85.743216,35.069672],[-85.743253,35.069406],[-85.743494,35.069546],[-85.743559,35.069734],[-85.743685,35.06972],[-85.743724,35.069655],[-85.743718,35.069571],[-85.743653,35.069534],[-85.743618,35.06943],[-85.74362,35.068997],[-85.743742,35.068291],[-85.743808,35.068211],[-85.743828,35.068044],[-85.743923,35.068011],[-85.744216,35.068058],[-85.744264,35.067935],[-85.744441,35.067891],[-85.744497,35.067781],[-85.744629,35.067721],[-85.744613,35.0676],[-85.744538,35.067563],[-85.744255,35.067618],[-85.744171,35.067364],[-85.744373,35.067276],[-85.74454,35.067405],[-85.744746,35.06742],[-85.744831,35.067352],[-85.744872,35.067164],[-85.765492,35.067164],[-85.765396,35.06735],[-85.765771,35.06741],[-85.765998,35.067351],[-85.765971,35.067258],[-85.765875,35.067239],[-85.765814,35.067164],[-85.767295,35.067164],[-85.767374,35.067292],[-85.768154,35.067416],[-85.768226,35.067552],[-85.768456,35.06765],[-85.76872,35.067715],[-85.768867,35.067675],[-85.769285,35.067736],[-85.769327,35.067799],[-85.769519,35.067849],[-85.769644,35.067965],[-85.769981,35.06802],[-85.770037,35.068149],[-85.770158,35.068217],[-85.770412,35.068186],[-85.770474,35.068265],[-85.770775,35.068276],[-85.770851,35.06823],[-85.770833,35.068163],[-85.770609,35.068117],[-85.770562,35.068067],[-85.770762,35.06803],[-85.770987,35.068086],[-85.771093,35.068219],[-85.771361,35.068257],[-85.771468,35.06855],[-85.771806,35.068619],[-85.77183,35.0687],[-85.771608,35.068898],[-85.771516,35.069158],[-85.771333,35.069243],[-85.771334,35.069367],[-85.771396,35.069396],[-85.771442,35.069518],[-85.771612,35.069554],[-85.771683,35.06951],[-85.771741,35.069323],[-85.771965,35.069356],[-85.772024,35.069423],[-85.772049,35.069622],[-85.77229,35.069862],[-85.772704,35.069877],[-85.77253,35.070201],[-85.772586,35.070402],[-85.772956,35.070694],[-85.773192,35.070969],[-85.773356,35.071032],[-85.773373,35.071119],[-85.773481,35.071181],[-85.77352,35.071262],[-85.773701,35.071336],[-85.773785,35.071596],[-85.773887,35.071641],[-85.773973,35.071786],[-85.77409,35.071786],[-85.774149,35.071633],[-85.774246,35.071669],[-85.774275,35.071792],[-85.774196,35.071848],[-85.774173,35.071951],[-85.774209,35.07201],[-85.774334,35.072053],[-85.774416,35.072423],[-85.77432,35.072484],[-85.774297,35.072576],[-85.774356,35.072626],[-85.774612,35.072657],[-85.774675,35.072723],[-85.774731,35.07318],[-85.774793,35.07325],[-85.774809,35.07341],[-85.774884,35.073453],[-85.774925,35.073612],[-85.775009,35.073653],[-85.775066,35.073958],[-85.775137,35.074039],[-85.775155,35.074439],[-85.775275,35.074608],[-85.77532,35.074949],[-85.77565,35.075058],[-85.775729,35.075058],[-85.775792,35.074989],[-85.775838,35.074848],[-85.775936,35.073803],[-85.776119,35.072641],[-85.776219,35.071267],[-85.776366,35.071051],[-85.776496,35.071026],[-85.776523,35.071111],[-85.776398,35.07203],[-85.776418,35.072183],[-85.777893,35.072871],[-85.778072,35.073011],[-85.7781,35.073653],[-85.778223,35.073691],[-85.778303,35.073601],[-85.778485,35.073596],[-85.778553,35.07369],[-85.778501,35.073821],[-85.778044,35.074406],[-85.778027,35.074625],[-85.778157,35.074722],[-85.778529,35.074772],[-85.778584,35.074885],[-85.778777,35.074961],[-85.778907,35.07494],[-85.778952,35.074807],[-85.779352,35.072402],[-85.77937,35.072045],[-85.779296,35.071948],[-85.778991,35.071807],[-85.778952,35.071535],[-85.778749,35.071403],[-85.778451,35.071384],[-85.778352,35.071478],[-85.778268,35.071474],[-85.77825,35.07137],[-85.778355,35.071264],[-85.778345,35.071117],[-85.778276,35.071043],[-85.777908,35.07097],[-85.777714,35.070999],[-85.77771,35.070875],[-85.777823,35.070836],[-85.777852,35.070751],[-85.777606,35.070648],[-85.777556,35.070539],[-85.777591,35.07047],[-85.777706,35.07043],[-85.777733,35.070203],[-85.777689,35.070153],[-85.777463,35.070115],[-85.77742,35.070054],[-85.777897,35.069984],[-85.777932,35.069901],[-85.777889,35.069841],[-85.777695,35.069811],[-85.777066,35.069466],[-85.776818,35.069433],[-85.776689,35.069672],[-85.776582,35.070326],[-85.776519,35.070351],[-85.776528,35.069172],[-85.776372,35.06902],[-85.776337,35.068836],[-85.77616,35.068759],[-85.776019,35.068538],[-85.77544,35.068383],[-85.775444,35.068328],[-85.775567,35.068283],[-85.7756,35.068216],[-85.775589,35.0681],[-85.775495,35.067996],[-85.775238,35.067932],[-85.775117,35.068082],[-85.774971,35.068032],[-85.77472,35.068065],[-85.774701,35.068161],[-85.774794,35.068414],[-85.77474,35.068478],[-85.774558,35.068461],[-85.774331,35.068363],[-85.774161,35.068379],[-85.774126,35.068451],[-85.77405,35.068449],[-85.774004,35.068407],[-85.773975,35.068215],[-85.773882,35.068176],[-85.773712,35.068208],[-85.773563,35.068357],[-85.773285,35.068435],[-85.77312,35.068378],[-85.772839,35.068412],[-85.772715,35.068313],[-85.771977,35.068234],[-85.772052,35.068123],[-85.772398,35.068024],[-85.772422,35.067832],[-85.772551,35.067735],[-85.772575,35.067374],[-85.772666,35.067164],[-85.775294,35.067164],[-85.775418,35.067216],[-85.775414,35.067474],[-85.776106,35.06804],[-85.7764,35.068417],[-85.776483,35.068597],[-85.776765,35.068608],[-85.777181,35.068471],[-85.777431,35.068473],[-85.777706,35.068798],[-85.777748,35.068916],[-85.777867,35.068966],[-85.778026,35.069142],[-85.778198,35.069172],[-85.779415,35.069017],[-85.779533,35.068814],[-85.779893,35.068655],[-85.780361,35.068616],[-85.780441,35.068661],[-85.780764,35.068667],[-85.780978,35.068586],[-85.780895,35.068459],[-85.780543,35.068358],[-85.780429,35.06817],[-85.780127,35.067954],[-85.780017,35.067752],[-85.779909,35.067688],[-85.779597,35.067175],[-85.782284,35.067164],[-85.782935,35.067341],[-85.782935,35.070308],[-85.781935,35.070007],[-85.781541,35.069941],[-85.781386,35.069982],[-85.781346,35.070116],[-85.78149,35.070242],[-85.782201,35.070406],[-85.782314,35.070528],[-85.782099,35.070871],[-85.781701,35.071034],[-85.781228,35.071362],[-85.781132,35.071762],[-85.781246,35.071887],[-85.781515,35.072013],[-85.782935,35.072488],[-85.782935,35.072632],[-85.782345,35.072423],[-85.782046,35.072373],[-85.781942,35.072274],[-85.781509,35.07212],[-85.781402,35.07215],[-85.781332,35.072343],[-85.780952,35.072386],[-85.780862,35.07229],[-85.780886,35.072235],[-85.780996,35.072194],[-85.780979,35.07207],[-85.780543,35.071874],[-85.780236,35.071827],[-85.780122,35.071676],[-85.779986,35.07168],[-85.779944,35.071757],[-85.77996,35.071865],[-85.780199,35.071953],[-85.780306,35.072171],[-85.780351,35.072524],[-85.780306,35.072575],[-85.780215,35.072548],[-85.780159,35.072319],[-85.78004,35.072267],[-85.779869,35.072091],[-85.779691,35.072074],[-85.779584,35.072166],[-85.779433,35.072873],[-85.779424,35.073174],[-85.779346,35.073455],[-85.779204,35.074504],[-85.779094,35.074943],[-85.779123,35.075149],[-85.779215,35.075282],[-85.779333,35.075344],[-85.779856,35.075372],[-85.779924,35.075467],[-85.780126,35.075526],[-85.780384,35.07548],[-85.780619,35.074059],[-85.780675,35.073262],[-85.780602,35.07305],[-85.780301,35.072986],[-85.780218,35.072918],[-85.780589,35.072834],[-85.78089,35.072661],[-85.781092,35.07268],[-85.781151,35.07274],[-85.780993,35.072774],[-85.78092,35.072872],[-85.780914,35.073279],[-85.780782,35.073981],[-85.780699,35.075153],[-85.781007,35.075322],[-85.781142,35.075341],[-85.781271,35.075463],[-85.782362,35.075527],[-85.782567,35.075431],[-85.782673,35.075281],[-85.782805,35.075209],[-85.782852,35.074949],[-85.782935,35.074848],[-85.782935,35.0912]],[[-85.764641,35.081495],[-85.764822,35.0816],[-85.764994,35.081976],[-85.765121,35.08199],[-85.76516,35.081901],[-85.765082,35.081728],[-85.765113,35.081563],[-85.765218,35.081544],[-85.765298,35.081448],[-85.765455,35.08143],[-85.765519,35.081276],[-85.765651,35.081239],[-85.765714,35.081283],[-85.765698,35.081458],[-85.76576,35.081535],[-85.765995,35.081596],[-85.76619480000005,35.081619],[-85.766143,35.081605],[-85.766251,35.081163],[-85.76629357894738,35.081137947368426],[-85.765859,35.081095],[-85.765742,35.081012],[-85.765594,35.081007],[-85.765478,35.081086],[-85.76554,35.081123],[-85.765476,35.081182],[-85.765398,35.081121],[-85.765436,35.081085],[-85.765363,35.080962],[-85.76526,35.080932],[-85.76511,35.081082],[-85.765164,35.081134],[-85.765174,35.081306],[-85.765059,35.081387],[-85.765027,35.081511],[-85.764952,35.081511],[-85.764893,35.081397],[-85.764819,35.081368],[-85.764696,35.08139],[-85.764668,35.081467],[-85.7646,35.081489],[-85.764641,35.081495]],[[-85.76472,35.080006],[-85.764507,35.078924],[-85.764159,35.078724],[-85.764022,35.078521],[-85.763594,35.07839],[-85.763394,35.078219],[-85.763342,35.078095],[-85.763121,35.078101],[-85.763078,35.078037],[-85.76309464130435,35.077910358695654],[-85.762763,35.077876],[-85.762403,35.077734],[-85.762235,35.07772],[-85.761954,35.077825],[-85.761817,35.077936],[-85.761742,35.078065],[-85.76172,35.078088],[-85.761666,35.078108],[-85.76164063225806,35.07812861935484],[-85.761747,35.078084],[-85.761732,35.078211],[-85.761658,35.078245],[-85.761613,35.078361],[-85.761438,35.078478],[-85.761397,35.078764],[-85.761447,35.078934],[-85.761772,35.079082],[-85.761476,35.079125],[-85.761392,35.079199],[-85.761409,35.079346],[-85.761568,35.079456],[-85.761349,35.079611],[-85.761211,35.080184],[-85.760887,35.080269],[-85.760645,35.0802],[-85.760664,35.080062],[-85.760795,35.079955],[-85.760809,35.079863],[-85.760702,35.079785],[-85.760642,35.07958],[-85.760489,35.079536],[-85.760466,35.079361],[-85.76055,35.07934],[-85.760649,35.079474],[-85.760907,35.07945],[-85.760952,35.07927],[-85.760918,35.078862],[-85.760844,35.07871],[-85.760495,35.078545],[-85.760518,35.07846],[-85.760606,35.078416],[-85.760612,35.078295],[-85.760558,35.078214],[-85.760442,35.078166],[-85.760442,35.078012],[-85.760492,35.077966],[-85.760894,35.077929],[-85.760968,35.077795],[-85.761228,35.07782],[-85.761281,35.077429],[-85.761225,35.077381],[-85.760746,35.077303],[-85.760525,35.077404],[-85.760279,35.077751],[-85.760087,35.078338],[-85.759907,35.078446],[-85.759847,35.078636],[-85.759789,35.078582],[-85.759798,35.078455],[-85.759662,35.078366],[-85.759007,35.078337],[-85.759007,35.078242],[-85.7592,35.078191],[-85.759302,35.078102],[-85.759916,35.07808],[-85.759999,35.077999],[-85.76002,35.07786],[-85.759906,35.077633],[-85.760085,35.077583],[-85.760137,35.077483],[-85.760105,35.077424],[-85.759741,35.077316],[-85.759735,35.077272],[-85.759825,35.07724],[-85.759868,35.077114],[-85.759938,35.077084],[-85.760089,35.077151],[-85.760153,35.077309],[-85.760295,35.077313],[-85.760412,35.077212],[-85.760428,35.077076],[-85.760247,35.076892],[-85.76030839999994,35.076887],[-85.760001,35.076801],[-85.759924,35.076872],[-85.759888,35.077014],[-85.759793,35.07701],[-85.759743,35.076935],[-85.759542,35.076872],[-85.759505,35.076629],[-85.759441,35.07658],[-85.759272,35.076574],[-85.75917,35.076668],[-85.759052,35.076695],[-85.759004,35.076536],[-85.758916,35.076498],[-85.758923,35.07624],[-85.758841,35.07609],[-85.758611,35.076079],[-85.758417,35.076302],[-85.75832,35.076308],[-85.758224,35.076256],[-85.758133,35.075972],[-85.758055,35.075926],[-85.757932,35.075944],[-85.757897,35.07626],[-85.75769,35.076562],[-85.757708,35.076893],[-85.757785,35.07706],[-85.757613,35.077164],[-85.75757,35.077302],[-85.757651,35.077164],[-85.75773,35.077133],[-85.75801297078652,35.0771369258427],[-85.757982,35.077054],[-85.758058,35.076955],[-85.758364,35.076983],[-85.758491,35.077069],[-85.75869061454546,35.07702976727273],[-85.758625,35.077019],[-85.75863,35.076984],[-85.759138,35.076924],[-85.75926,35.076964],[-85.75929,35.077055],[-85.759238,35.077121],[-85.75901,35.077152],[-85.758899,35.077242],[-85.75889,35.077117],[-85.75887,35.077066],[-85.758881,35.077293],[-85.75881361581136,35.07742793203884],[-85.758873,35.077442],[-85.75829883325157,35.07760974840608],[-85.758468,35.077631],[-85.758488,35.0777],[-85.758835,35.077939],[-85.758815,35.078091],[-85.758658,35.078275],[-85.758576,35.078259],[-85.758273,35.077932],[-85.758013,35.077862],[-85.757965,35.077746],[-85.75785,35.077665],[-85.757365,35.07759],[-85.757238,35.077633],[-85.75725,35.077729],[-85.757545,35.077778],[-85.757573,35.077821],[-85.757249,35.07791],[-85.757212,35.078015],[-85.757149,35.078045],[-85.757303,35.078088],[-85.75734,35.078166],[-85.757372,35.078083],[-85.757435,35.078076],[-85.757604,35.078188],[-85.75807,35.078147],[-85.758147,35.078268],[-85.758129,35.078423],[-85.758029,35.078457],[-85.757995,35.078526],[-85.757617,35.07847],[-85.757527,35.078562],[-85.757324,35.078598],[-85.757116,35.078732],[-85.757095,35.078885],[-85.757169,35.078958],[-85.757282,35.078943],[-85.757306,35.078866],[-85.75746,35.078815],[-85.757515,35.078745],[-85.757598,35.078792],[-85.757543,35.078946],[-85.757293,35.079088],[-85.757241,35.07936],[-85.757288,35.079407],[-85.757347,35.079845],[-85.757499,35.079885],[-85.75765,35.079796],[-85.757698,35.079934],[-85.757634,35.080002],[-85.757382,35.080044],[-85.75736,35.080116],[-85.75741,35.080171],[-85.757782,35.080268],[-85.75778,35.080329],[-85.757586,35.080371],[-85.757572,35.080481],[-85.757647,35.080538],[-85.758107,35.08043],[-85.758118,35.080327],[-85.757994,35.080269],[-85.758019,35.080221],[-85.758105,35.080213],[-85.758217,35.080299],[-85.758258,35.080528],[-85.758457,35.080565],[-85.758542,35.080644],[-85.758721,35.080571],[-85.759465,35.080506],[-85.759532,35.080394],[-85.759627,35.080366],[-85.759805,35.080391],[-85.759926,35.080508],[-85.759852,35.080877],[-85.759778,35.080951],[-85.759782,35.081063],[-85.75992,35.081091],[-85.760019,35.080989],[-85.760145,35.081034],[-85.760018,35.081484],[-85.759896,35.081328],[-85.759798,35.081317],[-85.759736,35.081393],[-85.759692,35.081858],[-85.759807,35.081995],[-85.759521,35.082053],[-85.759454,35.082119],[-85.759496,35.082235],[-85.759685,35.082293],[-85.759309,35.082315],[-85.75911,35.082375],[-85.759046,35.082582],[-85.759144,35.08274],[-85.758889,35.082799],[-85.758804,35.082984],[-85.758806,35.083088],[-85.758841,35.083227],[-85.758928,35.083287],[-85.75907,35.083266],[-85.759099,35.083165],[-85.75917,35.083132],[-85.759437,35.083127],[-85.759574,35.083173],[-85.759554,35.083362],[-85.759435,35.083232],[-85.759256,35.083232],[-85.759202,35.083283],[-85.759257,35.083549],[-85.759403,35.083684],[-85.759522,35.083706],[-85.759588,35.083673],[-85.759636,35.083558],[-85.759966,35.083431],[-85.760036,35.083225],[-85.760286,35.083039],[-85.760402,35.083015],[-85.760476,35.082872],[-85.760543,35.082836],[-85.760632,35.082974],[-85.760958,35.083228],[-85.761131,35.083515],[-85.761244,35.083592],[-85.761299,35.083831],[-85.761378,35.083874],[-85.761389,35.084059],[-85.76149,35.084149],[-85.761455,35.084253],[-85.761319,35.08425],[-85.761259,35.084121],[-85.761155,35.084068],[-85.760607,35.084047],[-85.760415,35.083962],[-85.760357,35.084],[-85.760329,35.084129],[-85.760255,35.084167],[-85.760124,35.084148],[-85.760094,35.084087],[-85.760016,35.084068],[-85.759708,35.084159],[-85.759658,35.084293],[-85.759494,35.084349],[-85.759453,35.08442],[-85.759494,35.084647],[-85.759765,35.084895],[-85.759994,35.084983],[-85.760139,35.085461],[-85.760519,35.085857],[-85.760714,35.085928],[-85.760872,35.085927],[-85.760945,35.085855],[-85.7611,35.085827],[-85.761138,35.085767],[-85.761115,35.085659],[-85.760791,35.085518],[-85.76083,35.085433],[-85.760974,35.085392],[-85.760923,35.085257],[-85.760785,35.085237],[-85.760735,35.085144],[-85.760631,35.085119],[-85.760574,35.085147],[-85.760571,35.085242],[-85.760727,35.085314],[-85.760471,35.085348],[-85.760484,35.084992],[-85.760545,35.084912],[-85.760723,35.084996],[-85.760762,35.085069],[-85.761012,35.085068],[-85.761085,35.085166],[-85.761351,35.085195],[-85.761468,35.08535],[-85.76157,35.085376],[-85.761569,35.085421],[-85.761458,35.085484],[-85.761444,35.085595],[-85.76157,35.086009],[-85.761709,35.08599],[-85.761791,35.085726],[-85.761693,35.085539],[-85.761841,35.085489],[-85.761913,35.085539],[-85.761947,35.085702],[-85.762253,35.085785],[-85.762301,35.08596],[-85.762413,35.085997],[-85.762409,35.086066],[-85.762232,35.086125],[-85.762236,35.086221],[-85.762449,35.086239],[-85.762525,35.086085],[-85.762624,35.086047],[-85.762802,35.086111],[-85.762808,35.086317],[-85.762661,35.086393],[-85.762634,35.086454],[-85.76248,35.08635],[-85.762129,35.086329],[-85.761973,35.086417],[-85.762002,35.086603],[-85.762138,35.086612],[-85.762212,35.086496],[-85.762263,35.086583],[-85.762369,35.086619],[-85.762875,35.086589],[-85.762942,35.086549],[-85.762973,35.086444],[-85.763048,35.086439],[-85.763207,35.086502],[-85.76324,35.086582],[-85.76319095602094,35.08661084921466],[-85.763372,35.086672],[-85.763406,35.086895],[-85.763346,35.086962],[-85.763415,35.086939],[-85.763439,35.086857],[-85.763628,35.08688],[-85.763649,35.086674],[-85.763589,35.086503],[-85.763395,35.086228],[-85.763205,35.086098],[-85.762943,35.085741],[-85.762884,35.085475],[-85.762827,35.085442],[-85.762734,35.08521],[-85.762643,35.085151],[-85.762521,35.084848],[-85.762261,35.084609],[-85.762235,35.084534],[-85.762111,35.084476],[-85.762237,35.084406],[-85.762229,35.08431],[-85.761979,35.084232],[-85.761795,35.083934],[-85.761708,35.083903],[-85.761606,35.083667],[-85.761395,35.083514],[-85.761265,35.083198],[-85.761116,35.083022],[-85.760927,35.082938],[-85.760832,35.082825],[-85.760666,35.082521],[-85.760453,35.082295],[-85.760341,35.082063],[-85.76055,35.081994],[-85.760944,35.08197],[-85.761044,35.081909],[-85.761541,35.08186],[-85.761654,35.081779],[-85.761659,35.08164],[-85.761709,35.081625],[-85.761794,35.081793],[-85.762119,35.081764],[-85.762261,35.0818],[-85.762395,35.082092],[-85.762598,35.082124],[-85.762702,35.082263],[-85.76289,35.082276],[-85.762972,35.082066],[-85.76306,35.082023],[-85.763062,35.081928],[-85.76296,35.081881],[-85.762935,35.081797],[-85.762638,35.081747],[-85.762641,35.081607],[-85.762876,35.081436],[-85.763581,35.081167],[-85.763822,35.080935],[-85.763845,35.080856],[-85.763998,35.080768],[-85.764297,35.080741],[-85.76444,35.080415],[-85.764509,35.080452],[-85.764561,35.080597],[-85.764676,35.080597],[-85.764703,35.080482],[-85.764661,35.080417],[-85.764534,35.080393],[-85.764424,35.080262],[-85.764224,35.080254],[-85.764165,35.08021],[-85.764411,35.080169],[-85.764485,35.080023],[-85.764564,35.079975],[-85.764675,35.079987],[-85.76471868361153,35.08009617261002],[-85.76472,35.080006]],[[-85.780874,35.103322],[-85.781429,35.103339],[-85.781539,35.103148],[-85.78169,35.103076],[-85.781692,35.102879],[-85.781497,35.102779],[-85.781423,35.102623],[-85.781333,35.10261],[-85.78127,35.10264],[-85.781187,35.102868],[-85.781377,35.102962],[-85.781466,35.103175],[-85.780344,35.10301],[-85.780421,35.102987],[-85.780441,35.102956],[-85.780451,35.102912],[-85.780406,35.102984],[-85.780303,35.102998],[-85.780223,35.102909],[-85.78026728900257,35.102786196930936],[-85.780174,35.102942],[-85.779673,35.102969],[-85.779552,35.103032],[-85.779555,35.103087],[-85.779682,35.103159],[-85.780171,35.103198],[-85.780316,35.103254],[-85.780379,35.103334],[-85.780439,35.103588],[-85.78047186339755,35.10364671628723],[-85.780422,35.103427],[-85.780489,35.103312],[-85.780739,35.10331],[-85.780824,35.103405],[-85.780874,35.103322]],[[-85.777458,35.094682],[-85.777463,35.094592],[-85.777408,35.094527],[-85.777183,35.094496],[-85.777136,35.094434],[-85.777024,35.094407],[-85.777,35.094338],[-85.776778,35.094264],[-85.776832,35.094178],[-85.776934,35.094226],[-85.777144,35.094182],[-85.777245,35.094048],[-85.77723,35.093914],[-85.776915,35.093874],[-85.776788,35.093711],[-85.776651,35.093673],[-85.776416,35.093699],[-85.776347,35.093784],[-85.776044,35.093883],[-85.776042,35.09398],[-85.776234,35.094183],[-85.776437,35.094272],[-85.776309,35.094641],[-85.776399,35.094946],[-85.776714,35.095037],[-85.776839,35.095144],[-85.777331,35.095196],[-85.777412,35.09511],[-85.77741,35.09475],[-85.777458,35.094682]],[[-85.765782,35.082691],[-85.765729,35.08258],[-85.765611,35.082548],[-85.765518,35.082403],[-85.765368,35.082432],[-85.765381,35.082607],[-85.765533,35.082839],[-85.765626,35.082917],[-85.765801,35.08296],[-85.765957,35.083369],[-85.766241,35.083509],[-85.76636,35.084001],[-85.766676,35.084077],[-85.766774,35.08421],[-85.766951,35.084191],[-85.766986,35.084059],[-85.767062,35.083985],[-85.767045,35.083869],[-85.76669,35.083757],[-85.766591,35.083505],[-85.766499,35.083416],[-85.766296,35.083349],[-85.76624712075984,35.083242856173676],[-85.766175,35.083235],[-85.76612,35.083134],[-85.76614005309735,35.083079265486724],[-85.766054,35.083044],[-85.766019,35.082948],[-85.765831,35.082913],[-85.765879,35.082885],[-85.765892,35.082859],[-85.765899,35.082824],[-85.765879,35.08288],[-85.765813,35.082876],[-85.765782,35.082691]],[[-85.763312,35.088025],[-85.76319991117478,35.088101461318054],[-85.763247,35.088143],[-85.763213,35.08819],[-85.76298,35.088206],[-85.762872,35.088323],[-85.762733,35.088361],[-85.762732,35.088466],[-85.762881,35.088534],[-85.762912,35.088617],[-85.762875,35.088756],[-85.762733,35.088815],[-85.762763,35.088939],[-85.762728,35.089179],[-85.762479,35.08919],[-85.762336,35.089086],[-85.762302,35.089163],[-85.762049,35.089244],[-85.761957,35.089108],[-85.761657,35.089077],[-85.761777,35.088986],[-85.761747,35.088841],[-85.761456,35.088785],[-85.761352,35.088856],[-85.761256,35.089167],[-85.761172,35.088986],[-85.761055,35.089],[-85.760997,35.089319],[-85.761082,35.089442],[-85.760872,35.089601],[-85.760854,35.089753],[-85.760908,35.089835],[-85.761077,35.089849],[-85.761174,35.089799],[-85.761649,35.089775],[-85.761713,35.08968],[-85.761887,35.089638],[-85.76198,35.089677],[-85.762056,35.089864],[-85.762307,35.089929],[-85.762642,35.089914],[-85.762786,35.090157],[-85.762886,35.090209],[-85.762972,35.090482],[-85.763049,35.090505],[-85.76304,35.090657],[-85.762755,35.090704],[-85.762756,35.090835],[-85.762827,35.09086],[-85.762837,35.090924],[-85.762893,35.090848],[-85.762975,35.090951],[-85.763232,35.091011],[-85.763478,35.091171],[-85.763515,35.091357],[-85.763418,35.091441],[-85.763449,35.091596],[-85.763615,35.091603],[-85.763748,35.091504],[-85.763937,35.091491],[-85.764041,35.091523],[-85.764094,35.091647],[-85.764175,35.091658],[-85.764233,35.091628],[-85.764235,35.091525],[-85.76409,35.091459],[-85.764041,35.091261],[-85.763592,35.090893],[-85.763497,35.090727],[-85.76338,35.090654],[-85.763358,35.090568],[-85.763166,35.090457],[-85.763144,35.090312],[-85.763082,35.090274],[-85.763008,35.090016],[-85.762921,35.089961],[-85.762839,35.089742],[-85.762855,35.089417],[-85.762944,35.089217],[-85.763302,35.08859],[-85.763472,35.088439],[-85.763539,35.088086],[-85.763638,35.08804],[-85.763731,35.087856],[-85.76383,35.087781],[-85.763805,35.087346],[-85.763748,35.08727],[-85.763594,35.087257],[-85.763175,35.087472],[-85.763037,35.087474],[-85.762991,35.08739],[-85.762804,35.087319],[-85.762823,35.087276],[-85.76305,35.087239],[-85.763107,35.087181],[-85.763052,35.08708],[-85.762921,35.087067],[-85.762618,35.087181],[-85.762584,35.087249],[-85.762306,35.087272],[-85.762269,35.087331],[-85.762081,35.087357],[-85.762033,35.087404],[-85.76206,35.087472],[-85.762201,35.08751],[-85.762609,35.087503],[-85.762681,35.087668],[-85.762523,35.087824],[-85.762497,35.087979],[-85.762544,35.088026],[-85.762648,35.088009],[-85.762683,35.087937],[-85.763114,35.087844],[-85.763351,35.087896],[-85.763402,35.088065],[-85.763355,35.088084],[-85.763312,35.088025]],[[-85.762616,35.091048],[-85.762145,35.091081],[-85.7617,35.09105],[-85.761811,35.09111],[-85.761868,35.091279],[-85.762057,35.091336],[-85.761905,35.091369],[-85.761786,35.0915],[-85.76157,35.091541],[-85.761565,35.091653],[-85.761765,35.091735],[-85.76159,35.09187],[-85.761606,35.091982],[-85.761993,35.091992],[-85.762117,35.091885],[-85.76215,35.091792],[-85.762339,35.091725],[-85.762447,35.09162],[-85.762841,35.091672],[-85.762975,35.091605],[-85.7632696875,35.091693299999996],[-85.763395,35.091636],[-85.763316,35.091597],[-85.763226,35.091441],[-85.762993,35.0914],[-85.763129,35.09124],[-85.76311,35.091149],[-85.763006,35.091105],[-85.762859,35.091119],[-85.762795,35.091223],[-85.762814,35.091416],[-85.762908,35.091482],[-85.76272,35.091485],[-85.762655,35.091379],[-85.762621,35.09115],[-85.762502,35.091106],[-85.762757,35.091047],[-85.762828,35.090976],[-85.762616,35.091048]],[[-85.730976,35.081809],[-85.731021,35.081559],[-85.731525,35.080464],[-85.731518,35.080319],[-85.731287,35.080252],[-85.731024,35.080304],[-85.730439,35.080247],[-85.730317,35.080205],[-85.730266,35.080119],[-85.729929,35.080115],[-85.72969,35.080012],[-85.729378,35.079996],[-85.729101,35.079866],[-85.728756,35.079813],[-85.728509,35.079659],[-85.728287,35.079414],[-85.727963,35.079333],[-85.727793,35.079232],[-85.727661,35.079228],[-85.727347,35.079335],[-85.727265,35.079562],[-85.727183,35.080284],[-85.727368,35.080462],[-85.727677,35.080573],[-85.727833,35.080581],[-85.727921,35.0805],[-85.728035,35.080513],[-85.728029,35.080632],[-85.727859,35.0807],[-85.727816,35.0808],[-85.728084,35.080947],[-85.728272,35.081129],[-85.728433,35.081174],[-85.728438,35.081235],[-85.728334,35.081285],[-85.728347,35.081422],[-85.728496,35.081513],[-85.728637,35.08153],[-85.728726,35.081487],[-85.72885,35.081278],[-85.728941,35.08124],[-85.729493,35.081237],[-85.729987,35.081412],[-85.73006,35.081512],[-85.730588,35.081641],[-85.730625,35.081904],[-85.730689,35.081955],[-85.730818,35.081941],[-85.730874,35.08185],[-85.730976,35.081809]],[[-85.729006,35.069971],[-85.728955,35.069838],[-85.72878,35.069717],[-85.728844,35.069682],[-85.729111,35.069721],[-85.72929,35.069684],[-85.729308,35.06958],[-85.729221,35.069463],[-85.729198,35.069333],[-85.729341,35.069245],[-85.729338,35.069099],[-85.729045,35.068997],[-85.728472,35.069015],[-85.728278,35.069074],[-85.728244,35.069141],[-85.728265,35.069307],[-85.728404,35.069471],[-85.728285,35.069593],[-85.728294,35.069843],[-85.728371,35.069878],[-85.72841,35.070004],[-85.728493,35.070043],[-85.728527,35.070204],[-85.72863,35.070243],[-85.728968,35.070194],[-85.729006,35.069971]],[[-85.733517,35.103384],[-85.734115,35.103457],[-85.734374,35.103226],[-85.73454,35.103202],[-85.735105,35.103399],[-85.7356,35.103416],[-85.735828,35.103279],[-85.735978,35.103123],[-85.736137,35.10306],[-85.736192,35.102799],[-85.736127,35.102514],[-85.736022,35.102431],[-85.735774,35.102401],[-85.735586,35.102411],[-85.735452,35.102513],[-85.735326,35.102527],[-85.734962,35.102415],[-85.733817,35.102441],[-85.73146,35.102385],[-85.73143,35.102299],[-85.731488,35.102208],[-85.73151,35.101879],[-85.73159,35.101745],[-85.731642,35.101426],[-85.731623,35.101254],[-85.731539,35.101219],[-85.731327,35.101268],[-85.731213,35.101358],[-85.731235,35.101962],[-85.731067,35.102172],[-85.730616,35.102344],[-85.730108,35.102464],[-85.729852,35.102594],[-85.729635,35.102614],[-85.72955,35.102731],[-85.729565,35.10281],[-85.729648,35.102876],[-85.730134,35.103028],[-85.730649,35.102963],[-85.731421,35.103003],[-85.73175,35.103115],[-85.732013,35.103337],[-85.732358,35.103381],[-85.732513,35.103458],[-85.733517,35.103384]],[[-85.733168,35.084444],[-85.733171,35.084314],[-85.73326,35.084281],[-85.733352,35.08415],[-85.733397,35.08424],[-85.733572,35.084267],[-85.733653,35.084334],[-85.734181,35.08441],[-85.735057,35.084622],[-85.73512,35.084205],[-85.735092,35.083578],[-85.73505,35.083462],[-85.735123,35.083223],[-85.735089,35.082891],[-85.735018,35.082793],[-85.734906,35.082768],[-85.73486,35.082675],[-85.734723,35.082643],[-85.734694,35.082544],[-85.734619,35.0825],[-85.734626,35.082447],[-85.734787,35.082405],[-85.734789,35.08231],[-85.734651,35.082287],[-85.734607,35.082369],[-85.734531,35.082389],[-85.734467,35.082265],[-85.734245,35.082217],[-85.734223,35.082174],[-85.734547,35.082118],[-85.734747,35.081965],[-85.734859,35.081989],[-85.734911,35.082083],[-85.735047,35.082064],[-85.735154,35.081483],[-85.735233,35.081396],[-85.735164,35.081189],[-85.735023,35.081201],[-85.734912,35.081639],[-85.734714,35.081749],[-85.73406,35.081802],[-85.733528,35.081695],[-85.733305,35.081717],[-85.733234,35.081868],[-85.733232,35.082176],[-85.731488,35.082132],[-85.73109,35.082162],[-85.731157,35.082261],[-85.731441,35.082338],[-85.731493,35.082392],[-85.731437,35.082523],[-85.731138,35.08258],[-85.731108,35.08273],[-85.731151,35.082765],[-85.73175,35.082757],[-85.732152,35.082658],[-85.732524,35.082657],[-85.732675,35.08271],[-85.732768,35.082814],[-85.732802,35.082969],[-85.732604,35.083978],[-85.732641,35.084048],[-85.732855,35.084108],[-85.732898,35.084161],[-85.732709,35.08454],[-85.732819,35.084675],[-85.732973,35.084766],[-85.733305,35.084785],[-85.733375,35.084714],[-85.733364,35.084616],[-85.733213,35.084542],[-85.733168,35.084444]],[[-85.731469,35.070649],[-85.731513,35.070603],[-85.731843,35.070654],[-85.731953,35.070445],[-85.732126,35.070328],[-85.732059,35.070178],[-85.731683,35.069762],[-85.73159,35.069724],[-85.731464,35.069739],[-85.731337,35.06982],[-85.731181,35.069991],[-85.731113,35.070143],[-85.731125,35.070318],[-85.731265,35.070371],[-85.73137,35.070537],[-85.731196,35.070615],[-85.731199,35.070712],[-85.731417,35.070797],[-85.731466,35.070872],[-85.731581,35.07087],[-85.731608,35.070757],[-85.731496,35.070719],[-85.731469,35.070649]],[[-85.734198,35.079064],[-85.734278,35.078987],[-85.734266,35.078845],[-85.734173,35.078689],[-85.73397,35.078646],[-85.733992,35.078568],[-85.734181,35.078519],[-85.734249,35.078419],[-85.734212,35.078174],[-85.73383,35.078146],[-85.733645,35.078041],[-85.733487,35.078042],[-85.733413,35.078071],[-85.733294,35.078227],[-85.733277,35.078469],[-85.733318,35.07864],[-85.733231,35.078858],[-85.733346,35.079036],[-85.732452,35.07916],[-85.732322,35.079237],[-85.732324,35.079339],[-85.732381,35.07943],[-85.732519,35.07947],[-85.73262,35.079576],[-85.733412,35.079721],[-85.733642,35.079852],[-85.733686,35.079975],[-85.733874,35.080021],[-85.733996,35.079863],[-85.734109,35.079196],[-85.734198,35.079064]],[[-85.742762,35.113686],[-85.742821,35.113454],[-85.743109,35.113061],[-85.743197,35.112831],[-85.743224,35.112454],[-85.743096,35.112285],[-85.743091,35.112112],[-85.743126,35.112008],[-85.743233,35.111957],[-85.743266,35.111733],[-85.743341,35.11168],[-85.743334,35.111584],[-85.743159,35.111553],[-85.743091,35.111687],[-85.742922,35.111717],[-85.742764,35.111627],[-85.742053,35.111558],[-85.741164,35.111277],[-85.740703,35.11101],[-85.739897,35.110825],[-85.739429,35.110667],[-85.739183,35.11048],[-85.739225,35.110396],[-85.739486,35.110329],[-85.739538,35.110231],[-85.739312,35.109748],[-85.738748,35.109522],[-85.738632,35.109365],[-85.738091,35.109256],[-85.737976,35.109003],[-85.737851,35.108952],[-85.738079,35.108834],[-85.738125,35.108727],[-85.738249,35.108639],[-85.73825,35.108504],[-85.738146,35.108308],[-85.738515,35.108219],[-85.738455,35.108044],[-85.738602,35.107898],[-85.738596,35.107651],[-85.73865,35.107589],[-85.738859,35.107549],[-85.738991,35.107941],[-85.739331,35.108409],[-85.739456,35.10868],[-85.739539,35.108752],[-85.739742,35.108762],[-85.740525,35.108619],[-85.740811,35.108068],[-85.740891,35.108025],[-85.741154,35.107664],[-85.74124,35.107404],[-85.741343,35.107257],[-85.741385,35.106985],[-85.741491,35.106794],[-85.741463,35.106537],[-85.740861,35.106353],[-85.740731,35.105563],[-85.740794,35.105358],[-85.740757,35.105143],[-85.740317,35.10461],[-85.740011,35.104419],[-85.739973,35.104281],[-85.739657,35.103897],[-85.739448,35.103713],[-85.739239,35.103629],[-85.739126,35.103439],[-85.738835,35.103233],[-85.738067,35.103368],[-85.737961,35.103486],[-85.73797,35.103679],[-85.737855,35.103729],[-85.737781,35.103717],[-85.737677,35.103524],[-85.737393,35.103438],[-85.736896,35.103559],[-85.736515,35.103556],[-85.736399,35.103962],[-85.736086,35.104086],[-85.736119,35.104172],[-85.736268,35.104234],[-85.736242,35.104322],[-85.736109,35.10437],[-85.735996,35.104366],[-85.735948,35.104283],[-85.73586,35.104261],[-85.735487,35.104329],[-85.735113,35.104293],[-85.735019,35.104248],[-85.734909,35.104043],[-85.734713,35.103979],[-85.734661,35.103797],[-85.73413,35.103804],[-85.733917,35.10376],[-85.733506,35.10387],[-85.733439,35.103928],[-85.733202,35.103851],[-85.733026,35.103877],[-85.73301,35.103949],[-85.733072,35.104009],[-85.733616,35.104137],[-85.734123,35.104346],[-85.734229,35.104492],[-85.734639,35.104798],[-85.734719,35.104784],[-85.734826,35.104581],[-85.735527,35.104541],[-85.735598,35.104659],[-85.735571,35.104764],[-85.735224,35.104936],[-85.735192,35.105162],[-85.735261,35.105272],[-85.735491,35.105394],[-85.735567,35.105567],[-85.73567,35.105607],[-85.73559,35.105882],[-85.73566,35.106238],[-85.735733,35.106401],[-85.735918,35.106604],[-85.736304,35.106664],[-85.736351,35.106763],[-85.736446,35.106825],[-85.736777,35.106867],[-85.736881,35.106785],[-85.736923,35.106499],[-85.737053,35.106616],[-85.737183,35.106623],[-85.7376,35.10653],[-85.737927,35.106364],[-85.738017,35.106416],[-85.738058,35.10652],[-85.738008,35.106592],[-85.737356,35.106686],[-85.737064,35.106828],[-85.737062,35.107127],[-85.737191,35.107272],[-85.737123,35.10762],[-85.737008,35.107772],[-85.736981,35.10789],[-85.737271,35.108409],[-85.737434,35.108423],[-85.737486,35.108351],[-85.737679,35.108276],[-85.737816,35.108325],[-85.737808,35.108431],[-85.737558,35.108497],[-85.73742,35.108604],[-85.737389,35.10881],[-85.737461,35.1091],[-85.737624,35.109128],[-85.737728,35.109065],[-85.737818,35.109375],[-85.73792,35.109412],[-85.737974,35.109492],[-85.73796,35.109536],[-85.737725,35.109587],[-85.737709,35.109686],[-85.737766,35.109962],[-85.737952,35.110238],[-85.738039,35.110497],[-85.738397,35.110625],[-85.738477,35.110613],[-85.738513,35.110549],[-85.738502,35.11043],[-85.738382,35.110261],[-85.738221,35.109819],[-85.738099,35.109721],[-85.738099,35.109599],[-85.738156,35.109564],[-85.738348,35.109763],[-85.738422,35.110044],[-85.738518,35.110162],[-85.738704,35.110612],[-85.738859,35.110743],[-85.738945,35.111555],[-85.73894,35.111997],[-85.738853,35.112114],[-85.738755,35.112486],[-85.738614,35.112669],[-85.738538,35.11296],[-85.738547,35.113686],[-85.738644,35.114133],[-85.738909,35.114285],[-85.739059,35.114302],[-85.740117,35.114222],[-85.741084,35.114315],[-85.74254,35.114368],[-85.742699,35.1143],[-85.74274,35.114213],[-85.742762,35.113686]],[[-85.735198,35.080372],[-85.735324,35.080321],[-85.735432,35.080426],[-85.735574,35.080393],[-85.735588,35.080255],[-85.735435,35.080187],[-85.735536,35.080001],[-85.735641,35.080002],[-85.735689,35.080122],[-85.735762,35.080164],[-85.735885,35.080176],[-85.735936,35.080133],[-85.735916,35.079986],[-85.735724,35.079894],[-85.735678,35.079638],[-85.735693,35.07959],[-85.735896,35.079522],[-85.735866,35.079326],[-85.73575,35.079319],[-85.735638,35.079462],[-85.735387,35.079484],[-85.735246,35.079685],[-85.735037,35.079675],[-85.734943,35.079479],[-85.734863,35.079464],[-85.734802,35.079487],[-85.734733,35.079621],[-85.734405,35.079612],[-85.734246,35.079665],[-85.734113,35.080085],[-85.734127,35.080281],[-85.734191,35.08042],[-85.734436,35.080465],[-85.73451,35.080536],[-85.734911,35.080546],[-85.735162,35.080451],[-85.735198,35.080372]],[[-85.735216,35.085673],[-85.735171,35.085033],[-85.735076,35.084827],[-85.734429,35.084625],[-85.734263,35.084613],[-85.734185,35.084656],[-85.734199,35.084808],[-85.734379,35.084972],[-85.734467,35.085487],[-85.734699,35.085863],[-85.734811,35.086166],[-85.734922,35.086277],[-85.735072,35.086295],[-85.735171,35.086188],[-85.735216,35.085673]],[[-85.735838,35.097949],[-85.735851,35.097778],[-85.735676,35.09773],[-85.735633,35.097665],[-85.735678,35.097485],[-85.735975,35.097489],[-85.736064,35.09763],[-85.736182,35.097682],[-85.736223,35.097786],[-85.736342,35.097819],[-85.736405,35.097783],[-85.736436,35.097634],[-85.736489,35.097587],[-85.736518,35.097366],[-85.736666,35.097272],[-85.736666,35.097134],[-85.736554,35.097084],[-85.736516,35.097011],[-85.736468,35.096173],[-85.73641,35.095963],[-85.736306,35.095998],[-85.736167,35.096463],[-85.735928,35.096561],[-85.735898,35.096831],[-85.735759,35.096922],[-85.735571,35.097199],[-85.735479,35.097242],[-85.73536,35.097502],[-85.735342,35.097722],[-85.735493,35.097835],[-85.735516,35.09798],[-85.735372,35.098257],[-85.735211,35.098391],[-85.735225,35.09857],[-85.73556,35.098656],[-85.735755,35.098585],[-85.7358,35.098499],[-85.735838,35.097949]],[[-85.741478,35.08429],[-85.741742,35.084115],[-85.742054,35.084041],[-85.742029,35.083831],[-85.741928,35.083771],[-85.741499,35.083683],[-85.741019,35.083406],[-85.740382,35.083117],[-85.740228,35.082991],[-85.740056,35.082976],[-85.739938,35.083081],[-85.739808,35.083093],[-85.739746,35.082759],[-85.739655,35.082655],[-85.738293,35.081988],[-85.737914,35.081843],[-85.737726,35.081831],[-85.73762,35.081882],[-85.73754,35.082087],[-85.737408,35.082103],[-85.737312,35.082042],[-85.737221,35.081804],[-85.737074,35.081783],[-85.737016,35.081859],[-85.736973,35.082241],[-85.737058,35.083006],[-85.737433,35.083074],[-85.737586,35.083149],[-85.737677,35.083623],[-85.73775,35.083738],[-85.737889,35.083745],[-85.737959,35.083573],[-85.738025,35.083552],[-85.738076,35.083641],[-85.738182,35.083686],[-85.738255,35.083836],[-85.73932,35.084131],[-85.739548,35.084266],[-85.74077,35.084592],[-85.741096,35.08454],[-85.741478,35.08429]],[[-85.738716,35.111591],[-85.738636,35.111358],[-85.738625,35.111071],[-85.73845,35.110739],[-85.738296,35.110709],[-85.738015,35.110818],[-85.737956,35.110979],[-85.737992,35.111073],[-85.738167,35.111096],[-85.738252,35.111022],[-85.738283,35.111058],[-85.738223,35.11148],[-85.73811,35.111679],[-85.738179,35.111785],[-85.738261,35.112242],[-85.738484,35.112293],[-85.738667,35.112191],[-85.738759,35.111945],[-85.738716,35.111591]],[[-85.741719,35.080732],[-85.741787,35.080366],[-85.741744,35.080275],[-85.74134,35.080224],[-85.740875,35.080251],[-85.740254,35.08053],[-85.740072,35.080678],[-85.739341,35.080778],[-85.73897,35.081116],[-85.738817,35.081147],[-85.738684,35.081621],[-85.738742,35.081693],[-85.739056,35.081756],[-85.739836,35.08181],[-85.74002,35.081907],[-85.740157,35.082088],[-85.741184,35.082307],[-85.741379,35.081912],[-85.741719,35.080732]],[[-85.739699,35.117332],[-85.739704,35.116375],[-85.73985,35.116209],[-85.739871,35.116119],[-85.739881,35.115614],[-85.739784,35.114874],[-85.739854,35.114711],[-85.739803,35.114645],[-85.739508,35.114642],[-85.739192,35.114716],[-85.739126,35.114886],[-85.738917,35.114971],[-85.738812,35.115114],[-85.73883,35.11552],[-85.738926,35.115873],[-85.738762,35.116027],[-85.738745,35.116112],[-85.738852,35.116239],[-85.738884,35.11676],[-85.739018,35.116864],[-85.738981,35.117281],[-85.738944,35.117343],[-85.738741,35.117442],[-85.738722,35.117564],[-85.738771,35.117622],[-85.739015,35.117706],[-85.739457,35.117716],[-85.739507,35.117673],[-85.739535,35.117514],[-85.739699,35.117332]],[[-85.743592,35.110414],[-85.743815,35.110219],[-85.743853,35.109539],[-85.744072,35.109116],[-85.744081,35.108979],[-85.744005,35.108876],[-85.743837,35.108783],[-85.743658,35.108725],[-85.743431,35.108721],[-85.743156,35.108971],[-85.743182,35.109187],[-85.743285,35.109374],[-85.743253,35.109507],[-85.743039,35.109506],[-85.742758,35.109359],[-85.742694,35.109181],[-85.74274,35.10891],[-85.742849,35.108694],[-85.743164,35.108489],[-85.743191,35.108332],[-85.743117,35.108277],[-85.743078,35.108163],[-85.742991,35.108118],[-85.742786,35.107658],[-85.742599,35.107386],[-85.742084,35.106945],[-85.741876,35.106981],[-85.741726,35.107529],[-85.741453,35.107661],[-85.741163,35.107909],[-85.74102,35.108428],[-85.740696,35.109076],[-85.740525,35.109284],[-85.740381,35.109317],[-85.739691,35.10928],[-85.739586,35.109306],[-85.739534,35.109387],[-85.739582,35.109537],[-85.739795,35.109854],[-85.739614,35.109962],[-85.739673,35.110231],[-85.739801,35.11024],[-85.739895,35.110022],[-85.740054,35.110204],[-85.740404,35.110471],[-85.740309,35.110552],[-85.740342,35.110721],[-85.740516,35.110733],[-85.740606,35.110579],[-85.740854,35.110744],[-85.741232,35.110856],[-85.741335,35.111034],[-85.741739,35.111167],[-85.741912,35.111179],[-85.741964,35.111117],[-85.742135,35.111095],[-85.742279,35.110993],[-85.742434,35.110969],[-85.742794,35.111157],[-85.742958,35.111385],[-85.74315,35.111403],[-85.743242,35.111265],[-85.743328,35.110601],[-85.743387,35.11052],[-85.743592,35.110414]],[[-85.748707,35.09129],[-85.748746,35.091177],[-85.748681,35.09104],[-85.74883,35.09097],[-85.748856,35.090848],[-85.748812,35.090628],[-85.748689,35.090561],[-85.748809,35.090339],[-85.748734,35.090121],[-85.748752,35.089786],[-85.748842,35.089686],[-85.749404,35.08959],[-85.749493,35.089383],[-85.74928,35.089319],[-85.748935,35.089321],[-85.748816,35.089341],[-85.748738,35.08941],[-85.748714,35.089085],[-85.7486,35.088953],[-85.74795,35.088583],[-85.74782,35.088581],[-85.747734,35.088652],[-85.747578,35.088642],[-85.747508,35.088444],[-85.747307,35.088296],[-85.747238,35.088077],[-85.746978,35.088023],[-85.746899,35.087914],[-85.746777,35.08789],[-85.746675,35.087672],[-85.746488,35.08754],[-85.74631,35.087484],[-85.746057,35.087242],[-85.745938,35.087208],[-85.745864,35.087031],[-85.74572,35.086958],[-85.7457,35.086697],[-85.745549,35.086552],[-85.745389,35.086212],[-85.745114,35.085808],[-85.744712,35.085749],[-85.744616,35.08564],[-85.744196,35.085517],[-85.74401,35.085361],[-85.743752,35.085334],[-85.743708,35.085242],[-85.743592,35.085204],[-85.743534,35.085088],[-85.743374,35.085048],[-85.743186,35.08492],[-85.742761,35.084892],[-85.742679,35.084969],[-85.742308,35.085029],[-85.742216,35.085083],[-85.742246,35.085189],[-85.742601,35.085497],[-85.742634,35.085576],[-85.742789,35.085657],[-85.742876,35.085813],[-85.743032,35.0859],[-85.743202,35.08612],[-85.743412,35.086227],[-85.743485,35.086461],[-85.743992,35.087126],[-85.744071,35.087335],[-85.744412,35.087668],[-85.744508,35.087921],[-85.744879,35.087958],[-85.744918,35.088079],[-85.745062,35.088239],[-85.745606,35.088589],[-85.74575,35.088771],[-85.745892,35.08881],[-85.745956,35.088893],[-85.746247,35.088963],[-85.746241,35.089118],[-85.746164,35.089164],[-85.746056,35.089151],[-85.745916,35.088993],[-85.745636,35.088852],[-85.745554,35.088726],[-85.745104,35.088532],[-85.744895,35.088528],[-85.744794,35.088651],[-85.744365,35.088732],[-85.744306,35.088966],[-85.743978,35.089107],[-85.743903,35.08924],[-85.743901,35.089346],[-85.74393,35.089418],[-85.744027,35.089469],[-85.744028,35.08953],[-85.743484,35.089596],[-85.74323,35.089714],[-85.743063,35.089981],[-85.743022,35.090215],[-85.742978,35.09023],[-85.742892,35.089982],[-85.742828,35.088729],[-85.74276,35.088592],[-85.742589,35.088601],[-85.742424,35.088881],[-85.742005,35.088895],[-85.741583,35.089098],[-85.741185,35.089091],[-85.741014,35.089159],[-85.740575,35.089212],[-85.739976,35.089393],[-85.740009,35.089679],[-85.739866,35.090021],[-85.740043,35.09037],[-85.740303,35.090429],[-85.740509,35.090762],[-85.740877,35.09084],[-85.741603,35.090847],[-85.741874,35.090892],[-85.742093,35.090819],[-85.742861,35.090817],[-85.742915,35.090754],[-85.742857,35.090612],[-85.742988,35.090435],[-85.743061,35.09041],[-85.743067,35.090812],[-85.743339,35.090904],[-85.748081,35.091379],[-85.748517,35.091399],[-85.748707,35.09129]],[[-85.742885,35.09821],[-85.742808,35.097928],[-85.742795,35.097238],[-85.742712,35.097063],[-85.742432,35.09706],[-85.741858,35.096933],[-85.741536,35.09694],[-85.741164,35.097014],[-85.741006,35.096899],[-85.740906,35.096884],[-85.740838,35.096799],[-85.740659,35.096838],[-85.740636,35.097013],[-85.740707,35.097561],[-85.740754,35.097644],[-85.740762,35.098009],[-85.740888,35.098065],[-85.740991,35.098283],[-85.741303,35.098411],[-85.741488,35.098646],[-85.741693,35.098757],[-85.741843,35.098904],[-85.742415,35.099079],[-85.742668,35.099774],[-85.742836,35.099855],[-85.742926,35.09962],[-85.742944,35.099377],[-85.742885,35.09821]],[[-85.742959,35.095793],[-85.74329,35.095897],[-85.743406,35.095842],[-85.743278,35.095628],[-85.742992,35.095427],[-85.74277,35.09548],[-85.740866,35.095181],[-85.740792,35.095219],[-85.740679,35.095399],[-85.740637,35.095731],[-85.740652,35.096192],[-85.740681,35.096266],[-85.741165,35.096448],[-85.741265,35.096559],[-85.741462,35.096666],[-85.742183,35.096777],[-85.742737,35.096775],[-85.742866,35.096723],[-85.742898,35.096644],[-85.742882,35.095952],[-85.742892,35.095842],[-85.742959,35.095793]],[[-85.742225,35.083414],[-85.742468,35.083422],[-85.742508,35.083508],[-85.742583,35.083529],[-85.742888,35.083486],[-85.74329,35.083306],[-85.743937,35.082879],[-85.744118,35.081923],[-85.744076,35.081629],[-85.744144,35.08128],[-85.744096,35.081192],[-85.744066,35.080823],[-85.743742,35.080723],[-85.743669,35.080308],[-85.742272,35.080205],[-85.742171,35.080274],[-85.742125,35.08041],[-85.741995,35.080563],[-85.741805,35.081353],[-85.741832,35.081446],[-85.741944,35.081508],[-85.741949,35.081585],[-85.741848,35.081712],[-85.741831,35.08197],[-85.741665,35.081927],[-85.741624,35.081968],[-85.741537,35.082338],[-85.741614,35.082555],[-85.741715,35.082608],[-85.741966,35.082623],[-85.742083,35.082574],[-85.742093,35.082526],[-85.74206,35.082463],[-85.74189,35.082416],[-85.741906,35.082339],[-85.742186,35.08231],[-85.742298,35.082222],[-85.742441,35.082297],[-85.742443,35.082416],[-85.742216,35.082882],[-85.741994,35.083131],[-85.741838,35.083183],[-85.741794,35.083307],[-85.741657,35.083372],[-85.741675,35.083457],[-85.741841,35.083551],[-85.741944,35.083529],[-85.742007,35.083437],[-85.742225,35.083414]],[[-85.744577,35.108486],[-85.744517,35.108351],[-85.744169,35.108039],[-85.74388,35.107609],[-85.743603,35.107529],[-85.743549,35.107387],[-85.743439,35.107326],[-85.743399,35.107076],[-85.743335,35.10705],[-85.743283,35.106882],[-85.743132,35.106742],[-85.743035,35.106537],[-85.742824,35.106377],[-85.742782,35.10627],[-85.74232,35.105792],[-85.742244,35.10564],[-85.741989,35.105577],[-85.741843,35.105397],[-85.741613,35.10541],[-85.74155,35.105587],[-85.74166,35.105794],[-85.741875,35.106049],[-85.742075,35.106111],[-85.742144,35.106271],[-85.742267,35.106323],[-85.742319,35.106579],[-85.74305,35.107409],[-85.743459,35.107947],[-85.74362,35.10808],[-85.743772,35.108127],[-85.743843,35.108252],[-85.743926,35.108294],[-85.744001,35.108555],[-85.744126,35.108717],[-85.744247,35.108761],[-85.744363,35.108744],[-85.744541,35.10863],[-85.744577,35.108486]],[[-85.742445,35.094698],[-85.742524,35.094625],[-85.742542,35.094487],[-85.742529,35.09424],[-85.74246,35.09407],[-85.742264,35.094046],[-85.74199,35.094121],[-85.741766,35.094276],[-85.741662,35.094724],[-85.741706,35.094907],[-85.741854,35.095055],[-85.741954,35.095072],[-85.742144,35.094992],[-85.742445,35.094698]],[[-85.744229,35.079658],[-85.744196,35.079462],[-85.744064,35.079349],[-85.743789,35.079323],[-85.743147,35.079369],[-85.742645,35.079609],[-85.742316,35.079684],[-85.742212,35.07991],[-85.742274,35.079983],[-85.742372,35.080002],[-85.744088,35.080134],[-85.744215,35.080048],[-85.744229,35.079658]],[[-85.744606,35.092735],[-85.744997,35.092517],[-85.745477,35.092387],[-85.745906,35.09215],[-85.746318,35.092049],[-85.74669,35.091769],[-85.746861,35.091511],[-85.746373,35.09141],[-85.743827,35.091158],[-85.743294,35.091132],[-85.743042,35.091213],[-85.742991,35.091299],[-85.742967,35.091608],[-85.742888,35.091874],[-85.742896,35.092139],[-85.742969,35.09231],[-85.743161,35.092465],[-85.743527,35.092941],[-85.743861,35.093147],[-85.74398,35.093169],[-85.744125,35.093114],[-85.744397,35.092836],[-85.744606,35.092735]],[[-85.743947,35.094497],[-85.744168,35.094418],[-85.744468,35.0941],[-85.744631,35.09388],[-85.744624,35.093728],[-85.743926,35.09367],[-85.743738,35.093626],[-85.743649,35.093499],[-85.7434,35.093489],[-85.743111,35.093872],[-85.743056,35.094214],[-85.74309,35.094373],[-85.743339,35.094597],[-85.74345,35.094626],[-85.743666,35.09462],[-85.743947,35.094497]],[[-85.744875,35.076374],[-85.745015,35.076036],[-85.745064,35.075698],[-85.745198,35.075548],[-85.745312,35.075303],[-85.745784,35.074878],[-85.745888,35.074686],[-85.745673,35.074375],[-85.745168,35.073372],[-85.744929,35.073279],[-85.744422,35.073252],[-85.744236,35.073332],[-85.744053,35.073817],[-85.743926,35.073902],[-85.743847,35.074113],[-85.743619,35.074419],[-85.74359,35.074624],[-85.743642,35.074756],[-85.743802,35.074886],[-85.743887,35.075129],[-85.744262,35.075222],[-85.744335,35.075301],[-85.744302,35.07555],[-85.74415,35.075895],[-85.744119,35.076203],[-85.744306,35.076694],[-85.744491,35.076833],[-85.744672,35.076836],[-85.744875,35.076374]],[[-85.74633,35.112056],[-85.746387,35.111979],[-85.746355,35.111873],[-85.74582,35.111205],[-85.745476,35.110933],[-85.745109,35.110803],[-85.745085,35.110725],[-85.745155,35.110534],[-85.745083,35.110336],[-85.744643,35.109886],[-85.744483,35.109879],[-85.744398,35.110247],[-85.744095,35.110619],[-85.743956,35.110973],[-85.744265,35.111786],[-85.744466,35.111929],[-85.744879,35.111978],[-85.745318,35.112137],[-85.74633,35.112056]],[[-85.745436,35.107478],[-85.745488,35.107365],[-85.74547,35.107254],[-85.745371,35.107067],[-85.745063,35.106711],[-85.745238,35.106185],[-85.745208,35.106075],[-85.745075,35.106048],[-85.744923,35.106256],[-85.744609,35.106286],[-85.744533,35.106355],[-85.744428,35.106865],[-85.744282,35.107275],[-85.744285,35.107486],[-85.744457,35.107602],[-85.745006,35.107636],[-85.745185,35.107623],[-85.745436,35.107478]],[[-85.748182,35.112773],[-85.747848,35.112377],[-85.747639,35.112321],[-85.747576,35.112182],[-85.747455,35.112087],[-85.747412,35.111849],[-85.747117,35.111569],[-85.746951,35.11132],[-85.746773,35.111264],[-85.746673,35.111107],[-85.746581,35.111069],[-85.74654,35.110749],[-85.746744,35.110716],[-85.746793,35.110631],[-85.746564,35.110357],[-85.74647,35.110134],[-85.746295,35.110088],[-85.746181,35.110154],[-85.746283,35.110401],[-85.746402,35.110486],[-85.746393,35.110552],[-85.746105,35.110446],[-85.746025,35.110289],[-85.745908,35.110251],[-85.745866,35.11004],[-85.745707,35.109809],[-85.745393,35.109455],[-85.745249,35.109376],[-85.745098,35.10907],[-85.744871,35.109042],[-85.744792,35.109186],[-85.744784,35.109313],[-85.744876,35.109625],[-85.745018,35.109761],[-85.745197,35.109819],[-85.745253,35.10995],[-85.745365,35.110008],[-85.745421,35.110242],[-85.746135,35.111119],[-85.746319,35.111169],[-85.746505,35.111364],[-85.746573,35.111615],[-85.746716,35.111825],[-85.747134,35.11224],[-85.747281,35.112478],[-85.747659,35.112766],[-85.747703,35.112928],[-85.74783,35.112995],[-85.747931,35.113125],[-85.747981,35.113349],[-85.748205,35.113437],[-85.748572,35.113455],[-85.748618,35.1134],[-85.748585,35.113292],[-85.748182,35.112773]],[[-85.750249,35.111918],[-85.75065,35.111578],[-85.751338,35.111372],[-85.751818,35.111145],[-85.75217,35.110907],[-85.752418,35.110597],[-85.752417,35.110381],[-85.752279,35.110145],[-85.75211,35.109993],[-85.751708,35.109864],[-85.751521,35.109737],[-85.751456,35.109601],[-85.751386,35.109082],[-85.751116,35.108931],[-85.750821,35.108657],[-85.750633,35.10865],[-85.750537,35.108771],[-85.750442,35.10903],[-85.749769,35.110134],[-85.749776,35.110256],[-85.750098,35.110572],[-85.750114,35.110734],[-85.749988,35.111053],[-85.749788,35.111136],[-85.749386,35.110948],[-85.74933,35.110853],[-85.749368,35.11046],[-85.74958,35.110152],[-85.749639,35.109983],[-85.749761,35.109856],[-85.749974,35.109327],[-85.749887,35.109053],[-85.749858,35.108634],[-85.749796,35.108428],[-85.749683,35.10826],[-85.749404,35.108046],[-85.749161,35.107946],[-85.749047,35.107981],[-85.748671,35.108554],[-85.748545,35.108613],[-85.748424,35.108278],[-85.747996,35.108098],[-85.747886,35.107886],[-85.747645,35.107721],[-85.74752,35.107496],[-85.747273,35.107467],[-85.747069,35.107589],[-85.746932,35.107536],[-85.746793,35.107396],[-85.746596,35.107387],[-85.746463,35.107416],[-85.74636,35.107616],[-85.746081,35.109165],[-85.74603,35.109061],[-85.746143,35.108029],[-85.746114,35.107804],[-85.745992,35.107826],[-85.745824,35.107958],[-85.745312,35.108511],[-85.745266,35.108718],[-85.745481,35.109084],[-85.745817,35.109411],[-85.745957,35.109433],[-85.746008,35.109349],[-85.74606,35.109356],[-85.746098,35.109542],[-85.746324,35.109862],[-85.74672,35.110024],[-85.746973,35.109941],[-85.747026,35.110131],[-85.747084,35.110163],[-85.747666,35.110212],[-85.747873,35.110132],[-85.747892,35.110287],[-85.748026,35.110407],[-85.748674,35.110651],[-85.748687,35.110763],[-85.748569,35.11104],[-85.748235,35.111469],[-85.748161,35.111683],[-85.7482,35.111813],[-85.748596,35.112206],[-85.748808,35.112319],[-85.749193,35.112393],[-85.749353,35.112502],[-85.749725,35.112509],[-85.750067,35.112284],[-85.750249,35.111918]],[[-85.751482,35.113854],[-85.751657,35.113912],[-85.751974,35.113868],[-85.752169,35.113794],[-85.752496,35.113574],[-85.752607,35.113336],[-85.752744,35.112812],[-85.752741,35.1125],[-85.752683,35.112382],[-85.752443,35.11236],[-85.751633,35.112619],[-85.750475,35.112444],[-85.750068,35.112679],[-85.749872,35.113174],[-85.749864,35.113261],[-85.749938,35.113367],[-85.750421,35.11375],[-85.750897,35.113982],[-85.751153,35.114012],[-85.751308,35.113893],[-85.751482,35.113854]],[[-85.755376,35.114703],[-85.755507,35.114273],[-85.755842,35.112489],[-85.755809,35.112179],[-85.755735,35.112102],[-85.754733,35.111923],[-85.754549,35.111844],[-85.754283,35.111517],[-85.753913,35.110937],[-85.753703,35.110728],[-85.753394,35.110536],[-85.753148,35.110425],[-85.752908,35.110443],[-85.752629,35.110968],[-85.752177,35.111348],[-85.751528,35.111652],[-85.750867,35.111804],[-85.750784,35.111895],[-85.75079,35.112149],[-85.75136,35.112317],[-85.751785,35.112314],[-85.752596,35.111995],[-85.752914,35.112092],[-85.75306,35.112251],[-85.753191,35.112568],[-85.753198,35.112734],[-85.752865,35.113789],[-85.75273,35.114004],[-85.752264,35.114142],[-85.752214,35.114213],[-85.752042,35.114295],[-85.752022,35.11438],[-85.752077,35.114468],[-85.753011,35.114825],[-85.75376,35.11503],[-85.753899,35.114838],[-85.754108,35.113903],[-85.754235,35.113827],[-85.754303,35.113879],[-85.754353,35.114022],[-85.754174,35.11486],[-85.754174,35.11505],[-85.754222,35.115125],[-85.754612,35.115307],[-85.755157,35.115396],[-85.755245,35.11532],[-85.755314,35.114818],[-85.755376,35.114703]],[[-85.756046,35.111304],[-85.755961,35.111133],[-85.75533,35.110995],[-85.75528,35.110814],[-85.755354,35.110712],[-85.755343,35.1106],[-85.755118,35.110551],[-85.754993,35.110468],[-85.75408,35.11041],[-85.753993,35.110448],[-85.753904,35.110606],[-85.753917,35.1108],[-85.754019,35.110964],[-85.754438,35.111363],[-85.754615,35.111676],[-85.754766,35.111751],[-85.755408,35.111895],[-85.755831,35.111907],[-85.755961,35.11181],[-85.756049,35.111526],[-85.756046,35.111304]],[[-85.757147,35.115807],[-85.757449,35.115673],[-85.75766,35.11549],[-85.758464,35.115011],[-85.758568,35.114908],[-85.759119,35.114669],[-85.759349,35.114486],[-85.759647,35.114362],[-85.759992,35.114365],[-85.760963,35.114032],[-85.761426,35.113975],[-85.761887,35.113812],[-85.762827,35.113825],[-85.763487,35.113947],[-85.764431,35.114027],[-85.765262,35.113877],[-85.765356,35.113902],[-85.765454,35.114011],[-85.765706,35.114016],[-85.765825,35.114078],[-85.766635,35.114238],[-85.76717,35.114305],[-85.767439,35.114414],[-85.768035,35.114535],[-85.768797,35.114629],[-85.769213,35.114654],[-85.769287,35.114592],[-85.769304,35.114448],[-85.769212,35.114293],[-85.768657,35.114168],[-85.76823,35.114153],[-85.767946,35.114214],[-85.767561,35.114064],[-85.767122,35.114034],[-85.766639,35.113796],[-85.765957,35.113552],[-85.765773,35.11341],[-85.765424,35.113258],[-85.764719,35.113206],[-85.762789,35.113248],[-85.761756,35.113345],[-85.761419,35.113425],[-85.761119,35.113562],[-85.760962,35.113571],[-85.760241,35.113315],[-85.757893,35.112654],[-85.756687,35.112333],[-85.756268,35.112293],[-85.756179,35.112318],[-85.756084,35.112428],[-85.755999,35.112845],[-85.755909,35.113038],[-85.755729,35.113969],[-85.75563,35.11423],[-85.755614,35.114533],[-85.755428,35.115285],[-85.755426,35.115456],[-85.755584,35.115556],[-85.7567,35.115897],[-85.757027,35.115926],[-85.757147,35.115807]],[[-85.760526,35.111169],[-85.760691,35.111243],[-85.761022,35.111284],[-85.761253,35.111208],[-85.761305,35.11109],[-85.761316,35.11049],[-85.761364,35.110382],[-85.761454,35.110448],[-85.761497,35.1107],[-85.761724,35.110773],[-85.761505,35.110861],[-85.761497,35.110991],[-85.761778,35.111089],[-85.761818,35.111275],[-85.761955,35.111298],[-85.762006,35.111182],[-85.762183,35.111105],[-85.762228,35.11101],[-85.762188,35.110841],[-85.761948,35.11077],[-85.762246,35.110708],[-85.762307,35.110516],[-85.762589,35.110422],[-85.76264,35.110364],[-85.762629,35.110269],[-85.762478,35.110195],[-85.762321,35.110031],[-85.762099,35.109936],[-85.761599,35.109907],[-85.760992,35.10994],[-85.760526,35.110034],[-85.760203,35.110523],[-85.759865,35.110466],[-85.759897,35.110304],[-85.759678,35.110245],[-85.75933,35.11027],[-85.759179,35.110358],[-85.759052,35.110288],[-85.758627,35.11025],[-85.758408,35.110282],[-85.757882,35.110244],[-85.757552,35.110319],[-85.756953,35.110321],[-85.756799,35.110353],[-85.756506,35.110671],[-85.756409,35.110845],[-85.75647,35.110947],[-85.756685,35.11101],[-85.756843,35.111316],[-85.756986,35.111384],[-85.757171,35.111366],[-85.757406,35.111272],[-85.758133,35.111246],[-85.758249,35.111189],[-85.758306,35.111099],[-85.758314,35.110881],[-85.758376,35.110785],[-85.758513,35.110817],[-85.758658,35.110983],[-85.758782,35.111043],[-85.758866,35.111197],[-85.759347,35.111213],[-85.759556,35.111137],[-85.759667,35.111358],[-85.759821,35.11142],[-85.760107,35.1114],[-85.760268,35.111236],[-85.760526,35.111169]],[[-85.76007,35.112098],[-85.760051,35.112025],[-85.759947,35.111957],[-85.758716,35.111898],[-85.757974,35.111905],[-85.757776,35.112002],[-85.75782,35.112186],[-85.758042,35.112346],[-85.758216,35.112371],[-85.759732,35.112921],[-85.759865,35.112837],[-85.760048,35.112345],[-85.76007,35.112098]],[[-85.759191,35.117139],[-85.759,35.117085],[-85.758935,35.116826],[-85.758871,35.116756],[-85.758643,35.116822],[-85.758647,35.116583],[-85.758881,35.116443],[-85.758885,35.116243],[-85.758805,35.11614],[-85.758449,35.116165],[-85.758296,35.116316],[-85.758136,35.116245],[-85.757974,35.11629],[-85.75793,35.116429],[-85.757951,35.116522],[-85.758188,35.116641],[-85.758292,35.116768],[-85.758558,35.116869],[-85.758656,35.117093],[-85.758974,35.117225],[-85.759055,35.117433],[-85.75918,35.117452],[-85.759287,35.117396],[-85.759191,35.117139]],[[-85.76186,35.112932],[-85.762304,35.111881],[-85.762335,35.111693],[-85.76228,35.111618],[-85.762084,35.111615],[-85.761619,35.111763],[-85.761349,35.111764],[-85.760988,35.111853],[-85.760355,35.111833],[-85.76026,35.111875],[-85.760097,35.112811],[-85.760138,35.11302],[-85.761019,35.113267],[-85.761203,35.113234],[-85.76186,35.112932]],[[-85.769681,35.113686],[-85.769546,35.113514],[-85.769249,35.113361],[-85.769096,35.113339],[-85.769007,35.113199],[-85.76884,35.113162],[-85.768814,35.113093],[-85.768461,35.112858],[-85.768286,35.112616],[-85.768147,35.112552],[-85.76765,35.112488],[-85.767568,35.112352],[-85.767416,35.112298],[-85.766993,35.111924],[-85.766859,35.111575],[-85.766774,35.111494],[-85.766642,35.111516],[-85.766584,35.111595],[-85.766371,35.111681],[-85.766191,35.111885],[-85.766173,35.11203],[-85.766303,35.112203],[-85.766113,35.112727],[-85.765976,35.112792],[-85.765797,35.112623],[-85.765615,35.112592],[-85.765536,35.112444],[-85.765703,35.11209],[-85.765701,35.111938],[-85.76564,35.111834],[-85.765447,35.111774],[-85.765423,35.111685],[-85.765508,35.111597],[-85.76563,35.111588],[-85.765697,35.111641],[-85.765783,35.111842],[-85.765881,35.111865],[-85.765969,35.111814],[-85.76605,35.111597],[-85.766085,35.111187],[-85.766079,35.111082],[-85.765978,35.111015],[-85.76596,35.110933],[-85.766075,35.110828],[-85.766114,35.110599],[-85.766243,35.110333],[-85.766207,35.110192],[-85.765938,35.110118],[-85.765859,35.109968],[-85.765781,35.109931],[-85.765406,35.109985],[-85.765115,35.110116],[-85.76495,35.110264],[-85.764976,35.110383],[-85.765087,35.110504],[-85.765106,35.11063],[-85.765457,35.11076],[-85.765456,35.11083],[-85.765401,35.110848],[-85.76481,35.110808],[-85.763809,35.110608],[-85.763446,35.11063],[-85.763152,35.110958],[-85.762934,35.111067],[-85.762826,35.111197],[-85.762678,35.111514],[-85.762654,35.111671],[-85.762553,35.111824],[-85.762453,35.112236],[-85.762228,35.112812],[-85.762223,35.112888],[-85.762281,35.112944],[-85.762585,35.112995],[-85.763406,35.113003],[-85.763565,35.112891],[-85.763813,35.112963],[-85.765109,35.112908],[-85.765401,35.113033],[-85.765852,35.113096],[-85.766262,35.113379],[-85.766755,35.113592],[-85.767145,35.113706],[-85.767724,35.11377],[-85.76789,35.113855],[-85.768551,35.113857],[-85.768893,35.113935],[-85.769324,35.11395],[-85.769606,35.113858],[-85.769681,35.113686]],[[-85.776794,35.075138],[-85.776963,35.07488],[-85.777061,35.074818],[-85.777091,35.07461],[-85.777073,35.074538],[-85.776937,35.074465],[-85.776735,35.074424],[-85.77671,35.074337],[-85.776812,35.074306],[-85.777377,35.074454],[-85.777608,35.074417],[-85.777764,35.074048],[-85.777854,35.073286],[-85.777917,35.07314],[-85.777565,35.072898],[-85.776821,35.072543],[-85.776425,35.072426],[-85.776297,35.072569],[-85.776199,35.072876],[-85.776278,35.073177],[-85.776192,35.073297],[-85.776228,35.073466],[-85.776192,35.074005],[-85.776224,35.074108],[-85.776461,35.074183],[-85.776529,35.074266],[-85.776416,35.074314],[-85.776182,35.074274],[-85.776133,35.074326],[-85.776065,35.074577],[-85.776025,35.075161],[-85.776192,35.075261],[-85.776578,35.075342],[-85.77666,35.075312],[-85.776794,35.075138]],[[-85.781035,35.070393],[-85.780998,35.070315],[-85.780767,35.070256],[-85.780749,35.069926],[-85.780624,35.069821],[-85.780568,35.069635],[-85.780421,35.069636],[-85.780275,35.070036],[-85.780101,35.070146],[-85.780123,35.070351],[-85.780266,35.070454],[-85.780381,35.070454],[-85.780448,35.070395],[-85.780573,35.070407],[-85.780537,35.070642],[-85.780714,35.070764],[-85.780794,35.070754],[-85.780843,35.070618],[-85.780995,35.07054],[-85.781035,35.070393]]]}},{"type":"Feature","properties":{"id":8,"kind":"landcover","class":"vegetation"},"geometry":{"type":"Polygon","coordinates":[[[-85.782789,35.09272],[-85.782787,35.092759],[-85.782777,35.092805],[-85.782783,35.092712],[-85.782789,35.09272]]]}},{"type":"Feature","properties":{"id":9,"kind":"landcover","class":"vegetation"},"geometry":{"type":"Polygon","coordinates":[[[-85.782774,35.094621],[-85.782734,35.094484],[-85.78283,35.094436],[-85.782852,35.0943],[-85.782815,35.094132],[-85.782729,35.094083],[-85.782719,35.093928],[-85.782754,35.093843],[-85.782849,35.093806],[-85.782935,35.093517],[-85.782913,35.094533],[-85.78286,35.094688],[-85.782774,35.094621]]]}},{"type":"Feature","properties":{"id":10,"kind":"landcover","class":"vegetation"},"geometry":{"type":"Polygon","coordinates":[[[-85.782464,35.096843],[-85.782526,35.096862],[-85.782498,35.096985],[-85.782451,35.096956],[-85.782464,35.096843]]]}},{"type":"Feature","properties":{"id":11,"kind":"landcover","class":"vegetation"},"geometry":{"type":"Polygon","coordinates":[[[-85.782342,35.097322],[-85.782393,35.097286],[-85.782419,35.097323],[-85.782384,35.097479],[-85.782331,35.097442],[-85.782342,35.097322]]]}},{"type":"Feature","properties":{"id":12,"kind":"landcover","class":"vegetation"},"geometry":{"type":"Polygon","coordinates":[[[-85.781778,35.098151],[-85.781853,35.098162],[-85.781852,35.098214],[-85.781765,35.098213],[-85.781778,35.098151]]]}},{"type":"Feature","properties":{"id":13,"kind":"landcover","class":"vegetation"},"geometry":{"type":"Polygon","coordinates":[[[-85.769358,35.067424],[-85.769355,35.067164],[-85.769628,35.067164],[-85.769642,35.067419],[-85.769586,35.06761],[-85.769532,35.067644],[-85.769408,35.067597],[-85.769358,35.067424]]]}},{"type":"Feature","properties":{"id":14,"kind":"landcover","class":"vegetation"},"geometry":{"type":"Polygon","coordinates":[[[-85.770169,35.067749],[-85.769956,35.06771],[-85.769952,35.067617],[-85.770153,35.067164],[-85.770358,35.067164],[-85.770223,35.067684],[-85.770169,35.067749]]]}},{"type":"Feature","properties":{"id":15,"kind":"landcover","class":"vegetation"},"geometry":{"type":"Polygon","coordinates":[[[-85.770258,35.067767],[-85.770333,35.067787],[-85.770332,35.06784],[-85.770256,35.067848],[-85.770258,35.067767]]]}},{"type":"Feature","properties":{"id":16,"kind":"landcover","class":"vegetation"},"geometry":{"type":"Polygon","coordinates":[[[-85.775098,35.068322],[-85.77517,35.068335],[-85.775147,35.068407],[-85.775084,35.068394],[-85.775098,35.068322]]]}},{"type":"Feature","properties":{"id":17,"kind":"landcover","class":"vegetation"},"geometry":{"type":"Polygon","coordinates":[[[-85.775279,35.068959],[-85.775379,35.068965],[-85.775404,35.069017],[-85.775295,35.06904],[-85.775279,35.068959]]]}},{"type":"Feature","properties":{"id":18,"kind":"landcover","class":"vegetation"},"geometry":{"type":"Polygon","coordinates":[[[-85.776483,35.070448],[-85.776535,35.070448],[-85.776539,35.070521],[-85.776464,35.070667],[-85.776483,35.070448]]]}},{"type":"Feature","properties":{"id":19,"kind":"landcover","class":"vegetation"},"geometry":{"type":"Polygon","coordinates":[[[-85.77643,35.070769],[-85.776492,35.070781],[-85.776481,35.070853],[-85.776418,35.070841],[-85.77643,35.070769]]]}},{"type":"Feature","properties":{"id":20,"kind":"landcover","class":"vegetation"},"geometry":{"type":"Polygon","coordinates":[[[-85.774801,35.07218],[-85.774884,35.072169],[-85.774911,35.072241],[-85.774837,35.072253],[-85.774801,35.07218]]]}},{"type":"Feature","properties":{"id":21,"kind":"landcover","class":"vegetation"},"geometry":{"type":"Polygon","coordinates":[[[-85.776468,35.074818],[-85.776596,35.074799],[-85.776614,35.074933],[-85.776509,35.074936],[-85.776468,35.074818]]]}},{"type":"Feature","properties":{"id":22,"kind":"landcover","class":"vegetation"},"geometry":{"type":"Polygon","coordinates":[[[-85.763556,35.07866],[-85.763681,35.078648],[-85.763781,35.078685],[-85.763739,35.078739],[-85.763609,35.078764],[-85.763532,35.078853],[-85.763502,35.078723],[-85.763556,35.07866]]]}},{"type":"Feature","properties":{"id":23,"kind":"landcover","class":"vegetation"},"geometry":{"type":"Polygon","coordinates":[[[-85.764561,35.079224],[-85.764553,35.079296],[-85.764548,35.079317],[-85.764555,35.079193],[-85.764561,35.079224]]]}},{"type":"Feature","properties":{"id":24,"kind":"landcover","class":"vegetation"},"geometry":{"type":"Polygon","coordinates":[[[-85.768363,35.079227],[-85.768376,35.079313],[-85.768355,35.079369],[-85.768349,35.079312],[-85.768363,35.079227]]]}},{"type":"Feature","properties":{"id":25,"kind":"landcover","class":"vegetation"},"geometry":{"type":"Polygon","coordinates":[[[-85.763326,35.079263],[-85.763393,35.079271],[-85.763416,35.079326],[-85.763412,35.079398],[-85.763362,35.079428],[-85.763278,35.079394],[-85.763326,35.079263]]]}},{"type":"Feature","properties":{"id":26,"kind":"landcover","class":"vegetation"},"geometry":{"type":"Polygon","coordinates":[[[-85.763492,35.079772],[-85.763554,35.079765],[-85.763564,35.079816],[-85.763501,35.079824],[-85.763492,35.079772]]]}},{"type":"Feature","properties":{"id":27,"kind":"landcover","class":"vegetation"},"geometry":{"type":"Polygon","coordinates":[[[-85.763799,35.079985],[-85.763718,35.079925],[-85.763903,35.079932],[-85.763869,35.080066],[-85.763799,35.079985]]]}},{"type":"Feature","properties":{"id":28,"kind":"landcover","class":"vegetation"},"geometry":{"type":"Polygon","coordinates":[[[-85.763997,35.080263],[-85.764098,35.080256],[-85.764109,35.080316],[-85.764013,35.08035],[-85.763997,35.080263]]]}},{"type":"Feature","properties":{"id":29,"kind":"landcover","class":"vegetation"},"geometry":{"type":"Polygon","coordinates":[[[-85.763515,35.08032],[-85.763674,35.080286],[-85.763724,35.080449],[-85.763662,35.08049],[-85.763565,35.080476],[-85.763515,35.08032]]]}},{"type":"Feature","properties":{"id":30,"kind":"landcover","class":"vegetation"},"geometry":{"type":"Polygon","coordinates":[[[-85.763178,35.080465],[-85.763261,35.080482],[-85.763196,35.080581],[-85.763137,35.080558],[-85.763178,35.080465]]]}},{"type":"Feature","properties":{"id":31,"kind":"landcover","class":"vegetation"},"geometry":{"type":"Polygon","coordinates":[[[-85.762852,35.080814],[-85.762955,35.080776],[-85.763008,35.080567],[-85.763071,35.080567],[-85.763083,35.080743],[-85.763007,35.080909],[-85.762879,35.080928],[-85.76283,35.080858],[-85.762852,35.080814]]]}},{"type":"Feature","properties":{"id":32,"kind":"landcover","class":"vegetation"},"geometry":{"type":"Polygon","coordinates":[[[-85.763343,35.080784],[-85.763472,35.080725],[-85.763723,35.080736],[-85.763511,35.080842],[-85.763363,35.081009],[-85.763311,35.080957],[-85.763343,35.080784]]]}},{"type":"Feature","properties":{"id":33,"kind":"landcover","class":"vegetation"},"geometry":{"type":"Polygon","coordinates":[[[-85.763077,35.080985],[-85.763159,35.080986],[-85.763176,35.081058],[-85.763082,35.081057],[-85.763077,35.080985]]]}},{"type":"Feature","properties":{"id":34,"kind":"landcover","class":"vegetation"},"geometry":{"type":"Polygon","coordinates":[[[-85.765792,35.081144],[-85.76594,35.081118],[-85.765957,35.081283],[-85.765785,35.081309],[-85.765757,35.08124],[-85.765792,35.081144]]]}},{"type":"Feature","properties":{"id":35,"kind":"landcover","class":"vegetation"},"geometry":{"type":"Polygon","coordinates":[[[-85.766346,35.083675],[-85.766332,35.083729],[-85.766322,35.083744],[-85.766334,35.083652],[-85.766346,35.083675]]]}},{"type":"Feature","properties":{"id":36,"kind":"landcover","class":"vegetation"},"geometry":{"type":"Polygon","coordinates":[[[-85.766644,35.083759],[-85.766779,35.083843],[-85.766786,35.083869],[-85.766664,35.083879],[-85.766644,35.083759]]]}},{"type":"Feature","properties":{"id":37,"kind":"landcover","class":"vegetation"},"geometry":{"type":"Polygon","coordinates":[[[-85.762759,35.090022],[-85.762757,35.090026],[-85.762747,35.090032],[-85.762749,35.090022],[-85.762759,35.090022]]]}},{"type":"Feature","properties":{"id":38,"kind":"landcover","class":"vegetation"},"geometry":{"type":"Polygon","coordinates":[[[-85.763303,35.091636],[-85.763297,35.091644],[-85.763291,35.091646],[-85.763294,35.091636],[-85.763303,35.091636]]]}},{"type":"Feature","properties":{"id":39,"kind":"landcover","class":"vegetation"},"geometry":{"type":"Polygon","coordinates":[[[-85.759469,35.077524],[-85.759384,35.077469],[-85.759409,35.077348],[-85.759591,35.077314],[-85.759704,35.077356],[-85.759624,35.077438],[-85.759568,35.077644],[-85.759508,35.07762],[-85.759469,35.077524]]]}},{"type":"Feature","properties":{"id":40,"kind":"landcover","class":"vegetation"},"geometry":{"type":"Polygon","coordinates":[[[-85.762267,35.078002],[-85.762404,35.078038],[-85.762361,35.078132],[-85.762283,35.07811],[-85.762267,35.078002]]]}},{"type":"Feature","properties":{"id":41,"kind":"landcover","class":"vegetation"},"geometry":{"type":"Polygon","coordinates":[[[-85.761886,35.078263],[-85.761949,35.078272],[-85.761948,35.078315],[-85.761885,35.078323],[-85.761886,35.078263]]]}},{"type":"Feature","properties":{"id":42,"kind":"landcover","class":"vegetation"},"geometry":{"type":"Polygon","coordinates":[[[-85.759692,35.079076],[-85.759775,35.079069],[-85.75979,35.079113],[-85.759688,35.079139],[-85.759692,35.079076]]]}},{"type":"Feature","properties":{"id":43,"kind":"landcover","class":"vegetation"},"geometry":{"type":"Polygon","coordinates":[[[-85.76019,35.079052],[-85.760279,35.079083],[-85.760276,35.079187],[-85.760234,35.079218],[-85.760162,35.079183],[-85.76019,35.079052]]]}},{"type":"Feature","properties":{"id":44,"kind":"landcover","class":"vegetation"},"geometry":{"type":"Polygon","coordinates":[[[-85.760101,35.07924],[-85.760195,35.079238],[-85.760206,35.079323],[-85.760074,35.07936],[-85.760101,35.07924]]]}},{"type":"Feature","properties":{"id":45,"kind":"landcover","class":"vegetation"},"geometry":{"type":"Polygon","coordinates":[[[-85.762337,35.079357],[-85.762441,35.079358],[-85.762461,35.079451],[-85.762335,35.079465],[-85.762304,35.079426],[-85.762337,35.079357]]]}},{"type":"Feature","properties":{"id":46,"kind":"landcover","class":"vegetation"},"geometry":{"type":"Polygon","coordinates":[[[-85.759913,35.07936],[-85.759975,35.079376],[-85.759948,35.079476],[-85.759901,35.079452],[-85.759913,35.07936]]]}},{"type":"Feature","properties":{"id":47,"kind":"landcover","class":"vegetation"},"geometry":{"type":"Polygon","coordinates":[[[-85.759776,35.079916],[-85.760027,35.079897],[-85.760157,35.079814],[-85.760442,35.079852],[-85.760352,35.07998],[-85.760231,35.080004],[-85.759864,35.079984],[-85.759754,35.079952],[-85.759776,35.079916]]]}},{"type":"Feature","properties":{"id":48,"kind":"landcover","class":"vegetation"},"geometry":{"type":"Polygon","coordinates":[[[-85.762412,35.08],[-85.762464,35.080001],[-85.762474,35.080052],[-85.7624,35.080052],[-85.762412,35.08]]]}},{"type":"Feature","properties":{"id":49,"kind":"landcover","class":"vegetation"},"geometry":{"type":"Polygon","coordinates":[[[-85.761591,35.079994],[-85.761494,35.07993],[-85.761604,35.079853],[-85.761944,35.079898],[-85.762022,35.079978],[-85.762,35.080074],[-85.761799,35.080147],[-85.761718,35.080291],[-85.761653,35.080231],[-85.761591,35.079994]]]}},{"type":"Feature","properties":{"id":50,"kind":"landcover","class":"vegetation"},"geometry":{"type":"Polygon","coordinates":[[[-85.759841,35.080148],[-85.759917,35.08014],[-85.759935,35.080179],[-85.759853,35.080199],[-85.759841,35.080148]]]}},{"type":"Feature","properties":{"id":51,"kind":"landcover","class":"vegetation"},"geometry":{"type":"Polygon","coordinates":[[[-85.761493,35.080363],[-85.76158,35.080374],[-85.761579,35.080426],[-85.761477,35.080425],[-85.761493,35.080363]]]}},{"type":"Feature","properties":{"id":52,"kind":"landcover","class":"vegetation"},"geometry":{"type":"Polygon","coordinates":[[[-85.761166,35.08051],[-85.761229,35.080519],[-85.761228,35.080562],[-85.761165,35.08057],[-85.761166,35.08051]]]}},{"type":"Feature","properties":{"id":53,"kind":"landcover","class":"vegetation"},"geometry":{"type":"Polygon","coordinates":[[[-85.760618,35.080551],[-85.760697,35.080536],[-85.760692,35.080644],[-85.760607,35.080628],[-85.760618,35.080551]]]}},{"type":"Feature","properties":{"id":54,"kind":"landcover","class":"vegetation"},"geometry":{"type":"Polygon","coordinates":[[[-85.761664,35.080525],[-85.76173,35.080515],[-85.761769,35.080586],[-85.761704,35.080855],[-85.761639,35.080787],[-85.761664,35.080525]]]}},{"type":"Feature","properties":{"id":55,"kind":"landcover","class":"vegetation"},"geometry":{"type":"Polygon","coordinates":[[[-85.762526,35.080771],[-85.76261,35.080772],[-85.762635,35.080811],[-85.762525,35.080831],[-85.762526,35.080771]]]}},{"type":"Feature","properties":{"id":56,"kind":"landcover","class":"vegetation"},"geometry":{"type":"Polygon","coordinates":[[[-85.760499,35.080831],[-85.760562,35.080821],[-85.760571,35.080883],[-85.760508,35.080892],[-85.760499,35.080831]]]}},{"type":"Feature","properties":{"id":57,"kind":"landcover","class":"vegetation"},"geometry":{"type":"Polygon","coordinates":[[[-85.761109,35.080882],[-85.76117,35.080895],[-85.761129,35.080973],[-85.761085,35.080954],[-85.761109,35.080882]]]}},{"type":"Feature","properties":{"id":58,"kind":"landcover","class":"vegetation"},"geometry":{"type":"Polygon","coordinates":[[[-85.761765,35.080973],[-85.76184,35.080989],[-85.761826,35.081082],[-85.761751,35.081066],[-85.761765,35.080973]]]}},{"type":"Feature","properties":{"id":59,"kind":"landcover","class":"vegetation"},"geometry":{"type":"Polygon","coordinates":[[[-85.761397,35.081197],[-85.761474,35.081188],[-85.761497,35.08125],[-85.761412,35.081259],[-85.761397,35.081197]]]}},{"type":"Feature","properties":{"id":60,"kind":"landcover","class":"vegetation"},"geometry":{"type":"Polygon","coordinates":[[[-85.762224,35.08129],[-85.761999,35.081253],[-85.761943,35.081196],[-85.762191,35.081082],[-85.7624,35.081121],[-85.762462,35.081175],[-85.762436,35.081252],[-85.762335,35.081281],[-85.762309,35.081363],[-85.762257,35.081363],[-85.762224,35.08129]]]}},{"type":"Feature","properties":{"id":61,"kind":"landcover","class":"vegetation"},"geometry":{"type":"Polygon","coordinates":[[[-85.761914,35.081351],[-85.761989,35.081343],[-85.762007,35.081382],[-85.761925,35.081403],[-85.761914,35.081351]]]}},{"type":"Feature","properties":{"id":62,"kind":"landcover","class":"vegetation"},"geometry":{"type":"Polygon","coordinates":[[[-85.760271,35.081683],[-85.760406,35.081684],[-85.760447,35.081724],[-85.76027,35.081743],[-85.760229,35.081721],[-85.760271,35.081683]]]}},{"type":"Feature","properties":{"id":63,"kind":"landcover","class":"vegetation"},"geometry":{"type":"Polygon","coordinates":[[[-85.762635,35.081997],[-85.762698,35.081997],[-85.76271,35.082059],[-85.762634,35.082069],[-85.762635,35.081997]]]}},{"type":"Feature","properties":{"id":64,"kind":"landcover","class":"vegetation"},"geometry":{"type":"Polygon","coordinates":[[[-85.760016,35.082212],[-85.760008,35.082292],[-85.759902,35.082283],[-85.759941,35.082197],[-85.760016,35.082212]]]}},{"type":"Feature","properties":{"id":65,"kind":"landcover","class":"vegetation"},"geometry":{"type":"Polygon","coordinates":[[[-85.759232,35.082765],[-85.759319,35.082791],[-85.759303,35.08293],[-85.759215,35.08289],[-85.759232,35.082765]]]}},{"type":"Feature","properties":{"id":66,"kind":"landcover","class":"vegetation"},"geometry":{"type":"Polygon","coordinates":[[[-85.760379,35.084241],[-85.760504,35.084266],[-85.760528,35.084366],[-85.760377,35.084378],[-85.76034,35.084326],[-85.760379,35.084241]]]}},{"type":"Feature","properties":{"id":67,"kind":"landcover","class":"vegetation"},"geometry":{"type":"Polygon","coordinates":[[[-85.759778,35.084486],[-85.759879,35.084484],[-85.759906,35.084578],[-85.759796,35.084573],[-85.759778,35.084486]]]}},{"type":"Feature","properties":{"id":68,"kind":"landcover","class":"vegetation"},"geometry":{"type":"Polygon","coordinates":[[[-85.760125,35.084712],[-85.760018,35.084627],[-85.760249,35.084602],[-85.760338,35.084736],[-85.760464,35.084734],[-85.76061,35.084445],[-85.760701,35.084537],[-85.761139,35.084614],[-85.761066,35.08469],[-85.760629,35.084728],[-85.760489,35.084863],[-85.76027,35.084907],[-85.760176,35.084896],[-85.760125,35.084712]]]}},{"type":"Feature","properties":{"id":69,"kind":"landcover","class":"vegetation"},"geometry":{"type":"Polygon","coordinates":[[[-85.761962,35.085327],[-85.761693,35.085053],[-85.761699,35.084862],[-85.761831,35.084775],[-85.76201,35.084806],[-85.762132,35.085005],[-85.76223,35.085063],[-85.762482,35.085391],[-85.762418,35.085452],[-85.76213,35.085447],[-85.762005,35.085417],[-85.761962,35.085327]]]}},{"type":"Feature","properties":{"id":70,"kind":"landcover","class":"vegetation"},"geometry":{"type":"Polygon","coordinates":[[[-85.762645,35.08568],[-85.762693,35.085829],[-85.762558,35.085852],[-85.762561,35.085701],[-85.762645,35.08568]]]}},{"type":"Feature","properties":{"id":71,"kind":"landcover","class":"vegetation"},"geometry":{"type":"Polygon","coordinates":[[[-85.762675,35.089212],[-85.7626,35.089219],[-85.762574,35.089217],[-85.7626,35.08921],[-85.762675,35.089212]]]}},{"type":"Feature","properties":{"id":72,"kind":"landcover","class":"vegetation"},"geometry":{"type":"Polygon","coordinates":[[[-85.762309,35.089536],[-85.762397,35.089518],[-85.762419,35.089569],[-85.762323,35.089599],[-85.762309,35.089536]]]}},{"type":"Feature","properties":{"id":73,"kind":"landcover","class":"vegetation"},"geometry":{"type":"Polygon","coordinates":[[[-85.762631,35.089873],[-85.762556,35.089888],[-85.762531,35.08988],[-85.762556,35.089859],[-85.762631,35.089873]]]}},{"type":"Feature","properties":{"id":74,"kind":"landcover","class":"vegetation"},"geometry":{"type":"Polygon","coordinates":[[[-85.762099,35.091114],[-85.762162,35.091106],[-85.762172,35.091157],[-85.762109,35.091165],[-85.762099,35.091114]]]}},{"type":"Feature","properties":{"id":75,"kind":"landcover","class":"vegetation"},"geometry":{"type":"Polygon","coordinates":[[[-85.761834,35.09164],[-85.761897,35.091653],[-85.761885,35.091725],[-85.761823,35.091712],[-85.761834,35.09164]]]}},{"type":"Feature","properties":{"id":76,"kind":"landcover","class":"vegetation"},"geometry":{"type":"Polygon","coordinates":[[[-85.759811,35.110811],[-85.759884,35.110811],[-85.759897,35.110884],[-85.759809,35.110895],[-85.759811,35.110811]]]}},{"type":"Feature","properties":{"id":77,"kind":"landcover","class":"vegetation"},"geometry":{"type":"Polygon","coordinates":[[[-85.759393,35.110867],[-85.759468,35.11085],[-85.75948,35.11091],[-85.759404,35.11092],[-85.759393,35.110867]]]}},{"type":"Feature","properties":{"id":78,"kind":"landcover","class":"vegetation"},"geometry":{"type":"Polygon","coordinates":[[[-85.758485,35.076534],[-85.758569,35.076516],[-85.758584,35.076648],[-85.758483,35.076647],[-85.758485,35.076534]]]}},{"type":"Feature","properties":{"id":79,"kind":"landcover","class":"vegetation"},"geometry":{"type":"Polygon","coordinates":[[[-85.758728,35.076693],[-85.758872,35.076696],[-85.758906,35.076766],[-85.758735,35.076792],[-85.758689,35.076727],[-85.758728,35.076693]]]}},{"type":"Feature","properties":{"id":80,"kind":"landcover","class":"vegetation"},"geometry":{"type":"Polygon","coordinates":[[[-85.759122,35.077465],[-85.759185,35.077474],[-85.759184,35.077517],[-85.759121,35.077525],[-85.759122,35.077465]]]}},{"type":"Feature","properties":{"id":81,"kind":"landcover","class":"vegetation"},"geometry":{"type":"Polygon","coordinates":[[[-85.758232,35.078507],[-85.758361,35.078531],[-85.758328,35.078665],[-85.758175,35.078641],[-85.758232,35.078507]]]}},{"type":"Feature","properties":{"id":82,"kind":"landcover","class":"vegetation"},"geometry":{"type":"Polygon","coordinates":[[[-85.757572,35.07936],[-85.757624,35.07936],[-85.757633,35.079412],[-85.75756,35.079411],[-85.757572,35.07936]]]}},{"type":"Feature","properties":{"id":83,"kind":"landcover","class":"vegetation"},"geometry":{"type":"Polygon","coordinates":[[[-85.758541,35.07936],[-85.758604,35.079378],[-85.758576,35.079489],[-85.758529,35.079463],[-85.758541,35.07936]]]}},{"type":"Feature","properties":{"id":84,"kind":"landcover","class":"vegetation"},"geometry":{"type":"Polygon","coordinates":[[[-85.758934,35.079451],[-85.759035,35.079443],[-85.759059,35.079482],[-85.75895,35.079503],[-85.758934,35.079451]]]}},{"type":"Feature","properties":{"id":85,"kind":"landcover","class":"vegetation"},"geometry":{"type":"Polygon","coordinates":[[[-85.758036,35.079894],[-85.758122,35.079801],[-85.758351,35.079847],[-85.758416,35.079713],[-85.758639,35.079654],[-85.758687,35.079592],[-85.758812,35.079632],[-85.758821,35.079734],[-85.758757,35.079814],[-85.758505,35.079878],[-85.758439,35.079962],[-85.758293,35.079975],[-85.758207,35.080078],[-85.758071,35.080054],[-85.758036,35.079894]]]}},{"type":"Feature","properties":{"id":86,"kind":"landcover","class":"vegetation"},"geometry":{"type":"Polygon","coordinates":[[[-85.758061,35.11069],[-85.758185,35.110661],[-85.758217,35.110784],[-85.758096,35.110797],[-85.758061,35.11069]]]}},{"type":"Feature","properties":{"id":87,"kind":"landcover","class":"vegetation"},"geometry":{"type":"Polygon","coordinates":[[[-85.743135,35.069287],[-85.743167,35.069114],[-85.743258,35.069071],[-85.7433,35.069195],[-85.743254,35.06937],[-85.743148,35.069371],[-85.743135,35.069287]]]}},{"type":"Feature","properties":{"id":88,"kind":"landcover","class":"vegetation"},"geometry":{"type":"Polygon","coordinates":[[[-85.738753,35.076063],[-85.738764,35.075724],[-85.7387,35.075598],[-85.738852,35.075433],[-85.739576,35.075446],[-85.739898,35.075539],[-85.739846,35.075584],[-85.738959,35.075603],[-85.73888,35.076234],[-85.738782,35.076197],[-85.738753,35.076063]]]}},{"type":"Feature","properties":{"id":89,"kind":"landcover","class":"vegetation"},"geometry":{"type":"Polygon","coordinates":[[[-85.740411,35.077161],[-85.740495,35.077005],[-85.740605,35.077013],[-85.740653,35.077184],[-85.740621,35.077349],[-85.740433,35.077366],[-85.740396,35.077305],[-85.740411,35.077161]]]}},{"type":"Feature","properties":{"id":90,"kind":"landcover","class":"vegetation"},"geometry":{"type":"Polygon","coordinates":[[[-85.739735,35.077529],[-85.739184,35.077447],[-85.739005,35.077363],[-85.738812,35.07743],[-85.737692,35.077349],[-85.73717,35.077259],[-85.737099,35.077197],[-85.737232,35.077136],[-85.737458,35.077123],[-85.737657,35.077174],[-85.738285,35.077175],[-85.738572,35.077221],[-85.738672,35.077194],[-85.738728,35.077073],[-85.738849,35.077044],[-85.73893,35.077084],[-85.73898,35.077201],[-85.739109,35.077248],[-85.740234,35.077346],[-85.740338,35.077402],[-85.740252,35.077613],[-85.740178,35.077655],[-85.740028,35.077644],[-85.739735,35.077529]]]}},{"type":"Feature","properties":{"id":91,"kind":"landcover","class":"vegetation"},"geometry":{"type":"Polygon","coordinates":[[[-85.738553,35.078159],[-85.738589,35.078008],[-85.738696,35.077931],[-85.738855,35.07793],[-85.738945,35.078038],[-85.738926,35.078199],[-85.73882,35.078283],[-85.738633,35.078273],[-85.738553,35.078159]]]}},{"type":"Feature","properties":{"id":92,"kind":"landcover","class":"vegetation"},"geometry":{"type":"Polygon","coordinates":[[[-85.738653,35.078715],[-85.738729,35.078741],[-85.738727,35.078809],[-85.73864,35.078802],[-85.738653,35.078715]]]}},{"type":"Feature","properties":{"id":93,"kind":"landcover","class":"vegetation"},"geometry":{"type":"Polygon","coordinates":[[[-85.73947,35.083078],[-85.739532,35.083089],[-85.739521,35.083151],[-85.739459,35.08314],[-85.73947,35.083078]]]}},{"type":"Feature","properties":{"id":94,"kind":"landcover","class":"vegetation"},"geometry":{"type":"Polygon","coordinates":[[[-85.746314,35.088765],[-85.746389,35.088747],[-85.746408,35.088791],[-85.746344,35.088822],[-85.746314,35.088765]]]}},{"type":"Feature","properties":{"id":95,"kind":"landcover","class":"vegetation"},"geometry":{"type":"Polygon","coordinates":[[[-85.746947,35.089463],[-85.74652,35.089342],[-85.746351,35.089236],[-85.746485,35.089174],[-85.74652,35.088885],[-85.746632,35.088835],[-85.746635,35.088732],[-85.74654,35.088669],[-85.746585,35.088551],[-85.746672,35.088565],[-85.746744,35.088655],[-85.747066,35.088819],[-85.747266,35.088825],[-85.747374,35.088742],[-85.74744,35.08875],[-85.747229,35.08897],[-85.747013,35.089024],[-85.746978,35.089254],[-85.747018,35.089315],[-85.747551,35.089482],[-85.74736,35.089514],[-85.747296,35.089475],[-85.746947,35.089463]]]}},{"type":"Feature","properties":{"id":96,"kind":"landcover","class":"vegetation"},"geometry":{"type":"Polygon","coordinates":[[[-85.746032,35.089401],[-85.746108,35.089412],[-85.746107,35.089464],[-85.746019,35.089463],[-85.746032,35.089401]]]}},{"type":"Feature","properties":{"id":97,"kind":"landcover","class":"vegetation"},"geometry":{"type":"Polygon","coordinates":[[[-85.748563,35.089641],[-85.748688,35.089634],[-85.748719,35.089673],[-85.748583,35.089693],[-85.748563,35.089641]]]}},{"type":"Feature","properties":{"id":98,"kind":"landcover","class":"vegetation"},"geometry":{"type":"Polygon","coordinates":[[[-85.745883,35.09019],[-85.745946,35.090215],[-85.745917,35.090371],[-85.745871,35.090334],[-85.745883,35.09019]]]}},{"type":"Feature","properties":{"id":99,"kind":"landcover","class":"vegetation"},"geometry":{"type":"Polygon","coordinates":[[[-85.748193,35.090646],[-85.748253,35.090637],[-85.748291,35.090686],[-85.748278,35.090832],[-85.748232,35.090876],[-85.748161,35.090829],[-85.748193,35.090646]]]}},{"type":"Feature","properties":{"id":100,"kind":"landcover","class":"vegetation"},"geometry":{"type":"Polygon","coordinates":[[[-85.738284,35.09114],[-85.738373,35.091135],[-85.738398,35.091221],[-85.7383,35.091233],[-85.738284,35.09114]]]}},{"type":"Feature","properties":{"id":101,"kind":"landcover","class":"vegetation"},"geometry":{"type":"Polygon","coordinates":[[[-85.738138,35.091258],[-85.738199,35.091274],[-85.738172,35.091353],[-85.738102,35.091331],[-85.738138,35.091258]]]}},{"type":"Feature","properties":{"id":102,"kind":"landcover","class":"vegetation"},"geometry":{"type":"Polygon","coordinates":[[[-85.739145,35.091856],[-85.739251,35.091674],[-85.739378,35.0917],[-85.739374,35.091844],[-85.739294,35.091942],[-85.739165,35.091926],[-85.739145,35.091856]]]}},{"type":"Feature","properties":{"id":103,"kind":"landcover","class":"vegetation"},"geometry":{"type":"Polygon","coordinates":[[[-85.739712,35.098465],[-85.739857,35.098444],[-85.739907,35.098519],[-85.73977,35.098561],[-85.739713,35.098535],[-85.739712,35.098465]]]}},{"type":"Feature","properties":{"id":104,"kind":"landcover","class":"vegetation"},"geometry":{"type":"Polygon","coordinates":[[[-85.740427,35.103708],[-85.740502,35.103717],[-85.740501,35.10376],[-85.740426,35.103768],[-85.740427,35.103708]]]}},{"type":"Feature","properties":{"id":105,"kind":"landcover","class":"vegetation"},"geometry":{"type":"Polygon","coordinates":[[[-85.738074,35.107087],[-85.738187,35.10706],[-85.738269,35.106981],[-85.73833,35.107101],[-85.738241,35.107162],[-85.738081,35.107132],[-85.738074,35.107087]]]}},{"type":"Feature","properties":{"id":106,"kind":"landcover","class":"vegetation"},"geometry":{"type":"Polygon","coordinates":[[[-85.747813,35.10901],[-85.747907,35.109023],[-85.747887,35.109083],[-85.747805,35.109094],[-85.747813,35.10901]]]}},{"type":"Feature","properties":{"id":107,"kind":"landcover","class":"vegetation"},"geometry":{"type":"Polygon","coordinates":[[[-85.746027,35.109225],[-85.746089,35.109236],[-85.746078,35.109297],[-85.746015,35.109286],[-85.746027,35.109225]]]}},{"type":"Feature","properties":{"id":108,"kind":"landcover","class":"vegetation"},"geometry":{"type":"Polygon","coordinates":[[[-85.746997,35.10962],[-85.747117,35.10942],[-85.747265,35.109401],[-85.747369,35.109577],[-85.747375,35.109873],[-85.747038,35.109873],[-85.746979,35.109771],[-85.746997,35.10962]]]}},{"type":"Feature","properties":{"id":109,"kind":"landcover","class":"vegetation"},"geometry":{"type":"Polygon","coordinates":[[[-85.739075,35.110244],[-85.739162,35.110275],[-85.739161,35.110327],[-85.739059,35.110302],[-85.739075,35.110244]]]}},{"type":"Feature","properties":{"id":110,"kind":"landcover","class":"vegetation"},"geometry":{"type":"Polygon","coordinates":[[[-85.746424,35.110591],[-85.746487,35.110603],[-85.746475,35.110675],[-85.746413,35.110663],[-85.746424,35.110591]]]}},{"type":"Feature","properties":{"id":111,"kind":"landcover","class":"vegetation"},"geometry":{"type":"Polygon","coordinates":[[[-85.741379,35.114862],[-85.741442,35.114854],[-85.741452,35.114905],[-85.741389,35.114913],[-85.741379,35.114862]]]}},{"type":"Feature","properties":{"id":112,"kind":"landcover","class":"vegetation"},"geometry":{"type":"Polygon","coordinates":[[[-85.740702,35.115563],[-85.740803,35.115576],[-85.740802,35.115636],[-85.740701,35.115647],[-85.740702,35.115563]]]}},{"type":"Feature","properties":{"id":113,"kind":"landcover","class":"vegetation"},"geometry":{"type":"Polygon","coordinates":[[[-85.739152,35.115669],[-85.739215,35.115678],[-85.739214,35.115721],[-85.739151,35.115729],[-85.739152,35.115669]]]}},{"type":"Feature","properties":{"id":114,"kind":"landcover","class":"vegetation"},"geometry":{"type":"Polygon","coordinates":[[[-85.741642,35.117472],[-85.74168,35.117436],[-85.741745,35.117473],[-85.741706,35.117629],[-85.741641,35.117592],[-85.741642,35.117472]]]}},{"type":"Feature","properties":{"id":115,"kind":"landcover","class":"vegetation"},"geometry":{"type":"Polygon","coordinates":[[[-85.740995,35.11791],[-85.741104,35.117928],[-85.740654,35.117928],[-85.740893,35.117881],[-85.740995,35.11791]]]}},{"type":"Feature","properties":{"id":116,"kind":"landcover","class":"vegetation"},"geometry":{"type":"Polygon","coordinates":[[[-85.753012,35.117925],[-85.753049,35.117925],[-85.753068,35.117928],[-85.75299,35.117928],[-85.753012,35.117925]]]}},{"type":"Feature","properties":{"id":117,"kind":"landcover","class":"vegetation"},"geometry":{"type":"Polygon","coordinates":[[[-85.733987,35.067172],[-85.733911,35.067191],[-85.733695,35.067164],[-85.733998,35.067164],[-85.733987,35.067172]]]}},{"type":"Feature","properties":{"id":118,"kind":"landcover","class":"vegetation"},"geometry":{"type":"Polygon","coordinates":[[[-85.736198,35.067193],[-85.73645,35.067265],[-85.73662,35.067449],[-85.736763,35.067507],[-85.737393,35.067493],[-85.737516,35.067607],[-85.737481,35.067659],[-85.737214,35.067683],[-85.737157,35.06776],[-85.736875,35.067851],[-85.736687,35.068096],[-85.736683,35.068211],[-85.736766,35.068256],[-85.736796,35.068391],[-85.736744,35.068905],[-85.736796,35.069145],[-85.73669,35.06926],[-85.736471,35.069263],[-85.736298,35.0692],[-85.736246,35.06833],[-85.736361,35.068125],[-85.736314,35.067767],[-85.735706,35.067441],[-85.734895,35.067486],[-85.734368,35.067409],[-85.734318,35.067339],[-85.734345,35.067258],[-85.735053,35.067273],[-85.735222,35.067227],[-85.735267,35.067164],[-85.736198,35.067193]]]}},{"type":"Feature","properties":{"id":119,"kind":"landcover","class":"vegetation"},"geometry":{"type":"Polygon","coordinates":[[[-85.73738,35.070243],[-85.737504,35.070279],[-85.737522,35.070359],[-85.737349,35.070351],[-85.737322,35.070302],[-85.73738,35.070243]]]}},{"type":"Feature","properties":{"id":120,"kind":"landcover","class":"vegetation"},"geometry":{"type":"Polygon","coordinates":[[[-85.737051,35.071788],[-85.736693,35.071802],[-85.736652,35.071741],[-85.736825,35.071707],[-85.736947,35.07161],[-85.737159,35.071638],[-85.73721,35.071715],[-85.737186,35.071808],[-85.737123,35.071831],[-85.737051,35.071788]]]}},{"type":"Feature","properties":{"id":121,"kind":"landcover","class":"vegetation"},"geometry":{"type":"Polygon","coordinates":[[[-85.736363,35.07421],[-85.736428,35.07423],[-85.736413,35.074353],[-85.736364,35.074324],[-85.736363,35.07421]]]}},{"type":"Feature","properties":{"id":122,"kind":"landcover","class":"vegetation"},"geometry":{"type":"Polygon","coordinates":[[[-85.736615,35.076609],[-85.736508,35.076564],[-85.73647,35.076383],[-85.736591,35.07613],[-85.736573,35.075357],[-85.736636,35.075221],[-85.736695,35.075222],[-85.736852,35.075291],[-85.736919,35.075642],[-85.737039,35.075921],[-85.736956,35.076104],[-85.736918,35.076933],[-85.736824,35.077144],[-85.736661,35.077101],[-85.736663,35.076759],[-85.736615,35.076609]]]}},{"type":"Feature","properties":{"id":123,"kind":"landcover","class":"vegetation"},"geometry":{"type":"Polygon","coordinates":[[[-85.733824,35.0788],[-85.733962,35.078791],[-85.733951,35.078934],[-85.733825,35.078936],[-85.733824,35.0788]]]}},{"type":"Feature","properties":{"id":124,"kind":"landcover","class":"vegetation"},"geometry":{"type":"Polygon","coordinates":[[[-85.734763,35.079993],[-85.734911,35.079964],[-85.735032,35.080089],[-85.735032,35.080202],[-85.734853,35.080219],[-85.734779,35.08014],[-85.734763,35.079993]]]}},{"type":"Feature","properties":{"id":125,"kind":"landcover","class":"vegetation"},"geometry":{"type":"Polygon","coordinates":[[[-85.735122,35.080214],[-85.73521,35.080228],[-85.735209,35.080288],[-85.735106,35.080277],[-85.735122,35.080214]]]}},{"type":"Feature","properties":{"id":126,"kind":"landcover","class":"vegetation"},"geometry":{"type":"Polygon","coordinates":[[[-85.728327,35.080381],[-85.728394,35.08033],[-85.728509,35.080336],[-85.728413,35.08049],[-85.728303,35.08055],[-85.728327,35.080381]]]}},{"type":"Feature","properties":{"id":127,"kind":"landcover","class":"vegetation"},"geometry":{"type":"Polygon","coordinates":[[[-85.733552,35.083207],[-85.733446,35.083197],[-85.733416,35.083151],[-85.733593,35.083024],[-85.733615,35.082625],[-85.733807,35.082596],[-85.733818,35.082826],[-85.733703,35.083191],[-85.733661,35.08326],[-85.733552,35.083207]]]}},{"type":"Feature","properties":{"id":128,"kind":"landcover","class":"vegetation"},"geometry":{"type":"Polygon","coordinates":[[[-85.73352,35.083629],[-85.733626,35.083655],[-85.733562,35.083822],[-85.733497,35.083783],[-85.73352,35.083629]]]}},{"type":"Feature","properties":{"id":129,"kind":"landcover","class":"vegetation"},"geometry":{"type":"Polygon","coordinates":[[[-85.733098,35.084559],[-85.733161,35.084551],[-85.733171,35.084603],[-85.733108,35.084611],[-85.733098,35.084559]]]}},{"type":"Feature","properties":{"id":130,"kind":"landcover","class":"vegetation"},"geometry":{"type":"Polygon","coordinates":[[[-85.736084,35.08534],[-85.736183,35.085355],[-85.736167,35.085485],[-85.736077,35.085457],[-85.736084,35.08534]]]}},{"type":"Feature","properties":{"id":131,"kind":"landcover","class":"vegetation"},"geometry":{"type":"Polygon","coordinates":[[[-85.736218,35.08567],[-85.736418,35.085598],[-85.736454,35.085702],[-85.736403,35.08575],[-85.736286,35.085753],[-85.736186,35.085716],[-85.736218,35.08567]]]}},{"type":"Feature","properties":{"id":132,"kind":"landcover","class":"vegetation"},"geometry":{"type":"Polygon","coordinates":[[[-85.7364,35.086257],[-85.736463,35.086249],[-85.736473,35.086301],[-85.73641,35.086309],[-85.7364,35.086257]]]}},{"type":"Feature","properties":{"id":133,"kind":"landcover","class":"vegetation"},"geometry":{"type":"Polygon","coordinates":[[[-85.736266,35.086797],[-85.736423,35.086798],[-85.73647,35.086838],[-85.736219,35.086835],[-85.736266,35.086797]]]}},{"type":"Feature","properties":{"id":134,"kind":"landcover","class":"vegetation"},"geometry":{"type":"Polygon","coordinates":[[[-85.736231,35.088164],[-85.736293,35.088187],[-85.736265,35.088332],[-85.736218,35.088298],[-85.736231,35.088164]]]}},{"type":"Feature","properties":{"id":135,"kind":"landcover","class":"vegetation"},"geometry":{"type":"Polygon","coordinates":[[[-85.738003,35.091882],[-85.738065,35.091874],[-85.738075,35.091926],[-85.738012,35.091934],[-85.738003,35.091882]]]}},{"type":"Feature","properties":{"id":136,"kind":"landcover","class":"vegetation"},"geometry":{"type":"Polygon","coordinates":[[[-85.737731,35.095806],[-85.737825,35.095815],[-85.737853,35.095856],[-85.73773,35.095876],[-85.737731,35.095806]]]}},{"type":"Feature","properties":{"id":137,"kind":"landcover","class":"vegetation"},"geometry":{"type":"Polygon","coordinates":[[[-85.737407,35.098178],[-85.737336,35.097496],[-85.737196,35.097241],[-85.737223,35.097064],[-85.73734,35.096978],[-85.737345,35.09666],[-85.73731,35.096557],[-85.737205,35.096513],[-85.737175,35.096401],[-85.737203,35.0962],[-85.737288,35.09616],[-85.737333,35.095936],[-85.737417,35.095893],[-85.737534,35.095971],[-85.737585,35.096271],[-85.737561,35.096802],[-85.737457,35.096929],[-85.737439,35.097045],[-85.737502,35.098272],[-85.737546,35.098458],[-85.737711,35.098558],[-85.737684,35.098635],[-85.737556,35.098704],[-85.737512,35.098702],[-85.737469,35.098599],[-85.737407,35.098178]]]}},{"type":"Feature","properties":{"id":138,"kind":"landcover","class":"vegetation"},"geometry":{"type":"Polygon","coordinates":[[[-85.736685,35.098634],[-85.736712,35.098478],[-85.736563,35.098403],[-85.736527,35.098266],[-85.736563,35.098193],[-85.736705,35.098157],[-85.736784,35.098057],[-85.736847,35.09827],[-85.736982,35.098374],[-85.73704,35.098652],[-85.736904,35.098688],[-85.736804,35.098846],[-85.736584,35.09885],[-85.736519,35.098783],[-85.736533,35.098687],[-85.736685,35.098634]]]}},{"type":"Feature","properties":{"id":139,"kind":"landcover","class":"vegetation"},"geometry":{"type":"Polygon","coordinates":[[[-85.736482,35.099598],[-85.736565,35.099599],[-85.73659,35.099638],[-85.736481,35.099658],[-85.736482,35.099598]]]}},{"type":"Feature","properties":{"id":140,"kind":"landcover","class":"vegetation"},"geometry":{"type":"Polygon","coordinates":[[[-85.734934,35.099857],[-85.735007,35.099899],[-85.734979,35.1001],[-85.73493,35.100051],[-85.734934,35.099857]]]}},{"type":"Feature","properties":{"id":141,"kind":"landcover","class":"vegetation"},"geometry":{"type":"Polygon","coordinates":[[[-85.734832,35.100158],[-85.734907,35.100147],[-85.734919,35.100219],[-85.734843,35.10023],[-85.734832,35.100158]]]}},{"type":"Feature","properties":{"id":142,"kind":"landcover","class":"vegetation"},"geometry":{"type":"Polygon","coordinates":[[[-85.737033,35.100417],[-85.736866,35.100352],[-85.736836,35.100161],[-85.73688,35.100096],[-85.736977,35.1001],[-85.737246,35.100334],[-85.737295,35.100487],[-85.737196,35.100515],[-85.737033,35.100417]]]}},{"type":"Feature","properties":{"id":143,"kind":"landcover","class":"vegetation"},"geometry":{"type":"Polygon","coordinates":[[[-85.735843,35.100387],[-85.735959,35.100372],[-85.73598,35.100481],[-85.735842,35.1005],[-85.735808,35.10043],[-85.735843,35.100387]]]}},{"type":"Feature","properties":{"id":144,"kind":"landcover","class":"vegetation"},"geometry":{"type":"Polygon","coordinates":[[[-85.737237,35.100851],[-85.7374,35.100845],[-85.737441,35.100884],[-85.737264,35.100903],[-85.737237,35.100851]]]}},{"type":"Feature","properties":{"id":145,"kind":"landcover","class":"vegetation"},"geometry":{"type":"Polygon","coordinates":[[[-85.737001,35.10227],[-85.737168,35.102272],[-85.737218,35.102311],[-85.73695,35.102308],[-85.737001,35.10227]]]}},{"type":"Feature","properties":{"id":146,"kind":"landcover","class":"vegetation"},"geometry":{"type":"Polygon","coordinates":[[[-85.737533,35.102441],[-85.737595,35.102452],[-85.737584,35.102514],[-85.737521,35.102503],[-85.737533,35.102441]]]}},{"type":"Feature","properties":{"id":147,"kind":"landcover","class":"vegetation"},"geometry":{"type":"Polygon","coordinates":[[[-85.733951,35.103048],[-85.734026,35.103048],[-85.734038,35.103102],[-85.733962,35.103109],[-85.733951,35.103048]]]}},{"type":"Feature","properties":{"id":148,"kind":"landcover","class":"vegetation"},"geometry":{"type":"Polygon","coordinates":[[[-85.734441,35.103977],[-85.734523,35.103978],[-85.734528,35.10405],[-85.734448,35.104062],[-85.734441,35.103977]]]}},{"type":"Feature","properties":{"id":149,"kind":"landcover","class":"vegetation"},"geometry":{"type":"Polygon","coordinates":[[[-85.734685,35.104428],[-85.734791,35.104426],[-85.73481,35.104502],[-85.734681,35.104506],[-85.734685,35.104428]]]}},{"type":"Feature","properties":{"id":150,"kind":"landcover","class":"vegetation"},"geometry":{"type":"Polygon","coordinates":[[[-85.737169,35.104727],[-85.737232,35.10472],[-85.737241,35.104771],[-85.737179,35.104779],[-85.737169,35.104727]]]}},{"type":"Feature","properties":{"id":151,"kind":"landcover","class":"vegetation"},"geometry":{"type":"Polygon","coordinates":[[[-85.735948,35.104702],[-85.736029,35.104735],[-85.735977,35.104826],[-85.73593,35.1048],[-85.735948,35.104702]]]}},{"type":"Feature","properties":{"id":152,"kind":"landcover","class":"vegetation"},"geometry":{"type":"Polygon","coordinates":[[[-85.737295,35.104739],[-85.73752,35.104673],[-85.737618,35.104713],[-85.737588,35.104794],[-85.737314,35.104881],[-85.737263,35.104824],[-85.737295,35.104739]]]}},{"type":"Feature","properties":{"id":153,"kind":"landcover","class":"vegetation"},"geometry":{"type":"Polygon","coordinates":[[[-85.737943,35.104796],[-85.738028,35.104785],[-85.738042,35.104857],[-85.737966,35.104868],[-85.737943,35.104796]]]}},{"type":"Feature","properties":{"id":154,"kind":"landcover","class":"vegetation"},"geometry":{"type":"Polygon","coordinates":[[[-85.737969,35.105177],[-85.738108,35.105146],[-85.738146,35.105304],[-85.737989,35.105308],[-85.737969,35.105177]]]}},{"type":"Feature","properties":{"id":155,"kind":"landcover","class":"vegetation"},"geometry":{"type":"Polygon","coordinates":[[[-85.737341,35.105444],[-85.737299,35.105397],[-85.73728,35.105168],[-85.737346,35.105046],[-85.737624,35.105045],[-85.737742,35.105123],[-85.737764,35.105231],[-85.737572,35.105336],[-85.737516,35.105503],[-85.73739,35.10551],[-85.737341,35.105444]]]}},{"type":"Feature","properties":{"id":156,"kind":"landcover","class":"vegetation"},"geometry":{"type":"Polygon","coordinates":[[[-85.736188,35.105582],[-85.736284,35.105583],[-85.736231,35.105695],[-85.736184,35.105668],[-85.736188,35.105582]]]}},{"type":"Feature","properties":{"id":157,"kind":"landcover","class":"vegetation"},"geometry":{"type":"Polygon","coordinates":[[[-85.736864,35.106166],[-85.736893,35.10609],[-85.737342,35.10593],[-85.737434,35.105782],[-85.737558,35.105732],[-85.737599,35.105654],[-85.737673,35.105722],[-85.737872,35.106146],[-85.737836,35.106185],[-85.73748,35.106235],[-85.736864,35.106166]]]}},{"type":"Feature","properties":{"id":158,"kind":"landcover","class":"vegetation"},"geometry":{"type":"Polygon","coordinates":[[[-85.736185,35.106303],[-85.736237,35.106304],[-85.736247,35.106355],[-85.736174,35.106355],[-85.736185,35.106303]]]}},{"type":"Feature","properties":{"id":159,"kind":"landcover","class":"vegetation"},"geometry":{"type":"Polygon","coordinates":[[[-85.737509,35.107925],[-85.737621,35.107905],[-85.737639,35.107972],[-85.737523,35.108],[-85.737509,35.107925]]]}},{"type":"Feature","properties":{"id":160,"kind":"landcover","class":"vegetation"},"geometry":{"type":"Polygon","coordinates":[[[-85.718346,35.113271],[-85.718464,35.113158],[-85.718601,35.113191],[-85.718589,35.113531],[-85.718466,35.113756],[-85.718408,35.113756],[-85.718336,35.113662],[-85.718346,35.113271]]]}},{"type":"Feature","properties":{"id":161,"kind":"landcover","class":"vegetation"},"geometry":{"type":"Polygon","coordinates":[[[-85.718237,35.114194],[-85.718407,35.114169],[-85.718429,35.114344],[-85.71835,35.114382],[-85.718243,35.114362],[-85.718207,35.11429],[-85.718237,35.114194]]]}},{"type":"Feature","properties":{"id":162,"kind":"landcover","class":"vegetation"},"geometry":{"type":"Polygon","coordinates":[[[-85.717952,35.11518],[-85.717979,35.115085],[-85.718093,35.114983],[-85.718306,35.114914],[-85.718442,35.114944],[-85.718464,35.115107],[-85.718408,35.115454],[-85.71821,35.115586],[-85.717991,35.115564],[-85.717943,35.115402],[-85.717952,35.11518]]]}},{"type":"Feature","properties":{"id":163,"kind":"landcover","class":"vegetation"},"geometry":{"type":"Polygon","coordinates":[[[-85.719211,35.115453],[-85.719374,35.115429],[-85.719413,35.115519],[-85.719261,35.115607],[-85.7192,35.115805],[-85.719092,35.115853],[-85.719039,35.115798],[-85.71905,35.115618],[-85.719186,35.115539],[-85.719211,35.115453]]]}},{"type":"Feature","properties":{"id":164,"kind":"landcover","class":"vegetation"},"geometry":{"type":"Polygon","coordinates":[[[-85.719137,35.116492],[-85.718994,35.116553],[-85.718926,35.116521],[-85.718914,35.116449],[-85.718958,35.116398],[-85.719061,35.116388],[-85.719131,35.11642],[-85.719137,35.116492]]]}},{"type":"Feature","properties":{"id":165,"kind":"landcover","class":"vegetation"},"geometry":{"type":"Polygon","coordinates":[[[-85.718448,35.117028],[-85.718383,35.117069],[-85.718283,35.117026],[-85.718325,35.116862],[-85.718414,35.116849],[-85.71847,35.116891],[-85.718448,35.117028]]]}}],"_meta":{"maturity":"derived","group":"Land cover \u2014 9-patch","locked":false,"maturity_note":"derived \u2014 machine output; forest classes dissolved into one vegetation layer, non-tree classes dropped (read as base map), small clearings filled and edge lightly simplified for reliable fill rendering. Source: simplify_landcover_vegetation.py"}}