{
  "type": "FeatureCollection",
  "features": [
    {
      "type": "Feature",
      "id": 614234,
      "geometry": {
        "type": "LineString",
        "coordinates": [
          [
            -85.744273246103859,
            35.072935138657705
          ],
          [
            -85.744236845108162,
            35.072914138322147
          ]
        ]
      },
      "properties": {
        "name": null,
        "gnis_id": null,
        "fcode": 55800,
        "ftype": 558,
        "water_kind": "flowline",
        "water_class": "artificial_path",
        "lengthkm": 0.0040443400000000004,
        "areasqkm": null,
        "elevation": null,
        "permanent_identifier": "139318928",
        "nhd_layer_id": 6,
        "nhd_layer_name": "Flowline - Large Scale"
      }
    },
    {
      "type": "Feature",
      "id": 836853,
      "geometry": {
        "type": "LineString",
        "coordinates": [
          [
            -85.736831845380067,
            35.095296543495699
          ],
          [
            -85.73687184454181,
            35.095296676308109
          ],
          [
            -85.737139245092848,
            35.095192076253632
          ],
          [
            -85.737366578847471,
            35.095065543228557
          ],
          [
            -85.737700845144261,
            35.094807076370564
          ],
          [
            -85.737928045710532,
            35.094526676563213
          ],
          [
            -85.73816857863703,
            35.094125476153103
          ],
          [
            -85.73892377833559,
            35.093350276175769
          ],
          [
            -85.738997245228106,
            35.093240275856047
          ],
          [
            -85.739104045622526,
            35.093020342882234
          ],
          [
            -85.739090579033444,
            35.092690542773255
          ],
          [
            -85.739063645855239,
            35.092652142575268
          ],
          [
            -85.739070244920924,
            35.092355275392038
          ],
          [
            -85.739123646158674,
            35.092179342646318
          ],
          [
            -85.739277378791869,
            35.091937542947846
          ],
          [
            -85.73954457956043,
            35.091580142023453
          ],
          [
            -85.739658045614689,
            35.091233875897814
          ]
        ]
      },
      "properties": {
        "name": null,
        "gnis_id": null,
        "fcode": 46006,
        "ftype": 460,
        "water_kind": "flowline",
        "water_class": "stream",
        "lengthkm": 0.54803004,
        "areasqkm": null,
        "elevation": null,
        "permanent_identifier": "139316350",
        "nhd_layer_id": 6,
        "nhd_layer_name": "Flowline - Large Scale"
      }
    },
    {
      "type": "Feature",
      "id": 836888,
      "geometry": {
        "type": "LineString",
        "coordinates": [
          [
            -85.749572849408949,
            35.09802847705145
          ],
          [
            -85.749157982319531,
            35.097676876589695
          ],
          [
            -85.748897048686359,
            35.097479143177274
          ],
          [
            -85.748656248342684,
            35.09734187659911
          ],
          [
            -85.748254649100417,
            35.097012276156583
          ],
          [
            -85.748027247711107,
            35.096852943626963
          ],
          [
            -85.747806448509095,
            35.096737676494804
          ],
          [
            -85.746809781484643,
            35.096353343706376
          ],
          [
            -85.746375047482431,
            35.096249076183277
          ],
          [
            -85.745331780149471,
            35.096139676572406
          ],
          [
            -85.744984047263557,
            35.096068342542658
          ],
          [
            -85.744495780916338,
            35.096035543289943
          ],
          [
            -85.743800180915642,
            35.09583247640866
          ],
          [
            -85.743572780566907,
            35.095744676869195
          ],
          [
            -85.74325164684781,
            35.09556894299191
          ],
          [
            -85.743151246777103,
            35.09546454335635
          ],
          [
            -85.743070979995892,
            35.095305143098649
          ],
          [
            -85.743070846807541,
            35.095129276312768
          ],
          [
            -85.743177646161428,
            35.094931342610707
          ],
          [
            -85.743177579567259,
            35.094793943186801
          ],
          [
            -85.743144046282865,
            35.094706076122364
          ],
          [
            -85.742963579213423,
            35.09459627600053
          ],
          [
            -85.74292324604032,
            35.094530276153932
          ],
          [
            -85.742909579668719,
            35.09395314258591
          ],
          [
            -85.742789179496882,
            35.09377187600213
          ]
        ]
      },
      "properties": {
        "name": null,
        "gnis_id": null,
        "fcode": 46006,
        "ftype": 460,
        "water_kind": "flowline",
        "water_class": "stream",
        "lengthkm": 0.87327523000000007,
        "areasqkm": null,
        "elevation": null,
        "permanent_identifier": "139316329",
        "nhd_layer_id": 6,
        "nhd_layer_name": "Flowline - Large Scale"
      }
    },
    {
      "type": "Feature",
      "id": 1509047,
      "geometry": {
        "type": "LineString",
        "coordinates": [
          [
            -85.716984840065578,
            35.09727527792824
          ],
          [
            -85.717025039009826,
            35.097341144446517
          ],
          [
            -85.717299239449574,
            35.097527945308009
          ],
          [
            -85.717520039692133,
            35.097610344596724
          ],
          [
            -85.718141973017779,
            35.097720144916373
          ],
          [
            -85.7182891731795,
            35.097764078113364
          ],
          [
            -85.718770640678542,
            35.09797287732151
          ],
          [
            -85.719098373463297,
            35.098093745325919
          ],
          [
            -85.719245573624988,
            35.098115678199122
          ],
          [
            -85.719693573393272,
            35.098132078260086
          ],
          [
            -85.720255374267722,
            35.098263877965508
          ],
          [
            -85.72101777446052,
            35.098587944829546
          ],
          [
            -85.721379040529683,
            35.098703344706621
          ],
          [
            -85.721940840363601,
            35.098851545107458
          ],
          [
            -85.722756841576668,
            35.099225078186038
          ],
          [
            -85.722990975219986,
            35.099417478110027
          ],
          [
            -85.723211774421983,
            35.099703145213759
          ],
          [
            -85.723519441551971,
            35.099944878467035
          ],
          [
            -85.724482575292029,
            35.100241478799838
          ],
          [
            -85.724883841563482,
            35.1002798788289
          ],
          [
            -85.72544557584375,
            35.100197144268009
          ],
          [
            -85.725612841660222,
            35.100208144900478
          ],
          [
            -85.725840242008985,
            35.100252144861564
          ],
          [
            -85.726161375728083,
            35.100416878257526
          ],
          [
            -85.726201442524527,
            35.100460878105963
          ],
          [
            -85.72628177589992,
            35.100499345284973
          ],
          [
            -85.726562641999521,
            35.100735545250288
          ],
          [
            -85.726830376561935,
            35.101010277870721
          ],
          [
            -85.727251975905361,
            35.101691744767876
          ],
          [
            -85.727519576238905,
            35.102021345020589
          ],
          [
            -85.727706842156508,
            35.102180678516262
          ],
          [
            -85.728114975951385,
            35.102372944622857
          ],
          [
            -85.728630043329005,
            35.102548744706574
          ],
          [
            -85.728957776113759,
            35.102642078783511
          ],
          [
            -85.729078242879766,
            35.10285087826756
          ],
          [
            -85.729138442965677,
            35.1029387450671
          ]
        ]
      },
      "properties": {
        "name": null,
        "gnis_id": null,
        "fcode": 46006,
        "ftype": 460,
        "water_kind": "flowline",
        "water_class": "stream",
        "lengthkm": 1.33914636,
        "areasqkm": null,
        "elevation": null,
        "permanent_identifier": "139316362",
        "nhd_layer_id": 6,
        "nhd_layer_name": "Flowline - Large Scale"
      }
    },
    {
      "type": "Feature",
      "id": 1955429,
      "geometry": {
        "type": "LineString",
        "coordinates": [
          [
            -85.746954648769446,
            35.112490079518537
          ],
          [
            -85.747135182433041,
            35.112418546149563
          ],
          [
            -85.74736924948219,
            35.112385480245543
          ],
          [
            -85.747616648891565,
            35.112385345758632
          ],
          [
            -85.747897782408359,
            35.11248968031417
          ],
          [
            -85.748506583156285,
            35.1127862801116
          ],
          [
            -85.749396449786332,
            35.113121079592013
          ],
          [
            -85.749630582389102,
            35.113159480362761
          ],
          [
            -85.749737582566027,
            35.113131879305243
          ],
          [
            -85.749797649463616,
            35.113087946730225
          ],
          [
            -85.749900382411198,
            35.11281314671907
          ],
          [
            -85.749978783515246,
            35.112569145778735
          ],
          [
            -85.750092783363385,
            35.11244287975908
          ],
          [
            -85.750453982838366,
            35.112261679822595
          ]
        ]
      },
      "properties": {
        "name": null,
        "gnis_id": null,
        "fcode": 46006,
        "ftype": 460,
        "water_kind": "flowline",
        "water_class": "stream",
        "lengthkm": 0.39828127000000002,
        "areasqkm": null,
        "elevation": null,
        "permanent_identifier": "139316300",
        "nhd_layer_id": 6,
        "nhd_layer_name": "Flowline - Large Scale"
      }
    },
    {
      "type": "Feature",
      "id": 2402423,
      "geometry": {
        "type": "LineString",
        "coordinates": [
          [
            -85.755830582526798,
            35.076989872623834
          ],
          [
            -85.755309049271844,
            35.076912671671948
          ],
          [
            -85.755028248725864,
            35.076841072170971
          ],
          [
            -85.754212982129715,
            35.076494338983451
          ],
          [
            -85.753638048677544,
            35.076290738908568
          ],
          [
            -85.753497781592884,
            35.076208272094547
          ],
          [
            -85.753156981784016,
            35.076103672253886
          ],
          [
            -85.752769247655309,
            35.076037472653418
          ],
          [
            -85.752281247684735,
            35.075855872462554
          ],
          [
            -85.751699847314697,
            35.075553139008932
          ],
          [
            -85.751272047430049,
            35.075399138808699
          ],
          [
            -85.750296047488945,
            35.075288538617194
          ],
          [
            -85.750115580419504,
            35.075250071467941
          ],
          [
            -85.749977447469789,
            35.075108138328126
          ],
          [
            -85.749589446964407,
            35.074878472354008
          ],
          [
            -85.74905458030868,
            35.074691871680386
          ],
          [
            -85.748673380732541,
            35.074582071864974
          ],
          [
            -85.748225380964243,
            35.074505338706309
          ],
          [
            -85.74770398089764,
            35.074472538445988
          ],
          [
            -85.746794646919781,
            35.074445471855782
          ]
        ]
      },
      "properties": {
        "name": null,
        "gnis_id": null,
        "fcode": 46006,
        "ftype": 460,
        "water_kind": "flowline",
        "water_class": "stream",
        "lengthkm": 0.88256494000000008,
        "areasqkm": null,
        "elevation": null,
        "permanent_identifier": "139316339",
        "nhd_layer_id": 6,
        "nhd_layer_name": "Flowline - Large Scale"
      }
    },
    {
      "type": "Feature",
      "id": 2402460,
      "geometry": {
        "type": "LineString",
        "coordinates": [
          [
            -85.739691179334102,
            35.091155075864812
          ],
          [
            -85.739654044762034,
            35.091136542482367
          ],
          [
            -85.739575444916028,
            35.091105475558599
          ],
          [
            -85.739538244790353,
            35.091086475594636
          ],
          [
            -85.739405979411003,
            35.090994941784537
          ],
          [
            -85.739256445331876,
            35.09086654277187
          ],
          [
            -85.73920437909905,
            35.090812075639839
          ],
          [
            -85.739181045127452,
            35.090783342303759
          ],
          [
            -85.739145177925636,
            35.090720875274236
          ],
          [
            -85.739102178904801,
            35.09062254254205
          ],
          [
            -85.739092445751155,
            35.090587875657889
          ],
          [
            -85.739052244725841,
            35.090523742266456
          ]
        ]
      },
      "properties": {
        "name": "Battle Creek",
        "gnis_id": "01276480",
        "fcode": 55800,
        "ftype": 558,
        "water_kind": "flowline",
        "water_class": "artificial_path",
        "lengthkm": 0.094251780000000007,
        "areasqkm": null,
        "elevation": null,
        "permanent_identifier": "139318877",
        "nhd_layer_id": 6,
        "nhd_layer_name": "Flowline - Large Scale"
      }
    },
    {
      "type": "Feature",
      "id": 3072989,
      "geometry": {
        "type": "LineString",
        "coordinates": [
          [
            -85.715327372654542,
            35.100331344731693
          ],
          [
            -85.715855639204051,
            35.100325745672066
          ],
          [
            -85.716651572681243,
            35.100424545138139
          ],
          [
            -85.71720663922062,
            35.100545345659832
          ],
          [
            -85.718276639949252,
            35.10064954554327
          ],
          [
            -85.718952173254621,
            35.100748478271697
          ],
          [
            -85.719386973851016,
            35.100847278076706
          ],
          [
            -85.719888573598993,
            35.101072478222207
          ],
          [
            -85.720309973159928,
            35.101270278685071
          ],
          [
            -85.720945440709386,
            35.101660278351751
          ],
          [
            -85.721199574453834,
            35.101748144732028
          ],
          [
            -85.72154064167988,
            35.101841545275242
          ],
          [
            -85.722497042125397,
            35.101835745414157
          ],
          [
            -85.722838040676208,
            35.101901745306115
          ],
          [
            -85.723172574390247,
            35.102017078348148
          ],
          [
            -85.723874974279639,
            35.102363145449615
          ],
          [
            -85.724276174997442,
            35.102538878302859
          ],
          [
            -85.725065576003146,
            35.102829945223171
          ],
          [
            -85.72548684237573,
            35.102950745585552
          ],
          [
            -85.725740976120179,
            35.102983679112526
          ],
          [
            -85.726021976448649,
            35.102978145783773
          ],
          [
            -85.726349575004562,
            35.102934078340198
          ],
          [
            -85.726951575863779,
            35.102944944952085
          ],
          [
            -85.727346042246523,
            35.102988745087501
          ],
          [
            -85.727647042676111,
            35.102972145952407
          ],
          [
            -85.728315842686939,
            35.102878544950748
          ],
          [
            -85.729138442965677,
            35.1029387450671
          ]
        ]
      },
      "properties": {
        "name": null,
        "gnis_id": null,
        "fcode": 46006,
        "ftype": 460,
        "water_kind": "flowline",
        "water_class": "stream",
        "lengthkm": 1.31638447,
        "areasqkm": null,
        "elevation": null,
        "permanent_identifier": "139316363",
        "nhd_layer_id": 6,
        "nhd_layer_name": "Flowline - Large Scale"
      }
    },
    {
      "type": "Feature",
      "id": 3073016,
      "geometry": {
        "type": "LineString",
        "coordinates": [
          [
            -85.780195454713009,
            35.056042266872474
          ],
          [
            -85.780182188946952,
            35.056157732902122
          ],
          [
            -85.78008838794193,
            35.05631706655582
          ],
          [
            -85.780108454637244,
            35.056503934105223
          ],
          [
            -85.78008165464739,
            35.056580867317223
          ],
          [
            -85.780021454561464,
            35.056635866657636
          ],
          [
            -85.77984758759824,
            35.056767666973592
          ],
          [
            -85.779693854965046,
            35.056937933505502
          ],
          [
            -85.779620188290011,
            35.057097333777662
          ],
          [
            -85.779486454717414,
            35.057179867600524
          ],
          [
            -85.779158988309305,
            35.057289534103425
          ],
          [
            -85.778931587960557,
            35.057448933689145
          ],
          [
            -85.778644054120022,
            35.057789667977531
          ],
          [
            -85.778410054705589,
            35.057948933713689
          ],
          [
            -85.778075654179901,
            35.058256667495179
          ],
          [
            -85.777855054760394,
            35.058377467439712
          ],
          [
            -85.777266654719128,
            35.058586134089737
          ],
          [
            -85.777099587644628,
            35.058690534076632
          ],
          [
            -85.776437787305014,
            35.058866268188389
          ],
          [
            -85.776263853747636,
            35.058954133824827
          ],
          [
            -85.776176986860193,
            35.059036468167143
          ],
          [
            -85.775675387112202,
            35.05964093474973
          ],
          [
            -85.775481453453679,
            35.059767268055232
          ],
          [
            -85.775394453377899,
            35.059849734447731
          ],
          [
            -85.7753476532869,
            35.059932067886969
          ],
          [
            -85.775287454241521,
            35.060129934052668
          ],
          [
            -85.775200454165727,
            35.060322335061151
          ],
          [
            -85.775086787288444,
            35.060558534690301
          ],
          [
            -85.775059854110253,
            35.060855334462708
          ],
          [
            -85.774905987248161,
            35.061152134859576
          ],
          [
            -85.774899187359452,
            35.061251068653263
          ],
          [
            -85.774932586414991,
            35.061393935524038
          ],
          [
            -85.775092853600782,
            35.061591868839059
          ],
          [
            -85.775333454161981,
            35.061756867695109
          ],
          [
            -85.775507186896334,
            35.061916335213326
          ],
          [
            -85.775640787280608,
            35.062141734837347
          ],
          [
            -85.775847987745735,
            35.062356068483417
          ],
          [
            -85.776315587009606,
            35.062889334816838
          ],
          [
            -85.776328854856743,
            35.063054335309111
          ],
          [
            -85.776241788186809,
            35.063411535009358
          ],
          [
            -85.77613478800987,
            35.063587335611679
          ],
          [
            -85.775860587570108,
            35.0639115351415
          ],
          [
            -85.775806987590414,
            35.064032468951055
          ],
          [
            -85.775324454584705,
            35.066637468981654
          ],
          [
            -85.775277387076514,
            35.067209136573403
          ],
          [
            -85.775130054767004,
            35.067857669093385
          ]
        ]
      },
      "properties": {
        "name": null,
        "gnis_id": null,
        "fcode": 46006,
        "ftype": 460,
        "water_kind": "flowline",
        "water_class": "stream",
        "lengthkm": 1.6035734099999999,
        "areasqkm": null,
        "elevation": null,
        "permanent_identifier": "139314527",
        "nhd_layer_id": 6,
        "nhd_layer_name": "Flowline - Large Scale"
      }
    },
    {
      "type": "Feature",
      "id": 3518742,
      "geometry": {
        "type": "LineString",
        "coordinates": [
          [
            -85.773514456357049,
            35.103060476569134
          ],
          [
            -85.773320456104358,
            35.103203343447717
          ],
          [
            -85.77318658934341,
            35.103346143676248
          ],
          [
            -85.773059589065355,
            35.103434077192809
          ],
          [
            -85.772771788848161,
            35.103774743761342
          ],
          [
            -85.772718189909,
            35.103901076841332
          ],
          [
            -85.772644389005123,
            35.104192344053288
          ],
          [
            -85.772410256402338,
            35.104439543594744
          ],
          [
            -85.771975388171256,
            35.104741743356008
          ],
          [
            -85.771473655234942,
            35.104983344194117
          ],
          [
            -85.771359988357645,
            35.105054744482999
          ],
          [
            -85.771219389342676,
            35.105181144531052
          ],
          [
            -85.771092188241596,
            35.105362544082347
          ],
          [
            -85.770978254987625,
            35.10567027782421
          ],
          [
            -85.770831055866466,
            35.105895543811727
          ],
          [
            -85.770677187963855,
            35.105972477278662
          ],
          [
            -85.77012198823617,
            35.106153544784526
          ],
          [
            -85.769760655572838,
            35.106395344034276
          ],
          [
            -85.769171988114365,
            35.106713876994164
          ],
          [
            -85.768476254925361,
            35.107015877645431
          ],
          [
            -85.768188454708167,
            35.107213544512994
          ],
          [
            -85.767994387861322,
            35.107444277972256
          ],
          [
            -85.767746654440572,
            35.107861944586638
          ],
          [
            -85.767478787730369,
            35.108427944420853
          ],
          [
            -85.767358387558531,
            35.108609278011642
          ],
          [
            -85.76724458853343,
            35.108702744749181
          ],
          [
            -85.767144188462737,
            35.108818078382896
          ],
          [
            -85.766929987285863,
            35.108999344710597
          ],
          [
            -85.766260854304207,
            35.109444278805327
          ],
          [
            -85.765986587270291,
            35.10964747776675
          ],
          [
            -85.765672186845748,
            35.10983427851815
          ],
          [
            -85.765337654172271,
            35.10995507871413
          ],
          [
            -85.76493618707778,
            35.110147277963506
          ],
          [
            -85.764655186749309,
            35.11024054460627
          ],
          [
            -85.763952786859917,
            35.110410545493963
          ],
          [
            -85.763879254413766,
            35.110410545493963
          ],
          [
            -85.763163386894746,
            35.110805944849197
          ],
          [
            -85.762922453362719,
            35.111014745550726
          ],
          [
            -85.762721653221305,
            35.111119079307556
          ],
          [
            -85.762306786131916,
            35.111443145285769
          ],
          [
            -85.761691186535799,
            35.111849679138231
          ],
          [
            -85.761443652897555,
            35.111942945534949
          ],
          [
            -85.760968786545249,
            35.111909745801519
          ],
          [
            -85.760159452032596,
            35.111914878465512
          ]
        ]
      },
      "properties": {
        "name": null,
        "gnis_id": null,
        "fcode": 46006,
        "ftype": 460,
        "water_kind": "flowline",
        "water_class": "stream",
        "lengthkm": 1.6471732000000001,
        "areasqkm": null,
        "elevation": null,
        "permanent_identifier": "139314481",
        "nhd_layer_id": 6,
        "nhd_layer_name": "Flowline - Large Scale"
      }
    },
    {
      "type": "Feature",
      "id": 4413239,
      "geometry": {
        "type": "LineString",
        "coordinates": [
          [
            -85.737381846600641,
            35.121963749022406
          ],
          [
            -85.7373951800014,
            35.121886748948647
          ],
          [
            -85.73745538008734,
            35.121727348445305
          ],
          [
            -85.737562247075914,
            35.121633882179218
          ],
          [
            -85.737682646207219,
            35.12156788209635
          ],
          [
            -85.738050446828979,
            35.121463348947024
          ],
          [
            -85.738157447005889,
            35.121413881978725
          ],
          [
            -85.73825118037621,
            35.121331348451513
          ],
          [
            -85.738277847177741,
            35.121276482086763
          ],
          [
            -85.738284446243398,
            35.121073082330376
          ],
          [
            -85.73824404647614,
            35.12071588233831
          ],
          [
            -85.738290847607658,
            35.120550948259286
          ],
          [
            -85.738544780529068,
            35.120133148375977
          ],
          [
            -85.738738646552903,
            35.119957147914448
          ],
          [
            -85.738845646729814,
            35.119896682057934
          ],
          [
            -85.739180047255502,
            35.119792147615172
          ],
          [
            -85.739360580919111,
            35.119682148081068
          ],
          [
            -85.739547780242546,
            35.119522681983952
          ],
          [
            -85.739748380601455,
            35.119231281467258
          ],
          [
            -85.739781580915022,
            35.119066347786834
          ],
          [
            -85.739794846681093,
            35.118775080965335
          ],
          [
            -85.739774580203274,
            35.118384947862438
          ],
          [
            -85.739747647025084,
            35.118121081371996
          ],
          [
            -85.73976058086086,
            35.11747254759225
          ],
          [
            -85.739833847970871,
            35.116911948051865
          ],
          [
            -85.739954047319671,
            35.116549080800858
          ],
          [
            -85.740027246794995,
            35.1159005481259
          ],
          [
            -85.740060646891067,
            35.115741147825375
          ],
          [
            -85.740093847204633,
            35.115328946839107
          ],
          [
            -85.740053580625684,
            35.115213481128734
          ],
          [
            -85.739939847154233,
            35.115054147576487
          ],
          [
            -85.739933046224976,
            35.114834346652337
          ],
          [
            -85.740026447665002,
            35.114652880514036
          ],
          [
            -85.740026447665002,
            35.114537480236152
          ],
          [
            -85.739972979833098,
            35.11448808055993
          ],
          [
            -85.739852447513442,
            35.114449680415269
          ],
          [
            -85.73970524735175,
            35.114438680853752
          ],
          [
            -85.738835846982028,
            35.114532480518363
          ],
          [
            -85.738768980195715,
            35.114521480116849
          ],
          [
            -85.738702046815249,
            35.11444454705974
          ],
          [
            -85.738507779145351,
            35.113999480247017
          ],
          [
            -85.738407180332672,
            35.113526747092777
          ],
          [
            -85.738420379504575,
            35.113279480633217
          ],
          [
            -85.738447046306106,
            35.113180546942161
          ],
          [
            -85.738440179823229,
            35.112746347042183
          ],
          [
            -85.738533780005213,
            35.112608947002002
          ],
          [
            -85.738727580475398,
            35.112421946624664
          ],
          [
            -85.738794379626995,
            35.112323079987121
          ],
          [
            -85.738967845984689,
            35.111553480247792
          ],
          [
            -85.739054647318511,
            35.111317146498727
          ],
          [
            -85.739054646277964,
            35.111130279348309
          ],
          [
            -85.738960846313475,
            35.110954479898602
          ],
          [
            -85.738793446268133,
            35.110800546541007
          ],
          [
            -85.738532646863845,
            35.110668745825443
          ],
          [
            -85.738559247071194,
            35.1104103463123
          ],
          [
            -85.738478979249436,
            35.110344546533369
          ],
          [
            -85.738338445788116,
            35.110317146257835
          ],
          [
            -85.738111179668238,
            35.110421546450524
          ],
          [
            -85.738057579688515,
            35.110399679877403
          ],
          [
            -85.738030779698661,
            35.110366679548157
          ],
          [
            -85.738030779698661,
            35.110207280338756
          ],
          [
            -85.738191179032242,
            35.110058745629814
          ],
          [
            -85.738231179234532,
            35.109943346506469
          ],
          [
            -85.738217779239605,
            35.109844479415386
          ],
          [
            -85.738063846823906,
            35.109657679538529
          ],
          [
            -85.737903245626725,
            35.109536746112518
          ],
          [
            -85.73762884644502,
            35.109410479650293
          ],
          [
            -85.737608846343875,
            35.10935008002226
          ],
          [
            -85.737608778709173,
            35.109234679895337
          ],
          [
            -85.737675578901317,
            35.109108146534076
          ],
          [
            -85.737802645773542,
            35.108959746016843
          ],
          [
            -85.737983046248814,
            35.108833279475057
          ],
          [
            -85.738130246410506,
            35.10878374610396
          ],
          [
            -85.738263979983103,
            35.108783679708736
          ],
          [
            -85.738377645819881,
            35.108811079648618
          ],
          [
            -85.738411179104261,
            35.108877078999946
          ],
          [
            -85.738404446850254,
            35.108937546224809
          ],
          [
            -85.738357779947592,
            35.108992478781978
          ],
          [
            -85.738337645617605,
            35.109058479688819
          ],
          [
            -85.738337779846461,
            35.109201345417503
          ],
          [
            -85.738424779922227,
            35.109256279499284
          ],
          [
            -85.738893046168315,
            35.109366079454546
          ],
          [
            -85.739046846436224,
            35.109376946060159
          ],
          [
            -85.739167246608076,
            35.109360479313089
          ],
          [
            -85.739294246886118,
            35.109305346117182
          ],
          [
            -85.739374446032656,
            35.109233946147143
          ],
          [
            -85.739481446209581,
            35.109052546700021
          ],
          [
            -85.739588379792337,
            35.1089810792622
          ],
          [
            -85.739855845896997,
            35.108914946353643
          ],
          [
            -85.740665047221341,
            35.108843279609658
          ],
          [
            -85.740738647302209,
            35.108815679643811
          ],
          [
            -85.740792179647201,
            35.108760678869857
          ],
          [
            -85.740798779753405,
            35.108661745651105
          ],
          [
            -85.740832179849491,
            35.108595878916127
          ],
          [
            -85.740912380036548,
            35.108524346384847
          ],
          [
            -85.741012646918918,
            35.108331879428071
          ],
          [
            -85.74101258032475,
            35.108210945737106
          ],
          [
            -85.740898647070779,
            35.108035145097098
          ],
          [
            -85.740898647070779,
            35.107925278655209
          ],
          [
            -85.740932047166851,
            35.107848346180383
          ],
          [
            -85.741032380643389,
            35.107749345458117
          ],
          [
            -85.74118617987078,
            35.107694345666921
          ],
          [
            -85.741533847203044,
            35.107628278961634
          ],
          [
            -85.741674246435494,
            35.107578679313207
          ],
          [
            -85.741741047668171,
            35.10749627903418
          ],
          [
            -85.741740981074003,
            35.107221345249783
          ],
          [
            -85.74169398015998,
            35.107012678688442
          ],
          [
            -85.741747380357182,
            35.106930145043727
          ],
          [
            -85.741827647138422,
            35.106864145818257
          ],
          [
            -85.741947980716091,
            35.1068091454297
          ],
          [
            -85.742041579857556,
            35.106649745220786
          ],
          [
            -85.742021447608607,
            35.106589278852198
          ],
          [
            -85.741793980665676,
            35.106440945252977
          ],
          [
            -85.741740447280137,
            35.106347478475264
          ],
          [
            -85.741740246457113,
            35.106160679095467
          ],
          [
            -85.741566380534422,
            35.106072878761474
          ],
          [
            -85.74132544700241,
            35.106023479061342
          ],
          [
            -85.741238580114953,
            35.105984945537955
          ],
          [
            -85.741011180806737,
            35.106001545762005
          ],
          [
            -85.740984379776336,
            35.105979545207944
          ],
          [
            -85.740984379776336,
            35.10594654564261
          ],
          [
            -85.741031180907868,
            35.105880678415765
          ],
          [
            -85.741084580064552,
            35.105726745689608
          ],
          [
            -85.741164647063272,
            35.105600278387307
          ],
          [
            -85.74122498033752,
            35.105550878400798
          ],
          [
            -85.741418846361341,
            35.105490278421179
          ],
          [
            -85.741652780222182,
            35.105264878517382
          ],
          [
            -85.742040580945059,
            35.105044878382614
          ],
          [
            -85.742368047353153,
            35.104769878443157
          ],
          [
            -85.74242144755037,
            35.104681878266575
          ],
          [
            -85.742414646621114,
            35.104412544834219
          ],
          [
            -85.742461380117959,
            35.10433567884759
          ],
          [
            -85.742521646798039,
            35.104291678536782
          ],
          [
            -85.742842580734617,
            35.104275077964495
          ],
          [
            -85.743096646844364,
            35.104148544564659
          ],
          [
            -85.743110046839291,
            35.104120944711532
          ]
        ]
      },
      "properties": {
        "name": null,
        "gnis_id": null,
        "fcode": 46006,
        "ftype": 460,
        "water_kind": "flowline",
        "water_class": "stream",
        "lengthkm": 2.91690242,
        "areasqkm": null,
        "elevation": null,
        "permanent_identifier": "139314336",
        "nhd_layer_id": 6,
        "nhd_layer_name": "Flowline - Large Scale"
      }
    },
    {
      "type": "Feature",
      "id": 4413254,
      "geometry": {
        "type": "LineString",
        "coordinates": [
          [
            -85.710807438242043,
            35.103877145886749
          ],
          [
            -85.711503038242725,
            35.10424527932863
          ],
          [
            -85.711650238404431,
            35.104399079501256
          ],
          [
            -85.711757371769679,
            35.104613480060294
          ],
          [
            -85.71201817117398,
            35.104882679180569
          ],
          [
            -85.712279171401306,
            35.105053079419001
          ],
          [
            -85.712994772543652,
            35.105289279809803
          ],
          [
            -85.713195438456196,
            35.105459680049464
          ],
          [
            -85.713302571821444,
            35.105635479434731
          ],
          [
            -85.713389571897224,
            35.105866345900424
          ],
          [
            -85.713643772235841,
            35.106240080078081
          ],
          [
            -85.713717438910862,
            35.10646534619331
          ],
          [
            -85.713844439188904,
            35.106542279973603
          ],
          [
            -85.714406239022821,
            35.106624546720717
          ],
          [
            -85.715416172853878,
            35.106553079707439
          ],
          [
            -85.716245439832988,
            35.106470346405999
          ],
          [
            -85.716880839747759,
            35.106349346109361
          ],
          [
            -85.717175173476974,
            35.106343880257562
          ],
          [
            -85.717402439596867,
            35.106365746216376
          ],
          [
            -85.717696773326111,
            35.106349146066513
          ],
          [
            -85.718713240669217,
            35.106189679411834
          ],
          [
            -85.719602774328408,
            35.106161880206606
          ],
          [
            -85.720311773283484,
            35.106255279948606
          ],
          [
            -85.7207798407876,
            35.10621114617696
          ],
          [
            -85.721936974780348,
            35.10633727969406
          ],
          [
            -85.723756175489385,
            35.106430280001071
          ],
          [
            -85.724224375141304,
            35.106540146755748
          ]
        ]
      },
      "properties": {
        "name": null,
        "gnis_id": null,
        "fcode": 46006,
        "ftype": 460,
        "water_kind": "flowline",
        "water_class": "stream",
        "lengthkm": 1.3723790500000002,
        "areasqkm": null,
        "elevation": null,
        "permanent_identifier": "139316370",
        "nhd_layer_id": 6,
        "nhd_layer_name": "Flowline - Large Scale"
      }
    },
    {
      "type": "Feature",
      "id": 4413306,
      "geometry": {
        "type": "LineString",
        "coordinates": [
          [
            -85.743303646486453,
            35.093331942515626
          ],
          [
            -85.743150380012409,
            35.093290342272773
          ]
        ]
      },
      "properties": {
        "name": null,
        "gnis_id": null,
        "fcode": 55800,
        "ftype": 558,
        "water_kind": "flowline",
        "water_class": "artificial_path",
        "lengthkm": 0.014617400000000001,
        "areasqkm": null,
        "elevation": null,
        "permanent_identifier": "139318911",
        "nhd_layer_id": 6,
        "nhd_layer_name": "Flowline - Large Scale"
      }
    },
    {
      "type": "Feature",
      "id": 6426131,
      "geometry": {
        "type": "LineString",
        "coordinates": [
          [
            -85.761231783557051,
            35.078306072088303
          ],
          [
            -85.761278651282751,
            35.078130138841459
          ],
          [
            -85.761379051353458,
            35.07799827168278
          ],
          [
            -85.761746984122993,
            35.077624672029614
          ],
          [
            -85.7618473841937,
            35.077470871595096
          ],
          [
            -85.762014784239028,
            35.077113671260115
          ],
          [
            -85.762315851262812,
            35.076602671548123
          ],
          [
            -85.762730784946385,
            35.076086138591641
          ],
          [
            -85.762904785097959,
            35.075795071584324
          ],
          [
            -85.762985185067507,
            35.075514671132822
          ],
          [
            -85.763206651251707,
            35.074305671377694
          ],
          [
            -85.763340584606823,
            35.073986937723141
          ],
          [
            -85.763621651529462,
            35.07336047093311
          ],
          [
            -85.763635184712712,
            35.073228538157728
          ],
          [
            -85.763535185247548,
            35.072695337667582
          ],
          [
            -85.763521985035126,
            35.072437070727673
          ],
          [
            -85.763555450684819,
            35.072305137311041
          ],
          [
            -85.763682651785913,
            35.071969937724511
          ],
          [
            -85.763863384191481,
            35.071651270740048
          ],
          [
            -85.764197984499646,
            35.071173270910847
          ],
          [
            -85.764412051447664,
            35.070755537292428
          ],
          [
            -85.764740251432116,
            35.069815869630922
          ],
          [
            -85.764854385509139,
            35.06921687008149
          ],
          [
            -85.764874584352228,
            35.06885953652862
          ],
          [
            -85.76486158496283,
            35.068293469832135
          ],
          [
            -85.764941983891859,
            35.06789773656643
          ],
          [
            -85.765035651708544,
            35.067743936535109
          ],
          [
            -85.765256850475566,
            35.066881136415013
          ],
          [
            -85.765337384673984,
            35.066364469532907
          ],
          [
            -85.765397584759924,
            35.066265669685791
          ],
          [
            -85.765658384164212,
            35.066111869985818
          ],
          [
            -85.765972651400418,
            35.065952536710171
          ],
          [
            -85.766106451567197,
            35.065837135632641
          ]
        ]
      },
      "properties": {
        "name": null,
        "gnis_id": null,
        "fcode": 46006,
        "ftype": 460,
        "water_kind": "flowline",
        "water_class": "stream",
        "lengthkm": 1.5064501200000002,
        "areasqkm": null,
        "elevation": null,
        "permanent_identifier": "139314484",
        "nhd_layer_id": 6,
        "nhd_layer_name": "Flowline - Large Scale"
      }
    },
    {
      "type": "Feature",
      "id": 6426163,
      "geometry": {
        "type": "LineString",
        "coordinates": [
          [
            -85.756406985212763,
            35.112160346255152
          ],
          [
            -85.756146051579606,
            35.112110678716583
          ],
          [
            -85.755142984231441,
            35.11197274561242
          ],
          [
            -85.754775184650214,
            35.11187374564448
          ],
          [
            -85.754701651163529,
            35.111835145940788
          ],
          [
            -85.754534450900678,
            35.11169214608536
          ],
          [
            -85.753659184001123,
            35.110614479186687
          ],
          [
            -85.753599050509365,
            35.110466078858849
          ],
          [
            -85.753284651125341,
            35.110350545821994
          ],
          [
            -85.752656183247097,
            35.110229278900356
          ]
        ]
      },
      "properties": {
        "name": "Tate Cove Creek",
        "gnis_id": "01310101",
        "fcode": 46006,
        "ftype": 460,
        "water_kind": "flowline",
        "water_class": "stream",
        "lengthkm": 0.43249414000000003,
        "areasqkm": null,
        "elevation": null,
        "permanent_identifier": "139314480",
        "nhd_layer_id": 6,
        "nhd_layer_name": "Flowline - Large Scale"
      }
    },
    {
      "type": "Feature",
      "id": 7320178,
      "geometry": {
        "type": "LineString",
        "coordinates": [
          [
            -85.742070046782629,
            35.101903744141161
          ],
          [
            -85.742081646654,
            35.101655277843975
          ],
          [
            -85.742093780319223,
            35.101549744413518
          ],
          [
            -85.742101846537651,
            35.10151527797322
          ],
          [
            -85.742110446549916,
            35.101445344774568
          ],
          [
            -85.742120780091582,
            35.10141147760374
          ],
          [
            -85.74213277952795,
            35.101342477339131
          ],
          [
            -85.742177246742045,
            35.101207677522282
          ],
          [
            -85.74219498056047,
            35.101139878270288
          ],
          [
            -85.742224980191921,
            35.101074344274551
          ],
          [
            -85.742278780994653,
            35.100977744509841
          ],
          [
            -85.74242844722157,
            35.100763677463704
          ],
          [
            -85.742476646830596,
            35.100706477442884
          ],
          [
            -85.742548581016749,
            35.100576477091579
          ],
          [
            -85.7425785806482,
            35.100473877572938
          ],
          [
            -85.742584179760854,
            35.100438877759068
          ],
          [
            -85.742588779960997,
            35.100367744143114
          ],
          [
            -85.742584380583892,
            35.100332477823969
          ],
          [
            -85.742560447264793,
            35.100264277728513
          ],
          [
            -85.742516846815377,
            35.100163743948229
          ],
          [
            -85.74241097977982,
            35.099970077329466
          ],
          [
            -85.742330979375268,
            35.099844943617988
          ],
          [
            -85.742266180129718,
            35.099753944049674
          ],
          [
            -85.742241446640094,
            35.099724943997472
          ],
          [
            -85.742178980271447,
            35.099634477219205
          ],
          [
            -85.742164646917658,
            35.099602277876677
          ],
          [
            -85.742119180791065,
            35.099545077041029
          ],
          [
            -85.742102779896499,
            35.099514743751278
          ],
          [
            -85.74204998008733,
            35.099461077526996
          ],
          [
            -85.741796847336445,
            35.099266943566896
          ],
          [
            -85.741596179342821,
            35.099131743602165
          ],
          [
            -85.741531579879776,
            35.099084143646905
          ],
          [
            -85.741459379316964,
            35.099047477198383
          ],
          [
            -85.741287047141171,
            35.09894007769612
          ],
          [
            -85.741221380090394,
            35.098892343971073
          ],
          [
            -85.741160980221991,
            35.098841277282368
          ],
          [
            -85.741031446243994,
            35.098745344013473
          ],
          [
            -85.740787980052588,
            35.098544676963343
          ],
          [
            -85.740729579049699,
            35.098492877063308
          ],
          [
            -85.740701846741516,
            35.098465276998006
          ],
          [
            -85.740627846055119,
            35.09837927745
          ],
          [
            -85.740586646117322,
            35.098316743876296
          ],
          [
            -85.740489779699573,
            35.098117943593955
          ],
          [
            -85.740467245898486,
            35.098014944260008
          ],
          [
            -85.740451446432516,
            35.097911477413376
          ],
          [
            -85.740444646543793,
            35.097841743740929
          ],
          [
            -85.740444979514635,
            35.097772077264395
          ],
          [
            -85.74042918004865,
            35.097563544010825
          ],
          [
            -85.74042717910207,
            35.097493543571794
          ],
          [
            -85.740390845741047,
            35.09728574346159
          ],
          [
            -85.74037737915198,
            35.097252343651753
          ],
          [
            -85.740368846774388,
            35.09721827722781
          ],
          [
            -85.740365245486743,
            35.09718387706365
          ],
          [
            -85.740335846243312,
            35.09708154315117
          ],
          [
            -85.740305979800212,
            35.096944343159834
          ],
          [
            -85.740292579805285,
            35.096840476524847
          ],
          [
            -85.740290979464234,
            35.096734877267352
          ],
          [
            -85.740313779641951,
            35.096488143036332
          ],
          [
            -85.740311646547568,
            35.096418343443972
          ],
          [
            -85.740334645467257,
            35.095925143901802
          ],
          [
            -85.740342445308997,
            35.095854143415792
          ],
          [
            -85.740437979843421,
            35.095437275998961
          ],
          [
            -85.740491046029263,
            35.095267276233102
          ],
          [
            -85.740506846535766,
            35.095234943204673
          ],
          [
            -85.740528779948818,
            35.095167876265904
          ],
          [
            -85.740547046520575,
            35.095136342628173
          ],
          [
            -85.740560578663292,
            35.095103476594197
          ],
          [
            -85.740567979980554,
            35.095068543435254
          ],
          [
            -85.740621779742781,
            35.094973142938478
          ],
          [
            -85.740680379487642,
            35.094878343394498
          ],
          [
            -85.740802045989184,
            35.094689876295128
          ],
          [
            -85.74086824579328,
            35.094597476430671
          ],
          [
            -85.740914578684581,
            35.094536743157114
          ],
          [
            -85.741054645986722,
            35.094401342938589
          ],
          [
            -85.741146046480154,
            35.094324542433093
          ],
          [
            -85.741346246233533,
            35.094184076191794
          ],
          [
            -85.741520446167584,
            35.094077743014751
          ],
          [
            -85.741593646683441,
            35.094039476284465
          ],
          [
            -85.741754779593393,
            35.093986342822625
          ],
          [
            -85.742307646444203,
            35.093863876655142
          ],
          [
            -85.742432379398991,
            35.093829676000666
          ],
          [
            -85.742594579896675,
            35.093779342582529
          ],
          [
            -85.742632646787072,
            35.093761542832659
          ],
          [
            -85.742666579636477,
            35.093738676529426
          ],
          [
            -85.742730179146477,
            35.093707276005333
          ]
        ]
      },
      "properties": {
        "name": "Battle Creek",
        "gnis_id": "01276480",
        "fcode": 55800,
        "ftype": 558,
        "water_kind": "flowline",
        "water_class": "artificial_path",
        "lengthkm": 1.10932673,
        "areasqkm": null,
        "elevation": null,
        "permanent_identifier": "139318878",
        "nhd_layer_id": 6,
        "nhd_layer_name": "Flowline - Large Scale"
      }
    },
    {
      "type": "Feature",
      "id": 7767554,
      "geometry": {
        "type": "LineString",
        "coordinates": [
          [
            -85.727447442270247,
            35.105264145584712
          ],
          [
            -85.727567842442085,
            35.105170679159997
          ],
          [
            -85.727654775923682,
            35.105071745839709
          ],
          [
            -85.727801576520406,
            35.10464294571733
          ],
          [
            -85.728189442796918,
            35.104263545838378
          ],
          [
            -85.728309643186279,
            35.104170145516548
          ],
          [
            -85.729927843971396,
            35.103565079194375
          ],
          [
            -85.730155243279611,
            35.103532078651519
          ]
        ]
      },
      "properties": {
        "name": null,
        "gnis_id": null,
        "fcode": 46006,
        "ftype": 460,
        "water_kind": "flowline",
        "water_class": "stream",
        "lengthkm": 0.33065940999999999,
        "areasqkm": null,
        "elevation": null,
        "permanent_identifier": "139314330",
        "nhd_layer_id": 6,
        "nhd_layer_name": "Flowline - Large Scale"
      }
    },
    {
      "type": "Feature",
      "id": 7767577,
      "geometry": {
        "type": "LineString",
        "coordinates": [
          [
            -85.72226917561747,
            35.118010948508413
          ],
          [
            -85.722161975658054,
            35.117565881601124
          ],
          [
            -85.722155174728812,
            35.117291082223019
          ],
          [
            -85.722121641444403,
            35.117131682089664
          ],
          [
            -85.721927575638077,
            35.116752481639161
          ],
          [
            -85.721177975052157,
            35.115713881292557
          ],
          [
            -85.720595974294085,
            35.115131347320457
          ],
          [
            -85.720569041115894,
            35.115070947676955
          ]
        ]
      },
      "properties": {
        "name": null,
        "gnis_id": null,
        "fcode": 46006,
        "ftype": 460,
        "water_kind": "flowline",
        "water_class": "stream",
        "lengthkm": 0.37096656,
        "areasqkm": null,
        "elevation": null,
        "permanent_identifier": "139316358",
        "nhd_layer_id": 6,
        "nhd_layer_name": "Flowline - Large Scale"
      }
    },
    {
      "type": "Feature",
      "id": 8661584,
      "geometry": {
        "type": "LineString",
        "coordinates": [
          [
            -85.739052244725841,
            35.090523742266456
          ],
          [
            -85.739045245054641,
            35.090452875857544
          ],
          [
            -85.739046978584028,
            35.090311142854922
          ],
          [
            -85.739042978771906,
            35.090240741984935
          ],
          [
            -85.739045578025468,
            35.090169342344225
          ],
          [
            -85.739063378438047,
            35.090063875782263
          ],
          [
            -85.739145979136694,
            35.089791075608822
          ],
          [
            -85.739160045073291,
            35.089757142294751
          ],
          [
            -85.739221444894739,
            35.089662942046779
          ],
          [
            -85.739298645222718,
            35.089535142040688
          ],
          [
            -85.739371178756372,
            35.089447341680675
          ],
          [
            -85.739401444764468,
            35.089422142120355
          ],
          [
            -85.739426178254121,
            35.089393875725953
          ],
          [
            -85.739446645554949,
            35.089363475654316
          ],
          [
            -85.739587179016269,
            35.089232941253719
          ],
          [
            -85.739618045412399,
            35.089208942136636
          ],
          [
            -85.739649645384915,
            35.089184942161083
          ],
          [
            -85.739723445248259,
            35.089148474751745
          ],
          [
            -85.739835578378674,
            35.08909647560867
          ],
          [
            -85.739952644680059,
            35.089051542423626
          ],
          [
            -85.740118179048181,
            35.089016541963652
          ],
          [
            -85.740199244959413,
            35.088995475098834
          ],
          [
            -85.7403676449578,
            35.0889702753989
          ],
          [
            -85.740448445532891,
            35.088948141682991
          ],
          [
            -85.740532845314576,
            35.088937541405336
          ],
          [
            -85.740662778857555,
            35.088925875138351
          ],
          [
            -85.741145446092133,
            35.088903075593471
          ]
        ]
      },
      "properties": {
        "name": "Battle Creek",
        "gnis_id": "01276480",
        "fcode": 55800,
        "ftype": 558,
        "water_kind": "flowline",
        "water_class": "artificial_path",
        "lengthkm": 0.30635150999999999,
        "areasqkm": null,
        "elevation": null,
        "permanent_identifier": "139318875",
        "nhd_layer_id": 6,
        "nhd_layer_name": "Flowline - Large Scale"
      }
    },
    {
      "type": "Feature",
      "id": 9557348,
      "geometry": {
        "type": "LineString",
        "coordinates": [
          [
            -85.751085649317673,
            35.108535545931026
          ],
          [
            -85.751025983025627,
            35.108596545423531
          ]
        ]
      },
      "properties": {
        "name": null,
        "gnis_id": null,
        "fcode": 55800,
        "ftype": 558,
        "water_kind": "flowline",
        "water_class": "artificial_path",
        "lengthkm": 0.0086993000000000001,
        "areasqkm": null,
        "elevation": null,
        "permanent_identifier": "139318922",
        "nhd_layer_id": 6,
        "nhd_layer_name": "Flowline - Large Scale"
      }
    },
    {
      "type": "Feature",
      "id": 9557350,
      "geometry": {
        "type": "LineString",
        "coordinates": [
          [
            -85.714995973028479,
            35.110521281068117
          ],
          [
            -85.715256840067482,
            35.11043328029178
          ],
          [
            -85.715704839835766,
            35.110053947373437
          ],
          [
            -85.715925573484142,
            35.109921947118664
          ],
          [
            -85.717115840155756,
            35.109295280495708
          ],
          [
            -85.71765083999982,
            35.109097279892609
          ],
          [
            -85.717978573825107,
            35.109014747507693
          ],
          [
            -85.718888174179625,
            35.108844146151718
          ],
          [
            -85.719142241329905,
            35.108822146364972
          ],
          [
            -85.719697373422889,
            35.108871546922458
          ],
          [
            -85.719904641522731,
            35.108827546506639
          ],
          [
            -85.72025917429734,
            35.10867347974574
          ],
          [
            -85.720466374762466,
            35.108640546815309
          ],
          [
            -85.720767441786236,
            35.108634946624001
          ],
          [
            -85.721175441352244,
            35.108717280207685
          ],
          [
            -85.721904441448984,
            35.108838080356968
          ],
          [
            -85.722125241691529,
            35.108898480364466
          ],
          [
            -85.722486441166538,
            35.109046746500837
          ],
          [
            -85.722633642368763,
            35.10908527942788
          ],
          [
            -85.722780774895753,
            35.109085146637938
          ]
        ]
      },
      "properties": {
        "name": null,
        "gnis_id": null,
        "fcode": 46006,
        "ftype": 460,
        "water_kind": "flowline",
        "water_class": "stream",
        "lengthkm": 0.77199002000000005,
        "areasqkm": null,
        "elevation": null,
        "permanent_identifier": "139316371",
        "nhd_layer_id": 6,
        "nhd_layer_name": "Flowline - Large Scale"
      }
    },
    {
      "type": "Feature",
      "id": 9781343,
      "geometry": {
        "type": "LineString",
        "coordinates": [
          [
            -85.750409847554565,
            35.08358807386854
          ],
          [
            -85.750342381420779,
            35.08445634092535
          ],
          [
            -85.750281981552348,
            35.084764074392112
          ],
          [
            -85.75009438162337,
            35.085115740749217
          ],
          [
            -85.749978181046146,
            35.085220140861658
          ],
          [
            -85.749884648498863,
            35.085288140673818
          ],
          [
            -85.749503648705229,
            35.085519140538871
          ],
          [
            -85.748955447608196,
            35.085772140654129
          ],
          [
            -85.748708181387158,
            35.085849274471869
          ],
          [
            -85.748113047010833,
            35.085877074643264
          ],
          [
            -85.747812247404241,
            35.085921141088527
          ],
          [
            -85.747605046939114,
            35.086003673864553
          ],
          [
            -85.747023579974908,
            35.086344674660843
          ],
          [
            -85.746455246628955,
            35.08643847430082
          ],
          [
            -85.74620784721958,
            35.086432941552083
          ],
          [
            -85.745927047714133,
            35.086405674580547
          ],
          [
            -85.745779980740778,
            35.086405740993996
          ]
        ]
      },
      "properties": {
        "name": null,
        "gnis_id": null,
        "fcode": 46006,
        "ftype": 460,
        "water_kind": "flowline",
        "water_class": "stream",
        "lengthkm": 0.60734156000000006,
        "areasqkm": null,
        "elevation": null,
        "permanent_identifier": "139316341",
        "nhd_layer_id": 6,
        "nhd_layer_name": "Flowline - Large Scale"
      }
    },
    {
      "type": "Feature",
      "id": 10232180,
      "geometry": {
        "type": "LineString",
        "coordinates": [
          [
            -85.722780774895753,
            35.109085146637938
          ],
          [
            -85.722847641682051,
            35.10903567981493
          ],
          [
            -85.722994775249603,
            35.10884874699628
          ],
          [
            -85.723282041672917,
            35.10829354618285
          ],
          [
            -85.723429042052118,
            35.108112146345022
          ],
          [
            -85.723542774483036,
            35.107930746103463
          ],
          [
            -85.723736575993769,
            35.107441546359944
          ],
          [
            -85.72381664195197,
            35.107183145977771
          ],
          [
            -85.723843375347656,
            35.107001879866758
          ],
          [
            -85.723943575635857,
            35.106781946561078
          ],
          [
            -85.724210975146363,
            35.10656754659864
          ],
          [
            -85.724224375141304,
            35.106540146755748
          ]
        ]
      },
      "properties": {
        "name": null,
        "gnis_id": null,
        "fcode": 46006,
        "ftype": 460,
        "water_kind": "flowline",
        "water_class": "stream",
        "lengthkm": 0.3186137,
        "areasqkm": null,
        "elevation": null,
        "permanent_identifier": "139314334",
        "nhd_layer_id": 6,
        "nhd_layer_name": "Flowline - Large Scale"
      }
    },
    {
      "type": "Feature",
      "id": 10232190,
      "geometry": {
        "type": "LineString",
        "coordinates": [
          [
            -85.754327583406422,
            35.102200144104259
          ],
          [
            -85.754126784305541,
            35.102337543816375
          ],
          [
            -85.753604783850875,
            35.102782477673543
          ],
          [
            -85.753330383628608,
            35.103172477767046
          ],
          [
            -85.753189783573134,
            35.103304276985185
          ],
          [
            -85.752286583542329,
            35.103781944679831
          ],
          [
            -85.752233050156789,
            35.103858877587875
          ],
          [
            -85.752273050359079,
            35.103979878176666
          ],
          [
            -85.75239998300242,
            35.104194344534676
          ],
          [
            -85.752426649803951,
            35.104282277987508
          ],
          [
            -85.752593583690128,
            35.104601077989827
          ],
          [
            -85.752700383044015,
            35.104837544432897
          ],
          [
            -85.75278718333729,
            35.105178344742235
          ],
          [
            -85.75275998378244,
            35.105612477707368
          ],
          [
            -85.752605849503155,
            35.105991678073693
          ],
          [
            -85.752465049665176,
            35.106431278511785
          ],
          [
            -85.75215038286396,
            35.106947745282156
          ],
          [
            -85.752003049513917,
            35.107112545163623
          ],
          [
            -85.751460783622008,
            35.107903678698506
          ],
          [
            -85.751386983758664,
            35.108128945323067
          ],
          [
            -85.751085649317673,
            35.108535545931026
          ]
        ]
      },
      "properties": {
        "name": null,
        "gnis_id": null,
        "fcode": 46006,
        "ftype": 460,
        "water_kind": "flowline",
        "water_class": "stream",
        "lengthkm": 0.83764678999999997,
        "areasqkm": null,
        "elevation": null,
        "permanent_identifier": "139316306",
        "nhd_layer_id": 6,
        "nhd_layer_name": "Flowline - Large Scale"
      }
    },
    {
      "type": "Feature",
      "id": 10903834,
      "geometry": {
        "type": "LineString",
        "coordinates": [
          [
            -85.742730179146477,
            35.093707276005333
          ],
          [
            -85.742767580095204,
            35.093688075722291
          ],
          [
            -85.742870980025003,
            35.093622143250954
          ],
          [
            -85.742961846724555,
            35.093544342491491
          ],
          [
            -85.743037179294291,
            35.09345654304235
          ],
          [
            -85.743150380012409,
            35.093290342272773
          ]
        ]
      },
      "properties": {
        "name": "Battle Creek",
        "gnis_id": "01276480",
        "fcode": 55800,
        "ftype": 558,
        "water_kind": "flowline",
        "water_class": "artificial_path",
        "lengthkm": 0.061065700000000007,
        "areasqkm": null,
        "elevation": null,
        "permanent_identifier": "139318879",
        "nhd_layer_id": 6,
        "nhd_layer_name": "Flowline - Large Scale"
      }
    },
    {
      "type": "Feature",
      "id": 11577939,
      "geometry": {
        "type": "LineString",
        "coordinates": [
          [
            -85.744337046436911,
            35.078497273014875
          ],
          [
            -85.744439046848669,
            35.07849707290368
          ]
        ]
      },
      "properties": {
        "name": "Kelly Cove Branch",
        "gnis_id": "01650200",
        "fcode": 55800,
        "ftype": 558,
        "water_kind": "flowline",
        "water_class": "artificial_path",
        "lengthkm": 0.00922335,
        "areasqkm": null,
        "elevation": null,
        "permanent_identifier": "139318902",
        "nhd_layer_id": 6,
        "nhd_layer_name": "Flowline - Large Scale"
      }
    },
    {
      "type": "Feature",
      "id": 12026620,
      "geometry": {
        "type": "LineString",
        "coordinates": [
          [
            -85.706864769118084,
            35.086246076106768
          ],
          [
            -85.706945035899324,
            35.086240543344971
          ],
          [
            -85.707038569487139,
            35.086207542601414
          ],
          [
            -85.70734616898244,
            35.08598767580726
          ],
          [
            -85.707847436800108,
            35.085525875616185
          ],
          [
            -85.708161769589964,
            35.085284075774609
          ],
          [
            -85.708790169833506,
            35.084992675449804
          ],
          [
            -85.709004170187342,
            35.08486074189954
          ],
          [
            -85.70947877016296,
            35.084514475343838
          ],
          [
            -85.709853169850405,
            35.084195542304343
          ],
          [
            -85.710080437010816,
            35.084074675837741
          ],
          [
            -85.710307637577102,
            35.084014142488456
          ],
          [
            -85.711357437381551,
            35.083860142080319
          ],
          [
            -85.711631436998289,
            35.083744675216941
          ],
          [
            -85.71217963705476,
            35.083398341765076
          ],
          [
            -85.712326770622298,
            35.083337875181343
          ],
          [
            -85.712654371259262,
            35.083249874862368
          ],
          [
            -85.712854970577638,
            35.083172874824704
          ],
          [
            -85.713235970371272,
            35.082925475417056
          ],
          [
            -85.713810837229275,
            35.082480141139001
          ],
          [
            -85.714265437103776,
            35.082188874700826
          ],
          [
            -85.714485970969648,
            35.082100874845338
          ],
          [
            -85.714960770727771,
            35.082023874574638
          ],
          [
            -85.715796371436454,
            35.081732341689879
          ],
          [
            -85.716157438763659,
            35.081561874830072
          ],
          [
            -85.716438238269077,
            35.081457341458162
          ],
          [
            -85.717507771798026,
            35.081231874262137
          ],
          [
            -85.718430371541942,
            35.080951341777428
          ],
          [
            -85.718724572082834,
            35.080901874913842
          ],
          [
            -85.7195268392896,
            35.080593873977179
          ],
          [
            -85.72016863848755,
            35.080478273911581
          ],
          [
            -85.720422639043647,
            35.08040687424009
          ],
          [
            -85.720563039316644,
            35.080346274305285
          ],
          [
            -85.720890440171104,
            35.079994474134566
          ],
          [
            -85.721084239600771,
            35.079846074267934
          ],
          [
            -85.721211373067163,
            35.079780074405789
          ],
          [
            -85.721485572466392,
            35.079769074423588
          ],
          [
            -85.721619172850652,
            35.079736073616488
          ],
          [
            -85.721899840208295,
            35.079560073628159
          ],
          [
            -85.722053639435671,
            35.079505074405461
          ],
          [
            -85.722381240072636,
            35.079477540293375
          ],
          [
            -85.72351124006417,
            35.079631141094481
          ],
          [
            -85.723718440529296,
            35.079636541466606
          ],
          [
            -85.723792040610121,
            35.079603540605952
          ],
          [
            -85.724132840419003,
            35.079152740104199
          ],
          [
            -85.724366773239282,
            35.078993340322732
          ],
          [
            -85.724627440495766,
            35.078965874160495
          ],
          [
            -85.725048773462532,
            35.079042673801546
          ],
          [
            -85.725302774018644,
            35.079064540270004
          ],
          [
            -85.725490039936261,
            35.079020540797856
          ],
          [
            -85.725964640952427,
            35.078860940647822
          ],
          [
            -85.726278841594464,
            35.078816940214381
          ],
          [
            -85.726619841185823,
            35.07883333989875
          ],
          [
            -85.727121241151295,
            35.078789140191482
          ],
          [
            -85.727402174885611,
            35.078855073584137
          ],
          [
            -85.727602774203987,
            35.07899794029727
          ],
          [
            -85.727716374487102,
            35.079036340111742
          ],
          [
            -85.728485374786146,
            35.079140540231265
          ],
          [
            -85.728665841855587,
            35.079233940272665
          ],
          [
            -85.728839775412965,
            35.079349340289291
          ],
          [
            -85.728946774549343,
            35.079393274016446
          ],
          [
            -85.729307975064884,
            35.079629473808254
          ],
          [
            -85.730103642165417,
            35.079854540959509
          ],
          [
            -85.730250775732969,
            35.079887474448391
          ],
          [
            -85.730417974955273,
            35.079887474448391
          ],
          [
            -85.731012841914421,
            35.079716873450444
          ],
          [
            -85.731113176431478,
            35.079716873450444
          ],
          [
            -85.731380575941984,
            35.079804740485343
          ],
          [
            -85.732109442850401,
            35.079941873090405
          ],
          [
            -85.732290043108179,
            35.080095673976054
          ],
          [
            -85.732490775614892,
            35.080167140338425
          ],
          [
            -85.732604443532708,
            35.080260473637651
          ],
          [
            -85.732704842562896,
            35.080408873602039
          ],
          [
            -85.732918776322563,
            35.080601139955014
          ],
          [
            -85.733152843371698,
            35.080689074158641
          ],
          [
            -85.734055576202792,
            35.080760140641445
          ],
          [
            -85.734577043904125,
            35.08077107407199
          ],
          [
            -85.734924643601701,
            35.080721474263036
          ],
          [
            -85.735312443284059,
            35.080710273450464
          ],
          [
            -85.735345843380117,
            35.080726740023842
          ],
          [
            -85.73608804472984,
            35.08079247344812
          ],
          [
            -85.736830177404315,
            35.080803140350795
          ],
          [
            -85.736937177581211,
            35.080841540167086
          ],
          [
            -85.73707097774799,
            35.080935073651517
          ],
          [
            -85.737191444513996,
            35.081061339938756
          ],
          [
            -85.737371977137059,
            35.081121740089188
          ],
          [
            -85.73753917739991,
            35.081132673471274
          ],
          [
            -85.737839977006487,
            35.081110541034576
          ],
          [
            -85.738401578098433,
            35.081000473967187
          ],
          [
            -85.738742444501469,
            35.080901473851775
          ],
          [
            -85.738869577967861,
            35.080829873593657
          ],
          [
            -85.739043178554411,
            35.080560473291456
          ],
          [
            -85.739190177893065,
            35.080434073392468
          ],
          [
            -85.739357378155916,
            35.080378940219191
          ],
          [
            -85.740052645185756,
            35.080351273565292
          ],
          [
            -85.740467178263799,
            35.080279673675832
          ],
          [
            -85.740680978835144,
            35.080202673389181
          ],
          [
            -85.740988445142094,
            35.08004314026725
          ],
          [
            -85.741456446052041,
            35.07987807278846
          ],
          [
            -85.741790578120003,
            35.07970747347396
          ],
          [
            -85.742164845659616,
            35.079608473492513
          ],
          [
            -85.742438846316873,
            35.079448940060146
          ],
          [
            -85.742706379015729,
            35.079382873457561
          ],
          [
            -85.742987045332825,
            35.079283740243767
          ],
          [
            -85.743361446060788,
            35.079267272527652
          ],
          [
            -85.743622179911455,
            35.079179140088144
          ],
          [
            -85.743775979138817,
            35.079162539512176
          ],
          [
            -85.743876179427033,
            35.079124073337738
          ],
          [
            -85.743929646218405,
            35.079041539561892
          ],
          [
            -85.743936179730454,
            35.078893273355625
          ],
          [
            -85.743909246552263,
            35.078706339546436
          ],
          [
            -85.743929378801212,
            35.078640473304915
          ],
          [
            -85.744009445799946,
            35.07857447331898
          ],
          [
            -85.744337046436911,
            35.078497273014875
          ]
        ]
      },
      "properties": {
        "name": "Kelly Cove Branch",
        "gnis_id": "01650200",
        "fcode": 46006,
        "ftype": 460,
        "water_kind": "flowline",
        "water_class": "stream",
        "lengthkm": 3.8734217900000001,
        "areasqkm": null,
        "elevation": null,
        "permanent_identifier": "139314324",
        "nhd_layer_id": 6,
        "nhd_layer_name": "Flowline - Large Scale"
      }
    },
    {
      "type": "Feature",
      "id": 12251017,
      "geometry": {
        "type": "LineString",
        "coordinates": [
          [
            -85.745137446925952,
            35.085532074270951
          ],
          [
            -85.745049780908502,
            35.085334474038639
          ]
        ]
      },
      "properties": {
        "name": null,
        "gnis_id": null,
        "fcode": 55800,
        "ftype": 558,
        "water_kind": "flowline",
        "water_class": "artificial_path",
        "lengthkm": 0.02348834,
        "areasqkm": null,
        "elevation": null,
        "permanent_identifier": "139318925",
        "nhd_layer_id": 6,
        "nhd_layer_name": "Flowline - Large Scale"
      }
    },
    {
      "type": "Feature",
      "id": 12251288,
      "geometry": {
        "type": "LineString",
        "coordinates": [
          [
            -85.750819648284661,
            35.072507871886295
          ],
          [
            -85.750525580932106,
            35.072474671422796
          ],
          [
            -85.749977380875634,
            35.072562337615096
          ],
          [
            -85.749835180479081,
            35.072575338122846
          ],
          [
            -85.749333980296086,
            35.072685538334454
          ],
          [
            -85.749066579745033,
            35.072784671048957
          ],
          [
            -85.748551980607658,
            35.073015737827269
          ],
          [
            -85.748271246655861,
            35.073175271915851
          ],
          [
            -85.747856979954477,
            35.073466738296062
          ],
          [
            -85.747295779468061,
            35.073939671389439
          ],
          [
            -85.746794646919781,
            35.074423538577818
          ],
          [
            -85.746794646919781,
            35.074445471855782
          ]
        ]
      },
      "properties": {
        "name": null,
        "gnis_id": null,
        "fcode": 46006,
        "ftype": 460,
        "water_kind": "flowline",
        "water_class": "stream",
        "lengthkm": 0.44422351000000004,
        "areasqkm": null,
        "elevation": null,
        "permanent_identifier": "139316352",
        "nhd_layer_id": 6,
        "nhd_layer_name": "Flowline - Large Scale"
      }
    },
    {
      "type": "Feature",
      "id": 12700794,
      "geometry": {
        "type": "LineString",
        "coordinates": [
          [
            -85.784093657663419,
            35.070399536450843
          ],
          [
            -85.783766190214777,
            35.070234536328343
          ],
          [
            -85.783625856535963,
            35.070196136629761
          ],
          [
            -85.783024189688092,
            35.070102536330793
          ],
          [
            -85.782816989222979,
            35.070003535766681
          ],
          [
            -85.781740790034192,
            35.069783335748582
          ],
          [
            -85.78142658939214,
            35.069673336008925
          ],
          [
            -85.781292855819544,
            35.069612869472834
          ],
          [
            -85.781085789583287,
            35.069425869266325
          ],
          [
            -85.780751655434273,
            35.068986136608217
          ],
          [
            -85.780678188541771,
            35.068925669562944
          ],
          [
            -85.780511055913621,
            35.068892669480213
          ],
          [
            -85.779902655771224,
            35.068952869987619
          ],
          [
            -85.779688655417374,
            35.069024269462425
          ],
          [
            -85.779488056099012,
            35.069172669423345
          ],
          [
            -85.779334189236948,
            35.069436335818331
          ],
          [
            -85.779180255780688,
            35.069832136567271
          ],
          [
            -85.779126788989302,
            35.070046469608286
          ],
          [
            -85.779046455613909,
            35.070156269565025
          ],
          [
            -85.778986255527997,
            35.070200335985582
          ],
          [
            -85.778839188554628,
            35.070205736130291
          ],
          [
            -85.778424788664921,
            35.070002270251067
          ],
          [
            -85.778204188204867,
            35.069798870291507
          ],
          [
            -85.777983788567838,
            35.069474469313846
          ],
          [
            -85.777823454787892,
            35.069342537069225
          ],
          [
            -85.777569388678131,
            35.069243470007514
          ],
          [
            -85.777495855191461,
            35.069193936431503
          ],
          [
            -85.77724205441784,
            35.068836669205965
          ],
          [
            -85.777108388479931,
            35.068781669568359
          ]
        ]
      },
      "properties": {
        "name": "Sweden Creek",
        "gnis_id": "01303966",
        "fcode": 46006,
        "ftype": 460,
        "water_kind": "flowline",
        "water_class": "stream",
        "lengthkm": 0.85100731000000007,
        "areasqkm": null,
        "elevation": null,
        "permanent_identifier": "139313259",
        "nhd_layer_id": 6,
        "nhd_layer_name": "Flowline - Large Scale"
      }
    },
    {
      "type": "Feature",
      "id": 12925040,
      "geometry": {
        "type": "LineString",
        "coordinates": [
          [
            -85.730155243279611,
            35.103532078651519
          ],
          [
            -85.730476376998695,
            35.103504478589663
          ],
          [
            -85.730797244341119,
            35.103410945450094
          ],
          [
            -85.731024643649363,
            35.103394345549724
          ],
          [
            -85.731251977403957,
            35.103421878397995
          ],
          [
            -85.731432644255875,
            35.10346574467669
          ],
          [
            -85.731827243826942,
            35.10364694459107
          ],
          [
            -85.731894243801577,
            35.103707345040519
          ],
          [
            -85.732121644150354,
            35.103833745475526
          ],
          [
            -85.732262044423322,
            35.103872144663669
          ],
          [
            -85.732395844590101,
            35.103877678783022
          ],
          [
            -85.732549643817478,
            35.103850145237416
          ],
          [
            -85.732964244530223,
            35.103701545312191
          ],
          [
            -85.733158177148212,
            35.103679478589221
          ],
          [
            -85.733499244374272,
            35.103684879071629
          ],
          [
            -85.734214778922464,
            35.103640678360016
          ],
          [
            -85.734502377276087,
            35.103668078326379
          ],
          [
            -85.735465578650846,
            35.103651278428892
          ],
          [
            -85.735652644785958,
            35.103623744806811
          ],
          [
            -85.735880045134721,
            35.103535677844604
          ],
          [
            -85.736234445761539,
            35.103469545625217
          ],
          [
            -85.736702645413445,
            35.103441944690886
          ],
          [
            -85.737137245186815,
            35.103342878175589
          ],
          [
            -85.737331245439492,
            35.103408744899404
          ],
          [
            -85.737505178996869,
            35.103408744899404
          ],
          [
            -85.737699046061238,
            35.10335914438572
          ],
          [
            -85.738234045905301,
            35.103320477654606
          ],
          [
            -85.738341046082212,
            35.103276544898087
          ],
          [
            -85.738441246370428,
            35.103188478412051
          ],
          [
            -85.738541646441121,
            35.103150078901841
          ],
          [
            -85.739083245350855,
            35.103078344945168
          ],
          [
            -85.739210245628911,
            35.103012345154589
          ],
          [
            -85.739223580070203,
            35.102808944922032
          ],
          [
            -85.7392970459222,
            35.102753944350951
          ],
          [
            -85.739511046276021,
            35.102698944594017
          ],
          [
            -85.739638178701867,
            35.102643878399746
          ],
          [
            -85.739718379929485,
            35.102572478552894
          ],
          [
            -85.740066046221216,
            35.102478877943611
          ],
          [
            -85.740427045913719,
            35.102341343966202
          ],
          [
            -85.741256246298676,
            35.102099144501537
          ],
          [
            -85.741563780240327,
            35.101961677986836
          ],
          [
            -85.741978379912524,
            35.101884544936972
          ]
        ]
      },
      "properties": {
        "name": null,
        "gnis_id": null,
        "fcode": 46006,
        "ftype": 460,
        "water_kind": "flowline",
        "water_class": "stream",
        "lengthkm": 1.15144446,
        "areasqkm": null,
        "elevation": null,
        "permanent_identifier": "139314329",
        "nhd_layer_id": 6,
        "nhd_layer_name": "Flowline - Large Scale"
      }
    },
    {
      "type": "Feature",
      "id": 12925450,
      "geometry": {
        "type": "LineString",
        "coordinates": [
          [
            -85.742789179496882,
            35.09377187600213
          ],
          [
            -85.742730179146477,
            35.093707276005333
          ]
        ]
      },
      "properties": {
        "name": null,
        "gnis_id": null,
        "fcode": 55800,
        "ftype": 558,
        "water_kind": "flowline",
        "water_class": "artificial_path",
        "lengthkm": 0.0089834600000000004,
        "areasqkm": null,
        "elevation": null,
        "permanent_identifier": "139318924",
        "nhd_layer_id": 6,
        "nhd_layer_name": "Flowline - Large Scale"
      }
    },
    {
      "type": "Feature",
      "id": 13149999,
      "geometry": {
        "type": "LineString",
        "coordinates": [
          [
            -85.734847576462059,
            35.086558341916493
          ],
          [
            -85.73486104305114,
            35.086778275288459
          ],
          [
            -85.734908043965177,
            35.086970541104051
          ],
          [
            -85.734961577350717,
            35.087091474801191
          ],
          [
            -85.73503517743157,
            35.08716287458212
          ],
          [
            -85.735202377694407,
            35.087250741259936
          ],
          [
            -85.736111843820069,
            35.087459275344109
          ],
          [
            -85.736566644517595,
            35.087602075050974
          ],
          [
            -85.737094977661272,
            35.087695341945732
          ],
          [
            -85.738251778683178,
            35.087837741914171
          ],
          [
            -85.738867045308453,
            35.087952941591944
          ],
          [
            -85.739381978457189,
            35.088018675153307
          ],
          [
            -85.73961597891217,
            35.08807367459621
          ],
          [
            -85.739843444814568,
            35.088155941248935
          ],
          [
            -85.740137778543797,
            35.088353675132538
          ],
          [
            -85.74037844569915,
            35.088485474466545
          ],
          [
            -85.740525645860856,
            35.088589875374453
          ],
          [
            -85.740646179221031,
            35.088644875283606
          ],
          [
            -85.741027378797185,
            35.088771075145431
          ],
          [
            -85.741114245684614,
            35.088853475620454
          ]
        ]
      },
      "properties": {
        "name": null,
        "gnis_id": null,
        "fcode": 46006,
        "ftype": 460,
        "water_kind": "flowline",
        "water_class": "stream",
        "lengthkm": 0.66293423000000007,
        "areasqkm": null,
        "elevation": null,
        "permanent_identifier": "139316348",
        "nhd_layer_id": 6,
        "nhd_layer_name": "Flowline - Large Scale"
      }
    },
    {
      "type": "Feature",
      "id": 13150079,
      "geometry": {
        "type": "LineString",
        "coordinates": [
          [
            -85.744439046848669,
            35.07849707290368
          ],
          [
            -85.744378178740021,
            35.078179139890018
          ],
          [
            -85.74433604648388,
            35.078041939604915
          ],
          [
            -85.74430997902985,
            35.077974739311578
          ],
          [
            -85.744212645412404,
            35.077629139240145
          ],
          [
            -85.744182179621788,
            35.077526072302597
          ],
          [
            -85.744157779102991,
            35.077458339367055
          ],
          [
            -85.744037045960326,
            35.077045939685313
          ],
          [
            -85.744029579089414,
            35.077010939183154
          ],
          [
            -85.74390617905847,
            35.076636139423947
          ],
          [
            -85.743766179391017,
            35.076227272117997
          ],
          [
            -85.743735779154051,
            35.076160938922662
          ],
          [
            -85.743659245808274,
            35.075957939219656
          ],
          [
            -85.743617445482428,
            35.075820472917506
          ],
          [
            -85.743590379115915,
            35.075753539037741
          ],
          [
            -85.7435239795293,
            35.075549472158379
          ],
          [
            -85.743491644939894,
            35.075447672282969
          ],
          [
            -85.743484045921178,
            35.075412938487908
          ],
          [
            -85.743434445753607,
            35.075280472541507
          ],
          [
            -85.743401378628363,
            35.075142272746191
          ],
          [
            -85.743373179120482,
            35.075077139386259
          ],
          [
            -85.743343579054041,
            35.074975272498826
          ],
          [
            -85.743309979175478,
            35.07483753884982
          ],
          [
            -85.743241445453933,
            35.074599071911216
          ],
          [
            -85.743238979388721,
            35.074563472551674
          ],
          [
            -85.74323684525379,
            35.074457938974994
          ],
          [
            -85.743240378906734,
            35.074422338702291
          ],
          [
            -85.743254246101358,
            35.074352871927751
          ],
          [
            -85.743276778861912,
            35.074284272003432
          ],
          [
            -85.743349179207215,
            35.074116138246673
          ],
          [
            -85.743468579426036,
            35.073888272286162
          ],
          [
            -85.743528179123928,
            35.073793472079089
          ],
          [
            -85.743702845217157,
            35.073550072243187
          ],
          [
            -85.743793446580568,
            35.073429872128479
          ],
          [
            -85.743890378551953,
            35.073312872116055
          ],
          [
            -85.744005845552806,
            35.073165271664507
          ],
          [
            -85.744104579728827,
            35.073050338090866
          ],
          [
            -85.744124579829958,
            35.073020471839094
          ],
          [
            -85.744176779251106,
            35.072966272113597
          ],
          [
            -85.744198646069989,
            35.072935538055766
          ],
          [
            -85.744236845108162,
            35.072914138322147
          ]
        ]
      },
      "properties": {
        "name": "Battle Creek",
        "gnis_id": "01276480",
        "fcode": 55800,
        "ftype": 558,
        "water_kind": "flowline",
        "water_class": "artificial_path",
        "lengthkm": 0.66278460000000006,
        "areasqkm": null,
        "elevation": null,
        "permanent_identifier": "139318871",
        "nhd_layer_id": 6,
        "nhd_layer_name": "Flowline - Large Scale"
      }
    },
    {
      "type": "Feature",
      "id": 13598369,
      "geometry": {
        "type": "LineString",
        "coordinates": [
          [
            -85.779829656078405,
            35.083397072199745
          ],
          [
            -85.779762990115131,
            35.083078139048865
          ],
          [
            -85.779495855940752,
            35.082182338598628
          ],
          [
            -85.779462456885213,
            35.081890938262895
          ],
          [
            -85.779335656389662,
            35.081451271922738
          ],
          [
            -85.779382656263152,
            35.081258872183511
          ],
          [
            -85.779549856526003,
            35.080967538373066
          ],
          [
            -85.779636856601769,
            35.080698271361705
          ],
          [
            -85.779737456454967,
            35.080236671987556
          ],
          [
            -85.779770856551039,
            35.080137739066828
          ],
          [
            -85.77979778972923,
            35.079840938733284
          ],
          [
            -85.7797309895371,
            35.079610138224595
          ],
          [
            -85.778949389413668,
            35.078263271174634
          ],
          [
            -85.778862589120394,
            35.077906071754143
          ],
          [
            -85.778809056775373,
            35.07781253735169
          ],
          [
            -85.778401455733857,
            35.077290271758969
          ],
          [
            -85.778381589861581,
            35.077114338024884
          ],
          [
            -85.778415056551808,
            35.076977071231269
          ],
          [
            -85.778629189053447,
            35.076454937391638
          ],
          [
            -85.77880305601667,
            35.0762076708926
          ],
          [
            -85.779097389745885,
            35.075976871176287
          ],
          [
            -85.779746055426713,
            35.075619737535689
          ]
        ]
      },
      "properties": {
        "name": null,
        "gnis_id": null,
        "fcode": 46006,
        "ftype": 460,
        "water_kind": "flowline",
        "water_class": "stream",
        "lengthkm": 0.95998194000000003,
        "areasqkm": null,
        "elevation": null,
        "permanent_identifier": "139316266",
        "nhd_layer_id": 6,
        "nhd_layer_name": "Flowline - Large Scale"
      }
    },
    {
      "type": "Feature",
      "id": 13822384,
      "geometry": {
        "type": "LineString",
        "coordinates": [
          [
            -85.746794646919781,
            35.074445471855782
          ],
          [
            -85.746373446100833,
            35.074484272351675
          ],
          [
            -85.746159579975867,
            35.074484272351675
          ],
          [
            -85.746079379788782,
            35.074445872098046
          ],
          [
            -85.745979046312257,
            35.07436347239755
          ],
          [
            -85.745918779632163,
            35.074259072016709
          ],
          [
            -85.745911979743454,
            35.074187538313829
          ],
          [
            -85.745764779581748,
            35.073819471848601
          ],
          [
            -85.745369845999321,
            35.073231471891972
          ],
          [
            -85.745323045908336,
            35.073204071917502
          ],
          [
            -85.744273246103859,
            35.072935138657705
          ]
        ]
      },
      "properties": {
        "name": null,
        "gnis_id": null,
        "fcode": 46006,
        "ftype": 460,
        "water_kind": "flowline",
        "water_class": "stream",
        "lengthkm": 0.32291844000000003,
        "areasqkm": null,
        "elevation": null,
        "permanent_identifier": "139316360",
        "nhd_layer_id": 6,
        "nhd_layer_name": "Flowline - Large Scale"
      }
    },
    {
      "type": "Feature",
      "id": 13822430,
      "geometry": {
        "type": "LineString",
        "coordinates": [
          [
            -85.743150380012409,
            35.093290342272773
          ],
          [
            -85.743159246401362,
            35.093255276372737
          ],
          [
            -85.743162646865969,
            35.09318414244887
          ],
          [
            -85.743162046477934,
            35.093148542685405
          ],
          [
            -85.743146180417781,
            35.093042476344301
          ],
          [
            -85.743075979761031,
            35.0929122756162
          ],
          [
            -85.743018180186695,
            35.092816542258298
          ],
          [
            -85.742805246380058,
            35.092546742227071
          ],
          [
            -85.742702179421087,
            35.092433275660156
          ],
          [
            -85.742604179861985,
            35.092316141987034
          ],
          [
            -85.742357180017635,
            35.092071275117156
          ],
          [
            -85.742297446090873,
            35.092020875907551
          ],
          [
            -85.742274646953675,
            35.091990142216567
          ],
          [
            -85.742188778978715,
            35.091911342914258
          ],
          [
            -85.742156179053183,
            35.091888676170555
          ],
          [
            -85.74209964684907,
            35.091835142001734
          ],
          [
            -85.741969779900259,
            35.091744942322279
          ],
          [
            -85.74194317969291,
            35.091717875502646
          ],
          [
            -85.741912979238435,
            35.091693542516929
          ],
          [
            -85.741851845793647,
            35.091645675136647
          ],
          [
            -85.741818979491441,
            35.091623542146841
          ],
          [
            -85.74176037974658,
            35.09157374204645
          ],
          [
            -85.741663846299673,
            35.091503942504282
          ],
          [
            -85.74136984658179,
            35.091349942615025
          ],
          [
            -85.741256645863672,
            35.091294675486651
          ],
          [
            -85.741179180199566,
            35.091260741946847
          ],
          [
            -85.741139378739248,
            35.091246942394093
          ],
          [
            -85.741062045222947,
            35.091214075643897
          ],
          [
            -85.740893779453444,
            35.09118174185965
          ],
          [
            -85.740764845863495,
            35.091168275192764
          ],
          [
            -85.740680845646793,
            35.091153475223685
          ],
          [
            -85.740636579255735,
            35.091152275594276
          ],
          [
            -85.740461379368639,
            35.091153075914818
          ],
          [
            -85.740286778829073,
            35.091158142624941
          ],
          [
            -85.739805645341377,
            35.091178342201204
          ],
          [
            -85.739761978297807,
            35.091174875281695
          ],
          [
            -85.739691179334102,
            35.091155075864812
          ]
        ]
      },
      "properties": {
        "name": "Battle Creek",
        "gnis_id": "01276480",
        "fcode": 55800,
        "ftype": 558,
        "water_kind": "flowline",
        "water_class": "artificial_path",
        "lengthkm": 0.43646038000000004,
        "areasqkm": null,
        "elevation": null,
        "permanent_identifier": "139318876",
        "nhd_layer_id": 6,
        "nhd_layer_name": "Flowline - Large Scale"
      }
    },
    {
      "type": "Feature",
      "id": 14046719,
      "geometry": {
        "type": "LineString",
        "coordinates": [
          [
            -85.752559850623228,
            35.110256346384077
          ],
          [
            -85.752437850110326,
            35.110095478626747
          ],
          [
            -85.752379450147956,
            35.110043279189483
          ],
          [
            -85.752347783581271,
            35.110019679455725
          ],
          [
            -85.752279583871129,
            35.109977545508357
          ],
          [
            -85.752206584178296,
            35.109941278920694
          ],
          [
            -85.752169050041246,
            35.109925679669438
          ],
          [
            -85.752007983725449,
            35.109871545324516
          ],
          [
            -85.751970250846426,
            35.10985567878015
          ],
          [
            -85.751938583239223,
            35.109832479060678
          ],
          [
            -85.75189885045414,
            35.109818145537815
          ],
          [
            -85.751786983700413,
            35.109714945630884
          ],
          [
            -85.751754583557371,
            35.109692345975319
          ],
          [
            -85.751718383384699,
            35.109628145895094
          ],
          [
            -85.751697383330523,
            35.109560345134902
          ],
          [
            -85.751657050157419,
            35.10946087917597
          ],
          [
            -85.751593383012704,
            35.109331679309278
          ],
          [
            -85.751593783618233,
            35.109296545401797
          ],
          [
            -85.751570449646636,
            35.109229546211303
          ],
          [
            -85.751548783650819,
            35.109199878771719
          ],
          [
            -85.751514850801414,
            35.109176746111679
          ],
          [
            -85.751489250547095,
            35.109147545970906
          ],
          [
            -85.751415449643204,
            35.109020545155538
          ],
          [
            -85.751352382886523,
            35.108928279001539
          ],
          [
            -85.751247583438683,
            35.108814345781397
          ],
          [
            -85.751189449853001,
            35.108762545597415
          ],
          [
            -85.751136449220795,
            35.108706745490558
          ],
          [
            -85.751050649921083,
            35.108626345873489
          ],
          [
            -85.751025983025627,
            35.108596545423531
          ]
        ]
      },
      "properties": {
        "name": "Battle Creek",
        "gnis_id": "01276480",
        "fcode": 55800,
        "ftype": 558,
        "water_kind": "flowline",
        "water_class": "artificial_path",
        "lengthkm": 0.24036466000000001,
        "areasqkm": null,
        "elevation": null,
        "permanent_identifier": "139318883",
        "nhd_layer_id": 6,
        "nhd_layer_name": "Flowline - Large Scale"
      }
    },
    {
      "type": "Feature",
      "id": 14271849,
      "geometry": {
        "type": "LineString",
        "coordinates": [
          [
            -85.758974850027244,
            35.08379573943926
          ],
          [
            -85.758459983472662,
            35.083817339823064
          ],
          [
            -85.758185784073447,
            35.083894273688365
          ],
          [
            -85.757650784229398,
            35.084135740464475
          ],
          [
            -85.757209383526799,
            35.084294940319126
          ],
          [
            -85.756955183188182,
            35.084410340839973
          ],
          [
            -85.756660850499486,
            35.08460807443781
          ],
          [
            -85.756346383480789,
            35.084910139947873
          ],
          [
            -85.754988449346612,
            35.085766874367579
          ],
          [
            -85.754553448967727,
            35.086129473370953
          ],
          [
            -85.75425238298449,
            35.086503074095369
          ],
          [
            -85.754058382731785,
            35.08666227443836
          ],
          [
            -85.753877782474021,
            35.086728141014873
          ],
          [
            -85.753483049714632,
            35.086964274442742
          ],
          [
            -85.753201982791992,
            35.087183941068886
          ],
          [
            -85.75257998183163,
            35.087535340708776
          ],
          [
            -85.75208484900152,
            35.08791987427761
          ],
          [
            -85.751977782230455,
            35.088057140539462
          ],
          [
            -85.751455382210779,
            35.089035274210325
          ]
        ]
      },
      "properties": {
        "name": null,
        "gnis_id": null,
        "fcode": 46006,
        "ftype": 460,
        "water_kind": "flowline",
        "water_class": "stream",
        "lengthkm": 0.93002883000000003,
        "areasqkm": null,
        "elevation": null,
        "permanent_identifier": "139316326",
        "nhd_layer_id": 6,
        "nhd_layer_name": "Flowline - Large Scale"
      }
    },
    {
      "type": "Feature",
      "id": 14496999,
      "geometry": {
        "type": "LineString",
        "coordinates": [
          [
            -85.720954239463609,
            35.089480876657973
          ],
          [
            -85.720987640600214,
            35.089458875902586
          ],
          [
            -85.721235040009589,
            35.089409342678579
          ],
          [
            -85.721455773657965,
            35.089403742868988
          ],
          [
            -85.721756639858711,
            35.089447676289758
          ],
          [
            -85.722064240394545,
            35.089524542690768
          ],
          [
            -85.722646040329593,
            35.089722276661888
          ],
          [
            -85.722906840774414,
            35.08978267635927
          ],
          [
            -85.723047374235733,
            35.089799076393405
          ],
          [
            -85.723294774685641,
            35.08978254268645
          ],
          [
            -85.723796174651127,
            35.08964507669041
          ],
          [
            -85.72400344066989,
            35.08961194279987
          ],
          [
            -85.724471574768174,
            35.089595475465821
          ],
          [
            -85.724979774622369,
            35.08968327566636
          ],
          [
            -85.725193640747335,
            35.089688675373075
          ],
          [
            -85.72545444119217,
            35.089644542849662
          ],
          [
            -85.726403975154795,
            35.089402542362393
          ],
          [
            -85.726651241375833,
            35.089380475174806
          ],
          [
            -85.726965575206208,
            35.08938587575301
          ],
          [
            -85.727186175666247,
            35.089429876445827
          ],
          [
            -85.72766777531308,
            35.089567075458262
          ],
          [
            -85.728115775081378,
            35.089638342804676
          ],
          [
            -85.728396642221512,
            35.089605275322192
          ],
          [
            -85.728791043050606,
            35.089511742413613
          ],
          [
            -85.729018442358836,
            35.089511742413613
          ],
          [
            -85.730202042330077,
            35.08973114249568
          ],
          [
            -85.730716975478828,
            35.089774942918694
          ],
          [
            -85.731191776277484,
            35.089780342619335
          ]
        ]
      },
      "properties": {
        "name": null,
        "gnis_id": null,
        "fcode": 46006,
        "ftype": 460,
        "water_kind": "flowline",
        "water_class": "stream",
        "lengthkm": 0.95214742000000008,
        "areasqkm": null,
        "elevation": null,
        "permanent_identifier": "139316379",
        "nhd_layer_id": 6,
        "nhd_layer_name": "Flowline - Large Scale"
      }
    },
    {
      "type": "Feature",
      "id": 14497035,
      "geometry": {
        "type": "LineString",
        "coordinates": [
          [
            -85.754905048477426,
            35.071702070868739
          ],
          [
            -85.75479824808302,
            35.071509537430309
          ],
          [
            -85.754658048633061,
            35.071163270414189
          ],
          [
            -85.754437648996046,
            35.070926871533018
          ],
          [
            -85.754203781729416,
            35.070761870773374
          ],
          [
            -85.75376938173855,
            35.070585670884235
          ],
          [
            -85.753281581550496,
            35.070316137969712
          ],
          [
            -85.753034380883079,
            35.070096138075186
          ],
          [
            -85.752747181053948,
            35.0697607377992
          ],
          [
            -85.752667181689901,
            35.06955733723774
          ],
          [
            -85.752520580875711,
            35.06890327065922
          ],
          [
            -85.752387181314475,
            35.068468937148374
          ],
          [
            -85.752400847686076,
            35.068007270293627
          ],
          [
            -85.752467847660682,
            35.067759937318257
          ],
          [
            -85.752795781268503,
            35.067271070587054
          ],
          [
            -85.753050048201288,
            35.067067737063496
          ],
          [
            -85.753417982011356,
            35.066787670283105
          ],
          [
            -85.753625248030119,
            35.066606337369784
          ],
          [
            -85.753678781415644,
            35.06652393656708
          ],
          [
            -85.753759247979374,
            35.06622173740729
          ],
          [
            -85.753873048045023,
            35.065974336849642
          ],
          [
            -85.753939981425475,
            35.065892069972527
          ],
          [
            -85.753966848009497,
            35.065727136536339
          ],
          [
            -85.753893448751697,
            35.065474270146744
          ],
          [
            -85.753713248058929,
            35.065078469557037
          ],
          [
            -85.753700047846493,
            35.064820069498644
          ],
          [
            -85.753720247730129,
            35.064715736115836
          ],
          [
            -85.753780581004392,
            35.064578336044804
          ],
          [
            -85.75398798125201,
            35.064292669409973
          ],
          [
            -85.75418878139341,
            35.064050936097694
          ],
          [
            -85.754215581383249,
            35.063968536122147
          ],
          [
            -85.754188847987578,
            35.063820136068017
          ],
          [
            -85.754095380993931,
            35.063688135917118
          ],
          [
            -85.753647848425359,
            35.063259136081875
          ],
          [
            -85.753380780845134,
            35.062879869024435
          ],
          [
            -85.753113581117105,
            35.062654336017665
          ],
          [
            -85.752933180641847,
            35.06240686928728
          ],
          [
            -85.75269958079241,
            35.061967069005746
          ],
          [
            -85.752479446491535,
            35.061400869339018
          ],
          [
            -85.752499580821535,
            35.061246936122679
          ],
          [
            -85.752660247572322,
            35.06087326915079
          ],
          [
            -85.752827780806015,
            35.060384268337835
          ],
          [
            -85.753102247622408,
            35.059708335817703
          ],
          [
            -85.753109047511131,
            35.05961493557394
          ],
          [
            -85.75304904720771,
            35.05943906849928
          ],
          [
            -85.752842047565622,
            35.059087135610035
          ]
        ]
      },
      "properties": {
        "name": null,
        "gnis_id": null,
        "fcode": 46006,
        "ftype": 460,
        "water_kind": "flowline",
        "water_class": "stream",
        "lengthkm": 1.6196586700000002,
        "areasqkm": null,
        "elevation": null,
        "permanent_identifier": "139316346",
        "nhd_layer_id": 6,
        "nhd_layer_name": "Flowline - Large Scale"
      }
    },
    {
      "type": "Feature",
      "id": 14945654,
      "geometry": {
        "type": "LineString",
        "coordinates": [
          [
            -85.751025983025627,
            35.108596545423531
          ],
          [
            -85.750647249514699,
            35.108393478335245
          ],
          [
            -85.750570849357274,
            35.108359078630684
          ],
          [
            -85.750493383693154,
            35.10832867882025
          ],
          [
            -85.750340582337742,
            35.108260078528822
          ],
          [
            -85.750262449691448,
            35.108231278136081
          ],
          [
            -85.75011098334096,
            35.108161079157902
          ],
          [
            -85.749958382808586,
            35.10809627860688
          ],
          [
            -85.749818782706114,
            35.108014078889937
          ],
          [
            -85.749676049556228,
            35.107938678712159
          ],
          [
            -85.749606249505007,
            35.107897344696333
          ],
          [
            -85.749498582345907,
            35.107843278804992
          ],
          [
            -85.749460583090212,
            35.107828344814585
          ],
          [
            -85.749382183026711,
            35.10780187919601
          ],
          [
            -85.749340783306394,
            35.107800878999527
          ],
          [
            -85.749306382216758,
            35.107779679088566
          ],
          [
            -85.749148583177274,
            35.107751745079781
          ],
          [
            -85.749113782522642,
            35.107731078878309
          ],
          [
            -85.749072850002037,
            35.107727879098142
          ],
          [
            -85.749034182723591,
            35.107718345301805
          ],
          [
            -85.74899784936261,
            35.107701878219615
          ],
          [
            -85.748955782660104,
            35.107701878219615
          ],
          [
            -85.748920249469634,
            35.107682945965607
          ],
          [
            -85.7488401824709,
            35.107670477966018
          ],
          [
            -85.748804649280459,
            35.107651478457335
          ],
          [
            -85.748722782158154,
            35.10763694536243
          ],
          [
            -85.748642982576627,
            35.107617479370269
          ],
          [
            -85.748491248808932,
            35.107562278599005
          ],
          [
            -85.748332382181715,
            35.107524278675506
          ],
          [
            -85.748296382832081,
            35.107504478972714
          ],
          [
            -85.748216981775016,
            35.107484544770038
          ],
          [
            -85.74814284894083,
            35.107450478365791
          ],
          [
            -85.748031048781272,
            35.10740434483872
          ],
          [
            -85.747884783018961,
            35.107334345188711
          ],
          [
            -85.747807448462112,
            35.107309145197846
          ],
          [
            -85.747772449065536,
            35.107287078600315
          ],
          [
            -85.747657649046857,
            35.107241878787569
          ],
          [
            -85.747578648595336,
            35.107217345286749
          ],
          [
            -85.747457381658791,
            35.107187746064888
          ],
          [
            -85.747416848703168,
            35.107180345406519
          ],
          [
            -85.747339581781034,
            35.107158478814981
          ],
          [
            -85.747296581719667,
            35.107160145538366
          ],
          [
            -85.747259781158974,
            35.10714654531256
          ],
          [
            -85.747221382338296,
            35.107137145092544
          ],
          [
            -85.747179982617979,
            35.107137078695985
          ],
          [
            -85.747145781310849,
            35.10711874558239
          ],
          [
            -85.747102782290014,
            35.107123878548144
          ],
          [
            -85.746956981646335,
            35.107082344929267
          ],
          [
            -85.746914382190496,
            35.10708907822562
          ],
          [
            -85.746881048688593,
            35.107067678939657
          ],
          [
            -85.746804248966171,
            35.107053945053856
          ],
          [
            -85.746725847862123,
            35.107034345277924
          ],
          [
            -85.746620381432095,
            35.106986545639643
          ],
          [
            -85.746592582529743,
            35.10695827852426
          ],
          [
            -85.746556648733758,
            35.106947145158045
          ],
          [
            -85.746461449251228,
            35.106885745199207
          ],
          [
            -85.746070981640088,
            35.106554478301405
          ],
          [
            -85.745917381154669,
            35.106430078255883
          ],
          [
            -85.745668248215907,
            35.106233477803698
          ],
          [
            -85.745648447897267,
            35.10622634520162
          ],
          [
            -85.745629247966662,
            35.106219545436687
          ],
          [
            -85.74562544793703,
            35.106212678422615
          ]
        ]
      },
      "properties": {
        "name": "Battle Creek",
        "gnis_id": "01276480",
        "fcode": 55800,
        "ftype": 558,
        "water_kind": "flowline",
        "water_class": "artificial_path",
        "lengthkm": 0.56936971000000003,
        "areasqkm": null,
        "elevation": null,
        "permanent_identifier": "139318884",
        "nhd_layer_id": 6,
        "nhd_layer_name": "Flowline - Large Scale"
      }
    },
    {
      "type": "Feature",
      "id": 15620058,
      "geometry": {
        "type": "LineString",
        "coordinates": [
          [
            -85.762285454147445,
            35.123681681205298
          ],
          [
            -85.762179453923565,
            35.123557881776556
          ],
          [
            -85.761884987005971,
            35.123352880899411
          ],
          [
            -85.761814187001733,
            35.123313947908599
          ],
          [
            -85.761789453512108,
            35.123284347725161
          ],
          [
            -85.761727586490935,
            35.123237947415994
          ],
          [
            -85.761627853402459,
            35.123173081407572
          ],
          [
            -85.761556386416004,
            35.12313448109947
          ],
          [
            -85.761526453378721,
            35.123108348114599
          ],
          [
            -85.761306586495024,
            35.122995748777377
          ],
          [
            -85.761230586943128,
            35.122961281194115
          ],
          [
            -85.761046453032407,
            35.122868881036915
          ],
          [
            -85.760937586137757,
            35.122811481208835
          ],
          [
            -85.760823053536285,
            35.122760147801294
          ],
          [
            -85.760750987202329,
            35.122721481764728
          ],
          [
            -85.760637653295873,
            35.122668948283753
          ],
          [
            -85.760521453759182,
            35.122619481196544
          ],
          [
            -85.760170453596984,
            35.122474881518805
          ],
          [
            -85.759692787168078,
            35.122294881787333
          ],
          [
            -85.759575053884504,
            35.122247280891592
          ],
          [
            -85.75920578611003,
            35.122147281472429
          ],
          [
            -85.759122986669411,
            35.12213274840957
          ],
          [
            -85.75891938645141,
            35.122070681580681
          ],
          [
            -85.758876253201706,
            35.122062681410029
          ],
          [
            -85.758844986200046,
            35.122004548231743
          ],
          [
            -85.758798986279572,
            35.121945881382771
          ],
          [
            -85.758745985647352,
            35.121892148224489
          ],
          [
            -85.758668786359934,
            35.121859147443281
          ],
          [
            -85.758625385693023,
            35.121856081838125
          ],
          [
            -85.758587252208457,
            35.121840347843346
          ],
          [
            -85.758504985521157,
            35.121823681907962
          ],
          [
            -85.758420785521992,
            35.12183608135738
          ],
          [
            -85.758341585287965,
            35.12186334839452
          ],
          [
            -85.758307185238849,
            35.121884348041021
          ],
          [
            -85.758243252758007,
            35.121931481052982
          ],
          [
            -85.758151186322905,
            35.122006147415973
          ],
          [
            -85.75810465260858,
            35.122066547875576
          ],
          [
            -85.758061052159178,
            35.122068947926721
          ],
          [
            -85.757756786534358,
            35.122033881640363
          ],
          [
            -85.75758385188945,
            35.122007081053589
          ],
          [
            -85.757498385560581,
            35.121989880672352
          ],
          [
            -85.757411985872835,
            35.121986281443199
          ],
          [
            -85.757238785891801,
            35.121966280994435
          ],
          [
            -85.757065251899434,
            35.121952347912959
          ],
          [
            -85.756978452646678,
            35.121942347685071
          ],
          [
            -85.756936985291674,
            35.121932681931668
          ],
          [
            -85.756856985927627,
            35.121906681330216
          ],
          [
            -85.756819852396106,
            35.121888880913708
          ],
          [
            -85.75674998575073,
            35.121848548040575
          ],
          [
            -85.756687584935705,
            35.121798347671131
          ],
          [
            -85.756663784804942,
            35.121769081413426
          ],
          [
            -85.756626452531449,
            35.12170474786604
          ],
          [
            -85.756629851955537,
            35.121598148453479
          ],
          [
            -85.756640052308882,
            35.121563681129871
          ],
          [
            -85.756665052175165,
            35.121496680961805
          ],
          [
            -85.756709253012602,
            35.121398081513604
          ],
          [
            -85.75676325255732,
            35.121301681162606
          ],
          [
            -85.756786785270862,
            35.121271481080363
          ],
          [
            -85.756887652541295,
            35.121115681194141
          ],
          [
            -85.756948652797746,
            35.120986681090152
          ],
          [
            -85.75695305217485,
            35.120952948001616
          ],
          [
            -85.756976785711444,
            35.120922881411836
          ],
          [
            -85.756996451801228,
            35.120858148032781
          ],
          [
            -85.757002852124927,
            35.120823481239853
          ],
          [
            -85.756997052189249,
            35.120720147180712
          ],
          [
            -85.756964652046221,
            35.12061694746388
          ],
          [
            -85.756939184980226,
            35.120588480813275
          ],
          [
            -85.756905586142196,
            35.120565547138796
          ],
          [
            -85.756867852222641,
            35.120547547272331
          ],
          [
            -85.756827785426196,
            35.120532481136756
          ],
          [
            -85.756785184929811,
            35.120522680742575
          ],
          [
            -85.756699052659272,
            35.120533347554506
          ],
          [
            -85.756578785675757,
            35.120577347607103
          ],
          [
            -85.756453985086253,
            35.120611880882507
          ],
          [
            -85.756410986065433,
            35.120618881156496
          ],
          [
            -85.756279452181374,
            35.120630347135922
          ],
          [
            -85.756191452152578,
            35.120631481648232
          ],
          [
            -85.756147651920656,
            35.12062874792467
          ],
          [
            -85.75579818550537,
            35.120596881144422
          ],
          [
            -85.755671452644506,
            35.120567347210361
          ],
          [
            -85.755631185025024,
            35.120553281118347
          ],
          [
            -85.75559698579896,
            35.120530681064416
          ],
          [
            -85.75531185247003,
            35.120365081050394
          ],
          [
            -85.755171251374023,
            35.120228881144264
          ],
          [
            -85.755021251135716,
            35.120099480468859
          ],
          [
            -85.754964050908896,
            35.12004534777639
          ],
          [
            -85.754915651517379,
            35.119986681218606
          ],
          [
            -85.754632185123683,
            35.119673280397883
          ],
          [
            -85.754525785334792,
            35.119560747805423
          ],
          [
            -85.754493984539238,
            35.119535880974439
          ],
          [
            -85.754410050916732,
            35.119454147289403
          ],
          [
            -85.75420078395139,
            35.119228546845591
          ],
          [
            -85.754151451200997,
            35.119170747834083
          ],
          [
            -85.754095584938554,
            35.119116947309571
          ],
          [
            -85.753966651348605,
            35.118976281222487
          ],
          [
            -85.753919584880947,
            35.118917347495845
          ],
          [
            -85.753865785118734,
            35.118862746755447
          ],
          [
            -85.753842051582126,
            35.118833547532297
          ],
          [
            -85.753686652013698,
            35.11866674739715
          ],
          [
            -85.75363805075861,
            35.118609547174145
          ],
          [
            -85.753581783890652,
            35.118556748045712
          ],
          [
            -85.753563450724727,
            35.118524747680333
          ],
          [
            -85.753379850607857,
            35.118286880854427
          ],
          [
            -85.753161584065253,
            35.118023680476597
          ],
          [
            -85.753108583433033,
            35.11796768073922
          ],
          [
            -85.752963251029598,
            35.11779134706449
          ],
          [
            -85.752748050940241,
            35.117525547438774
          ],
          [
            -85.752681451571149,
            35.117433947136277
          ],
          [
            -85.752662850988031,
            35.117401480761423
          ],
          [
            -85.752617050850063,
            35.117341547518507
          ],
          [
            -85.752511783162007,
            35.117186947022773
          ],
          [
            -85.752476384200392,
            35.117122547723966
          ],
          [
            -85.752286650136512,
            35.116725947423234
          ],
          [
            -85.752231050250742,
            35.11662914661504
          ],
          [
            -85.752123184349657,
            35.116479680548501
          ],
          [
            -85.752073984787586,
            35.116422946917481
          ],
          [
            -85.751992850201134,
            35.116299680337065
          ],
          [
            -85.751922783773253,
            35.116212080731486
          ],
          [
            -85.751834850338611,
            35.116133280158586
          ],
          [
            -85.751801583430847,
            35.116109546856642
          ],
          [
            -85.751710783325464,
            35.116033280894491
          ],
          [
            -85.75167644987053,
            35.11601194694191
          ],
          [
            -85.751544783838682,
            35.11591747997948
          ],
          [
            -85.751473250258073,
            35.11587508097044
          ],
          [
            -85.751395583770929,
            35.115844946968288
          ],
          [
            -85.751319784001538,
            35.115810947043812
          ],
          [
            -85.751255849439602,
            35.115762947426788
          ],
          [
            -85.751195250829227,
            35.115713546791213
          ],
          [
            -85.751170383110733,
            35.115683946399542
          ],
          [
            -85.751126249907998,
            35.115624347245998
          ],
          [
            -85.751067184003958,
            35.115531947278207
          ],
          [
            -85.750999650235457,
            35.115363279765106
          ],
          [
            -85.75099264952371,
            35.115294346636674
          ],
          [
            -85.750994050082298,
            35.115260346482444
          ],
          [
            -85.750989050317131,
            35.11519214696149
          ],
          [
            -85.750995050035314,
            35.115158080374592
          ],
          [
            -85.75099544960031,
            35.115123880142242
          ],
          [
            -85.750987583164402,
            35.115089680746642
          ],
          [
            -85.750994384093644,
            35.114986080663265
          ],
          [
            -85.751007583265547,
            35.114881880382413
          ],
          [
            -85.751032583131845,
            35.114778480056927
          ],
          [
            -85.751049849750544,
            35.114745480649809
          ],
          [
            -85.751108983289285,
            35.114652746881994
          ],
          [
            -85.751228450102261,
            35.114547746083971
          ],
          [
            -85.751260582828081,
            35.114524346826407
          ],
          [
            -85.751296383435758,
            35.114504279857407
          ],
          [
            -85.751335650061677,
            35.11448794607643
          ],
          [
            -85.751441049897522,
            35.114426080255377
          ],
          [
            -85.751474649776114,
            35.114403946640806
          ],
          [
            -85.751599383771421,
            35.114307479283276
          ],
          [
            -85.751668049640756,
            35.114265146678299
          ],
          [
            -85.751778383688134,
            35.114211479951749
          ],
          [
            -85.75193165120271,
            35.11414854656018
          ],
          [
            -85.752003250336969,
            35.114122479636968
          ],
          [
            -85.752045250445306,
            35.114111079983658
          ],
          [
            -85.752162583123365,
            35.11406528047938
          ],
          [
            -85.752197450372165,
            35.114045079764331
          ],
          [
            -85.752272183594371,
            35.114012280084225
          ],
          [
            -85.752340783910057,
            35.113973479667095
          ],
          [
            -85.752431850392128,
            35.11389787987185
          ],
          [
            -85.752511584420034,
            35.113813879827859
          ],
          [
            -85.75256038441708,
            35.11375514579629
          ],
          [
            -85.752689650977885,
            35.113572546899782
          ],
          [
            -85.752727783421889,
            35.113508880156203
          ],
          [
            -85.752743650522575,
            35.113476346677011
          ],
          [
            -85.752767783624179,
            35.113408746590558
          ],
          [
            -85.752915650768074,
            35.113042545852522
          ],
          [
            -85.75298258414854,
            35.112915479608311
          ],
          [
            -85.752994851002114,
            35.112881279285851
          ],
          [
            -85.752994650179062,
            35.112776546028755
          ],
          [
            -85.752977383560363,
            35.112708946212933
          ],
          [
            -85.752958983800283,
            35.112570545971757
          ],
          [
            -85.752919450797691,
            35.112472345990213
          ],
          [
            -85.752895583032227,
            35.112441745983951
          ],
          [
            -85.752838783410937,
            35.112392879580092
          ],
          [
            -85.752816784444263,
            35.112361745851992
          ],
          [
            -85.752731050698188,
            35.112287746489898
          ],
          [
            -85.752696850431576,
            35.11226514584547
          ],
          [
            -85.752614450555967,
            35.112245346443274
          ],
          [
            -85.752571583682922,
            35.112239546471287
          ],
          [
            -85.752485383777667,
            35.112239945676897
          ],
          [
            -85.752442983063816,
            35.112229079453044
          ],
          [
            -85.752399984042967,
            35.112237679823316
          ],
          [
            -85.752282983295203,
            35.112282879418842
          ],
          [
            -85.752245849763682,
            35.1123000801472
          ],
          [
            -85.752211850320123,
            35.112321279733457
          ],
          [
            -85.752135383568515,
            35.112351879784953
          ],
          [
            -85.752100249943041,
            35.112370879049003
          ],
          [
            -85.752020650144019,
            35.112399146840595
          ],
          [
            -85.751898983642477,
            35.112436878922082
          ],
          [
            -85.751728851155249,
            35.112474479904037
          ],
          [
            -85.751685450488338,
            35.11247747947003
          ],
          [
            -85.751473784051925,
            35.112474078997181
          ],
          [
            -85.751389650646914,
            35.112462346300987
          ],
          [
            -85.751052050479629,
            35.112401879137892
          ],
          [
            -85.75096725009243,
            35.112392146711471
          ],
          [
            -85.75067318273986,
            35.112319946779635
          ],
          [
            -85.750554650326279,
            35.112278679675917
          ],
          [
            -85.750506383082552,
            35.112246945819095
          ]
        ]
      },
      "properties": {
        "name": "Battle Creek",
        "gnis_id": "01276480",
        "fcode": 55800,
        "ftype": 558,
        "water_kind": "flowline",
        "water_class": "artificial_path",
        "lengthkm": 2.2240927800000003,
        "areasqkm": null,
        "elevation": null,
        "permanent_identifier": "139318886",
        "nhd_layer_id": 6,
        "nhd_layer_name": "Flowline - Large Scale"
      }
    },
    {
      "type": "Feature",
      "id": 15844876,
      "geometry": {
        "type": "LineString",
        "coordinates": [
          [
            -85.777108388479931,
            35.068781669568359
          ],
          [
            -85.776981388201875,
            35.06880907017598
          ],
          [
            -85.776820854639425,
            35.068874935837087
          ],
          [
            -85.776653654376574,
            35.068891469523358
          ],
          [
            -85.776553455128919,
            35.068885936436281
          ],
          [
            -85.776453187206002,
            35.068830869552521
          ],
          [
            -85.775858454475738,
            35.068259069391353
          ],
          [
            -85.775671454934781,
            35.068028269336907
          ],
          [
            -85.775577853712264,
            35.067978669446624
          ],
          [
            -85.775203454024819,
            35.067945668980933
          ],
          [
            -85.775130054767004,
            35.067857669093385
          ]
        ]
      },
      "properties": {
        "name": "Sweden Creek",
        "gnis_id": "01303966",
        "fcode": 46006,
        "ftype": 460,
        "water_kind": "flowline",
        "water_class": "stream",
        "lengthkm": 0.23396061000000001,
        "areasqkm": null,
        "elevation": null,
        "permanent_identifier": "139313260",
        "nhd_layer_id": 6,
        "nhd_layer_name": "Flowline - Large Scale"
      }
    },
    {
      "type": "Feature",
      "id": 15844877,
      "geometry": {
        "type": "LineString",
        "coordinates": [
          [
            -85.760977185734504,
            35.099290476605837
          ],
          [
            -85.760783385264318,
            35.099158476796887
          ],
          [
            -85.760656384986234,
            35.098949542710741
          ],
          [
            -85.760576384581668,
            35.098658276346207
          ],
          [
            -85.760576785187212,
            35.098147076174186
          ],
          [
            -85.760503251700541,
            35.097965676741225
          ],
          [
            -85.760336251220195,
            35.097718276233202
          ],
          [
            -85.760229385272154,
            35.097597276566169
          ],
          [
            -85.759113051652193,
            35.096810743278994
          ],
          [
            -85.758798852050688,
            35.096667675346765
          ],
          [
            -85.758625050641115,
            35.096541276570612
          ],
          [
            -85.757976851119452,
            35.095864876457249
          ],
          [
            -85.757662784706284,
            35.095628475933147
          ],
          [
            -85.75730858386197,
            35.095276476049229
          ],
          [
            -85.757141451233835,
            35.095155475312502
          ],
          [
            -85.755931584026058,
            35.094412875608498
          ],
          [
            -85.754842050395979,
            35.093846275294474
          ],
          [
            -85.753699249757034,
            35.092982742290801
          ],
          [
            -85.753545449489124,
            35.092905675667893
          ],
          [
            -85.753217849892678,
            35.092801142360052
          ],
          [
            -85.752041382780988,
            35.092272875900989
          ],
          [
            -85.751613582896354,
            35.092096742048305
          ],
          [
            -85.75143298263859,
            35.092058142344136
          ],
          [
            -85.750229381525671,
            35.091925675328987
          ],
          [
            -85.749975380969559,
            35.091912742610802
          ],
          [
            -85.749427981083613,
            35.091850742160794
          ],
          [
            -85.748852781254755,
            35.091653141911735
          ],
          [
            -85.748672180997005,
            35.091631342672713
          ],
          [
            -85.748411381592703,
            35.091647942414014
          ],
          [
            -85.74762924767542,
            35.091846142059609
          ],
          [
            -85.746927247351039,
            35.092154275896341
          ],
          [
            -85.746365780487949,
            35.092357875544067
          ],
          [
            -85.745630380067482,
            35.092550541981907
          ],
          [
            -85.745249180491342,
            35.092715542098723
          ],
          [
            -85.74498858086956,
            35.092803676089623
          ],
          [
            -85.744834847195804,
            35.093001542588688
          ],
          [
            -85.744741247013806,
            35.093056542928117
          ],
          [
            -85.744527380888854,
            35.09313907614596
          ],
          [
            -85.744467180802928,
            35.093205076267246
          ],
          [
            -85.744373780403421,
            35.093567876330852
          ],
          [
            -85.744293580216379,
            35.093606342505183
          ],
          [
            -85.744166579938295,
            35.093589943236694
          ],
          [
            -85.74340404655716,
            35.093397943332164
          ],
          [
            -85.743303646486453,
            35.093331942515626
          ]
        ]
      },
      "properties": {
        "name": null,
        "gnis_id": null,
        "fcode": 46006,
        "ftype": 460,
        "water_kind": "flowline",
        "water_class": "stream",
        "lengthkm": 2.0570708899999999,
        "areasqkm": null,
        "elevation": null,
        "permanent_identifier": "139314483",
        "nhd_layer_id": 6,
        "nhd_layer_name": "Flowline - Large Scale"
      }
    },
    {
      "type": "Feature",
      "id": 16967469,
      "geometry": {
        "type": "LineString",
        "coordinates": [
          [
            -85.751455382210779,
            35.089035274210325
          ],
          [
            -85.750866781346502,
            35.089254741985293
          ],
          [
            -85.750164582280135,
            35.089408341405054
          ],
          [
            -85.749974581839567,
            35.08938827506379
          ],
          [
            -85.749566581233026,
            35.089344475284555
          ],
          [
            -85.749185381656901,
            35.089212742046996
          ],
          [
            -85.749011448099495,
            35.089097475183138
          ],
          [
            -85.748656781096031,
            35.08878427485925
          ],
          [
            -85.748208648139396,
            35.088498675078078
          ],
          [
            -85.747680047578541,
            35.088196674795086
          ],
          [
            -85.747379047148925,
            35.087982341749715
          ],
          [
            -85.746877380806765,
            35.087614341773865
          ],
          [
            -85.746696780549001,
            35.087504541469109
          ],
          [
            -85.746382381165006,
            35.087378274937798
          ],
          [
            -85.746188380912301,
            35.087191474665275
          ],
          [
            -85.745779980740778,
            35.086405740993996
          ]
        ]
      },
      "properties": {
        "name": null,
        "gnis_id": null,
        "fcode": 46006,
        "ftype": 460,
        "water_kind": "flowline",
        "water_class": "stream",
        "lengthkm": 0.66673903000000012,
        "areasqkm": null,
        "elevation": null,
        "permanent_identifier": "139316336",
        "nhd_layer_id": 6,
        "nhd_layer_name": "Flowline - Large Scale"
      }
    },
    {
      "type": "Feature",
      "id": 17191809,
      "geometry": {
        "type": "LineString",
        "coordinates": [
          [
            -85.775130054767004,
            35.067857669093385
          ],
          [
            -85.774956387586286,
            35.067648736579791
          ],
          [
            -85.774475254098618,
            35.067252869033425
          ],
          [
            -85.774147787690509,
            35.066917469848164
          ],
          [
            -85.773913853829697,
            35.066763469533051
          ],
          [
            -85.773773586745051,
            35.066702936115028
          ],
          [
            -85.773445987148619,
            35.066686336407557
          ],
          [
            -85.773359186855345,
            35.066680869600475
          ],
          [
            -85.77327885452047,
            35.066647869461754
          ],
          [
            -85.773205453181603,
            35.066581869144294
          ],
          [
            -85.773185387526809,
            35.066515869625086
          ],
          [
            -85.773232186577275,
            35.066383936004755
          ],
          [
            -85.773419586723762,
            35.066032336246948
          ],
          [
            -85.773486586698382,
            35.065752069178146
          ],
          [
            -85.77345325423704,
            35.065444269113136
          ],
          [
            -85.773406587334364,
            35.065367269305575
          ],
          [
            -85.773332986212992,
            35.065295735473832
          ],
          [
            -85.773119186682166,
            35.06516373515403
          ],
          [
            -85.772764986878386,
            35.064987736098878
          ],
          [
            -85.772444253764832,
            35.064778869483668
          ],
          [
            -85.772250453294646,
            35.064575335568342
          ],
          [
            -85.772110252804168,
            35.064306068971888
          ],
          [
            -85.772090186108855,
            35.06422353553917
          ],
          [
            -85.772157052895139,
            35.064047735455233
          ],
          [
            -85.772237452864729,
            35.063860868989266
          ],
          [
            -85.772224186058125,
            35.063767468385983
          ],
          [
            -85.77218398607333,
            35.063723335467188
          ],
          [
            -85.772083786825675,
            35.063695934855723
          ],
          [
            -85.771468853171214,
            35.063690135688717
          ],
          [
            -85.771067786682266,
            35.063624068251151
          ],
          [
            -85.770927386409298,
            35.063629468830975
          ],
          [
            -85.770700052654675,
            35.06375586921002
          ],
          [
            -85.770566252487924,
            35.06387126897144
          ],
          [
            -85.770372252235234,
            35.064135069172778
          ],
          [
            -85.770178251982529,
            35.064288735476048
          ],
          [
            -85.770091386135618,
            35.06432186857964
          ],
          [
            -85.769844185468216,
            35.064288735476048
          ],
          [
            -85.769596785018322,
            35.064184135687952
          ],
          [
            -85.769523251531638,
            35.06411273538599
          ],
          [
            -85.769469852374954,
            35.064008135372447
          ],
          [
            -85.769443252167605,
            35.063876269240808
          ],
          [
            -85.769450052056314,
            35.063716935859809
          ],
          [
            -85.769349785173944,
            35.063650935727658
          ]
        ]
      },
      "properties": {
        "name": "Sweden Creek",
        "gnis_id": "01303966",
        "fcode": 46006,
        "ftype": 460,
        "water_kind": "flowline",
        "water_class": "stream",
        "lengthkm": 0.95769057999999996,
        "areasqkm": null,
        "elevation": null,
        "permanent_identifier": "139313258",
        "nhd_layer_id": 6,
        "nhd_layer_name": "Flowline - Large Scale"
      }
    },
    {
      "type": "Feature",
      "id": 17191887,
      "geometry": {
        "type": "LineString",
        "coordinates": [
          [
            -85.74562544793703,
            35.106212678422615
          ],
          [
            -85.745613381906509,
            35.106190677925554
          ],
          [
            -85.745611448594616,
            35.106187278892904
          ],
          [
            -85.745582048310666,
            35.10616114472819
          ],
          [
            -85.745398847758807,
            35.106016078297252
          ],
          [
            -85.745365181286076,
            35.105996145433096
          ],
          [
            -85.745304181029624,
            35.105950344772914
          ],
          [
            -85.745266381556434,
            35.105936545152581
          ],
          [
            -85.745205981688002,
            35.105890345222264
          ],
          [
            -85.745168781562313,
            35.105876078254923
          ],
          [
            -85.745143780655482,
            35.105846744987609
          ],
          [
            -85.745071981738747,
            35.105807678497015
          ],
          [
            -85.745048647767149,
            35.105776878497657
          ],
          [
            -85.745014981294418,
            35.105758478680464
          ],
          [
            -85.744925380924528,
            35.105688078379139
          ],
          [
            -85.74482518063634,
            35.105571277861223
          ],
          [
            -85.744784447898226,
            35.105509478478595
          ],
          [
            -85.744759180614722,
            35.105480078681445
          ],
          [
            -85.744718180459401,
            35.105418078333315
          ],
          [
            -85.744249047448633,
            35.104854678631746
          ],
          [
            -85.744093047492157,
            35.104683477790822
          ],
          [
            -85.744034447747296,
            35.104633345161496
          ],
          [
            -85.743876581073096,
            35.10451767872005
          ],
          [
            -85.743848647941888,
            35.104490745532836
          ],
          [
            -85.743817180117176,
            35.104466944995075
          ],
          [
            -85.743718847587246,
            35.104399944388099
          ],
          [
            -85.743614380069701,
            35.104337344777477
          ],
          [
            -85.743574981295993,
            35.10432194535273
          ],
          [
            -85.74350637993976,
            35.104281677843709
          ],
          [
            -85.743399781408897,
            35.104225144280768
          ],
          [
            -85.743337247405549,
            35.104179545227467
          ],
          [
            -85.743195647397059,
            35.104103544762282
          ],
          [
            -85.743162646865969,
            35.104081878244997
          ]
        ]
      },
      "properties": {
        "name": "Battle Creek",
        "gnis_id": "01276480",
        "fcode": 55800,
        "ftype": 558,
        "water_kind": "flowline",
        "water_class": "artificial_path",
        "lengthkm": 0.33090827,
        "areasqkm": null,
        "elevation": null,
        "permanent_identifier": "139318881",
        "nhd_layer_id": 6,
        "nhd_layer_name": "Flowline - Large Scale"
      }
    },
    {
      "type": "Feature",
      "id": 17416471,
      "geometry": {
        "type": "LineString",
        "coordinates": [
          [
            -85.743202982120138,
            35.118788080915699
          ],
          [
            -85.743166780906975,
            35.118736147488754
          ],
          [
            -85.74310998128567,
            35.118138080853925
          ],
          [
            -85.743050248399427,
            35.117779080626278
          ],
          [
            -85.742975381988899,
            35.117485347735013
          ],
          [
            -85.742947248034639,
            35.117221347256468
          ],
          [
            -85.742911181050303,
            35.116828547762111
          ],
          [
            -85.742898448037593,
            35.116591547550314
          ],
          [
            -85.742863447600456,
            35.116332147150992
          ],
          [
            -85.742866247677057,
            35.116122147194659
          ],
          [
            -85.742894847790467,
            35.11571968101719
          ],
          [
            -85.742932848086667,
            35.115435880446057
          ],
          [
            -85.74305464777656,
            35.114954279768291
          ],
          [
            -85.743122048356739,
            35.114688480249654
          ],
          [
            -85.743168848447723,
            35.114528480063044
          ],
          [
            -85.743216580857052,
            35.114409547286776
          ],
          [
            -85.743348247929433,
            35.11418528026703
          ],
          [
            -85.743485380926117,
            35.11392034643017
          ],
          [
            -85.743521847475435,
            35.113790280334946
          ],
          [
            -85.743529181158024,
            35.113688346891642
          ],
          [
            -85.743505781632805,
            35.113578680435751
          ],
          [
            -85.743406980862616,
            35.113416146683321
          ],
          [
            -85.743338381587463,
            35.113312746200165
          ],
          [
            -85.743346381211694,
            35.113205746819851
          ],
          [
            -85.743419981292547,
            35.112940479541308
          ],
          [
            -85.74345564767134,
            35.11257954636114
          ],
          [
            -85.743476647725515,
            35.112376279806718
          ],
          [
            -85.743502580950661,
            35.1122298804179
          ],
          [
            -85.743554247618491,
            35.112034479659854
          ],
          [
            -85.743596848114862,
            35.111858679607224
          ],
          [
            -85.743633381258348,
            35.111728546381876
          ],
          [
            -85.743637980417972,
            35.111646946162182
          ],
          [
            -85.743614381110234,
            35.111491080203407
          ],
          [
            -85.743557180883414,
            35.111255346365823
          ],
          [
            -85.743544447870676,
            35.111018346115813
          ],
          [
            -85.743560847724694,
            35.110896746518016
          ],
          [
            -85.743611248062805,
            35.110757545624452
          ],
          [
            -85.74373064724108,
            35.110624479953891
          ],
          [
            -85.743838382034909,
            35.110531346538167
          ],
          [
            -85.743939047441742,
            35.110442746525486
          ],
          [
            -85.744021648140404,
            35.110347479783776
          ],
          [
            -85.744062581701542,
            35.110279279555677
          ],
          [
            -85.744103181251319,
            35.110197879620536
          ],
          [
            -85.74412678159959,
            35.11011367913364
          ],
          [
            -85.744097180492616,
            35.109784879395491
          ],
          [
            -85.744039047947453,
            35.109508078960246
          ],
          [
            -85.74404338177095,
            35.109334146130365
          ],
          [
            -85.744268248419772,
            35.109076946007207
          ],
          [
            -85.744453848442703,
            35.10892394629554
          ],
          [
            -85.745095248075629,
            35.108400746092457
          ],
          [
            -85.745662047674685,
            35.107865745330159
          ],
          [
            -85.745759248103809,
            35.107756345134817
          ],
          [
            -85.745809182282756,
            35.107668478421189
          ],
          [
            -85.745861047692529,
            35.107565345593265
          ],
          [
            -85.745881648181708,
            35.107457745355845
          ],
          [
            -85.745843648926041,
            35.107363878812201
          ],
          [
            -85.745739248002664,
            35.107195745993685
          ],
          [
            -85.745643448132114,
            35.107105345390622
          ],
          [
            -85.745544181202774,
            35.106994079108972
          ],
          [
            -85.745474648568745,
            35.10684954533491
          ],
          [
            -85.745429582007148,
            35.106712344757931
          ],
          [
            -85.745430648554333,
            35.106609878946202
          ],
          [
            -85.745467782085882,
            35.106474678391237
          ],
          [
            -85.745519048148154,
            35.106376678767965
          ],
          [
            -85.745590047934897,
            35.106283079122051
          ],
          [
            -85.74562544793703,
            35.106212678422615
          ]
        ]
      },
      "properties": {
        "name": "Big Fiery Gizzard Creek",
        "gnis_id": "01269337",
        "fcode": 55800,
        "ftype": 558,
        "water_kind": "flowline",
        "water_class": "artificial_path",
        "lengthkm": 1.51685673,
        "areasqkm": null,
        "elevation": null,
        "permanent_identifier": "139318882",
        "nhd_layer_id": 6,
        "nhd_layer_name": "Flowline - Large Scale"
      }
    },
    {
      "type": "Feature",
      "id": 17641833,
      "geometry": {
        "type": "LineString",
        "coordinates": [
          [
            -85.782530859062632,
            35.116886345881923
          ],
          [
            -85.781868592563839,
            35.116919146107357
          ],
          [
            -85.781601058824464,
            35.116831145431306
          ],
          [
            -85.781072792274955,
            35.116567146237465
          ],
          [
            -85.780444192248908,
            35.116314145497995
          ],
          [
            -85.780236792001304,
            35.116237146042153
          ],
          [
            -85.779882258186149,
            35.116182078781165
          ],
          [
            -85.779628191035869,
            35.116181946002797
          ],
          [
            -85.779494391909637,
            35.116159945643616
          ],
          [
            -85.778925791146449,
            35.116176279089458
          ],
          [
            -85.778397391408646,
            35.116231079095456
          ],
          [
            -85.778303658038311,
            35.116263945973763
          ],
          [
            -85.777808590761822,
            35.116313279035381
          ],
          [
            -85.777715058214554,
            35.116302346114487
          ],
          [
            -85.777460991064245,
            35.116153745912747
          ],
          [
            -85.777293790801423,
            35.116005346310295
          ],
          [
            -85.777053191280757,
            35.115730479534818
          ],
          [
            -85.776611991401197,
            35.115147679270159
          ],
          [
            -85.776444857732528,
            35.114762945568572
          ],
          [
            -85.776431589885405,
            35.11460894535449
          ],
          [
            -85.776378057540398,
            35.114504545419678
          ]
        ]
      },
      "properties": {
        "name": "Tate Cove Creek",
        "gnis_id": "01310101",
        "fcode": 46006,
        "ftype": 460,
        "water_kind": "flowline",
        "water_class": "stream",
        "lengthkm": 0.69714612000000009,
        "areasqkm": null,
        "elevation": null,
        "permanent_identifier": "139316179",
        "nhd_layer_id": 6,
        "nhd_layer_name": "Flowline - Large Scale"
      }
    },
    {
      "type": "Feature",
      "id": 17867073,
      "geometry": {
        "type": "LineString",
        "coordinates": [
          [
            -85.724224375141304,
            35.106540146755748
          ],
          [
            -85.724271241826457,
            35.106534546420114
          ],
          [
            -85.724498442392729,
            35.106364079476691
          ],
          [
            -85.724712575934902,
            35.106265145902483
          ],
          [
            -85.72490637536454,
            35.106210145961015
          ],
          [
            -85.725642042161681,
            35.106078079041779
          ],
          [
            -85.725889442611575,
            35.1060010792771
          ],
          [
            -85.726156975310417,
            35.105880079135062
          ],
          [
            -85.72653137603838,
            35.105660146207242
          ],
          [
            -85.727447442270247,
            35.105264145584712
          ]
        ]
      },
      "properties": {
        "name": null,
        "gnis_id": null,
        "fcode": 46006,
        "ftype": 460,
        "water_kind": "flowline",
        "water_class": "stream",
        "lengthkm": 0.32874007999999999,
        "areasqkm": null,
        "elevation": null,
        "permanent_identifier": "139314331",
        "nhd_layer_id": 6,
        "nhd_layer_name": "Flowline - Large Scale"
      }
    },
    {
      "type": "Feature",
      "id": 18091058,
      "geometry": {
        "type": "LineString",
        "coordinates": [
          [
            -85.722566173113364,
            35.07375593926696
          ],
          [
            -85.722940439612444,
            35.0736238725801
          ],
          [
            -85.723254773442832,
            35.073629339773731
          ],
          [
            -85.723969972939116,
            35.07353573915438
          ],
          [
            -85.72445143939764,
            35.073546539853609
          ],
          [
            -85.724845840226735,
            35.073447672909055
          ],
          [
            -85.724979440610994,
            35.07338707291494
          ],
          [
            -85.725153239939516,
            35.073282539288272
          ],
          [
            -85.725346973815562,
            35.07311213908141
          ],
          [
            -85.725547439945586,
            35.072809872342546
          ],
          [
            -85.725707773725546,
            35.07245247276748
          ],
          [
            -85.725868174099674,
            35.072232672797199
          ],
          [
            -85.725881440906264,
            35.072139138704166
          ],
          [
            -85.725961641093335,
            35.071968738664594
          ],
          [
            -85.726235440927553,
            35.07159493852788
          ],
          [
            -85.726282239978019,
            35.071556472192292
          ],
          [
            -85.726409240256075,
            35.071353072699772
          ],
          [
            -85.726489373848977,
            35.071111271729166
          ],
          [
            -85.726589574137179,
            35.071006738593802
          ],
          [
            -85.726870373642626,
            35.071006738593802
          ],
          [
            -85.727157774294795,
            35.070957138810357
          ],
          [
            -85.72748524070289,
            35.070808672261428
          ],
          [
            -85.727953240572319,
            35.070687671845654
          ],
          [
            -85.728648374413837,
            35.070593938406148
          ],
          [
            -85.728869040427526,
            35.070538939101098
          ],
          [
            -85.728975974010254,
            35.070461938138251
          ],
          [
            -85.72908944110506,
            35.070319071808591
          ],
          [
            -85.72953024141961,
            35.069401071452894
          ],
          [
            -85.729764041051567,
            35.068878738397878
          ],
          [
            -85.730371775252323,
            35.067707938168169
          ],
          [
            -85.730752374440428,
            35.066756937305144
          ],
          [
            -85.730832441439148,
            35.066625070503996
          ],
          [
            -85.731039575310106,
            35.066471071340516
          ],
          [
            -85.731079642106565,
            35.066410670565084
          ],
          [
            -85.731099641167177,
            35.066317137464679
          ],
          [
            -85.731320175033034,
            35.066086271450736
          ],
          [
            -85.731373575230251,
            35.06599287083872
          ],
          [
            -85.731366841935696,
            35.065866470516831
          ],
          [
            -85.731085974795576,
            35.065525671142503
          ],
          [
            -85.731085841607239,
            35.06536633757424
          ],
          [
            -85.731145974058464,
            35.065250870940652
          ],
          [
            -85.731145841910646,
            35.065102537093466
          ],
          [
            -85.731045575028276,
            35.064981670448418
          ],
          [
            -85.730891774760366,
            35.064849737755026
          ],
          [
            -85.730818174679541,
            35.064734337673471
          ],
          [
            -85.730818041491204,
            35.064640937217874
          ],
          [
            -85.730884973831138,
            35.064525537692795
          ],
          [
            -85.731038574316543,
            35.064393536979175
          ],
          [
            -85.731279174877741,
            35.064261536903828
          ],
          [
            -85.732021041175528,
            35.063981070421832
          ],
          [
            -85.732221441751946,
            35.063843537102251
          ],
          [
            -85.73232837429417,
            35.063832471094976
          ],
          [
            -85.732442175400337,
            35.063931470627288
          ],
          [
            -85.732642642570909,
            35.063975270423363
          ],
          [
            -85.73289677527481,
            35.063986269979537
          ],
          [
            -85.733017042258325,
            35.063964270865711
          ],
          [
            -85.733204041799283,
            35.063881670655583
          ],
          [
            -85.733230841789137,
            35.06385413723369
          ],
          [
            -85.733257575184822,
            35.063672737333462
          ],
          [
            -85.733123775018058,
            35.063557337291371
          ],
          [
            -85.732869775502465,
            35.063469537079264
          ],
          [
            -85.732782775426685,
            35.063387136516852
          ],
          [
            -85.732762441314179,
            35.062958470669265
          ],
          [
            -85.732702175674618,
            35.062870536947813
          ],
          [
            -85.732608642086802,
            35.062799136348637
          ],
          [
            -85.732254374648321,
            35.062727736538669
          ]
        ]
      },
      "properties": {
        "name": null,
        "gnis_id": null,
        "fcode": 46006,
        "ftype": 460,
        "water_kind": "flowline",
        "water_class": "stream",
        "lengthkm": 1.92076147,
        "areasqkm": null,
        "elevation": null,
        "permanent_identifier": "139314323",
        "nhd_layer_id": 6,
        "nhd_layer_name": "Flowline - Large Scale"
      }
    },
    {
      "type": "Feature",
      "id": 18315283,
      "geometry": {
        "type": "LineString",
        "coordinates": [
          [
            -85.759199450299434,
            35.087862941112576
          ],
          [
            -85.758737983942055,
            35.08800014105816
          ],
          [
            -85.757119450186096,
            35.088428075110919
          ],
          [
            -85.756624583732645,
            35.088515741190548
          ],
          [
            -85.756296849907358,
            35.08862007479663
          ],
          [
            -85.755989250412057,
            35.08867494186218
          ],
          [
            -85.755701783165719,
            35.088669273887668
          ],
          [
            -85.755227048961203,
            35.088586541168226
          ],
          [
            -85.755086649728753,
            35.088542540871813
          ],
          [
            -85.754899382770617,
            35.088520475154432
          ],
          [
            -85.754478182992187,
            35.088569674305603
          ],
          [
            -85.754210583699191,
            35.088630074005138
          ],
          [
            -85.753488382450612,
            35.088662675298863
          ],
          [
            -85.753147381818721,
            35.088711874364201
          ],
          [
            -85.75291324921595,
            35.088717274135242
          ],
          [
            -85.752552381671251,
            35.08865654159078
          ],
          [
            -85.752425249245377,
            35.088662074188683
          ],
          [
            -85.752164448800556,
            35.088722340996689
          ],
          [
            -85.751455382210779,
            35.089035274210325
          ]
        ]
      },
      "properties": {
        "name": null,
        "gnis_id": null,
        "fcode": 46006,
        "ftype": 460,
        "water_kind": "flowline",
        "water_class": "stream",
        "lengthkm": 0.72909996999999993,
        "areasqkm": null,
        "elevation": null,
        "permanent_identifier": "139316317",
        "nhd_layer_id": 6,
        "nhd_layer_name": "Flowline - Large Scale"
      }
    },
    {
      "type": "Feature",
      "id": 18763827,
      "geometry": {
        "type": "LineString",
        "coordinates": [
          [
            -85.744236845108162,
            35.072914138322147
          ],
          [
            -85.744260578644756,
            35.072879871826302
          ],
          [
            -85.744380178646068,
            35.072731338092716
          ],
          [
            -85.744423845689653,
            35.072670338167285
          ],
          [
            -85.744452645585568,
            35.072567138077922
          ],
          [
            -85.744470246215641,
            35.072461471624678
          ],
          [
            -85.744438579648985,
            35.072357738168925
          ],
          [
            -85.744423845689653,
            35.07232427194473
          ],
          [
            -85.744236646366204,
            35.07212773828978
          ],
          [
            -85.74412044578898,
            35.07202147173799
          ],
          [
            -85.744038979272219,
            35.071938071507866
          ],
          [
            -85.743990046086836,
            35.071879271539501
          ],
          [
            -85.743883445474907,
            35.071766338283219
          ],
          [
            -85.743836379007249,
            35.071706138147825
          ],
          [
            -85.743707245634795,
            35.071519071202424
          ],
          [
            -85.743467779255511,
            35.071138138444397
          ],
          [
            -85.743448645919059,
            35.071105938070261
          ],
          [
            -85.743418578652921,
            35.071038938155503
          ],
          [
            -85.743295844563647,
            35.070891071293289
          ],
          [
            -85.743167778778925,
            35.070703671200071
          ],
          [
            -85.743069646031472,
            35.070585871014835
          ],
          [
            -85.742993645439043,
            35.070499671744599
          ],
          [
            -85.742604445198111,
            35.070117671401107
          ],
          [
            -85.742369378195946,
            35.069861871132062
          ],
          [
            -85.742314044686836,
            35.069806937760674
          ],
          [
            -85.742238977453269,
            35.06971967142875
          ],
          [
            -85.742147045247037,
            35.069599337927833
          ],
          [
            -85.741912778415383,
            35.069342938188171
          ],
          [
            -85.741724977663395,
            35.069147870681327
          ],
          [
            -85.74167904433709,
            35.069086870632319
          ],
          [
            -85.74162257872716,
            35.069032737276913
          ],
          [
            -85.741599444538039,
            35.069002270854654
          ],
          [
            -85.741543378493134,
            35.068948071015441
          ],
          [
            -85.741520178750392,
            35.06891753813396
          ],
          [
            -85.741408377550272,
            35.068808137632281
          ],
          [
            -85.741246444469809,
            35.068641737603166
          ],
          [
            -85.741195378190014,
            35.068584670903
          ],
          [
            -85.741063977494292,
            35.068490871175129
          ],
          [
            -85.741001044966495,
            35.06844187112187
          ],
          [
            -85.740857778022743,
            35.068358670776348
          ],
          [
            -85.740636643768823,
            35.068244071091016
          ],
          [
            -85.740446444586283,
            35.068157670914225
          ],
          [
            -85.740298044689055,
            35.068083471322211
          ],
          [
            -85.74018037799965,
            35.068036870963134
          ],
          [
            -85.739814844701158,
            35.067920138301062
          ],
          [
            -85.739280176787403,
            35.067762070699004
          ],
          [
            -85.739199643629505,
            35.067733937321513
          ],
          [
            -85.739161977344651,
            35.067715137161542
          ],
          [
            -85.739127843672222,
            35.067692937211611
          ],
          [
            -85.739068043151292,
            35.06764153758062
          ],
          [
            -85.739047177325986,
            35.067610070801322
          ],
          [
            -85.739015577353484,
            35.067544270548268
          ],
          [
            -85.738987177022565,
            35.067403937036509
          ],
          [
            -85.738977177492259,
            35.067333536837118
          ],
          [
            -85.738980177351351,
            35.066978337808344
          ],
          [
            -85.739011443312492,
            35.066693871045068
          ],
          [
            -85.739015377570993,
            35.066586670810523
          ],
          [
            -85.739012643048028,
            35.066551070510869
          ],
          [
            -85.739000377234987,
            35.066516671039018
          ]
        ]
      },
      "properties": {
        "name": "Battle Creek",
        "gnis_id": "01276480",
        "fcode": 55800,
        "ftype": 558,
        "water_kind": "flowline",
        "water_class": "artificial_path",
        "lengthkm": 0.93281579000000003,
        "areasqkm": null,
        "elevation": null,
        "permanent_identifier": "139318872",
        "nhd_layer_id": 6,
        "nhd_layer_name": "Flowline - Large Scale"
      }
    },
    {
      "type": "Feature",
      "id": 19213201,
      "geometry": {
        "type": "LineString",
        "coordinates": [
          [
            -85.720569041115894,
            35.115070947676955
          ],
          [
            -85.720582441110807,
            35.114994080677697
          ],
          [
            -85.721010375224324,
            35.114334347942595
          ],
          [
            -85.721718641643562,
            35.112800880382558
          ],
          [
            -85.721818841931778,
            35.112322680781936
          ],
          [
            -85.721945841169287,
            35.112020280160657
          ],
          [
            -85.721999242407037,
            35.11165754774337
          ],
          [
            -85.721999041583999,
            35.111278347351892
          ],
          [
            -85.721965574893758,
            35.111140946538796
          ],
          [
            -85.721885241518365,
            35.110937547013698
          ],
          [
            -85.721885174924211,
            35.110794680923881
          ],
          [
            -85.721998775207339,
            35.110514347171488
          ],
          [
            -85.722185841342451,
            35.11014608031595
          ],
          [
            -85.722459975188031,
            35.109761279586898
          ],
          [
            -85.722560175476247,
            35.109519480108716
          ],
          [
            -85.722780774895753,
            35.109085146637938
          ]
        ]
      },
      "properties": {
        "name": null,
        "gnis_id": null,
        "fcode": 46006,
        "ftype": 460,
        "water_kind": "flowline",
        "water_class": "stream",
        "lengthkm": 0.7123194100000001,
        "areasqkm": null,
        "elevation": null,
        "permanent_identifier": "139314332",
        "nhd_layer_id": 6,
        "nhd_layer_name": "Flowline - Large Scale"
      }
    },
    {
      "type": "Feature",
      "id": 19660780,
      "geometry": {
        "type": "LineString",
        "coordinates": [
          [
            -85.776378057540398,
            35.114504545419678
          ],
          [
            -85.776150657191621,
            35.114548478933209
          ],
          [
            -85.775896457893552,
            35.11455394508593
          ],
          [
            -85.775568657474068,
            35.11460874618308
          ],
          [
            -85.775481790586653,
            35.114652678789263
          ],
          [
            -85.775180656968686,
            35.114729546110581
          ],
          [
            -85.774739190712467,
            35.114751345982597
          ],
          [
            -85.774010056386857,
            35.114844545221302
          ],
          [
            -85.773682190413751,
            35.115020279251169
          ],
          [
            -85.773361055654149,
            35.115086145900413
          ],
          [
            -85.773274189807239,
            35.115097078984462
          ],
          [
            -85.773019990509141,
            35.115009079745029
          ],
          [
            -85.772765989953029,
            35.114750679525599
          ],
          [
            -85.772565389594121,
            35.114629679606843
          ],
          [
            -85.772465057158115,
            35.1146021454378
          ],
          [
            -85.772123989932055,
            35.114568945936639
          ],
          [
            -85.771869788552905,
            35.114585478872833
          ],
          [
            -85.771622255955194,
            35.114513879250467
          ],
          [
            -85.77142838889084,
            35.114508278611659
          ],
          [
            -85.770879855863541,
            35.114645546072843
          ],
          [
            -85.770765989203724,
            35.114661945361533
          ],
          [
            -85.770438255378437,
            35.114584879656086
          ],
          [
            -85.770130789071487,
            35.114452879080339
          ],
          [
            -85.770010388899635,
            35.114381345732156
          ],
          [
            -85.769669389308277,
            35.11426587953008
          ],
          [
            -85.769355055477888,
            35.114106279412397
          ],
          [
            -85.768980454967434,
            35.114089679136889
          ],
          [
            -85.768619388680776,
            35.114040079165179
          ],
          [
            -85.76831838825116,
            35.113968545454604
          ],
          [
            -85.768010587932835,
            35.1140452797883
          ],
          [
            -85.767823387568853,
            35.113995746180535
          ],
          [
            -85.767716387391943,
            35.113935279304201
          ],
          [
            -85.76730178876025,
            35.113918545360612
          ],
          [
            -85.767014054096705,
            35.113880079407657
          ],
          [
            -85.766733187997104,
            35.113775479365515
          ],
          [
            -85.766184987940619,
            35.113500345460267
          ],
          [
            -85.766171454757369,
            35.113511478782371
          ],
          [
            -85.7659976543883,
            35.113373945547082
          ],
          [
            -85.765716787248166,
            35.11326934570635
          ],
          [
            -85.765489454534105,
            35.113170279219709
          ],
          [
            -85.765208655028673,
            35.113093345738022
          ],
          [
            -85.764211986963687,
            35.11303234535562
          ],
          [
            -85.763783986256016,
            35.113070678925325
          ],
          [
            -85.763516386963005,
            35.113070545290689
          ],
          [
            -85.763402653491553,
            35.113119945826327
          ],
          [
            -85.76321545416809,
            35.113097879099847
          ],
          [
            -85.762947787240378,
            35.113136279030329
          ],
          [
            -85.76200465360148,
            35.113152346664492
          ],
          [
            -85.761884252389095,
            35.113135746194651
          ],
          [
            -85.761395986041876,
            35.113256479360857
          ],
          [
            -85.761128253560528,
            35.113382746673324
          ],
          [
            -85.760987853287531,
            35.113404679688564
          ],
          [
            -85.760847386420394,
            35.113382679430671
          ],
          [
            -85.760673452862989,
            35.113316546689461
          ],
          [
            -85.75983758577766,
            35.113118346467644
          ],
          [
            -85.759529986282359,
            35.112964345698771
          ],
          [
            -85.758045384840997,
            35.112589879699001
          ],
          [
            -85.75743018585041,
            35.112391679411999
          ],
          [
            -85.756634385561526,
            35.112176946072559
          ],
          [
            -85.756406985212763,
            35.112160346255152
          ]
        ]
      },
      "properties": {
        "name": "Tate Cove Creek",
        "gnis_id": "01310101",
        "fcode": 46006,
        "ftype": 460,
        "water_kind": "flowline",
        "water_class": "stream",
        "lengthkm": 1.9219695799999998,
        "areasqkm": null,
        "elevation": null,
        "permanent_identifier": "139318535",
        "nhd_layer_id": 6,
        "nhd_layer_name": "Flowline - Large Scale"
      }
    },
    {
      "type": "Feature",
      "id": 20110942,
      "geometry": {
        "type": "LineString",
        "coordinates": [
          [
            -85.741114245684614,
            35.088853475620454
          ],
          [
            -85.741145446092133,
            35.088903075593471
          ]
        ]
      },
      "properties": {
        "name": null,
        "gnis_id": null,
        "fcode": 55800,
        "ftype": 558,
        "water_kind": "flowline",
        "water_class": "artificial_path",
        "lengthkm": 0.0062257500000000004,
        "areasqkm": null,
        "elevation": null,
        "permanent_identifier": "139318926",
        "nhd_layer_id": 6,
        "nhd_layer_name": "Flowline - Large Scale"
      }
    },
    {
      "type": "Feature",
      "id": 20110985,
      "geometry": {
        "type": "LineString",
        "coordinates": [
          [
            -85.729138442965677,
            35.1029387450671
          ],
          [
            -85.729385976603922,
            35.103010145444387
          ],
          [
            -85.729981243128066,
            35.10333414576985
          ],
          [
            -85.730155243279611,
            35.103532078651519
          ]
        ]
      },
      "properties": {
        "name": null,
        "gnis_id": null,
        "fcode": 46006,
        "ftype": 460,
        "water_kind": "flowline",
        "water_class": "stream",
        "lengthkm": 0.11580801,
        "areasqkm": null,
        "elevation": null,
        "permanent_identifier": "139316357",
        "nhd_layer_id": 6,
        "nhd_layer_name": "Flowline - Large Scale"
      }
    },
    {
      "type": "Feature",
      "id": 20559686,
      "geometry": {
        "type": "LineString",
        "coordinates": [
          [
            -85.750453982838366,
            35.112261679822595
          ],
          [
            -85.750506383082552,
            35.112246945819095
          ]
        ]
      },
      "properties": {
        "name": null,
        "gnis_id": null,
        "fcode": 55800,
        "ftype": 558,
        "water_kind": "flowline",
        "water_class": "artificial_path",
        "lengthkm": 0.00501491,
        "areasqkm": null,
        "elevation": null,
        "permanent_identifier": "139318921",
        "nhd_layer_id": 6,
        "nhd_layer_name": "Flowline - Large Scale"
      }
    },
    {
      "type": "Feature",
      "id": 20783707,
      "geometry": {
        "type": "LineString",
        "coordinates": [
          [
            -85.741978379912524,
            35.101884544936972
          ],
          [
            -85.742070046782629,
            35.101903744141161
          ]
        ]
      },
      "properties": {
        "name": null,
        "gnis_id": null,
        "fcode": 55800,
        "ftype": 558,
        "water_kind": "flowline",
        "water_class": "artificial_path",
        "lengthkm": 0.0085603900000000011,
        "areasqkm": null,
        "elevation": null,
        "permanent_identifier": "139318904",
        "nhd_layer_id": 6,
        "nhd_layer_name": "Flowline - Large Scale"
      }
    },
    {
      "type": "Feature",
      "id": 21232828,
      "geometry": {
        "type": "LineString",
        "coordinates": [
          [
            -85.752656183247097,
            35.110229278900356
          ],
          [
            -85.752559850623228,
            35.110256346384077
          ]
        ]
      },
      "properties": {
        "name": "Tate Cove Creek",
        "gnis_id": "01310101",
        "fcode": 55800,
        "ftype": 558,
        "water_kind": "flowline",
        "water_class": "artificial_path",
        "lengthkm": 0.0092190199999999996,
        "areasqkm": null,
        "elevation": null,
        "permanent_identifier": "139318910",
        "nhd_layer_id": 6,
        "nhd_layer_name": "Flowline - Large Scale"
      }
    },
    {
      "type": "Feature",
      "id": 21457605,
      "geometry": {
        "type": "LineString",
        "coordinates": [
          [
            -85.784099392045448,
            35.108411677519825
          ],
          [
            -85.783925459528604,
            35.108576477845972
          ],
          [
            -85.783577459225498,
            35.108785277450067
          ],
          [
            -85.783309858891954,
            35.109037944055061
          ],
          [
            -85.783122591933818,
            35.109114877960579
          ],
          [
            -85.782908458391645,
            35.109219277139822
          ],
          [
            -85.782754592570086,
            35.109378543789802
          ],
          [
            -85.782560459129058,
            35.109823744796579
          ],
          [
            -85.782493592342774,
            35.109911544494629
          ],
          [
            -85.782346392181068,
            35.110048944826978
          ],
          [
            -85.781831059467336,
            35.110494077479935
          ],
          [
            -85.781068458451486,
            35.110911544605543
          ],
          [
            -85.78093465932524,
            35.111037878540252
          ],
          [
            -85.780439592048765,
            35.111329144932448
          ],
          [
            -85.780305791881986,
            35.111438945499565
          ],
          [
            -85.780171991715221,
            35.111576344958991
          ],
          [
            -85.780024791553529,
            35.111675278044174
          ],
          [
            -85.779549657784031,
            35.112076278878689
          ],
          [
            -85.77944939194218,
            35.112120144755437
          ],
          [
            -85.779275257561778,
            35.112246544911123
          ],
          [
            -85.778927391487528,
            35.112554279046492
          ],
          [
            -85.778733391234837,
            35.112806945031146
          ],
          [
            -85.778673191148911,
            35.112839945223364
          ],
          [
            -85.778385457525886,
            35.113059745569323
          ],
          [
            -85.777803258025855,
            35.113449745853927
          ],
          [
            -85.777127457303294,
            35.113845278565542
          ],
          [
            -85.776545390991572,
            35.114328745589084
          ],
          [
            -85.776378057540398,
            35.114504545419678
          ]
        ]
      },
      "properties": {
        "name": null,
        "gnis_id": null,
        "fcode": 46006,
        "ftype": 460,
        "water_kind": "flowline",
        "water_class": "stream",
        "lengthkm": 0.98896070999999997,
        "areasqkm": null,
        "elevation": null,
        "permanent_identifier": "139318533",
        "nhd_layer_id": 6,
        "nhd_layer_name": "Flowline - Large Scale"
      }
    },
    {
      "type": "Feature",
      "id": 21682433,
      "geometry": {
        "type": "LineString",
        "coordinates": [
          [
            -85.784029255901785,
            35.063897535073899
          ],
          [
            -85.783634789519056,
            35.064128268453167
          ],
          [
            -85.783447590195607,
            35.064177667981809
          ],
          [
            -85.783340590018682,
            35.064238068706217
          ],
          [
            -85.783039656183249,
            35.064479735033061
          ],
          [
            -85.782872590149282,
            35.06456226820675
          ],
          [
            -85.781207789055671,
            35.065116935539088
          ],
          [
            -85.7806328556035,
            35.06544106852531
          ],
          [
            -85.780117855860581,
            35.065814535739051
          ],
          [
            -85.779549455920474,
            35.066276069361585
          ],
          [
            -85.779462589033002,
            35.066391535396605
          ],
          [
            -85.779281855586902,
            35.066726735751288
          ],
          [
            -85.779087988522548,
            35.066941069282336
          ],
          [
            -85.778680055550723,
            35.067292669384088
          ],
          [
            -85.77797105451458,
            35.067853069342434
          ],
          [
            -85.77762338822285,
            35.068199269496702
          ],
          [
            -85.777529654852529,
            35.068391536515527
          ],
          [
            -85.777489588056071,
            35.068435535757565
          ],
          [
            -85.777201988661915,
            35.068638869280278
          ],
          [
            -85.777108388479931,
            35.068781669568359
          ]
        ]
      },
      "properties": {
        "name": null,
        "gnis_id": null,
        "fcode": 46006,
        "ftype": 460,
        "water_kind": "flowline",
        "water_class": "stream",
        "lengthkm": 0.85254563000000005,
        "areasqkm": null,
        "elevation": null,
        "permanent_identifier": "139316293",
        "nhd_layer_id": 6,
        "nhd_layer_name": "Flowline - Large Scale"
      }
    },
    {
      "type": "Feature",
      "id": 22356236,
      "geometry": {
        "type": "LineString",
        "coordinates": [
          [
            -85.731191776277484,
            35.089780342619335
          ],
          [
            -85.73236844317168,
            35.08954367498896
          ],
          [
            -85.733057176689471,
            35.089427942013081
          ],
          [
            -85.733458377407302,
            35.089455342498965
          ],
          [
            -85.73390644376974,
            35.089603542680422
          ],
          [
            -85.734294377680968,
            35.089658342673566
          ],
          [
            -85.734434777953936,
            35.089729875583167
          ],
          [
            -85.734882844316388,
            35.089856075468887
          ],
          [
            -85.735056777873766,
            35.089949476012883
          ],
          [
            -85.735264244715566,
            35.090229675300115
          ],
          [
            -85.735391244993622,
            35.090284675806252
          ],
          [
            -85.735658777692464,
            35.090284542134256
          ],
          [
            -85.737036377916382,
            35.090443342595023
          ],
          [
            -85.738607778610515,
            35.090519876007136
          ],
          [
            -85.738875245755736,
            35.090552675775626
          ],
          [
            -85.738968844897187,
            35.09054707604453
          ]
        ]
      },
      "properties": {
        "name": null,
        "gnis_id": null,
        "fcode": 46006,
        "ftype": 460,
        "water_kind": "flowline",
        "water_class": "stream",
        "lengthkm": 0.74063922000000004,
        "areasqkm": null,
        "elevation": null,
        "permanent_identifier": "139314327",
        "nhd_layer_id": 6,
        "nhd_layer_name": "Flowline - Large Scale"
      }
    },
    {
      "type": "Feature",
      "id": 22580326,
      "geometry": {
        "type": "LineString",
        "coordinates": [
          [
            -85.734573243874507,
            35.086019875417328
          ],
          [
            -85.734847576462059,
            35.086558341916493
          ]
        ]
      },
      "properties": {
        "name": null,
        "gnis_id": null,
        "fcode": 55800,
        "ftype": 558,
        "water_kind": "flowline",
        "water_class": "artificial_path",
        "lengthkm": 0.065157640000000003,
        "areasqkm": null,
        "elevation": null,
        "permanent_identifier": "139318969",
        "nhd_layer_id": 6,
        "nhd_layer_name": "Flowline - Large Scale"
      }
    },
    {
      "type": "Feature",
      "id": 23029504,
      "geometry": {
        "type": "LineString",
        "coordinates": [
          [
            -85.731783642337007,
            35.083459540581252
          ],
          [
            -85.732826976264136,
            35.083959474088317
          ],
          [
            -85.733141243500327,
            35.084151541342123
          ],
          [
            -85.733428842894483,
            35.084365874236418
          ],
          [
            -85.733930643465513,
            35.084805340950197
          ],
          [
            -85.734111242682729,
            35.085041674930878
          ],
          [
            -85.734278577174436,
            35.08536587523222
          ],
          [
            -85.734278776956941,
            35.085519741672215
          ],
          [
            -85.734519642854266,
            35.085893474611332
          ],
          [
            -85.734539642955397,
            35.085981341805166
          ],
          [
            -85.734573243874507,
            35.086019875417328
          ]
        ]
      },
      "properties": {
        "name": null,
        "gnis_id": null,
        "fcode": 46006,
        "ftype": 460,
        "water_kind": "flowline",
        "water_class": "stream",
        "lengthkm": 0.39760878999999999,
        "areasqkm": null,
        "elevation": null,
        "permanent_identifier": "139316349",
        "nhd_layer_id": 6,
        "nhd_layer_name": "Flowline - Large Scale"
      }
    },
    {
      "type": "Feature",
      "id": 23478227,
      "geometry": {
        "type": "LineString",
        "coordinates": [
          [
            -85.728304843203617,
            35.108336145769968
          ],
          [
            -85.728304776609434,
            35.108116346302673
          ],
          [
            -85.728237776634828,
            35.107715279164559
          ],
          [
            -85.728143776887819,
            35.106918279607122
          ],
          [
            -85.728056642583184,
            35.106725879510549
          ],
          [
            -85.727916175716032,
            35.106561078847314
          ],
          [
            -85.727608443032395,
            35.106291879311627
          ],
          [
            -85.727367576094551,
            35.105962145655447
          ],
          [
            -85.727333976215988,
            35.105753345628671
          ],
          [
            -85.727333843027651,
            35.10550594577051
          ],
          [
            -85.727440842164043,
            35.105313679392367
          ],
          [
            -85.727447442270247,
            35.105264145584712
          ]
        ]
      },
      "properties": {
        "name": null,
        "gnis_id": null,
        "fcode": 46006,
        "ftype": 460,
        "water_kind": "flowline",
        "water_class": "stream",
        "lengthkm": 0.36903002000000001,
        "areasqkm": null,
        "elevation": null,
        "permanent_identifier": "139316355",
        "nhd_layer_id": 6,
        "nhd_layer_name": "Flowline - Large Scale"
      }
    },
    {
      "type": "Feature",
      "id": 23928307,
      "geometry": {
        "type": "LineString",
        "coordinates": [
          [
            -85.714375240478887,
            35.115193081528375
          ],
          [
            -85.714836973212911,
            35.115467748393996
          ],
          [
            -85.715138040236681,
            35.11573154857696
          ],
          [
            -85.715144772490703,
            35.115759081513175
          ],
          [
            -85.715265173703088,
            35.115863481542853
          ],
          [
            -85.715880640110868,
            35.116193081511973
          ],
          [
            -85.716241840626395,
            35.116297481836639
          ],
          [
            -85.716462573234253,
            35.116335881961554
          ],
          [
            -85.716556240010405,
            35.116368881575653
          ],
          [
            -85.717171640864549,
            35.116445748129046
          ],
          [
            -85.718596374150309,
            35.116478482142853
          ],
          [
            -85.718716840916329,
            35.116500348787021
          ]
        ]
      },
      "properties": {
        "name": null,
        "gnis_id": null,
        "fcode": 46006,
        "ftype": 460,
        "water_kind": "flowline",
        "water_class": "stream",
        "lengthkm": 0.43839947000000001,
        "areasqkm": null,
        "elevation": null,
        "permanent_identifier": "139314335",
        "nhd_layer_id": 6,
        "nhd_layer_name": "Flowline - Large Scale"
      }
    },
    {
      "type": "Feature",
      "id": 23928308,
      "geometry": {
        "type": "LineString",
        "coordinates": [
          [
            -85.718716840916329,
            35.116500348787021
          ],
          [
            -85.719131373994372,
            35.116060548171582
          ],
          [
            -85.719693174868809,
            35.115736148181497
          ],
          [
            -85.719833574101258,
            35.115604281399079
          ],
          [
            -85.71992704109492,
            35.115483281896857
          ],
          [
            -85.720114374647238,
            35.115323881631163
          ],
          [
            -85.720569041115894,
            35.115070947676955
          ]
        ]
      },
      "properties": {
        "name": null,
        "gnis_id": null,
        "fcode": 46006,
        "ftype": 460,
        "water_kind": "flowline",
        "water_class": "stream",
        "lengthkm": 0.23417882000000001,
        "areasqkm": null,
        "elevation": null,
        "permanent_identifier": "139314333",
        "nhd_layer_id": 6,
        "nhd_layer_name": "Flowline - Large Scale"
      }
    },
    {
      "type": "Feature",
      "id": 24152779,
      "geometry": {
        "type": "LineString",
        "coordinates": [
          [
            -85.743162646865969,
            35.104081878244997
          ],
          [
            -85.743066447430422,
            35.104013077735544
          ],
          [
            -85.742931180110929,
            35.103930145212132
          ],
          [
            -85.742903579950536,
            35.103904078425415
          ],
          [
            -85.742871580413023,
            35.103881478861041
          ],
          [
            -85.742835180457874,
            35.10386267851807
          ],
          [
            -85.742741581316409,
            35.10379027864186
          ],
          [
            -85.742634980704494,
            35.103680944483173
          ],
          [
            -85.742575046995242,
            35.103632678082292
          ],
          [
            -85.742521179598327,
            35.103579677712254
          ],
          [
            -85.742432447033693,
            35.103458078082106
          ],
          [
            -85.742407980961275,
            35.103391544848236
          ],
          [
            -85.742356647264288,
            35.103294944424306
          ],
          [
            -85.742301247161024,
            35.103162745089719
          ],
          [
            -85.742294179855108,
            35.103128677730354
          ],
          [
            -85.742270446318514,
            35.103062145078923
          ],
          [
            -85.742268180035794,
            35.103027477524535
          ],
          [
            -85.742243180169496,
            35.10296147854401
          ],
          [
            -85.742219980426754,
            35.10285994442782
          ],
          [
            -85.742218980473723,
            35.10282514483859
          ],
          [
            -85.742199847137286,
            35.102758144584655
          ],
          [
            -85.742195246937129,
            35.102723745055492
          ],
          [
            -85.742157980217272,
            35.102553545107426
          ],
          [
            -85.742136447409763,
            35.102486278177565
          ],
          [
            -85.742115780326444,
            35.102382544593681
          ],
          [
            -85.742078379377716,
            35.102104144130841
          ],
          [
            -85.742070647170664,
            35.101997944720125
          ],
          [
            -85.742070046782629,
            35.101903744141161
          ]
        ]
      },
      "properties": {
        "name": "Battle Creek",
        "gnis_id": "01276480",
        "fcode": 55800,
        "ftype": 558,
        "water_kind": "flowline",
        "water_class": "artificial_path",
        "lengthkm": 0.27498912000000003,
        "areasqkm": null,
        "elevation": null,
        "permanent_identifier": "139318880",
        "nhd_layer_id": 6,
        "nhd_layer_name": "Flowline - Large Scale"
      }
    },
    {
      "type": "Feature",
      "id": 24602562,
      "geometry": {
        "type": "LineString",
        "coordinates": [
          [
            -85.750506383082552,
            35.112246945819095
          ],
          [
            -85.750415650611856,
            35.11217294635275
          ],
          [
            -85.750404049699952,
            35.112139879497931
          ],
          [
            -85.750394849299653,
            35.112070478894672
          ],
          [
            -85.750397782564576,
            35.112036079891006
          ],
          [
            -85.750414849400798,
            35.111969145940655
          ],
          [
            -85.750432583219208,
            35.11193667994177
          ],
          [
            -85.750520250277177,
            35.111861146351821
          ],
          [
            -85.750628183812964,
            35.111806279567567
          ],
          [
            -85.75066718302169,
            35.111792346450862
          ],
          [
            -85.750808982812686,
            35.111717146393666
          ],
          [
            -85.75089045036998,
            35.111693879108927
          ],
          [
            -85.751049783156375,
            35.111639345878856
          ],
          [
            -85.751213249983763,
            35.111588745968106
          ],
          [
            -85.75132978353183,
            35.111541479293535
          ],
          [
            -85.751365782881464,
            35.111522078924629
          ],
          [
            -85.75140398296017,
            35.111505879034262
          ],
          [
            -85.751446984062071,
            35.111498479619172
          ],
          [
            -85.751479249976256,
            35.111474145727641
          ],
          [
            -85.751513450242854,
            35.111454279740151
          ],
          [
            -85.751552383897931,
            35.111439879258342
          ],
          [
            -85.751684583723645,
            35.111354746295
          ],
          [
            -85.751828250232393,
            35.111284079296681
          ],
          [
            -85.751858050081339,
            35.111259278886322
          ],
          [
            -85.751893050518461,
            35.111240745818009
          ],
          [
            -85.751930650209147,
            35.111225278750737
          ],
          [
            -85.75203258402675,
            35.111162146426608
          ],
          [
            -85.752061049911305,
            35.111136145792557
          ],
          [
            -85.752194850078084,
            35.111051346181149
          ],
          [
            -85.752399383654932,
            35.110867545291157
          ],
          [
            -85.752460450505552,
            35.110817945911776
          ],
          [
            -85.752517183532689,
            35.110764345861988
          ],
          [
            -85.752560451011263,
            35.110703679109172
          ],
          [
            -85.752578450165799,
            35.110671079818701
          ],
          [
            -85.752602250296562,
            35.110603345468768
          ],
          [
            -85.75261778442642,
            35.110533478800384
          ],
          [
            -85.752617049809515,
            35.110427879405307
          ],
          [
            -85.752591583784067,
            35.110359945671377
          ],
          [
            -85.752559850623228,
            35.110256346384077
          ]
        ]
      },
      "properties": {
        "name": "Battle Creek",
        "gnis_id": "01276480",
        "fcode": 55800,
        "ftype": 558,
        "water_kind": "flowline",
        "water_class": "artificial_path",
        "lengthkm": 0.33113745999999999,
        "areasqkm": null,
        "elevation": null,
        "permanent_identifier": "139318887",
        "nhd_layer_id": 6,
        "nhd_layer_name": "Flowline - Large Scale"
      }
    },
    {
      "type": "Feature",
      "id": 24602570,
      "geometry": {
        "type": "LineString",
        "coordinates": [
          [
            -85.738968844897187,
            35.09054707604453
          ],
          [
            -85.739052244725841,
            35.090523742266456
          ]
        ]
      },
      "properties": {
        "name": null,
        "gnis_id": null,
        "fcode": 55800,
        "ftype": 558,
        "water_kind": "flowline",
        "water_class": "artificial_path",
        "lengthkm": 0.0079794800000000006,
        "areasqkm": null,
        "elevation": null,
        "permanent_identifier": "139318903",
        "nhd_layer_id": 6,
        "nhd_layer_name": "Flowline - Large Scale"
      }
    },
    {
      "type": "Feature",
      "id": 24827952,
      "geometry": {
        "type": "LineString",
        "coordinates": [
          [
            -85.769213585536107,
            35.068108335964311
          ],
          [
            -85.769334186530983,
            35.06786653645176
          ],
          [
            -85.769467985657229,
            35.067481869185045
          ],
          [
            -85.769508385424515,
            35.06714666937652
          ],
          [
            -85.769481585434647,
            35.067058669479145
          ],
          [
            -85.76940805298851,
            35.06696513626958
          ],
          [
            -85.769314585994834,
            35.066904736711372
          ],
          [
            -85.76917425231602,
            35.066844269827477
          ],
          [
            -85.768973786185981,
            35.066816535561692
          ],
          [
            -85.76801798508798,
            35.066519469600237
          ],
          [
            -85.767489851726793,
            35.066381869017725
          ],
          [
            -85.767209185409698,
            35.066288269454489
          ],
          [
            -85.767035385040629,
            35.06627173609251
          ],
          [
            -85.766841452422653,
            35.066288136594856
          ],
          [
            -85.76678125129618,
            35.066249669461406
          ],
          [
            -85.766634451740032,
            35.066018736826607
          ],
          [
            -85.766554251552961,
            35.065969269427029
          ],
          [
            -85.766213385149939,
            35.06591966913723
          ],
          [
            -85.766106451567197,
            35.065837135632641
          ]
        ]
      },
      "properties": {
        "name": null,
        "gnis_id": null,
        "fcode": 46006,
        "ftype": 460,
        "water_kind": "flowline",
        "water_class": "stream",
        "lengthkm": 0.47123173000000002,
        "areasqkm": null,
        "elevation": null,
        "permanent_identifier": "139316327",
        "nhd_layer_id": 6,
        "nhd_layer_name": "Flowline - Large Scale"
      }
    },
    {
      "type": "Feature",
      "id": 25501887,
      "geometry": {
        "type": "LineString",
        "coordinates": [
          [
            -85.765212385342537,
            35.074026137829776
          ],
          [
            -85.765566851522976,
            35.073811937868903
          ],
          [
            -85.766128584762711,
            35.073603337388867
          ],
          [
            -85.766957786188215,
            35.07328493736955
          ],
          [
            -85.767238585693647,
            35.073285071069407
          ],
          [
            -85.767619653121983,
            35.073263137479543
          ],
          [
            -85.767773452349374,
            35.07321933755788
          ],
          [
            -85.767900585815767,
            35.073125937444217
          ],
          [
            -85.768000852698137,
            35.072999537098283
          ],
          [
            -85.768241785189616,
            35.072581870736649
          ],
          [
            -85.768395586498059,
            35.072389537796852
          ],
          [
            -85.768616252511748,
            35.072241270573933
          ],
          [
            -85.768877052956583,
            35.072246870710138
          ],
          [
            -85.769070852386236,
            35.07235133668371
          ]
        ]
      },
      "properties": {
        "name": null,
        "gnis_id": null,
        "fcode": 46006,
        "ftype": 460,
        "water_kind": "flowline",
        "water_class": "stream",
        "lengthkm": 0.43376824000000003,
        "areasqkm": null,
        "elevation": null,
        "permanent_identifier": "139316319",
        "nhd_layer_id": 6,
        "nhd_layer_name": "Flowline - Large Scale"
      }
    },
    {
      "type": "Feature",
      "id": 25726455,
      "geometry": {
        "type": "LineString",
        "coordinates": [
          [
            -85.762064586270199,
            35.103352677231044
          ],
          [
            -85.762097852137387,
            35.103611077839275
          ],
          [
            -85.762064186705203,
            35.104050677496552
          ],
          [
            -85.761909852643413,
            35.104842077402701
          ],
          [
            -85.761702186019122,
            35.105408077778428
          ],
          [
            -85.761695386130413,
            35.105605944333725
          ],
          [
            -85.761788585706867,
            35.10612814523639
          ],
          [
            -85.761982386177067,
            35.106468944405648
          ],
          [
            -85.762089052342617,
            35.106804278031433
          ],
          [
            -85.762222586132722,
            35.107326478066327
          ],
          [
            -85.762235452333783,
            35.10805194494219
          ],
          [
            -85.762401985614432,
            35.109167745346475
          ],
          [
            -85.762361653481847,
            35.109404078519276
          ],
          [
            -85.762174186741206,
            35.109733879115304
          ],
          [
            -85.761444586256431,
            35.110695279460344
          ],
          [
            -85.761344052997387,
            35.11088207866117
          ],
          [
            -85.760882252628647,
            35.111387546193619
          ],
          [
            -85.760594385817299,
            35.111612746158457
          ],
          [
            -85.760159452032596,
            35.111914878465512
          ]
        ]
      },
      "properties": {
        "name": null,
        "gnis_id": null,
        "fcode": 46006,
        "ftype": 460,
        "water_kind": "flowline",
        "water_class": "stream",
        "lengthkm": 1.0372094699999999,
        "areasqkm": null,
        "elevation": null,
        "permanent_identifier": "139316271",
        "nhd_layer_id": 6,
        "nhd_layer_name": "Flowline - Large Scale"
      }
    },
    {
      "type": "Feature",
      "id": 26175822,
      "geometry": {
        "type": "LineString",
        "coordinates": [
          [
            -85.779718056741871,
            35.09408167466124
          ],
          [
            -85.779202790622293,
            35.094911475145274
          ],
          [
            -85.779048857166032,
            35.09529614165303
          ],
          [
            -85.779028656241849,
            35.095504942073227
          ],
          [
            -85.778914857216776,
            35.095774341543986
          ],
          [
            -85.778312657615587,
            35.096499541749289
          ],
          [
            -85.778198990738289,
            35.096647941965919
          ],
          [
            -85.777770790248113,
            35.097126075186083
          ],
          [
            -85.777088189636828,
            35.098049142307637
          ],
          [
            -85.77682058930327,
            35.098329342708801
          ],
          [
            -85.77663319019733,
            35.098582142182998
          ],
          [
            -85.77651939013171,
            35.098697542919631
          ],
          [
            -85.776245256286117,
            35.098785342684614
          ],
          [
            -85.775797188883146,
            35.098675275631741
          ],
          [
            -85.775335789119936,
            35.098526742892638
          ],
          [
            -85.775168656491786,
            35.09848827563421
          ],
          [
            -85.77494138933136,
            35.098394675443394
          ],
          [
            -85.774272789103037,
            35.097998742536191
          ],
          [
            -85.773891789309403,
            35.097690742309865
          ],
          [
            -85.773651055559895,
            35.097432475324979
          ],
          [
            -85.773410454998697,
            35.097135475709244
          ],
          [
            -85.773029455205062,
            35.096827542883474
          ],
          [
            -85.772942588317605,
            35.096728675207338
          ],
          [
            -85.772561788306461,
            35.096107342187175
          ],
          [
            -85.772220988497594,
            35.095629075289267
          ],
          [
            -85.772120788209392,
            35.095381741759503
          ],
          [
            -85.772034054510272,
            35.09501894210397
          ],
          [
            -85.772074388723937,
            35.094447341645939
          ],
          [
            -85.77212805425728,
            35.09420554101024
          ],
          [
            -85.772328855439213,
            35.09373847475289
          ],
          [
            -85.772442855287352,
            35.093353741300049
          ],
          [
            -85.772476454125368,
            35.092952541078553
          ],
          [
            -85.772623855110112,
            35.092381074277434
          ],
          [
            -85.772690988273084,
            35.091913874117303
          ],
          [
            -85.772610987868518,
            35.091474140903074
          ],
          [
            -85.772617788797746,
            35.091078340414242
          ],
          [
            -85.772671454331118,
            35.090814540467136
          ],
          [
            -85.772892455396686,
            35.090199073754796
          ],
          [
            -85.772852588382747,
            35.089902274269093
          ],
          [
            -85.772779054896063,
            35.089726340488461
          ],
          [
            -85.772759189023787,
            35.089440540516208
          ],
          [
            -85.772806054668393,
            35.089226273745105
          ],
          [
            -85.772939988023509,
            35.088951474171651
          ],
          [
            -85.7731339882762,
            35.088665740449883
          ],
          [
            -85.773227655052366,
            35.088572273726882
          ],
          [
            -85.773314654087599,
            35.088358073640812
          ],
          [
            -85.773308055021928,
            35.088187673416243
          ],
          [
            -85.773274654925856,
            35.08806667408092
          ],
          [
            -85.77313438784121,
            35.087835740179976
          ],
          [
            -85.772593055308135,
            35.087214540339744
          ],
          [
            -85.772439388228563,
            35.086972673131086
          ],
          [
            -85.772332654428297,
            35.086681340143379
          ],
          [
            -85.772292655266568,
            35.086422939519842
          ],
          [
            -85.772205787338592,
            35.086142673512335
          ],
          [
            -85.771965387600417,
            35.085680873347378
          ],
          [
            -85.771945387499287,
            35.085521472697813
          ],
          [
            -85.7720056552199,
            35.085279673694679
          ],
          [
            -85.772079387448557,
            35.085131339639183
          ],
          [
            -85.772293454396547,
            35.084889473064869
          ],
          [
            -85.772407187868026,
            35.084708139504052
          ],
          [
            -85.772427454345816,
            35.084411473302005
          ],
          [
            -85.772320854774449,
            35.083641873153134
          ],
          [
            -85.772407854850215,
            35.083454940006774
          ],
          [
            -85.772916387675252,
            35.082680272111915
          ],
          [
            -85.772949987553801,
            35.082548339079082
          ],
          [
            -85.772943254259275,
            35.082312072806296
          ],
          [
            -85.773057187513231,
            35.082042738706761
          ],
          [
            -85.773338187841702,
            35.081625072653125
          ],
          [
            -85.773411787922541,
            35.081471272096209
          ],
          [
            -85.773686054956471,
            35.081213072102592
          ],
          [
            -85.773866788402572,
            35.080861272263682
          ],
          [
            -85.77409425430497,
            35.080570072424301
          ],
          [
            -85.774154387796713,
            35.080454671579893
          ],
          [
            -85.774241588695546,
            35.080004071630931
          ],
          [
            -85.774301854335093,
            35.079866671752328
          ],
          [
            -85.774549387973323,
            35.079608338951473
          ],
          [
            -85.774963988686054,
            35.079311738504281
          ],
          [
            -85.775030854431847,
            35.079223871789971
          ],
          [
            -85.775117988736469,
            35.078965538656853
          ],
          [
            -85.774997854941304,
            35.078437871478087
          ],
          [
            -85.774924454642957,
            35.078168471792708
          ],
          [
            -85.774897988664463,
            35.077772871566076
          ],
          [
            -85.774931388760521,
            35.077602337676311
          ],
          [
            -85.775152254556716,
            35.077140737816848
          ],
          [
            -85.775245987927036,
            35.076981471204569
          ],
          [
            -85.775332854814479,
            35.076871538221461
          ],
          [
            -85.775620588437491,
            35.076613338147069
          ],
          [
            -85.776035255744404,
            35.076327671056823
          ],
          [
            -85.776824255104046,
            35.075992671079554
          ],
          [
            -85.777245589111317,
            35.075849937909155
          ],
          [
            -85.777700255579987,
            35.075613670972238
          ],
          [
            -85.778128188652957,
            35.075426937431935
          ],
          [
            -85.778429189082573,
            35.075372070822674
          ],
          [
            -85.778669788603224,
            35.075399671039499
          ],
          [
            -85.779338255643211,
            35.075564737359983
          ],
          [
            -85.779746055426713,
            35.075619737535689
          ]
        ]
      },
      "properties": {
        "name": "Rogers Cove Branch",
        "gnis_id": "01647281",
        "fcode": 46006,
        "ftype": 460,
        "water_kind": "flowline",
        "water_class": "stream",
        "lengthkm": 3.8497588,
        "areasqkm": null,
        "elevation": null,
        "permanent_identifier": "139314486",
        "nhd_layer_id": 6,
        "nhd_layer_name": "Flowline - Large Scale"
      }
    },
    {
      "type": "Feature",
      "id": 26400554,
      "geometry": {
        "type": "LineString",
        "coordinates": [
          [
            -85.745049780908502,
            35.085334474038639
          ],
          [
            -85.74512164641942,
            35.085244474075814
          ],
          [
            -85.745178646863749,
            35.085147740608676
          ],
          [
            -85.745191246688151,
            35.085113740651131
          ],
          [
            -85.74519598007663,
            35.085078074356034
          ],
          [
            -85.745184579987765,
            35.084936474208476
          ],
          [
            -85.745169046898454,
            35.084866341169615
          ],
          [
            -85.745147447496777,
            35.084797274112432
          ],
          [
            -85.744996379670752,
            35.084386074643511
          ],
          [
            -85.74497398009855,
            35.084317274543167
          ],
          [
            -85.74484958011459,
            35.084052074182857
          ],
          [
            -85.744726446460319,
            35.083747073842225
          ],
          [
            -85.744711846729871,
            35.083677073463569
          ],
          [
            -85.744655180296903,
            35.083182473650091
          ],
          [
            -85.744643779167504,
            35.082897140354845
          ],
          [
            -85.744631779731137,
            35.082791073453649
          ],
          [
            -85.744619779254251,
            35.082720673755922
          ],
          [
            -85.744622780153875,
            35.082578140535801
          ],
          [
            -85.744631046154765,
            35.082471940386526
          ],
          [
            -85.744640646120075,
            35.082401873348424
          ],
          [
            -85.74464304663168,
            35.082331073962806
          ],
          [
            -85.744627846513183,
            35.081475139635984
          ],
          [
            -85.744636378890746,
            35.081333540046202
          ],
          [
            -85.744645246320218,
            35.081263273628956
          ],
          [
            -85.744647045403255,
            35.080513673990339
          ],
          [
            -85.744644580378576,
            35.080442273498299
          ],
          [
            -85.744615579659609,
            35.079873740241673
          ],
          [
            -85.744612380018026,
            35.079838139777387
          ],
          [
            -85.744596579511509,
            35.079768739774792
          ],
          [
            -85.744591846123029,
            35.079697673279874
          ],
          [
            -85.744589646434463,
            35.079519272756087
          ],
          [
            -85.74457697897536,
            35.079449273858764
          ],
          [
            -85.744575246486491,
            35.079413539519443
          ],
          [
            -85.744560446973551,
            35.079308073525738
          ],
          [
            -85.744544046079,
            35.07923887233008
          ],
          [
            -85.744511645935958,
            35.079028873033167
          ],
          [
            -85.744488379599062,
            35.078781472979799
          ],
          [
            -85.74447517938664,
            35.078675673218747
          ],
          [
            -85.744439046848669,
            35.07849707290368
          ]
        ]
      },
      "properties": {
        "name": "Battle Creek",
        "gnis_id": "01276480",
        "fcode": 55800,
        "ftype": 558,
        "water_kind": "flowline",
        "water_class": "artificial_path",
        "lengthkm": 0.77654939000000012,
        "areasqkm": null,
        "elevation": null,
        "permanent_identifier": "139318873",
        "nhd_layer_id": 6,
        "nhd_layer_name": "Flowline - Large Scale"
      }
    },
    {
      "type": "Feature",
      "id": 27298695,
      "geometry": {
        "type": "LineString",
        "coordinates": [
          [
            -85.718309574926693,
            35.118973749157469
          ],
          [
            -85.718396374179449,
            35.118638349005607
          ],
          [
            -85.718670441430874,
            35.117962349293286
          ],
          [
            -85.71878397511982,
            35.117550082091867
          ],
          [
            -85.71878397511982,
            35.117357747950962
          ],
          [
            -85.718690174114812,
            35.116857548537958
          ],
          [
            -85.718663374124944,
            35.116830148750225
          ],
          [
            -85.718643374023799,
            35.116681681437605
          ],
          [
            -85.718669974231162,
            35.116577281605238
          ],
          [
            -85.718716840916329,
            35.116500348787021
          ]
        ]
      },
      "properties": {
        "name": null,
        "gnis_id": null,
        "fcode": 46006,
        "ftype": 460,
        "water_kind": "flowline",
        "water_class": "stream",
        "lengthkm": 0.28546880999999996,
        "areasqkm": null,
        "elevation": null,
        "permanent_identifier": "139316367",
        "nhd_layer_id": 6,
        "nhd_layer_name": "Flowline - Large Scale"
      }
    },
    {
      "type": "Feature",
      "id": 27298749,
      "geometry": {
        "type": "LineString",
        "coordinates": [
          [
            -85.745779980740778,
            35.086405740993996
          ],
          [
            -85.745759846410778,
            35.086405674580547
          ],
          [
            -85.74539184704706,
            35.08596067434209
          ],
          [
            -85.745137446925952,
            35.085532074270951
          ]
        ]
      },
      "properties": {
        "name": null,
        "gnis_id": null,
        "fcode": 46006,
        "ftype": 460,
        "water_kind": "flowline",
        "water_class": "stream",
        "lengthkm": 0.11489658,
        "areasqkm": null,
        "elevation": null,
        "permanent_identifier": "139316345",
        "nhd_layer_id": 6,
        "nhd_layer_name": "Flowline - Large Scale"
      }
    },
    {
      "type": "Feature",
      "id": 27747455,
      "geometry": {
        "type": "LineString",
        "coordinates": [
          [
            -85.779746055426713,
            35.075619737535689
          ],
          [
            -85.781925456698247,
            35.075697470236669
          ],
          [
            -85.782259789589219,
            35.075675537295176
          ],
          [
            -85.782473856537223,
            35.075604136826961
          ],
          [
            -85.78262099010476,
            35.075532737147739
          ],
          [
            -85.782741257088276,
            35.075433737210119
          ],
          [
            -85.782908589498902,
            35.075137071344443
          ],
          [
            -85.783089257391381,
            35.074642470851018
          ],
          [
            -85.783517456840997,
            35.074027070313861
          ],
          [
            -85.783564256931996,
            35.073873137063515
          ],
          [
            -85.783644790089895,
            35.073169670140189
          ],
          [
            -85.783805390246528,
            35.072554069440962
          ],
          [
            -85.783865791155478,
            35.072196870575489
          ],
          [
            -85.783892656698967,
            35.071823136205893
          ],
          [
            -85.784086856734163,
            35.070723869880204
          ],
          [
            -85.784093657663419,
            35.070399536450843
          ]
        ]
      },
      "properties": {
        "name": "Rogers Cove Branch",
        "gnis_id": "01647281",
        "fcode": 46006,
        "ftype": 460,
        "water_kind": "flowline",
        "water_class": "stream",
        "lengthkm": 0.86272863,
        "areasqkm": null,
        "elevation": null,
        "permanent_identifier": "139314487",
        "nhd_layer_id": 6,
        "nhd_layer_name": "Flowline - Large Scale"
      }
    },
    {
      "type": "Feature",
      "id": 27747477,
      "geometry": {
        "type": "LineString",
        "coordinates": [
          [
            -85.760159452032596,
            35.111914878465512
          ],
          [
            -85.759537252330261,
            35.111985945826042
          ],
          [
            -85.759289852920887,
            35.111963879643625
          ],
          [
            -85.759189584997998,
            35.111919879195078
          ],
          [
            -85.758942185588623,
            35.111875745937326
          ],
          [
            -85.758152852217606,
            35.11185334520799
          ],
          [
            -85.756982384824099,
            35.111924278985668
          ],
          [
            -85.756721451190955,
            35.1120011454761
          ],
          [
            -85.756560785480687,
            35.112116345912689
          ],
          [
            -85.756406985212763,
            35.112160346255152
          ]
        ]
      },
      "properties": {
        "name": null,
        "gnis_id": null,
        "fcode": 46006,
        "ftype": 460,
        "water_kind": "flowline",
        "water_class": "stream",
        "lengthkm": 0.34925641000000002,
        "areasqkm": null,
        "elevation": null,
        "permanent_identifier": "139314482",
        "nhd_layer_id": 6,
        "nhd_layer_name": "Flowline - Large Scale"
      }
    },
    {
      "type": "Feature",
      "id": 28198398,
      "geometry": {
        "type": "LineString",
        "coordinates": [
          [
            -85.739658045614689,
            35.091233875897814
          ],
          [
            -85.739691179334102,
            35.091155075864812
          ]
        ]
      },
      "properties": {
        "name": null,
        "gnis_id": null,
        "fcode": 55800,
        "ftype": 558,
        "water_kind": "flowline",
        "water_class": "artificial_path",
        "lengthkm": 0.0093123400000000005,
        "areasqkm": null,
        "elevation": null,
        "permanent_identifier": "139318927",
        "nhd_layer_id": 6,
        "nhd_layer_name": "Flowline - Large Scale"
      }
    },
    {
      "type": "Feature",
      "id": 28198465,
      "geometry": {
        "type": "LineString",
        "coordinates": [
          [
            -85.717980439502298,
            35.094455477341576
          ],
          [
            -85.718247840053337,
            35.094400477094382
          ],
          [
            -85.718862972449756,
            35.09435094346636
          ],
          [
            -85.71904357270752,
            35.094317877043487
          ],
          [
            -85.719277573162486,
            35.094229877503231
          ],
          [
            -85.719498173622554,
            35.094097944421989
          ],
          [
            -85.719678640691981,
            35.094009943793054
          ],
          [
            -85.720053240161917,
            35.09393287728961
          ],
          [
            -85.720541373320799,
            35.093910876883896
          ],
          [
            -85.721069573276154,
            35.093938276714894
          ],
          [
            -85.72149084068927,
            35.093861143736348
          ],
          [
            -85.721671440947034,
            35.093789676601141
          ],
          [
            -85.722313241185503,
            35.093454276666598
          ],
          [
            -85.722868174536544,
            35.093234277010758
          ],
          [
            -85.723008573768993,
            35.093140743156056
          ],
          [
            -85.723309374416104,
            35.092854876822088
          ],
          [
            -85.723750574295664,
            35.092590943845273
          ],
          [
            -85.724064773897169,
            35.092349076404496
          ],
          [
            -85.724291974463426,
            35.092074276285373
          ],
          [
            -85.724405641340738,
            35.091997276064262
          ],
          [
            -85.724766641033227,
            35.091815743753564
          ],
          [
            -85.724987374681604,
            35.091738743288268
          ],
          [
            -85.725308240983495,
            35.091694676580666
          ],
          [
            -85.726110641378597,
            35.091677942327742
          ],
          [
            -85.726485041066027,
            35.091639476095104
          ],
          [
            -85.726819374997532,
            35.091573343591058
          ],
          [
            -85.72706677544744,
            35.091386476300727
          ],
          [
            -85.727280642612939,
            35.091314943141441
          ],
          [
            -85.727762042477295,
            35.09119934294403
          ],
          [
            -85.728243442341622,
            35.091111276182978
          ],
          [
            -85.728664775308388,
            35.090984742785409
          ],
          [
            -85.728771775485299,
            35.090918876240892
          ],
          [
            -85.729105841999612,
            35.090627342793695
          ],
          [
            -85.729219442282755,
            35.090594475793786
          ],
          [
            -85.729747776466951,
            35.090517275796508
          ],
          [
            -85.730075376063397,
            35.09044567631603
          ],
          [
            -85.730429642461345,
            35.090291742541432
          ],
          [
            -85.730743843103383,
            35.090198142306988
          ],
          [
            -85.730877576675979,
            35.090121276540863
          ],
          [
            -85.731078175994355,
            35.089967275743412
          ],
          [
            -85.731191776277484,
            35.089780342619335
          ]
        ]
      },
      "properties": {
        "name": null,
        "gnis_id": null,
        "fcode": 46006,
        "ftype": 460,
        "water_kind": "flowline",
        "water_class": "stream",
        "lengthkm": 1.35786775,
        "areasqkm": null,
        "elevation": null,
        "permanent_identifier": "139314328",
        "nhd_layer_id": 6,
        "nhd_layer_name": "Flowline - Large Scale"
      }
    },
    {
      "type": "Feature",
      "id": 28424494,
      "geometry": {
        "type": "LineString",
        "coordinates": [
          [
            -85.743110046839291,
            35.104120944711532
          ],
          [
            -85.743162646865969,
            35.104081878244997
          ]
        ]
      },
      "properties": {
        "name": null,
        "gnis_id": null,
        "fcode": 55800,
        "ftype": 558,
        "water_kind": "flowline",
        "water_class": "artificial_path",
        "lengthkm": 0.0064588900000000001,
        "areasqkm": null,
        "elevation": null,
        "permanent_identifier": "139318905",
        "nhd_layer_id": 6,
        "nhd_layer_name": "Flowline - Large Scale"
      }
    },
    {
      "type": "Feature",
      "id": 28424530,
      "geometry": {
        "type": "LineString",
        "coordinates": [
          [
            -85.741145446092133,
            35.088903075593471
          ],
          [
            -85.741188046588491,
            35.088907541334969
          ],
          [
            -85.741316245561563,
            35.088908275266135
          ],
          [
            -85.741402446507337,
            35.088892675395599
          ],
          [
            -85.741483179447727,
            35.088868541652658
          ],
          [
            -85.741792845443257,
            35.08867494186218
          ],
          [
            -85.741829446221445,
            35.088655474747853
          ],
          [
            -85.741907179302743,
            35.088625541836755
          ],
          [
            -85.741981178948592,
            35.088588742118979
          ],
          [
            -85.74202018023837,
            35.088573675183632
          ],
          [
            -85.742093579496199,
            35.088534941839953
          ],
          [
            -85.742199179114536,
            35.088470141865074
          ],
          [
            -85.742276246254193,
            35.088437875107616
          ],
          [
            -85.742316446238974,
            35.088425342009998
          ],
          [
            -85.742393845308911,
            35.0883950752525
          ],
          [
            -85.742520246239465,
            35.088365541568358
          ],
          [
            -85.742690845926404,
            35.088331742187812
          ],
          [
            -85.742772579860357,
            35.088305941170006
          ],
          [
            -85.742812046268782,
            35.088290074685169
          ],
          [
            -85.742855179518486,
            35.088289141512711
          ],
          [
            -85.742897979797362,
            35.088298074765596
          ],
          [
            -85.742939179735174,
            35.088310675146055
          ],
          [
            -85.742975579690324,
            35.088331141926588
          ],
          [
            -85.743027646963668,
            35.088387941941093
          ],
          [
            -85.743073379466949,
            35.088447941601693
          ],
          [
            -85.743093246379729,
            35.088479675358251
          ],
          [
            -85.743127046040826,
            35.088544475325556
          ],
          [
            -85.743136446223602,
            35.088579475136683
          ],
          [
            -85.743154379824531,
            35.088684075159009
          ],
          [
            -85.743151979312927,
            35.088826275018207
          ],
          [
            -85.743086979244367,
            35.089067342349054
          ],
          [
            -85.743073379466949,
            35.08920774162717
          ],
          [
            -85.743102446780057,
            35.089311074776155
          ],
          [
            -85.743139780094083,
            35.089375742112239
          ],
          [
            -85.743185246220676,
            35.089417075302443
          ],
          [
            -85.743316379499177,
            35.089426542273891
          ],
          [
            -85.743359380601078,
            35.089422741522114
          ],
          [
            -85.743396579686248,
            35.089403275437668
          ],
          [
            -85.743463779443388,
            35.089358341570261
          ],
          [
            -85.743513046640132,
            35.089300875566437
          ],
          [
            -85.743595779486597,
            35.089222075368482
          ],
          [
            -85.743627379459085,
            35.089198141807913
          ],
          [
            -85.743761446002551,
            35.089064675680781
          ],
          [
            -85.743783846615273,
            35.089035875317734
          ],
          [
            -85.74383884715354,
            35.088983675165956
          ],
          [
            -85.743858446649156,
            35.08895307485593
          ],
          [
            -85.743884446468485,
            35.088926075223952
          ],
          [
            -85.743914780111282,
            35.0889013412339
          ],
          [
            -85.744063779356011,
            35.088733342325881
          ],
          [
            -85.744077980561997,
            35.088699875155626
          ],
          [
            -85.744105446493521,
            35.088674141517316
          ],
          [
            -85.744117779941263,
            35.088639742005718
          ],
          [
            -85.74415224658452,
            35.088576141781431
          ],
          [
            -85.744228379324767,
            35.08841047513134
          ],
          [
            -85.744235246848177,
            35.088375875421562
          ],
          [
            -85.744238579678097,
            35.088305474583834
          ],
          [
            -85.744236846148695,
            35.088234541538277
          ],
          [
            -85.74423204720658,
            35.088199475167094
          ],
          [
            -85.744214045970963,
            35.088167274714571
          ],
          [
            -85.744060847131621,
            35.087909741306134
          ],
          [
            -85.743914580328777,
            35.087690275020528
          ],
          [
            -85.743837980388832,
            35.087604075088038
          ],
          [
            -85.743729246682534,
            35.087449875408296
          ],
          [
            -85.743701579927972,
            35.087422741602026
          ],
          [
            -85.743632579006743,
            35.087332542150989
          ],
          [
            -85.743590645492574,
            35.087270274270828
          ],
          [
            -85.74355337981325,
            35.087206075263516
          ],
          [
            -85.743462046954505,
            35.087007741732606
          ],
          [
            -85.743420979164497,
            35.086945741810815
          ],
          [
            -85.743265045802204,
            35.086688874637595
          ],
          [
            -85.743250846677284,
            35.086656341522499
          ],
          [
            -85.743032380352162,
            35.086394074364861
          ],
          [
            -85.742940379470696,
            35.086273674347915
          ],
          [
            -85.742728046052093,
            35.086007874109754
          ],
          [
            -85.742609246221292,
            35.08586254107248
          ],
          [
            -85.742535045752419,
            35.08577747505732
          ],
          [
            -85.742453579235672,
            35.085699341555539
          ],
          [
            -85.742396446643539,
            35.085649541243512
          ],
          [
            -85.742367646747638,
            35.085625274564265
          ],
          [
            -85.742333846046023,
            35.085605674745288
          ],
          [
            -85.742313845944864,
            35.085573941573443
          ],
          [
            -85.742280246066315,
            35.085554540984575
          ],
          [
            -85.742076446065809,
            35.085389074251552
          ],
          [
            -85.741980378778052,
            35.085323074616483
          ],
          [
            -85.741886046060245,
            35.085251741342333
          ],
          [
            -85.741795178320146,
            35.085176740736514
          ],
          [
            -85.741708846267116,
            35.0850977407163
          ],
          [
            -85.741599778549414,
            35.084986741561003
          ],
          [
            -85.741559445376311,
            35.084884741444597
          ],
          [
            -85.741541845786756,
            35.084815540722026
          ],
          [
            -85.741532979397817,
            35.084710274144655
          ],
          [
            -85.741545978787215,
            35.08463987440031
          ],
          [
            -85.741586845754199,
            35.084539074428406
          ],
          [
            -85.741610045496913,
            35.084508874346675
          ],
          [
            -85.741700779008141,
            35.084431140674482
          ],
          [
            -85.74176677902976,
            35.084384740381395
          ],
          [
            -85.741801846061051,
            35.084363941386556
          ],
          [
            -85.741839845316747,
            35.084345941187735
          ],
          [
            -85.742002645161932,
            35.084293141149338
          ],
          [
            -85.742044846093307,
            35.084282874045527
          ],
          [
            -85.742130979404394,
            35.084272274864468
          ],
          [
            -85.742174778595754,
            35.084269874551694
          ],
          [
            -85.742218645421815,
            35.084267874432875
          ],
          [
            -85.742262778624564,
            35.084271473624916
          ],
          [
            -85.742340378517525,
            35.084303541082228
          ],
          [
            -85.742489645179447,
            35.084377274643785
          ],
          [
            -85.74260564597418,
            35.084427141296182
          ],
          [
            -85.742684846208221,
            35.084456740267008
          ],
          [
            -85.742918579245995,
            35.084552541338411
          ],
          [
            -85.743038645406472,
            35.084595274240563
          ],
          [
            -85.743347579906697,
            35.084721074216162
          ],
          [
            -85.74348784595081,
            35.084802073855442
          ],
          [
            -85.743527846153086,
            35.084814941286481
          ],
          [
            -85.743639846095164,
            35.084866874190155
          ],
          [
            -85.743712379628818,
            35.084905474743472
          ],
          [
            -85.743825379523912,
            35.084957741365564
          ],
          [
            -85.74386504675536,
            35.084972274246134
          ],
          [
            -85.744341846419559,
            35.085223341525207
          ],
          [
            -85.74450237894149,
            35.085280740581766
          ],
          [
            -85.744717379248357,
            35.085317140751727
          ],
          [
            -85.744981380375307,
            35.08533527441633
          ],
          [
            -85.745049780908502,
            35.085334474038639
          ]
        ]
      },
      "properties": {
        "name": "Battle Creek",
        "gnis_id": "01276480",
        "fcode": 55800,
        "ftype": 558,
        "water_kind": "flowline",
        "water_class": "artificial_path",
        "lengthkm": 1.33395591,
        "areasqkm": null,
        "elevation": null,
        "permanent_identifier": "139318874",
        "nhd_layer_id": 6,
        "nhd_layer_name": "Flowline - Large Scale"
      }
    },
    {
      "type": "Feature",
      "id": 97679,
      "geometry": {
        "type": "Polygon",
        "coordinates": [
          [
            [
              -85.732254374648321,
              35.062727736538669
            ],
            [
              -85.732467975437146,
              35.062156069927141
            ],
            [
              -85.732541374694975,
              35.06204067029622
            ],
            [
              -85.732614974775828,
              35.061969136956307
            ],
            [
              -85.732688375074176,
              35.06193073677607
            ],
            [
              -85.732895575539274,
              35.06190866982314
            ],
            [
              -85.733871575480421,
              35.062100669743856
            ],
            [
              -85.734747376173857,
              35.06222133709668
            ],
            [
              -85.735135042667892,
              35.062226669632722
            ],
            [
              -85.736004042432072,
              35.062160336981506
            ],
            [
              -85.736171042912417,
              35.062165736806435
            ],
            [
              -85.736558842594775,
              35.062264536505573
            ],
            [
              -85.736766176248224,
              35.062336069586706
            ],
            [
              -85.736839643140755,
              35.062407336873221
            ],
            [
              -85.736839776329063,
              35.062550269856864
            ],
            [
              -85.736792976238092,
              35.06260527028644
            ],
            [
              -85.73664604245306,
              35.062704269603564
            ],
            [
              -85.736311842750411,
              35.062803269652356
            ],
            [
              -85.735904242749413,
              35.06297933644295
            ],
            [
              -85.735683642289374,
              35.063094870166942
            ],
            [
              -85.734661376051108,
              35.063859270367686
            ],
            [
              -85.73453444236722,
              35.063903136634252
            ],
            [
              -85.734039775696274,
              35.063925336763255
            ],
            [
              -85.73396624220959,
              35.063980337118061
            ],
            [
              -85.733972975504145,
              35.064095737413879
            ],
            [
              -85.734106642482573,
              35.064183670667248
            ],
            [
              -85.73418024256344,
              35.064189070358339
            ],
            [
              -85.734547975550484,
              35.064123070607856
            ],
            [
              -85.734661575833613,
              35.06415593720083
            ],
            [
              -85.734748575909393,
              35.064430736830239
            ],
            [
              -85.734955976156996,
              35.064853870954927
            ],
            [
              -85.735076442923003,
              35.06507927098508
            ],
            [
              -85.735290576465175,
              35.065359470526637
            ],
            [
              -85.735410975596494,
              35.065496737273641
            ],
            [
              -85.735631642650702,
              35.065678070948628
            ],
            [
              -85.73590577649631,
              35.065809870294451
            ],
            [
              -85.736153175905685,
              35.06588673767591
            ],
            [
              -85.736373842959878,
              35.065930537274504
            ],
            [
              -85.736861842930452,
              35.065952470280081
            ],
            [
              -85.737583776761795,
              35.065952137277939
            ],
            [
              -85.737777643826178,
              35.065974070277662
            ],
            [
              -85.738412843958429,
              35.066358670555417
            ],
            [
              -85.738814043635728,
              35.066534270631976
            ],
            [
              -85.738894377011107,
              35.066605737800401
            ],
            [
              -85.738907777006048,
              35.066682670861894
            ],
            [
              -85.738847776702613,
              35.066973937295622
            ],
            [
              -85.738847977525637,
              35.067281737554076
            ],
            [
              -85.738908244205732,
              35.0674906710071
            ],
            [
              -85.738995244281497,
              35.06769393790001
            ],
            [
              -85.739082244357306,
              35.067770870787498
            ],
            [
              -85.739236043584654,
              35.067831270556404
            ],
            [
              -85.739877977011474,
              35.068012471298211
            ],
            [
              -85.740218844455029,
              35.068127670866886
            ],
            [
              -85.740954577846324,
              35.068501137711323
            ],
            [
              -85.741128378215379,
              35.068627470931872
            ],
            [
              -85.741315778361866,
              35.068852671478147
            ],
            [
              -85.741416044203689,
              35.068951670883308
            ],
            [
              -85.741589977761095,
              35.069143871405494
            ],
            [
              -85.741723777927859,
              35.069264737848819
            ],
            [
              -85.742058245047701,
              35.069638338305914
            ],
            [
              -85.742051578347315,
              35.069660337593831
            ],
            [
              -85.742118578321964,
              35.06972073766773
            ],
            [
              -85.742151978418022,
              35.069781271402526
            ],
            [
              -85.742513245527732,
              35.070176738345367
            ],
            [
              -85.742914445205017,
              35.070544871485879
            ],
            [
              -85.743061778555045,
              35.070753737824099
            ],
            [
              -85.743162178625738,
              35.070956937829038
            ],
            [
              -85.743262578696445,
              35.071083337932293
            ],
            [
              -85.743563645720229,
              35.071572471376385
            ],
            [
              -85.743724245876834,
              35.071786671254294
            ],
            [
              -85.744152445326478,
              35.072182138698885
            ],
            [
              -85.744319645589314,
              35.072369071274693
            ],
            [
              -85.744359845574095,
              35.072467938674436
            ],
            [
              -85.744359978762432,
              35.072654871447142
            ],
            [
              -85.744239779413633,
              35.072858138252492
            ],
            [
              -85.743965778756362,
              35.073116672111702
            ],
            [
              -85.743671845632662,
              35.073452072221073
            ],
            [
              -85.743384645803516,
              35.073847938653046
            ],
            [
              -85.743184445009604,
              35.074276672494875
            ],
            [
              -85.743164378314304,
              35.074381138424762
            ],
            [
              -85.743171179243546,
              35.074589938740473
            ],
            [
              -85.743305179192816,
              35.075062672017197
            ],
            [
              -85.743358845766693,
              35.07519993862514
            ],
            [
              -85.743559845690598,
              35.075985939472972
            ],
            [
              -85.743814445594211,
              35.076667272319369
            ],
            [
              -85.743928245659859,
              35.076974938942925
            ],
            [
              -85.744142645578677,
              35.077722472888176
            ],
            [
              -85.744189578857998,
              35.077903739377476
            ],
            [
              -85.744290046563407,
              35.078200539945954
            ],
            [
              -85.744337046436911,
              35.078497273014875
            ],
            [
              -85.744390646416605,
              35.078706139435759
            ],
            [
              -85.744431046183891,
              35.079107339911801
            ],
            [
              -85.744491579240659,
              35.079519540135358
            ],
            [
              -85.744484979134441,
              35.079739340062602
            ],
            [
              -85.744518580053537,
              35.079882273349128
            ],
            [
              -85.744553579450127,
              35.08233907377619
            ],
            [
              -85.744500246887625,
              35.082630340529647
            ],
            [
              -85.74451397985338,
              35.083180074156701
            ],
            [
              -85.744607979600374,
              35.083718540669956
            ],
            [
              -85.744735246255104,
              35.084026274365691
            ],
            [
              -85.744895979600059,
              35.084339474227917
            ],
            [
              -85.745076846234483,
              35.084916541299222
            ],
            [
              -85.745076980463352,
              35.085075940576552
            ],
            [
              -85.744929846895815,
              35.085169474314789
            ],
            [
              -85.744702646329543,
              35.085208073873417
            ],
            [
              -85.744542179361261,
              35.085202541041269
            ],
            [
              -85.744381646839344,
              35.085153140615617
            ],
            [
              -85.743980246339035,
              35.084938940916281
            ],
            [
              -85.743512046687115,
              35.084752341113322
            ],
            [
              -85.743050645883358,
              35.084516140827247
            ],
            [
              -85.742569046236525,
              35.08432394075016
            ],
            [
              -85.742301579091304,
              35.084192274333716
            ],
            [
              -85.742121045427709,
              35.084192274333716
            ],
            [
              -85.741753245846496,
              35.084302340500557
            ],
            [
              -85.741512778473634,
              35.084467341127031
            ],
            [
              -85.741439379215834,
              35.084698274347311
            ],
            [
              -85.7414795792006,
              35.084940074222509
            ],
            [
              -85.741513045890841,
              35.08501694146581
            ],
            [
              -85.741773979524012,
              35.085247674738461
            ],
            [
              -85.742188645790378,
              35.085516874794024
            ],
            [
              -85.742523246098571,
              35.085824541251689
            ],
            [
              -85.743038579852836,
              35.086500274516574
            ],
            [
              -85.743205779075154,
              35.086665141276278
            ],
            [
              -85.743419979211481,
              35.087027741395154
            ],
            [
              -85.743520580105212,
              35.087308075031416
            ],
            [
              -85.74366104593183,
              35.087494875036896
            ],
            [
              -85.74374804600761,
              35.087659675076623
            ],
            [
              -85.743808246093522,
              35.087720141862448
            ],
            [
              -85.743835046083376,
              35.087786141260764
            ],
            [
              -85.744149579696256,
              35.08822014121143
            ],
            [
              -85.744149779478761,
              35.088396074835558
            ],
            [
              -85.744062980226019,
              35.08865434149331
            ],
            [
              -85.743702180316021,
              35.089055741660417
            ],
            [
              -85.743428179658764,
              35.089314141605634
            ],
            [
              -85.74336137946662,
              35.089347275617158
            ],
            [
              -85.743214179304914,
              35.089319742272828
            ],
            [
              -85.743174045914316,
              35.08927587519424
            ],
            [
              -85.743147245924447,
              35.089209875298607
            ],
            [
              -85.743153846030665,
              35.089105475184354
            ],
            [
              -85.743227246329013,
              35.088896541732105
            ],
            [
              -85.743253979724699,
              35.08872627545567
            ],
            [
              -85.743233779841063,
              35.088616274858651
            ],
            [
              -85.743106579780502,
              35.088335941461665
            ],
            [
              -85.742999446415254,
              35.088242675299441
            ],
            [
              -85.742859046142271,
              35.088160141383291
            ],
            [
              -85.742772179254814,
              35.088176741831155
            ],
            [
              -85.742651779082991,
              35.088253674990497
            ],
            [
              -85.742190579102285,
              35.08840774202978
            ],
            [
              -85.741762779217638,
              35.088627874758345
            ],
            [
              -85.741448646210301,
              35.088825874846492
            ],
            [
              -85.741314846043522,
              35.088858875382051
            ],
            [
              -85.741114245684614,
              35.088853474769003
            ],
            [
              -85.74059937913006,
              35.088881141945038
            ],
            [
              -85.740064579068488,
              35.088974875662309
            ],
            [
              -85.739837245313893,
              35.089046275497303
            ],
            [
              -85.739603244858912,
              35.089161741667127
            ],
            [
              -85.739235778248542,
              35.089486275526646
            ],
            [
              -85.739068778808729,
              35.089739142434752
            ],
            [
              -85.738948578419382,
              35.090184342574432
            ],
            [
              -85.738968844897187,
              35.09054707604453
            ],
            [
              -85.739022444876895,
              35.090607542392455
            ],
            [
              -85.739116178247215,
              35.090783342303759
            ],
            [
              -85.739504178752611,
              35.091151476125091
            ],
            [
              -85.739658045614689,
              35.091233875897814
            ],
            [
              -85.739778445786527,
              35.091261275776951
            ],
            [
              -85.740360179127421,
              35.091211675535348
            ],
            [
              -85.740654378627767,
              35.091206075849506
            ],
            [
              -85.740908445778075,
              35.09123334206754
            ],
            [
              -85.741042179350657,
              35.09126634248036
            ],
            [
              -85.741329846379514,
              35.091392542542671
            ],
            [
              -85.741650845869742,
              35.091557342369192
            ],
            [
              -85.742072446253687,
              35.091886942725893
            ],
            [
              -85.742547446834863,
              35.09235947616154
            ],
            [
              -85.742768380265744,
              35.092612142598071
            ],
            [
              -85.742922246087275,
              35.092837476171049
            ],
            [
              -85.743009246163055,
              35.093057275970544
            ],
            [
              -85.743009446986093,
              35.093233142968437
            ],
            [
              -85.742902579997505,
              35.093403675683035
            ],
            [
              -85.742728779628465,
              35.093601542428942
            ],
            [
              -85.742555046894111,
              35.093733476313353
            ],
            [
              -85.741933180162604,
              35.093882142936877
            ],
            [
              -85.741585579424495,
              35.093981276288226
            ],
            [
              -85.741298046624522,
              35.094118742637342
            ],
            [
              -85.74109757945395,
              35.094250742943316
            ],
            [
              -85.740816846542671,
              35.094492676258746
            ],
            [
              -85.740562979174882,
              35.094921476136484
            ],
            [
              -85.740356046126948,
              35.095443676524113
            ],
            [
              -85.740249378920879,
              35.095850342963573
            ],
            [
              -85.740243046231853,
              35.096570343309061
            ],
            [
              -85.740222979536568,
              35.096669343136028
            ],
            [
              -85.740236579313972,
              35.096938676611437
            ],
            [
              -85.740330379278475,
              35.097312343601139
            ],
            [
              -85.74039777985864,
              35.097977343417675
            ],
            [
              -85.740424446660157,
              35.098120277095319
            ],
            [
              -85.7405450466145,
              35.098384077245029
            ],
            [
              -85.740652179979762,
              35.09851047742093
            ],
            [
              -85.741133846220762,
              35.098894943914644
            ],
            [
              -85.74121417959617,
              35.098966477234967
            ],
            [
              -85.741501846625013,
              35.099120144345335
            ],
            [
              -85.741849780333951,
              35.099356344050072
            ],
            [
              -85.742057179541035,
              35.099515677646608
            ],
            [
              -85.742425379727777,
              35.100186077231839
            ],
            [
              -85.742485579813689,
              35.100328944040236
            ],
            [
              -85.742485780636741,
              35.10055427757014
            ],
            [
              -85.74242564714497,
              35.100686144018049
            ],
            [
              -85.742211846573653,
              35.100972144643343
            ],
            [
              -85.742104980625598,
              35.101197544499357
            ],
            [
              -85.74199158012496,
              35.101609744605398
            ],
            [
              -85.741978379912524,
              35.101884544085664
            ],
            [
              -85.741998579796174,
              35.102104344184113
            ],
            [
              -85.742058980705139,
              35.102439677889322
            ],
            [
              -85.742246647228285,
              35.103187078057779
            ],
            [
              -85.742440847263467,
              35.103555144811615
            ],
            [
              -85.742701847490807,
              35.103829944543975
            ],
            [
              -85.743110046839291,
              35.104099078150441
            ],
            [
              -85.743110046839291,
              35.104120944711532
            ],
            [
              -85.743150047041581,
              35.104126545212949
            ],
            [
              -85.743605180709935,
              35.104390144607258
            ],
            [
              -85.744006581210243,
              35.104670345346733
            ],
            [
              -85.744207247122787,
              35.104895545145652
            ],
            [
              -85.744796380740411,
              35.105626278233849
            ],
            [
              -85.745104181058736,
              35.105867945401421
            ],
            [
              -85.745331648001681,
              35.106016278340938
            ],
            [
              -85.745559248132921,
              35.106208545615459
            ],
            [
              -85.745559248132921,
              35.106263545558001
            ],
            [
              -85.74543898114942,
              35.10646687843419
            ],
            [
              -85.74540564764753,
              35.106593345243049
            ],
            [
              -85.745405781876386,
              35.106758278634828
            ],
            [
              -85.745519581942006,
              35.106999944999693
            ],
            [
              -85.745794047717908,
              35.10732414567974
            ],
            [
              -85.745820781113594,
              35.107384545106783
            ],
            [
              -85.745854247803834,
              35.107516478818958
            ],
            [
              -85.74573404845502,
              35.107708945147728
            ],
            [
              -85.745533581284434,
              35.107912345921264
            ],
            [
              -85.745199381581784,
              35.108198345878151
            ],
            [
              -85.744925247736191,
              35.108473278920407
            ],
            [
              -85.744544247942557,
              35.108748279132854
            ],
            [
              -85.74422338164068,
              35.109017679103587
            ],
            [
              -85.744042981165407,
              35.109199079479509
            ],
            [
              -85.743949380983423,
              35.109364079100025
            ],
            [
              -85.743962847572504,
              35.109583879458285
            ],
            [
              -85.744029847547154,
              35.109671745809251
            ],
            [
              -85.744063447425702,
              35.109875079545787
            ],
            [
              -85.744103781639353,
              35.110144346408241
            ],
            [
              -85.744076981649513,
              35.11022134651455
            ],
            [
              -85.744010248051538,
              35.110331346053862
            ],
            [
              -85.743869980966892,
              35.110479879414704
            ],
            [
              -85.743615780628275,
              35.110666746354191
            ],
            [
              -85.74354238137046,
              35.110787679805711
            ],
            [
              -85.743508981274374,
              35.110952545976588
            ],
            [
              -85.743515847757266,
              35.111227479941597
            ],
            [
              -85.743562847630756,
              35.111496679347226
            ],
            [
              -85.743596380915164,
              35.111546146378828
            ],
            [
              -85.743596447509333,
              35.111727479840837
            ],
            [
              -85.743442981252784,
              35.11223874635774
            ],
            [
              -85.743436447740734,
              35.112590479781559
            ],
            [
              -85.743376581666169,
              35.112942279781343
            ],
            [
              -85.74332978157517,
              35.113101680450306
            ],
            [
              -85.743303181367821,
              35.113239079659635
            ],
            [
              -85.743323248063135,
              35.113338079671124
            ],
            [
              -85.743497381403017,
              35.113634747027582
            ],
            [
              -85.743497447997186,
              35.113750146881678
            ],
            [
              -85.743423981104669,
              35.113964546673856
            ],
            [
              -85.743170181371582,
              35.114420746875332
            ],
            [
              -85.743076647783766,
              35.114712146723917
            ],
            [
              -85.742869781330015,
              35.115503746963185
            ],
            [
              -85.742816580915303,
              35.115888480571343
            ],
            [
              -85.742836981621977,
              35.116438081053204
            ],
            [
              -85.742883981495453,
              35.116839280595293
            ],
            [
              -85.742937847851834,
              35.117465880690837
            ],
            [
              -85.743011647715178,
              35.117707681271973
            ],
            [
              -85.743065448517925,
              35.118339681008905
            ],
            [
              -85.743113047738916,
              35.119466347939955
            ],
            [
              -85.743099848567041,
              35.11966968106632
            ],
            [
              -85.74297964817768,
              35.120109481774094
            ],
            [
              -85.742725848444593,
              35.120626148674397
            ],
            [
              -85.742431781092023,
              35.121032948209034
            ],
            [
              -85.742278048458829,
              35.121280348589636
            ],
            [
              -85.742171048281904,
              35.121412348316738
            ],
            [
              -85.741816780843408,
              35.121687281882167
            ],
            [
              -85.741000981493926,
              35.12213274840957
            ],
            [
              -85.740305380452696,
              35.122429882474293
            ],
            [
              -85.740084781033204,
              35.122484881681366
            ],
            [
              -85.739683447127049,
              35.122638948711291
            ],
            [
              -85.739048047212293,
              35.122919482453099
            ],
            [
              -85.738091779955113,
              35.123419949328273
            ],
            [
              -85.737770780464899,
              35.123623482799324
            ],
            [
              -85.736975179958506,
              35.124250282626868
            ],
            [
              -85.736761179604684,
              35.12445374934272
            ],
            [
              -85.736219646248585,
              35.125086283116332
            ],
            [
              -85.736028846677996,
              35.125173882541041
            ],
            [
              -85.735888379810859,
              35.125251482900936
            ],
            [
              -85.735714579441805,
              35.1254273493726
            ],
            [
              -85.735507380017225,
              35.125735283078093
            ],
            [
              -85.735353646343455,
              35.126026549692916
            ],
            [
              -85.735206645964269,
              35.126235483297613
            ],
            [
              -85.73508624683295,
              35.126444349985562
            ],
            [
              -85.734919246352618,
              35.126686149447089
            ],
            [
              -85.734491379873802,
              35.127120549936919
            ],
            [
              -85.734069979272348,
              35.127390083195586
            ],
            [
              -85.733862645618913,
              35.127483549664689
            ],
            [
              -85.733735646381376,
              35.127599083086345
            ],
            [
              -85.733889445608753,
              35.127543950317616
            ],
            [
              -85.734277446114149,
              35.127340483662323
            ],
            [
              -85.734658445907797,
              35.12710408337179
            ],
            [
              -85.73503964652447,
              35.126708149516645
            ],
            [
              -85.735327046136106,
              35.126295883174102
            ],
            [
              -85.735761579315295,
              35.125603149934008
            ],
            [
              -85.736022179977624,
              35.125339282995228
            ],
            [
              -85.736294379470777,
              35.125230549653267
            ],
            [
              -85.736351779480117,
              35.125197482991702
            ],
            [
              -85.736389846370514,
              35.12516268272865
            ],
            [
              -85.736453779891889,
              35.125086283116332
            ],
            [
              -85.737075446840876,
              35.124349282875151
            ],
            [
              -85.737583646695086,
              35.123953349244907
            ],
            [
              -85.737958180611372,
              35.123694882075107
            ],
            [
              -85.7382524467059,
              35.123573882674329
            ],
            [
              -85.739041447106089,
              35.123183348720474
            ],
            [
              -85.739349180830231,
              35.123018282614893
            ],
            [
              -85.73963678126492,
              35.122891882148778
            ],
            [
              -85.739737047106743,
              35.122825748615512
            ],
            [
              -85.740358980432433,
              35.122550749104292
            ],
            [
              -85.74088724802246,
              35.12234168178982
            ],
            [
              -85.7416162481192,
              35.122011682006026
            ],
            [
              -85.741917180914115,
              35.12182468193226
            ],
            [
              -85.742492047772117,
              35.121296881866122
            ],
            [
              -85.742846381804782,
              35.12085148140843
            ],
            [
              -85.743033447939894,
              35.120505148119577
            ],
            [
              -85.743253581200236,
              35.119521281059285
            ],
            [
              -85.743299981726238,
              35.118784681557422
            ],
            [
              -85.743293181837515,
              35.11860888074871
            ],
            [
              -85.743273048548048,
              35.118564881335125
            ],
            [
              -85.743185781055075,
              35.118086747905849
            ],
            [
              -85.743065181100718,
              35.11766368137171
            ],
            [
              -85.743011581121024,
              35.117487747921132
            ],
            [
              -85.742944181581393,
              35.11684474744542
            ],
            [
              -85.74293738169267,
              35.116630347571878
            ],
            [
              -85.742883647484106,
              35.116306080926357
            ],
            [
              -85.742943448005022,
              35.115597080674029
            ],
            [
              -85.743176848071968,
              35.114618680069626
            ],
            [
              -85.743243648264098,
              35.114448280254543
            ],
            [
              -85.743551047976894,
              35.113876547062468
            ],
            [
              -85.743557448300606,
              35.113585280412742
            ],
            [
              -85.743390181443601,
              35.113348946598279
            ],
            [
              -85.743383381554892,
              35.113233679810307
            ],
            [
              -85.743476780913838,
              35.112909279630564
            ],
            [
              -85.743516581333637,
              35.112381679712868
            ],
            [
              -85.743663247701477,
              35.111738479768405
            ],
            [
              -85.743663181107294,
              35.111546146378828
            ],
            [
              -85.743602847833046,
              35.111188946325093
            ],
            [
              -85.743609248156758,
              35.110864679304157
            ],
            [
              -85.743722847399354,
              35.110672279160973
            ],
            [
              -85.743990247950393,
              35.110424746124878
            ],
            [
              -85.744077181432004,
              35.110303745740794
            ],
            [
              -85.744157180796037,
              35.110078479169147
            ],
            [
              -85.744157047607715,
              35.109831146066149
            ],
            [
              -85.744110047734196,
              35.109468346021899
            ],
            [
              -85.744143381236128,
              35.109358478958498
            ],
            [
              -85.744276981620388,
              35.109198945838507
            ],
            [
              -85.74541338193562,
              35.10820367881422
            ],
            [
              -85.745760981633182,
              35.107846345788673
            ],
            [
              -85.745901182123703,
              35.107565945712828
            ],
            [
              -85.745907781189359,
              35.107428545450418
            ],
            [
              -85.745840781214739,
              35.107269278394547
            ],
            [
              -85.7455798486221,
              35.106983478623611
            ],
            [
              -85.745486047617092,
              35.106829679071332
            ],
            [
              -85.745459181033056,
              35.106730745211031
            ],
            [
              -85.745465781139274,
              35.106576878784814
            ],
            [
              -85.745572648127848,
              35.106340478677573
            ],
            [
              -85.745652848314933,
              35.106279944831059
            ],
            [
              -85.746067647769635,
              35.106593078803797
            ],
            [
              -85.746409047966509,
              35.106884278511693
            ],
            [
              -85.746723581579388,
              35.107065478487627
            ],
            [
              -85.747258582463985,
              35.107175145196486
            ],
            [
              -85.747646648523002,
              35.107279345117504
            ],
            [
              -85.748282182666628,
              35.107542945381518
            ],
            [
              -85.74865678213655,
              35.107652678695246
            ],
            [
              -85.749439448807166,
              35.107850145681667
            ],
            [
              -85.749975449644779,
              35.108144745807884
            ],
            [
              -85.750630982849017,
              35.108430945838208
            ],
            [
              -85.751065449434037,
              35.108716878431174
            ],
            [
              -85.751292650000309,
              35.108964345152458
            ],
            [
              -85.751446383674036,
              35.109222745845699
            ],
            [
              -85.751513250460349,
              35.109244879165217
            ],
            [
              -85.751653250127802,
              35.109651545707436
            ],
            [
              -85.75170685010751,
              35.109717546080496
            ],
            [
              -85.751927383973396,
              35.109877145430843
            ],
            [
              -85.752174783382756,
              35.109965145956508
            ],
            [
              -85.752388783736592,
              35.110124679278989
            ],
            [
              -85.752548983287696,
              35.110449079478606
            ],
            [
              -85.752508650114578,
              35.110657879392079
            ],
            [
              -85.752455050134856,
              35.110740279028093
            ],
            [
              -85.752173983212231,
              35.111003945556902
            ],
            [
              -85.751979849771203,
              35.11114674573777
            ],
            [
              -85.751424450260998,
              35.111454146102922
            ],
            [
              -85.751384383464568,
              35.111448746135302
            ],
            [
              -85.750708650376694,
              35.111717679238687
            ],
            [
              -85.750474383545054,
              35.11184394638201
            ],
            [
              -85.750380650174733,
              35.111931879242398
            ],
            [
              -85.750333850083734,
              35.112052746126288
            ],
            [
              -85.75037385028601,
              35.112201146118167
            ],
            [
              -85.750453982838366,
              35.112261679822595
            ],
            [
              -85.750554249720736,
              35.112327679784116
            ],
            [
              -85.750901983647182,
              35.112426746443965
            ],
            [
              -85.751376849999488,
              35.112509479657
            ],
            [
              -85.751724650520089,
              35.112520679506702
            ],
            [
              -85.751932050767721,
              35.112482279286063
            ],
            [
              -85.752440450404421,
              35.112279279760834
            ],
            [
              -85.752527450480187,
              35.112295745918054
            ],
            [
              -85.752674584047725,
              35.112295879553969
            ],
            [
              -85.752774850930095,
              35.112367345787185
            ],
            [
              -85.752875184406619,
              35.112477345834421
            ],
            [
              -85.752948383881943,
              35.112873079888331
            ],
            [
              -85.752807783826455,
              35.113114879629912
            ],
            [
              -85.752646850699008,
              35.113510479507205
            ],
            [
              -85.752459383958353,
              35.113796146587681
            ],
            [
              -85.752318850497034,
              35.113944479567053
            ],
            [
              -85.751883850118162,
              35.114109146987751
            ],
            [
              -85.751689849865471,
              35.114202479742623
            ],
            [
              -85.751228183725587,
              35.114471546752789
            ],
            [
              -85.751047450279486,
              35.114625279962389
            ],
            [
              -85.750953650315012,
              35.11480667977181
            ],
            [
              -85.750933450431361,
              35.114971547174036
            ],
            [
              -85.750946449820759,
              35.115350746550746
            ],
            [
              -85.750999983206299,
              35.11552114703192
            ],
            [
              -85.751113450301091,
              35.115697146863077
            ],
            [
              -85.751260583868628,
              35.115845547026872
            ],
            [
              -85.751494583283062,
              35.115955680264214
            ],
            [
              -85.751661650357562,
              35.116065680574124
            ],
            [
              -85.751855450827776,
              35.116230680760516
            ],
            [
              -85.752189650530411,
              35.116670546846365
            ],
            [
              -85.752443450263485,
              35.11720374753456
            ],
            [
              -85.752643784245748,
              35.117544680826001
            ],
            [
              -85.752964650547625,
              35.117935080950403
            ],
            [
              -85.754381451843855,
              35.119557147617826
            ],
            [
              -85.755150184725679,
              35.120359948067588
            ],
            [
              -85.755290584998662,
              35.120464480930607
            ],
            [
              -85.755598052346159,
              35.120651480722493
            ],
            [
              -85.755771984863003,
              35.120695547947918
            ],
            [
              -85.756173252174989,
              35.120734281331615
            ],
            [
              -85.756474385792927,
              35.12070694753104
            ],
            [
              -85.756708584989866,
              35.120586147955208
            ],
            [
              -85.756775451776164,
              35.120586147955208
            ],
            [
              -85.756902452054248,
              35.120641147556029
            ],
            [
              -85.756942585444847,
              35.120712681365838
            ],
            [
              -85.756962452357655,
              35.120850081357716
            ],
            [
              -85.756815185601781,
              35.121141347569015
            ],
            [
              -85.756634385561526,
              35.121405080868989
            ],
            [
              -85.756553985591964,
              35.121580881601098
            ],
            [
              -85.756547185703241,
              35.121701747788656
            ],
            [
              -85.756580585799313,
              35.121778748037293
            ],
            [
              -85.75666745268677,
              35.121872281372816
            ],
            [
              -85.756888185294599,
              35.121971281107086
            ],
            [
              -85.757075452252778,
              35.122004280991817
            ],
            [
              -85.757496786260049,
              35.122037548102931
            ],
            [
              -85.758413253097444,
              35.122213881097544
            ],
            [
              -85.758734252587658,
              35.12215354798262
            ],
            [
              -85.758914986033773,
              35.122142681378705
            ],
            [
              -85.759135653087981,
              35.12217028108585
            ],
            [
              -85.759536985953602,
              35.122291280869462
            ],
            [
              -85.760078586944388,
              35.122494948226731
            ],
            [
              -85.760894587116908,
              35.122858080912238
            ],
            [
              -85.761703654212397,
              35.123276147672456
            ],
            [
              -85.762111587184222,
              35.123600681043484
            ],
            [
              -85.762325387755538,
              35.123908481229769
            ],
            [
              -85.762358786811092,
              35.124045948171307
            ],
            [
              -85.762351986922368,
              35.124144881434226
            ],
            [
              -85.762278253653193,
              35.124249281781282
            ],
            [
              -85.762198053466122,
              35.124282147977894
            ],
            [
              -85.762124454425816,
              35.124282147977894
            ],
            [
              -85.761970587563738,
              35.124249148164971
            ],
            [
              -85.761555986851008,
              35.124106081587385
            ],
            [
              -85.761181387381058,
              35.124012348264209
            ],
            [
              -85.760920586936237,
              35.123979348341983
            ],
            [
              -85.760800053576048,
              35.124023281852509
            ],
            [
              -85.760739853490136,
              35.12408368166745
            ],
            [
              -85.760699586911201,
              35.124193548449924
            ],
            [
              -85.760712986906114,
              35.124303548700482
            ],
            [
              -85.760806453899789,
              35.124501348097937
            ],
            [
              -85.761227587084022,
              35.124979748553791
            ],
            [
              -85.761468254239375,
              35.125089481363766
            ],
            [
              -85.761720054066416,
              35.125205948378344
            ],
            [
              -85.762066254245951,
              35.125342482083802
            ],
            [
              -85.762353853640093,
              35.125447081742855
            ],
            [
              -85.762822187520882,
              35.125634082010777
            ],
            [
              -85.76320998720324,
              35.12588708189017
            ],
            [
              -85.763283454095756,
              35.125947548406266
            ],
            [
              -85.763350387476237,
              35.126051948144749
            ],
            [
              -85.763336854292973,
              35.126277348419954
            ],
            [
              -85.763082387577683,
              35.126645481939931
            ],
            [
              -85.76302205430342,
              35.126788348319494
            ],
            [
              -85.763062187694047,
              35.126936882315682
            ],
            [
              -85.76346325418298,
              35.127398549205331
            ],
            [
              -85.763884388407789,
              35.12803634919586
            ],
            [
              -85.764178587908148,
              35.128316748609301
            ],
            [
              -85.764298854891663,
              35.128547682719422
            ],
            [
              -85.764338855093939,
              35.128838949488276
            ],
            [
              -85.764352055306375,
              35.129163282833268
            ],
            [
              -85.764305054392338,
              35.129339149367908
            ],
            [
              -85.764204587727463,
              35.129448949490666
            ],
            [
              -85.763997188520392,
              35.129558882221993
            ],
            [
              -85.763923588439539,
              35.129696282609352
            ],
            [
              -85.763822854357457,
              35.130042482356785
            ],
            [
              -85.763829587652012,
              35.130179882779188
            ],
            [
              -85.76392318783401,
              35.130388749563011
            ],
            [
              -85.764103654903451,
              35.130586683105321
            ],
            [
              -85.764237388476047,
              35.130630682833065
            ],
            [
              -85.764772588102602,
              35.130685882442371
            ],
            [
              -85.765187255409501,
              35.130774082600723
            ],
            [
              -85.765374655555974,
              35.130861949075424
            ],
            [
              -85.765555054990713,
              35.130999482571369
            ],
            [
              -85.765595254975494,
              35.131081949285608
            ],
            [
              -85.765554988396559,
              35.131224882769096
            ],
            [
              -85.765407655046502,
              35.131488549379107
            ],
            [
              -85.76541425515272,
              35.131631482999886
            ],
            [
              -85.765454255355024,
              35.131884349365627
            ],
            [
              -85.765521055547154,
              35.132104149386805
            ],
            [
              -85.765654655931428,
              35.132384550111325
            ],
            [
              -85.766062389120748,
              35.133181683492452
            ],
            [
              -85.766289655240655,
              35.133363150052084
            ],
            [
              -85.76679798932372,
              35.133594149841585
            ],
            [
              -85.767834856332968,
              35.133951750318523
            ],
            [
              -85.768309789279414,
              35.134100350387946
            ],
            [
              -85.768604189602826,
              35.134166483275578
            ],
            [
              -85.76919285706127,
              35.134243550027591
            ],
            [
              -85.769901990245216,
              35.134271349863084
            ],
            [
              -85.770551056531559,
              35.134277083593936
            ],
            [
              -85.770965790432641,
              35.13425528299063
            ],
            [
              -85.77127359075098,
              35.134260883122735
            ],
            [
              -85.77140739091773,
              35.134310349946865
            ],
            [
              -85.771534390155267,
              35.134673149988259
            ],
            [
              -85.771554257068075,
              35.134898483003177
            ],
            [
              -85.771674457457408,
              35.135200883793161
            ],
            [
              -85.771727990842962,
              35.135277750445219
            ],
            [
              -85.771888590999595,
              35.135327283025113
            ],
            [
              -85.772129390302737,
              35.135321883788983
            ],
            [
              -85.77249079060077,
              35.135300083465445
            ],
            [
              -85.772798457730758,
              35.13532768296848
            ],
            [
              -85.773273457271387,
              35.135404750323289
            ],
            [
              -85.77362805768071,
              35.135366349827571
            ],
            [
              -85.77376859114203,
              35.135333482998519
            ],
            [
              -85.773949257993976,
              35.135360949743117
            ],
            [
              -85.774123191551354,
              35.13536654979918
            ],
            [
              -85.774504457721676,
              35.135515149839243
            ],
            [
              -85.774705191268893,
              35.1356745497365
            ],
            [
              -85.774805458151263,
              35.135844950248838
            ],
            [
              -85.774818658363699,
              35.136037283282526
            ],
            [
              -85.774771791678532,
              35.136290083207811
            ],
            [
              -85.77477139211355,
              35.136966150347114
            ],
            [
              -85.774831391376438,
              35.137614750151855
            ],
            [
              -85.774964991760712,
              35.137889550736723
            ],
            [
              -85.775198992215692,
              35.138400883652324
            ],
            [
              -85.77531925815866,
              35.138758084363218
            ],
            [
              -85.775486391827329,
              35.139087950769863
            ],
            [
              -85.775626658911989,
              35.139428750763329
            ],
            [
              -85.77566685889677,
              35.139467151044705
            ],
            [
              -85.775680192297514,
              35.139610150643449
            ],
            [
              -85.775800459281029,
              35.1398190842825
            ],
            [
              -85.775900791717049,
              35.139934484480221
            ],
            [
              -85.776148258761097,
              35.14014895064426
            ],
            [
              -85.776208458847037,
              35.140286351029872
            ],
            [
              -85.776208259064518,
              35.140583150829677
            ],
            [
              -85.776134592389511,
              35.14079748424821
            ],
            [
              -85.776060992308658,
              35.140879884029154
            ],
            [
              -85.775987259039482,
              35.141050284707688
            ],
            [
              -85.776020592541371,
              35.141423951079815
            ],
            [
              -85.776348258731971,
              35.141940684416625
            ],
            [
              -85.776501992405727,
              35.142259551481573
            ],
            [
              -85.776608859394315,
              35.142440951009412
            ],
            [
              -85.776776059657166,
              35.142765284628332
            ],
            [
              -85.777190592735181,
              35.143512884948741
            ],
            [
              -85.777297393129615,
              35.144002151414554
            ],
            [
              -85.777270593139761,
              35.144128485079193
            ],
            [
              -85.777170193069054,
              35.144425285333917
            ],
            [
              -85.77721019327133,
              35.144535285481368
            ],
            [
              -85.77761159273112,
              35.14483768535888
            ],
            [
              -85.777825459896604,
              35.145266352198135
            ],
            [
              -85.77799939345401,
              35.145541285208026
            ],
            [
              -85.778193392666168,
              35.145761152159963
            ],
            [
              -85.778581259983213,
              35.146047085599264
            ],
            [
              -85.779103059614854,
              35.146481352166646
            ],
            [
              -85.779537860211221,
              35.146877285162702
            ],
            [
              -85.779858860741982,
              35.147212551997534
            ],
            [
              -85.780079593349825,
              35.147536952534452
            ],
            [
              -85.780353793789587,
              35.148037152399112
            ],
            [
              -85.780567660955086,
              35.148356085765229
            ],
            [
              -85.780721461222996,
              35.148614352138985
            ],
            [
              -85.780808460258243,
              35.148861752102412
            ],
            [
              -85.780801593775351,
              35.149026552268666
            ],
            [
              -85.7806677936086,
              35.149301486188364
            ],
            [
              -85.780419993593682,
              35.149642152382896
            ],
            [
              -85.780359660319434,
              35.149872885623836
            ],
            [
              -85.780346193730352,
              35.150125752332599
            ],
            [
              -85.78037959382641,
              35.150175286087048
            ],
            [
              -85.780453193907263,
              35.150378552745082
            ],
            [
              -85.780680594256026,
              35.150653486350727
            ],
            [
              -85.780814394422791,
              35.150752485975175
            ],
            [
              -85.781035194665336,
              35.150895486165396
            ],
            [
              -85.781643994372743,
              35.151263886120141
            ],
            [
              -85.78217246174529,
              35.151467352543143
            ],
            [
              -85.782747861356626,
              35.151731286243589
            ],
            [
              -85.783182861735511,
              35.151802886326429
            ],
            [
              -85.783477395247232,
              35.151769886607376
            ],
            [
              -85.783898861402321,
              35.151890953006195
            ],
            [
              -85.784173195030405,
              35.152011952864889
            ],
            [
              -85.784474395242512,
              35.1521604859348
            ],
            [
              -85.784788795667055,
              35.152352886762984
            ],
            [
              -85.785711995799005,
              35.153012686704955
            ],
            [
              -85.785992996127476,
              35.153177553331027
            ],
            [
              -85.786334262095494,
              35.153414086348434
            ],
            [
              -85.786548395637666,
              35.153617486140448
            ],
            [
              -85.786829262777815,
              35.153864753489017
            ],
            [
              -85.787029996325046,
              35.154084753639218
            ],
            [
              -85.787203996476592,
              35.154233153611841
            ],
            [
              -85.787304396547285,
              35.154403486347348
            ],
            [
              -85.787458196815194,
              35.154557487026558
            ],
            [
              -85.787752596098073,
              35.154722353074568
            ],
            [
              -85.788153996598396,
              35.155046753448836
            ],
            [
              -85.788475196911634,
              35.155354553859524
            ],
            [
              -85.788990263248735,
              35.155821953453646
            ],
            [
              -85.789244463587337,
              35.156085753926611
            ],
            [
              -85.789605664102865,
              35.156723487406765
            ],
            [
              -85.789712596645074,
              35.157064154003443
            ],
            [
              -85.789705863350548,
              35.157212687207952
            ],
            [
              -85.789605396685658,
              35.157602886943678
            ],
            [
              -85.789518396609893,
              35.157789687447952
            ],
            [
              -85.789123464067998,
              35.158245754438234
            ],
            [
              -85.788527663749974,
              35.15866335450572
            ],
            [
              -85.788514197160893,
              35.158696287626348
            ],
            [
              -85.788567797140601,
              35.158844687694042
            ],
            [
              -85.788601064048322,
              35.159086554256284
            ],
            [
              -85.788868596747164,
              35.159845087387588
            ],
            [
              -85.788962263523331,
              35.160054088173844
            ],
            [
              -85.789082597101014,
              35.160449688012733
            ],
            [
              -85.789276597353705,
              35.160839954737064
            ],
            [
              -85.789376797641907,
              35.161263287777892
            ],
            [
              -85.789497264407927,
              35.161560087633717
            ],
            [
              -85.789624063862945,
              35.162291088161282
            ],
            [
              -85.789925197480883,
              35.163093554874933
            ],
            [
              -85.790145864535106,
              35.163527888683547
            ],
            [
              -85.790232798016717,
              35.163742154864757
            ],
            [
              -85.790292863873773,
              35.164000488086131
            ],
            [
              -85.790453464030392,
              35.164214888274309
            ],
            [
              -85.790634197476493,
              35.164341355581264
            ],
            [
              -85.79155766502565,
              35.164847155642342
            ],
            [
              -85.791744998577954,
              35.165012088451817
            ],
            [
              -85.792360664768225,
              35.165539888377033
            ],
            [
              -85.792889265329109,
              35.16616108907283
            ],
            [
              -85.79316346576887,
              35.166611755346565
            ],
            [
              -85.793310665930562,
              35.16690308920829
            ],
            [
              -85.793538198427129,
              35.167276888644423
            ],
            [
              -85.793865998846584,
              35.168079355498875
            ],
            [
              -85.793952865734028,
              35.168557555995385
            ],
            [
              -85.794160199387491,
              35.169118156337539
            ],
            [
              -85.794307466143351,
              35.169310556185586
            ],
            [
              -85.794387666330422,
              35.169288689264398
            ],
            [
              -85.794427999503526,
              35.16925568983384
            ],
            [
              -85.794314199437906,
              35.169030289483324
            ],
            [
              -85.79419379926604,
              35.168695089589285
            ],
            [
              -85.794086799089143,
              35.16823328945857
            ],
            [
              -85.794006665496241,
              35.167744155937939
            ],
            [
              -85.793859398740381,
              35.167513156105713
            ],
            [
              -85.793725598573602,
              35.167271355430444
            ],
            [
              -85.793498065036502,
              35.166897688664498
            ],
            [
              -85.793277399022827,
              35.166463355839838
            ],
            [
              -85.793150198962266,
              35.166358955190006
            ],
            [
              -85.792782265152198,
              35.165792755727225
            ],
            [
              -85.792608265000638,
              35.165583888774719
            ],
            [
              -85.792266997992058,
              35.165265088440187
            ],
            [
              -85.792039464454987,
              35.165061688849114
            ],
            [
              -85.791825265359179,
              35.164896688940154
            ],
            [
              -85.791611265005344,
              35.164715288433229
            ],
            [
              -85.790828397511689,
              35.164182088386916
            ],
            [
              -85.790594064085894,
              35.16399515540116
            ],
            [
              -85.790359998077278,
              35.163588288111548
            ],
            [
              -85.790199464514828,
              35.16319255467355
            ],
            [
              -85.790125864433961,
              35.163060688184316
            ],
            [
              -85.789985397566795,
              35.162747355337892
            ],
            [
              -85.789891797384826,
              35.162455954698899
            ],
            [
              -85.789851797182536,
              35.162236154975261
            ],
            [
              -85.789724663716143,
              35.161950287782545
            ],
            [
              -85.789644396934932,
              35.161631554868926
            ],
            [
              -85.789450464316914,
              35.161026954521844
            ],
            [
              -85.789229863856875,
              35.160257354821418
            ],
            [
              -85.788908863326128,
              35.159388954503072
            ],
            [
              -85.788835397474159,
              35.159147087989318
            ],
            [
              -85.788761797393292,
              35.158822754156425
            ],
            [
              -85.788788663977314,
              35.158685487149924
            ],
            [
              -85.789491596620039,
              35.158058954130503
            ],
            [
              -85.789732596746234,
              35.157740287636877
            ],
            [
              -85.789819663416168,
              35.157509487381368
            ],
            [
              -85.789866463507167,
              35.157267554028003
            ],
            [
              -85.789879996690431,
              35.157047753895654
            ],
            [
              -85.789746264158353,
              35.156712486749292
            ],
            [
              -85.789686064072427,
              35.156509153394651
            ],
            [
              -85.789585664001734,
              35.156316686680647
            ],
            [
              -85.78954559720529,
              35.156206753501955
            ],
            [
              -85.789371663647884,
              35.155953886975432
            ],
            [
              -85.78865586376358,
              35.155244753796865
            ],
            [
              -85.788314596755029,
              35.155030353785115
            ],
            [
              -85.787926463061297,
              35.154683953184858
            ],
            [
              -85.787190663075833,
              35.154051753144167
            ],
            [
              -85.786842795961064,
              35.153694353267035
            ],
            [
              -85.786575062439184,
              35.153496486117163
            ],
            [
              -85.786053395995893,
              35.153056686222463
            ],
            [
              -85.785698662398232,
              35.15286968683256
            ],
            [
              -85.785491262150629,
              35.152732286420907
            ],
            [
              -85.785056462594767,
              35.152402486372118
            ],
            [
              -85.784521195333525,
              35.15208895337733
            ],
            [
              -85.784240195005054,
              35.151967952782407
            ],
            [
              -85.783664795393719,
              35.151665553025914
            ],
            [
              -85.783497461942531,
              35.151637953106942
            ],
            [
              -85.783089261553499,
              35.151648952749042
            ],
            [
              -85.782781461235189,
              35.151588353031769
            ],
            [
              -85.782400061876544,
              35.151434352688064
            ],
            [
              -85.782025394771921,
              35.151291352594072
            ],
            [
              -85.781617260977058,
              35.151060486399871
            ],
            [
              -85.78094819458957,
              35.150659086205479
            ],
            [
              -85.78064719415994,
              35.150400685941605
            ],
            [
              -85.780587060668182,
              35.150235752432245
            ],
            [
              -85.780607260551832,
              35.149944485640347
            ],
            [
              -85.780674260526467,
              35.149702686336923
            ],
            [
              -85.780942060642516,
              35.149235485558791
            ],
            [
              -85.781002393916779,
              35.149004752212164
            ],
            [
              -85.780962260526167,
              35.148784885515269
            ],
            [
              -85.78077519439104,
              35.148438552765022
            ],
            [
              -85.780434060570812,
              35.147861352629008
            ],
            [
              -85.780393993774368,
              35.147740352554017
            ],
            [
              -85.780246993395167,
              35.147487552453804
            ],
            [
              -85.78005959324868,
              35.147196285184265
            ],
            [
              -85.779805593733101,
              35.14688288527735
            ],
            [
              -85.779578060196016,
              35.146690352399972
            ],
            [
              -85.779450993323792,
              35.146541952283869
            ],
            [
              -85.779089793848797,
              35.146179085170068
            ],
            [
              -85.778708460043788,
              35.145931685559376
            ],
            [
              -85.778240259351321,
              35.145579751523499
            ],
            [
              -85.778052993433718,
              35.14535995214856
            ],
            [
              -85.777912593160735,
              35.145063085533245
            ],
            [
              -85.777785459694329,
              35.144821151756645
            ],
            [
              -85.777698659401068,
              35.144700151415655
            ],
            [
              -85.777477859158523,
              35.144568284730852
            ],
            [
              -85.777364259915927,
              35.144364885291864
            ],
            [
              -85.777431393078885,
              35.14393628517626
            ],
            [
              -85.777397992982813,
              35.143584351871304
            ],
            [
              -85.777291059400056,
              35.143309551791873
            ],
            [
              -85.777103859036089,
              35.143029151256052
            ],
            [
              -85.776856459626714,
              35.142594951355122
            ],
            [
              -85.776508659106113,
              35.142028684339827
            ],
            [
              -85.776321591930468,
              35.14167135077863
            ],
            [
              -85.776214659388245,
              35.141358150825567
            ],
            [
              -85.776154592490656,
              35.141039350852843
            ],
            [
              -85.776234992460218,
              35.140830484162258
            ],
            [
              -85.77626839255629,
              35.140753551278486
            ],
            [
              -85.776368992409488,
              35.140407351125347
            ],
            [
              -85.776315592212271,
              35.140115950453961
            ],
            [
              -85.776248792020141,
              35.13995655074379
            ],
            [
              -85.776007991676465,
              35.13973668427866
            ],
            [
              -85.775887659139315,
              35.139527750428122
            ],
            [
              -85.775680392080019,
              35.139126483952928
            ],
            [
              -85.775540058401205,
              35.138719683747418
            ],
            [
              -85.775366259072669,
              35.138323883803032
            ],
            [
              -85.775312858875481,
              35.13825795085328
            ],
            [
              -85.775306192175094,
              35.13816995025725
            ],
            [
              -85.775205858698541,
              35.137933683515669
            ],
            [
              -85.774998791421766,
              35.137246550495341
            ],
            [
              -85.774958791219476,
              35.136982683843058
            ],
            [
              -85.774992658515259,
              35.135916483469224
            ],
            [
              -85.774838991435672,
              35.13565255038742
            ],
            [
              -85.774604857792355,
              35.135443683490685
            ],
            [
              -85.774176791531048,
              35.135245749841644
            ],
            [
              -85.773855657811978,
              35.135207150149874
            ],
            [
              -85.773454190717487,
              35.135228949647399
            ],
            [
              -85.772724990838242,
              35.135162750398067
            ],
            [
              -85.772269990358225,
              35.135190083601913
            ],
            [
              -85.771935457684748,
              35.13512948354245
            ],
            [
              -85.771795057411751,
              35.135035950114919
            ],
            [
              -85.771748390509089,
              35.134816150349401
            ],
            [
              -85.771788590493884,
              35.13452488283545
            ],
            [
              -85.771741990185376,
              35.134321550203119
            ],
            [
              -85.771688390205682,
              35.134200549571609
            ],
            [
              -85.771527857683751,
              35.134101550236224
            ],
            [
              -85.771126457183428,
              35.134057483456544
            ],
            [
              -85.770845456854971,
              35.134073883092022
            ],
            [
              -85.770591189922186,
              35.134156150121797
            ],
            [
              -85.769828456758532,
              35.134188950200681
            ],
            [
              -85.769279856096531,
              35.134133749562253
            ],
            [
              -85.768811589850444,
              35.134073083192852
            ],
            [
              -85.76807578986498,
              35.133896883094984
            ],
            [
              -85.767480455706121,
              35.133720749841679
            ],
            [
              -85.766644255649965,
              35.133418283135853
            ],
            [
              -85.766396788605888,
              35.13331374987871
            ],
            [
              -85.766276389474584,
              35.133220149691837
            ],
            [
              -85.766102589105543,
              35.132945283139058
            ],
            [
              -85.765788589286529,
              35.132285683022026
            ],
            [
              -85.765641588907343,
              35.132071282942839
            ],
            [
              -85.76556798882649,
              35.131823949378948
            ],
            [
              -85.765614988699966,
              35.131538149789904
            ],
            [
              -85.765708788664469,
              35.131373282727786
            ],
            [
              -85.765795855334417,
              35.131158949176182
            ],
            [
              -85.765795988522754,
              35.131038082555861
            ],
            [
              -85.765628854854072,
              35.130867683046361
            ],
            [
              -85.765160655202152,
              35.130686082425484
            ],
            [
              -85.76485298807215,
              35.130586949466128
            ],
            [
              -85.76435798843039,
              35.130531882544737
            ],
            [
              -85.764217454969057,
              35.130487749157581
            ],
            [
              -85.764070387995702,
              35.130366749636735
            ],
            [
              -85.763976654625381,
              35.130223949104483
            ],
            [
              -85.763976854407872,
              35.130020482337009
            ],
            [
              -85.764063987671989,
              35.129773282959221
            ],
            [
              -85.764351787889183,
              35.129515082752093
            ],
            [
              -85.764432187858731,
              35.129317149158119
            ],
            [
              -85.764546054518533,
              35.128899482744629
            ],
            [
              -85.764486055255645,
              35.128712548694203
            ],
            [
              -85.764446055053355,
              35.128542282182764
            ],
            [
              -85.764312388074913,
              35.128212349220917
            ],
            [
              -85.764024988463277,
              35.127915482195917
            ],
            [
              -85.763677387725167,
              35.127387682450184
            ],
            [
              -85.763416654915034,
              35.127085348809629
            ],
            [
              -85.763216054556125,
              35.126876348451532
            ],
            [
              -85.763209454449907,
              35.126667548401109
            ],
            [
              -85.763376987683586,
              35.126453281610388
            ],
            [
              -85.763524254439432,
              35.126255481847032
            ],
            [
              -85.763571054530431,
              35.126162082051721
            ],
            [
              -85.763531054328155,
              35.125942148548191
            ],
            [
              -85.763430787445799,
              35.125821281844409
            ],
            [
              -85.762969387682588,
              35.125557148384068
            ],
            [
              -85.762427586909297,
              35.125337148567397
            ],
            [
              -85.762113254119456,
              35.125248948477832
            ],
            [
              -85.761715786837101,
              35.125088481379557
            ],
            [
              -85.761535254214024,
              35.124990882009335
            ],
            [
              -85.761267853662986,
              35.124809348282419
            ],
            [
              -85.76099378745208,
              35.124539948609311
            ],
            [
              -85.760873453874396,
              35.124364081923687
            ],
            [
              -85.760813386976821,
              35.124149681413975
            ],
            [
              -85.760873587062733,
              35.124072748087244
            ],
            [
              -85.760987387128367,
              35.12406174812282
            ],
            [
              -85.761268387456838,
              35.12413334786465
            ],
            [
              -85.761395386694375,
              35.124133481481138
            ],
            [
              -85.761656253733378,
              35.124237948225428
            ],
            [
              -85.762151186780969,
              35.124364548303419
            ],
            [
              -85.762264853658252,
              35.124359148340446
            ],
            [
              -85.76235845384025,
              35.124331748522607
            ],
            [
              -85.762458987099293,
              35.124166948572842
            ],
            [
              -85.762452453587258,
              35.123886681254859
            ],
            [
              -85.762392387730188,
              35.123749148512587
            ],
            [
              -85.76238578762397,
              35.12365574839631
            ],
            [
              -85.762245387350987,
              35.123512748010711
            ],
            [
              -85.761850786739373,
              35.123281747708525
            ],
            [
              -85.76154998713281,
              35.123045281168643
            ],
            [
              -85.760633853266256,
              35.122594148058262
            ],
            [
              -85.759557052648887,
              35.122186947801403
            ],
            [
              -85.759129052981763,
              35.122093281207313
            ],
            [
              -85.758941786023613,
              35.121999748125553
            ],
            [
              -85.758714453309551,
              35.12182374744151
            ],
            [
              -85.758480386260402,
              35.121779680826414
            ],
            [
              -85.758326452804155,
              35.121807147887345
            ],
            [
              -85.75804538588153,
              35.121993747992448
            ],
            [
              -85.757717652056229,
              35.121977147621827
            ],
            [
              -85.757276252394163,
              35.12192194806736
            ],
            [
              -85.756968452075839,
              35.121894348276072
            ],
            [
              -85.756841385203614,
              35.121844881569515
            ],
            [
              -85.756734452661405,
              35.121751280966791
            ],
            [
              -85.756701052565333,
              35.12168548098424
            ],
            [
              -85.756707785859874,
              35.121586480902614
            ],
            [
              -85.756801652418531,
              35.121339147836821
            ],
            [
              -85.756975852352596,
              35.121064481190501
            ],
            [
              -85.757049585621758,
              35.120784147876343
            ],
            [
              -85.757029652114795,
              35.120597347545775
            ],
            [
              -85.756962785328483,
              35.120514881279092
            ],
            [
              -85.756869185146499,
              35.120470747570252
            ],
            [
              -85.756788851771105,
              35.120459747970507
            ],
            [
              -85.756588185858561,
              35.120509081044702
            ],
            [
              -85.756273852028201,
              35.120536481297258
            ],
            [
              -85.755818984736507,
              35.120497747819556
            ],
            [
              -85.755691852310648,
              35.120470281168224
            ],
            [
              -85.75537765166861,
              35.120294147812295
            ],
            [
              -85.755317451582684,
              35.120211681238665
            ],
            [
              -85.755056785366705,
              35.120019147414347
            ],
            [
              -85.754648984542698,
              35.119540747612241
            ],
            [
              -85.754415051722404,
              35.119337347777467
            ],
            [
              -85.753633050993457,
              35.11852354760255
            ],
            [
              -85.753459250624402,
              35.118254147567193
            ],
            [
              -85.752557183734979,
              35.117137880894958
            ],
            [
              -85.752450251192741,
              35.116917946857029
            ],
            [
              -85.752343450798321,
              35.116698080316468
            ],
            [
              -85.752036050045007,
              35.116252746638629
            ],
            [
              -85.75191578410201,
              35.116120747062666
            ],
            [
              -85.751528049973302,
              35.115834746822216
            ],
            [
              -85.751374250745926,
              35.115774280459455
            ],
            [
              -85.751227183772571,
              35.11567514722416
            ],
            [
              -85.751126983484355,
              35.115532147298474
            ],
            [
              -85.751046849891452,
              35.115350880181651
            ],
            [
              -85.75104705071449,
              35.115043080004106
            ],
            [
              -85.751094183776331,
              35.114790279661129
            ],
            [
              -85.751174450557542,
              35.114674880428979
            ],
            [
              -85.751288250623176,
              35.114576080362056
            ],
            [
              -85.751375250698956,
              35.114543080021782
            ],
            [
              -85.751495784059131,
              35.114471680385073
            ],
            [
              -85.751656383175231,
              35.114323346663149
            ],
            [
              -85.751924050102929,
              35.114202546984558
            ],
            [
              -85.752144783751305,
              35.114142280285421
            ],
            [
              -85.752465984064571,
              35.113933546328298
            ],
            [
              -85.752633384109913,
              35.113763346807374
            ],
            [
              -85.7527940508607,
              35.113543546656985
            ],
            [
              -85.753008450779532,
              35.112982946469259
            ],
            [
              -85.753055450653036,
              35.112823679203018
            ],
            [
              -85.753028850445659,
              35.112587279341049
            ],
            [
              -85.752982183542997,
              35.112482879369416
            ],
            [
              -85.752748250722746,
              35.112251879284685
            ],
            [
              -85.752627983739231,
              35.112191346424176
            ],
            [
              -85.752407183496686,
              35.112185746476889
            ],
            [
              -85.752293383431038,
              35.112218679677056
            ],
            [
              -85.752045850833341,
              35.112344946044125
            ],
            [
              -85.751731450408812,
              35.11242714649984
            ],
            [
              -85.751490650065108,
              35.112432546402623
            ],
            [
              -85.750955583626904,
              35.112338879658765
            ],
            [
              -85.750674783080925,
              35.112278279619375
            ],
            [
              -85.750561049609459,
              35.112228746639801
            ],
            [
              -85.750454049432548,
              35.112146279562843
            ],
            [
              -85.750447583555186,
              35.112052746126288
            ],
            [
              -85.750467650250513,
              35.111964879788943
            ],
            [
              -85.750568050321192,
              35.111882479688845
            ],
            [
              -85.750828982913816,
              35.111756146212379
            ],
            [
              -85.751303983494992,
              35.111630079814056
            ],
            [
              -85.751979849771203,
              35.111240145725446
            ],
            [
              -85.752214050008675,
              35.111097479346128
            ],
            [
              -85.752595583596189,
              35.110778879250397
            ],
            [
              -85.752702650367254,
              35.110575546066556
            ],
            [
              -85.752656183247097,
              35.110229278900356
            ],
            [
              -85.752375450335833,
              35.109959745890279
            ],
            [
              -85.752000983013716,
              35.109833145557964
            ],
            [
              -85.751914050572637,
              35.109778145470628
            ],
            [
              -85.751807183584049,
              35.109673678910426
            ],
            [
              -85.751760450087204,
              35.10953074591275
            ],
            [
              -85.751646982992412,
              35.109321879270169
            ],
            [
              -85.751646982992412,
              35.109244879165217
            ],
            [
              -85.751439850162001,
              35.108925945809624
            ],
            [
              -85.751332983173413,
              35.108805078544187
            ],
            [
              -85.751152449509817,
              35.108645545192125
            ],
            [
              -85.751085649317673,
              35.108535545079846
            ],
            [
              -85.750270049750682,
              35.108188878532495
            ],
            [
              -85.749975649427299,
              35.108062278854135
            ],
            [
              -85.749593249075076,
              35.107850145681667
            ],
            [
              -85.749439382212998,
              35.107789745748484
            ],
            [
              -85.748743649024007,
              35.107608678472616
            ],
            [
              -85.748215249286147,
              35.107444078783345
            ],
            [
              -85.747679982024906,
              35.10720794507489
            ],
            [
              -85.747552848558513,
              35.107169544904544
            ],
            [
              -85.746917448643757,
              35.107059945435971
            ],
            [
              -85.74666998159968,
              35.106983078541006
            ],
            [
              -85.746522648249652,
              35.10689514544822
            ],
            [
              -85.74555904835043,
              35.106076678737203
            ],
            [
              -85.745117581053677,
              35.105796478575982
            ],
            [
              -85.744963581003262,
              35.105670145028654
            ],
            [
              -85.744762780861848,
              35.105362478535625
            ],
            [
              -85.744180447132919,
              35.104692278153067
            ],
            [
              -85.743872647855142,
              35.104439545297261
            ],
            [
              -85.743745447794595,
              35.104351678412975
            ],
            [
              -85.743491247455964,
              35.104225345180126
            ],
            [
              -85.743123380240064,
              35.104005678491433
            ],
            [
              -85.742842246723256,
              35.103802344582988
            ],
            [
              -85.742561247435304,
              35.103555144811615
            ],
            [
              -85.742474247359524,
              35.103434278094063
            ],
            [
              -85.742400580684517,
              35.103274878095228
            ],
            [
              -85.742286647430561,
              35.102901277593205
            ],
            [
              -85.742186046536816,
              35.102368077810986
            ],
            [
              -85.742152380064084,
              35.102032877463976
            ],
            [
              -85.742192180483869,
              35.101400878094935
            ],
            [
              -85.742272179847902,
              35.101103944013921
            ],
            [
              -85.742379046836476,
              35.100922544349636
            ],
            [
              -85.742566180606303,
              35.100664144583277
            ],
            [
              -85.742686379955117,
              35.100460744450693
            ],
            [
              -85.742692980061321,
              35.100345344507247
            ],
            [
              -85.742626046680854,
              35.100180543713194
            ],
            [
              -85.742458646635527,
              35.099878277665873
            ],
            [
              -85.742063779647253,
              35.099422276992598
            ],
            [
              -85.741842980445227,
              35.099246476977051
            ],
            [
              -85.741428179949992,
              35.098966343577196
            ],
            [
              -85.741073646134851,
              35.098708077227805
            ],
            [
              -85.740792579212211,
              35.098466343712587
            ],
            [
              -85.740651979156709,
              35.098296076985292
            ],
            [
              -85.740551579086016,
              35.098103743372803
            ],
            [
              -85.740511245912899,
              35.097883943555274
            ],
            [
              -85.740497779323803,
              35.097460744041101
            ],
            [
              -85.740397179470605,
              35.097076076677915
            ],
            [
              -85.740356846297487,
              35.096806743656401
            ],
            [
              -85.740416579183716,
              35.095954876619295
            ],
            [
              -85.740543178856228,
              35.095317276701842
            ],
            [
              -85.740629979149517,
              35.095091743100163
            ],
            [
              -85.740910579912992,
              35.094690476509484
            ],
            [
              -85.741151179433643,
              35.094432076572254
            ],
            [
              -85.741585646018677,
              35.094107676478799
            ],
            [
              -85.741752779687332,
              35.094041542570892
            ],
            [
              -85.742347846428984,
              35.093925942833202
            ],
            [
              -85.742789179496882,
              35.09377187600213
            ],
            [
              -85.742976246672512,
              35.093694875681187
            ],
            [
              -85.743089846955655,
              35.093612343025832
            ],
            [
              -85.743303646486453,
              35.093331942515626
            ],
            [
              -85.743316979887226,
              35.093134075966937
            ],
            [
              -85.74327677990243,
              35.093007675969972
            ],
            [
              -85.743189646638328,
              35.092875742614012
            ],
            [
              -85.742627645981386,
              35.092243942150787
            ],
            [
              -85.742293046713755,
              35.091919875613854
            ],
            [
              -85.741664245864655,
              35.091441942594891
            ],
            [
              -85.74126957969942,
              35.09123327565802
            ],
            [
              -85.741015445954972,
              35.0911453426042
            ],
            [
              -85.740627578637927,
              35.091096076043037
            ],
            [
              -85.739785045892745,
              35.091096475352181
            ],
            [
              -85.739570978944741,
              35.091025075609259
            ],
            [
              -85.739430445483436,
              35.090959142687524
            ],
            [
              -85.739289978616284,
              35.090843742066717
            ],
            [
              -85.73922317842414,
              35.090761341899743
            ],
            [
              -85.739129245271315,
              35.090481075474848
            ],
            [
              -85.739142445483736,
              35.090085342536625
            ],
            [
              -85.739242645771967,
              35.089793942336776
            ],
            [
              -85.739382778627728,
              35.089552142376839
            ],
            [
              -85.739516445606171,
              35.089365275563644
            ],
            [
              -85.739670178239379,
              35.089222275453373
            ],
            [
              -85.739944245490818,
              35.089101275098692
            ],
            [
              -85.740465778745758,
              35.088991074922049
            ],
            [
              -85.740746579291752,
              35.088969074885931
            ],
            [
              -85.741381846018172,
              35.088952275365237
            ],
            [
              -85.741528846397372,
              35.088902741833543
            ],
            [
              -85.741822979303564,
              35.088721275006009
            ],
            [
              -85.742123778910141,
              35.088600274759493
            ],
            [
              -85.742237445787438,
              35.088517742056602
            ],
            [
              -85.742437979552179,
              35.088440741883126
            ],
            [
              -85.742912779310316,
              35.08839107521711
            ],
            [
              -85.74303984618254,
              35.088522941753894
            ],
            [
              -85.743059979472008,
              35.088572341841449
            ],
            [
              -85.743060046066176,
              35.088825141765966
            ],
            [
              -85.743006645868959,
              35.08903954156213
            ],
            [
              -85.743006846691983,
              35.089270475460189
            ],
            [
              -85.74306044667172,
              35.089457275228185
            ],
            [
              -85.743127446646341,
              35.089512141730523
            ],
            [
              -85.743307979269403,
              35.089517675121833
            ],
            [
              -85.743401446263078,
              35.089495675227766
            ],
            [
              -85.7440764468151,
              35.088802741513327
            ],
            [
              -85.74432364644197,
              35.088401474627503
            ],
            [
              -85.744323446659479,
              35.088198141818815
            ],
            [
              -85.744156046614137,
              35.087846475128288
            ],
            [
              -85.744055646543444,
              35.0876925415564
            ],
            [
              -85.743754579519646,
              35.087362941276716
            ],
            [
              -85.743607246169617,
              35.087165141132701
            ],
            [
              -85.743185645785672,
              35.08648374099235
            ],
            [
              -85.742817646421955,
              35.086033274817687
            ],
            [
              -85.742496379514535,
              35.08568154089356
            ],
            [
              -85.742001378832242,
              35.085280674167407
            ],
            [
              -85.741740446239604,
              35.085033340755331
            ],
            [
              -85.741686845219363,
              35.084956474378913
            ],
            [
              -85.74162664617397,
              35.084819074326667
            ],
            [
              -85.741626578539268,
              35.084676073908781
            ],
            [
              -85.741659845447003,
              35.084593674322193
            ],
            [
              -85.741760178923556,
              35.084483740527034
            ],
            [
              -85.741887179201612,
              35.084401140649497
            ],
            [
              -85.742027579474595,
              35.084351674174869
            ],
            [
              -85.742221445498416,
              35.084346141284584
            ],
            [
              -85.742856779859551,
              35.084620674536886
            ],
            [
              -85.743304846221989,
              35.08475794124233
            ],
            [
              -85.744120846394509,
              35.085202741136023
            ],
            [
              -85.744381646839344,
              35.085329074043706
            ],
            [
              -85.745030446749013,
              35.085532140685096
            ],
            [
              -85.745137446925952,
              35.085532074270951
            ],
            [
              -85.745251047209081,
              35.085460541085453
            ],
            [
              -85.745311179660291,
              35.085284674355343
            ],
            [
              -85.745310846689463,
              35.085020874400627
            ],
            [
              -85.745257379898078,
              35.084795474102293
            ],
            [
              -85.745016179989406,
              35.084224074458312
            ],
            [
              -85.744828646654582,
              35.083740474003704
            ],
            [
              -85.7447813793639,
              35.082899540708027
            ],
            [
              -85.744741046190782,
              35.082712673979962
            ],
            [
              -85.744713446030403,
              35.081487139907395
            ],
            [
              -85.744753446232679,
              35.081239740496493
            ],
            [
              -85.744766380068441,
              35.080497740423041
            ],
            [
              -85.744671979715903,
              35.079398473443845
            ],
            [
              -85.744598246446742,
              35.078986339879648
            ],
            [
              -85.744544379049827,
              35.078508139477243
            ],
            [
              -85.744470645780638,
              35.078172939824967
            ],
            [
              -85.743880979409681,
              35.076233072097395
            ],
            [
              -85.743485846044763,
              35.075249339117001
            ],
            [
              -85.743311645070165,
              35.074606339274453
            ],
            [
              -85.743311578475996,
              35.074441538411136
            ],
            [
              -85.743418245682079,
              35.074161138417928
            ],
            [
              -85.74360537841136,
              35.073836872298948
            ],
            [
              -85.744219779312502,
              35.072968138809124
            ],
            [
              -85.744273246103859,
              35.072935138657705
            ],
            [
              -85.744279846210077,
              35.072902138492957
            ],
            [
              -85.74441357874214,
              35.072775671375837
            ],
            [
              -85.744527045836946,
              35.072621738319725
            ],
            [
              -85.744580446034163,
              35.072478871512985
            ],
            [
              -85.744553646044295,
              35.072330471602569
            ],
            [
              -85.744520179354069,
              35.07227007175684
            ],
            [
              -85.744178978939672,
              35.071940338481454
            ],
            [
              -85.744005045382281,
              35.071709671468639
            ],
            [
              -85.74359004510454,
              35.071055737958773
            ],
            [
              -85.743569978409226,
              35.070984337706363
            ],
            [
              -85.743215445634618,
              35.070588738417712
            ],
            [
              -85.743028045488131,
              35.07041847140033
            ],
            [
              -85.741817378109857,
              35.069116338055295
            ],
            [
              -85.741797244820376,
              35.069066870829694
            ],
            [
              -85.741516244491905,
              35.068775671479273
            ],
            [
              -85.741195178407523,
              35.068490070632187
            ],
            [
              -85.740934377962674,
              35.068308737242731
            ],
            [
              -85.740666844223313,
              35.068165937830429
            ],
            [
              -85.740245577850715,
              35.067984737429327
            ],
            [
              -85.739242643690872,
              35.067666337631934
            ],
            [
              -85.739122377747904,
              35.067578471152359
            ],
            [
              -85.73909544352918,
              35.067517937487139
            ],
            [
              -85.739088776828808,
              35.067353137639103
            ],
            [
              -85.739108776929953,
              35.067243137179126
            ],
            [
              -85.739115044065315,
              35.066682670861894
            ],
            [
              -85.739215043530493,
              35.066275870923732
            ],
            [
              -85.739308577118322,
              35.066105337705814
            ],
            [
              -85.739402044111969,
              35.066011937115562
            ],
            [
              -85.740023577872634,
              35.065698470163412
            ],
            [
              -85.740103777019172,
              35.0656159372868
            ],
            [
              -85.740263977610795,
              35.065357537226504
            ],
            [
              -85.740537844039181,
              35.065110136604609
            ],
            [
              -85.741019044121046,
              35.064785670149071
            ],
            [
              -85.741152577911151,
              35.064576736585565
            ],
            [
              -85.741165977906064,
              35.064483270370076
            ],
            [
              -85.74111897803256,
              35.064318470356902
            ],
            [
              -85.741011977855663,
              35.064224936562475
            ],
            [
              -85.740878244283053,
              35.064142670477402
            ],
            [
              -85.740530644585476,
              35.063999869738488
            ],
            [
              -85.739828443438043,
              35.063598870083013
            ],
            [
              -85.739400443770919,
              35.063384736441328
            ],
            [
              -85.739072844174487,
              35.063236469893887
            ],
            [
              -85.738885643810519,
              35.063220069630148
            ],
            [
              -85.738564977291119,
              35.063341136476765
            ],
            [
              -85.738391176922065,
              35.063506070475498
            ],
            [
              -85.738337776724862,
              35.063577536888396
            ],
            [
              -85.738291043228017,
              35.063698470341031
            ],
            [
              -85.73829784311674,
              35.063978736795448
            ],
            [
              -85.738512176441404,
              35.064484336677445
            ],
            [
              -85.738518843141776,
              35.064539336655621
            ],
            [
              -85.738605776623402,
              35.064748137452646
            ],
            [
              -85.738739776572658,
              35.065176736840264
            ],
            [
              -85.738746644096068,
              35.065407537292785
            ],
            [
              -85.73869997719342,
              35.065583537146132
            ],
            [
              -85.738673177203566,
              35.065621937311455
            ],
            [
              -85.738532843524752,
              35.065715470356857
            ],
            [
              -85.738225443811956,
              35.065803537280857
            ],
            [
              -85.737911243169918,
              35.065853137641227
            ],
            [
              -85.737764177237082,
              35.065847670778346
            ],
            [
              -85.737543443588692,
              35.065721337513573
            ],
            [
              -85.737316243022434,
              35.065693937572775
            ],
            [
              -85.736955376518267,
              35.065743537148045
            ],
            [
              -85.736761376265576,
              35.065738137559777
            ],
            [
              -85.736086242525204,
              35.065672470361704
            ],
            [
              -85.735838843115829,
              35.065584537008689
            ],
            [
              -85.735618176061621,
              35.06545273729904
            ],
            [
              -85.735544575980768,
              35.065386736866927
            ],
            [
              -85.73529044223632,
              35.065128537076696
            ],
            [
              -85.735143175480459,
              35.064826337009229
            ],
            [
              -85.73510304313038,
              35.064782337524974
            ],
            [
              -85.734962576263214,
              35.064480137027552
            ],
            [
              -85.734942442973747,
              35.064375736778892
            ],
            [
              -85.734862176192522,
              35.064199937022671
            ],
            [
              -85.73486864206987,
              35.064012937190121
            ],
            [
              -85.735008975748684,
              35.063809536783829
            ],
            [
              -85.73517597622903,
              35.063661070008692
            ],
            [
              -85.735423242450054,
              35.063485136700926
            ],
            [
              -85.736131443315656,
              35.063028736666865
            ],
            [
              -85.736405442932394,
              35.062924136967723
            ],
            [
              -85.736626176580785,
              35.062874670247922
            ],
            [
              -85.73695364298888,
              35.062836070344034
            ],
            [
              -85.737207643544991,
              35.062901936566512
            ],
            [
              -85.737301242686428,
              35.062984336766959
            ],
            [
              -85.737388242762236,
              35.063138270114173
            ],
            [
              -85.737388376991092,
              35.063308536988139
            ],
            [
              -85.737301576697803,
              35.063385537034279
            ],
            [
              -85.737034176146764,
              35.0635560699724
            ],
            [
              -85.73704764273586,
              35.063600070117609
            ],
            [
              -85.737141242917858,
              35.063599937253599
            ],
            [
              -85.73735497689502,
              35.063489936845933
            ],
            [
              -85.737602243116058,
              35.063319470201911
            ],
            [
              -85.737695776703873,
              35.06320953670042
            ],
            [
              -85.73770244340426,
              35.0630611369699
            ],
            [
              -85.737615443328494,
              35.062929270160211
            ],
            [
              -85.737515176446109,
              35.062846869904178
            ],
            [
              -85.737321176193419,
              35.062737070335018
            ],
            [
              -85.737047043388358,
              35.062539136389688
            ],
            [
              -85.736839643140755,
              35.062275469859223
            ],
            [
              -85.736659042882962,
              35.06219313622811
            ],
            [
              -85.736425042427996,
              35.062121736739869
            ],
            [
              -85.736124242821418,
              35.062077936801025
            ],
            [
              -85.734767242046132,
              35.062094869611798
            ],
            [
              -85.734453175632964,
              35.062061936607485
            ],
            [
              -85.734232441984588,
              35.062007136815211
            ],
            [
              -85.733978442468995,
              35.061902736810666
            ],
            [
              -85.73371764202416,
              35.061825936369679
            ],
            [
              -85.73332997553014,
              35.061793069690403
            ],
            [
              -85.732828642158822,
              35.061793269842504
            ],
            [
              -85.732661575084322,
              35.061809736826412
            ],
            [
              -85.732527974700048,
              35.061875736743723
            ],
            [
              -85.732380975361366,
              35.062002270149634
            ],
            [
              -85.732300775174323,
              35.062101270198056
            ],
            [
              -85.732214041475203,
              35.062321070198074
            ],
            [
              -85.732040375335004,
              35.062584936731461
            ],
            [
              -85.731960175147961,
              35.0626454697965
            ],
            [
              -85.731846441676481,
              35.062667536550215
            ],
            [
              -85.731746241388279,
              35.062601537272982
            ],
            [
              -85.731679374601967,
              35.062530136438532
            ],
            [
              -85.731659174718345,
              35.062431136910234
            ],
            [
              -85.731738974299873,
              35.061496870378754
            ],
            [
              -85.731785574608367,
              35.061298936833396
            ],
            [
              -85.731899174891495,
              35.061057070305296
            ],
            [
              -85.73198597518477,
              35.060914136410844
            ],
            [
              -85.732266574907712,
              35.060589736746557
            ],
            [
              -85.732286575008857,
              35.060518269421515
            ],
            [
              -85.732253041724448,
              35.060259936694422
            ],
            [
              -85.732159241759959,
              35.059985269522947
            ],
            [
              -85.732152575059587,
              35.059809335959223
            ],
            [
              -85.732179175266936,
              35.05970493655115
            ],
            [
              -85.732452975101154,
              35.059270669081286
            ],
            [
              -85.732526575182021,
              35.059111135921938
            ],
            [
              -85.732532974465201,
              35.058666069440719
            ],
            [
              -85.73238557452099,
              35.058160469298357
            ],
            [
              -85.732432374611989,
              35.05808893596565
            ],
            [
              -85.732499241398287,
              35.058066936114386
            ],
            [
              -85.732833374506782,
              35.058039335998359
            ],
            [
              -85.732886841298139,
              35.058011869597877
            ],
            [
              -85.73286677460284,
              35.057984335899803
            ],
            [
              -85.732539175006409,
              35.057934936030534
            ],
            [
              -85.732412241322521,
              35.057957069642335
            ],
            [
              -85.732124841710856,
              35.058050535663874
            ],
            [
              -85.731910974545372,
              35.05807253551955
            ],
            [
              -85.731737174176317,
              35.05802326942856
            ],
            [
              -85.731563374847809,
              35.057935335501995
            ],
            [
              -85.731322574504091,
              35.057693535667305
            ],
            [
              -85.731148640946728,
              35.057429868819362
            ],
            [
              -85.731001440785008,
              35.057067069026857
            ],
            [
              -85.73090057455515,
              35.055918468640947
            ],
            [
              -85.730853774464151,
              35.055824935444086
            ],
            [
              -85.730813641073539,
              35.055676668796096
            ],
            [
              -85.730686441012978,
              35.055473268915279
            ],
            [
              -85.730559440734908,
              35.055379935376344
            ],
            [
              -85.730419040461953,
              35.05530853504056
            ],
            [
              -85.730185041047491,
              35.055231668772166
            ],
            [
              -85.730118240855361,
              35.055226135611001
            ],
            [
              -85.729917640496453,
              35.055275735583564
            ],
            [
              -85.729596973977067,
              35.055429668984644
            ],
            [
              -85.729389840106094,
              35.055600135918539
            ],
            [
              -85.729282974158068,
              35.055732069079482
            ],
            [
              -85.729089373470373,
              35.056204868991344
            ],
            [
              -85.729062773262996,
              35.056386135573447
            ],
            [
              -85.729069574192252,
              35.056891869356562
            ],
            [
              -85.729116574065756,
              35.057293068900023
            ],
            [
              -85.729210440624399,
              35.057760135991217
            ],
            [
              -85.729203840518196,
              35.058090069644749
            ],
            [
              -85.729157240209688,
              35.058243869126414
            ],
            [
              -85.729077040022631,
              35.058364869250433
            ],
            [
              -85.728990240769889,
              35.058441735976409
            ],
            [
              -85.728896640587905,
              35.058480269818268
            ],
            [
              -85.728569039950926,
              35.058480336254497
            ],
            [
              -85.72834844053142,
              35.05843646962937
            ],
            [
              -85.727713373587477,
              35.058112469812137
            ],
            [
              -85.727358972960673,
              35.05784326962965
            ],
            [
              -85.727205173733296,
              35.057656469026988
            ],
            [
              -85.727071440160699,
              35.057535535993651
            ],
            [
              -85.727031373364241,
              35.057458536392268
            ],
            [
              -85.727037840282108,
              35.057244269102505
            ],
            [
              -85.727124639534864,
              35.056985868948296
            ],
            [
              -85.727124439752373,
              35.056782468921625
            ],
            [
              -85.727070972960988,
              35.056551668786007
            ],
            [
              -85.727004039580507,
              35.056386868945424
            ],
            [
              -85.726930439499682,
              35.056293469160991
            ],
            [
              -85.72669644008522,
              35.056101068879862
            ],
            [
              -85.726556039812252,
              35.056046269345501
            ],
            [
              -85.726362239342052,
              35.05606273578492
            ],
            [
              -85.726168373318231,
              35.056139669412687
            ],
            [
              -85.726074839730387,
              35.056211269187571
            ],
            [
              -85.725968039335982,
              35.056354135507675
            ],
            [
              -85.725854573281708,
              35.056749869369384
            ],
            [
              -85.725848039769673,
              35.057068669484948
            ],
            [
              -85.725928373145052,
              35.057387469207598
            ],
            [
              -85.72621604017391,
              35.057860069593623
            ],
            [
              -85.72633637271106,
              35.058008336535821
            ],
            [
              -85.726496839679356,
              35.058255669246343
            ],
            [
              -85.726824573504658,
              35.058662269811116
            ],
            [
              -85.726938373570277,
              35.058937070046234
            ],
            [
              -85.726931773464074,
              35.059123869422585
            ],
            [
              -85.72688497337306,
              35.059233869750933
            ],
            [
              -85.726778172978641,
              35.059321869566254
            ],
            [
              -85.726377173083876,
              35.059470336567038
            ],
            [
              -85.725702039343517,
              35.059530936673255
            ],
            [
              -85.725107172384355,
              35.059525669544712
            ],
            [
              -85.724385239593516,
              35.0594929365135
            ],
            [
              -85.724231572513929,
              35.059470936188831
            ],
            [
              -85.723883838587497,
              35.059306136278074
            ],
            [
              -85.723549439102356,
              35.059031470156555
            ],
            [
              -85.72332217194193,
              35.058762136725214
            ],
            [
              -85.723268638556377,
              35.058630269785652
            ],
            [
              -85.723268438773886,
              35.058229069998532
            ],
            [
              -85.723422039259304,
              35.057926736218377
            ],
            [
              -85.723488838410901,
              35.057816869557684
            ],
            [
              -85.723789439275507,
              35.057497936082349
            ],
            [
              -85.723789439275507,
              35.057470469499698
            ],
            [
              -85.723849639361433,
              35.057415469869738
            ],
            [
              -85.723976572004787,
              35.057190069122122
            ],
            [
              -85.723976438816464,
              35.056964735893203
            ],
            [
              -85.723929638725465,
              35.056821868937867
            ],
            [
              -85.723822571954372,
              35.056640469595926
            ],
            [
              -85.723635372630937,
              35.056464669366427
            ],
            [
              -85.723367838891548,
              35.056332869413247
            ],
            [
              -85.722712838440657,
              35.056245135535534
            ],
            [
              -85.722371972037635,
              35.056239668881027
            ],
            [
              -85.722071237984693,
              35.056327735805972
            ],
            [
              -85.721770438378101,
              35.05647066921189
            ],
            [
              -85.72142303846303,
              35.056652136220492
            ],
            [
              -85.7211891711964,
              35.056723669108429
            ],
            [
              -85.72104877196395,
              35.056712669425472
            ],
            [
              -85.72042703842078,
              35.056558936052738
            ],
            [
              -85.719992570795227,
              35.056399669308796
            ],
            [
              -85.719678371193723,
              35.056207335715968
            ],
            [
              -85.719370837252058,
              35.056069935805255
            ],
            [
              -85.719217038024695,
              35.055960135639715
            ],
            [
              -85.719170237933682,
              35.055833669529285
            ],
            [
              -85.71911003784777,
              35.055729335735144
            ],
            [
              -85.718969371198114,
              35.05524013546205
            ],
            [
              -85.718962771091896,
              35.05511373552725
            ],
            [
              -85.718822037848085,
              35.054520269480868
            ],
            [
              -85.718822037848085,
              35.054327735549847
            ],
            [
              -85.718775171162918,
              35.054146535948831
            ],
            [
              -85.718581237504395,
              35.053679335750957
            ],
            [
              -85.718487570728229,
              35.053563935212409
            ],
            [
              -85.718480970622011,
              35.053530935734088
            ],
            [
              -85.718179970192409,
              35.053107735258656
            ],
            [
              -85.71806636990928,
              35.053003468681311
            ],
            [
              -85.717979437468188,
              35.052954069206024
            ],
            [
              -85.71794603737213,
              35.052910068434265
            ],
            [
              -85.717865837185073,
              35.052899069089435
            ],
            [
              -85.717290837138748,
              35.052569335079674
            ],
            [
              -85.71709697007438,
              35.052415535131708
            ],
            [
              -85.717010036592754,
              35.052267135373725
            ],
            [
              -85.717016636698972,
              35.052107735042796
            ],
            [
              -85.717090170185656,
              35.052019868853755
            ],
            [
              -85.717283969615323,
              35.051898868697506
            ],
            [
              -85.717805169899449,
              35.051673468907026
            ],
            [
              -85.718212836494615,
              35.051469935541533
            ],
            [
              -85.718406636964815,
              35.051332535326239
            ],
            [
              -85.71856697074476,
              35.051151068421845
            ],
            [
              -85.718687170093574,
              35.050991668468114
            ],
            [
              -85.718740570290791,
              35.050837868104608
            ],
            [
              -85.718827237395729,
              35.050216668560616
            ],
            [
              -85.718947570973413,
              35.050112267961737
            ],
            [
              -85.71896083673947,
              35.050057268486881
            ],
            [
              -85.718807170700416,
              35.049980335091817
            ],
            [
              -85.718559770250522,
              35.049744068234247
            ],
            [
              -85.718365969780322,
              35.04967813517613
            ],
            [
              -85.717844569713705,
              35.049573868479428
            ],
            [
              -85.717430169823984,
              35.049458534546098
            ],
            [
              -85.717102636821721,
              35.049337667741511
            ],
            [
              -85.715932836410403,
              35.048859734883258
            ],
            [
              -85.715645369164065,
              35.048683867644762
            ],
            [
              -85.715464836540988,
              35.048601534790002
            ],
            [
              -85.71531123605557,
              35.048557535080683
            ],
            [
              -85.714856769369419,
              35.048475267691018
            ],
            [
              -85.714415569489859,
              35.048354334690742
            ],
            [
              -85.714402169494946,
              35.048337868400715
            ],
            [
              -85.713874235916265,
              35.048228068061441
            ],
            [
              -85.712637635312817,
              35.047860134989683
            ],
            [
              -85.712243368712564,
              35.04767873448192
            ],
            [
              -85.711481368084762,
              35.047437067834778
            ],
            [
              -85.711060368088823,
              35.047266734641383
            ],
            [
              -85.710458634646798,
              35.047079934549167
            ],
            [
              -85.709683433806575,
              35.046876734742725
            ],
            [
              -85.708507167517908,
              35.046635068278349
            ],
            [
              -85.708366767244911,
              35.046629668278207
            ],
            [
              -85.70800583414659,
              35.04671206786265
            ],
            [
              -85.707678433292116,
              35.046893534407133
            ],
            [
              -85.707504767151946,
              35.047014467866475
            ],
            [
              -85.707377766873876,
              35.047096867914583
            ],
            [
              -85.706923366781879,
              35.047311334757104
            ],
            [
              -85.706729566311679,
              35.047355335137716
            ],
            [
              -85.706415433304358,
              35.04734986788808
            ],
            [
              -85.706061233500563,
              35.047283934601019
            ],
            [
              -85.705840566446341,
              35.047168534396242
            ],
            [
              -85.703294032575812,
              35.045525467663644
            ],
            [
              -85.703100232105598,
              35.045426534410502
            ],
            [
              -85.701877031497091,
              35.0446187341864
            ],
            [
              -85.701549565088982,
              35.044437467894475
            ],
            [
              -85.700653965117439,
              35.043832867477477
            ],
            [
              -85.70022623182696,
              35.043585534532603
            ],
            [
              -85.699384031012073,
              35.04302506768073
            ],
            [
              -85.699263764028558,
              35.04296466745091
            ],
            [
              -85.698669031298294,
              35.042557867758255
            ],
            [
              -85.698047364349293,
              35.042189733652037
            ],
            [
              -85.697740030190133,
              35.041958934021054
            ],
            [
              -85.69691796370526,
              35.041447733833941
            ],
            [
              -85.696724030046738,
              35.041299467495435
            ],
            [
              -85.696403363527338,
              35.041145467421927
            ],
            [
              -85.696289763244209,
              35.041046533976008
            ],
            [
              -85.696209563057153,
              35.040936667608804
            ],
            [
              -85.69619616306224,
              35.04083773391006
            ],
            [
              -85.69624296315321,
              35.04068926711259
            ],
            [
              -85.69630976334534,
              35.040623333561228
            ],
            [
              -85.696389963532425,
              35.040579466715755
            ],
            [
              -85.696610429763595,
              35.040540933798873
            ],
            [
              -85.696630563053063,
              35.040513333723368
            ],
            [
              -85.69645003043,
              35.040496934007486
            ],
            [
              -85.696283029949669,
              35.040518933480172
            ],
            [
              -85.696115962875169,
              35.040661867291199
            ],
            [
              -85.69608242959076,
              35.040727733508895
            ],
            [
              -85.696015763627486,
              35.040788267441677
            ],
            [
              -85.695942230140815,
              35.040821266956804
            ],
            [
              -85.695808629756527,
              35.040832267076169
            ],
            [
              -85.695040030063026,
              35.040540933798873
            ],
            [
              -85.694331629414933,
              35.040288134240832
            ],
            [
              -85.694077763087691,
              35.0401782668538
            ],
            [
              -85.693877229322936,
              35.040057333497629
            ],
            [
              -85.693603163112058,
              35.039782533630223
            ],
            [
              -85.693402762535641,
              35.039359333483922
            ],
            [
              -85.69329576235873,
              35.038908666840058
            ],
            [
              -85.693309162353643,
              35.037952333805499
            ],
            [
              -85.693222162277877,
              35.037732532964725
            ],
            [
              -85.693101961888516,
              35.037545666769468
            ],
            [
              -85.692854629073324,
              35.037265333448559
            ],
            [
              -85.692694228699196,
              35.036973932926927
            ],
            [
              -85.692660828603124,
              35.036962933140053
            ],
            [
              -85.692066028238145,
              35.036451933432069
            ],
            [
              -85.691464628807495,
              35.035902266775039
            ],
            [
              -85.691330961829067,
              35.035819866511559
            ],
            [
              -85.691050362106125,
              35.035578065953516
            ],
            [
              -85.690903361726924,
              35.035363666287246
            ],
            [
              -85.690602627673982,
              35.034748065945763
            ],
            [
              -85.690275161265888,
              35.034621733130855
            ],
            [
              -85.69003462833939,
              35.034555732487775
            ],
            [
              -85.689720560885689,
              35.034572132544142
            ],
            [
              -85.689613627302933,
              35.034605132865721
            ],
            [
              -85.689466627964265,
              35.034720665836012
            ],
            [
              -85.689219360702694,
              35.034863466655239
            ],
            [
              -85.688798427300938,
              35.035039332974428
            ],
            [
              -85.688150161185121,
              35.035138266026038
            ],
            [
              -85.68650642673984,
              35.035264666201499
            ],
            [
              -85.685818160421732,
              35.035440466906337
            ],
            [
              -85.68551742636879,
              35.035451466898138
            ],
            [
              -85.685270226741935,
              35.035385466925185
            ],
            [
              -85.68505642617059,
              35.035297533333313
            ],
            [
              -85.684929426933053,
              35.035204133288431
            ],
            [
              -85.684875960141682,
              35.035116133046323
            ],
            [
              -85.684829160050683,
              35.034907333161506
            ],
            [
              -85.68481576005577,
              35.034544666771772
            ],
            [
              -85.684976225983519,
              35.034170866550021
            ],
            [
              -85.685149959758405,
              35.03399493275775
            ],
            [
              -85.685397159385275,
              35.033835666319852
            ],
            [
              -85.685624359951547,
              35.033764132982917
            ],
            [
              -85.686085426743915,
              35.033742132543573
            ],
            [
              -85.686539826835897,
              35.033797132778744
            ],
            [
              -85.686994226927908,
              35.033934666432806
            ],
            [
              -85.687368426832819,
              35.034110466590754
            ],
            [
              -85.687441960319504,
              35.034159932841796
            ],
            [
              -85.687602227505295,
              35.034225866496605
            ],
            [
              -85.687816160224443,
              35.034280866406235
            ],
            [
              -85.688143561078903,
              35.034286332826447
            ],
            [
              -85.68829056041757,
              35.03425886610605
            ],
            [
              -85.688390827299941,
              35.034225932952516
            ],
            [
              -85.6886780271291,
              35.034044532842834
            ],
            [
              -85.688785027306011,
              35.033929132680925
            ],
            [
              -85.688878560893841,
              35.033709332946515
            ],
            [
              -85.688878560893841,
              35.033483932382403
            ],
            [
              -85.688838560691565,
              35.033341066104029
            ],
            [
              -85.688684760423641,
              35.033159665734232
            ],
            [
              -85.688417560695626,
              35.032923332336559
            ],
            [
              -85.687856160426733,
              35.032516665834038
            ],
            [
              -85.68769582664676,
              35.032362665395922
            ],
            [
              -85.687528827206947,
              35.032170332288167
            ],
            [
              -85.687395160228519,
              35.031912065815526
            ],
            [
              -85.687375160127374,
              35.031780132521433
            ],
            [
              -85.687448560425722,
              35.031620732259441
            ],
            [
              -85.687615627500236,
              35.031466865605502
            ],
            [
              -85.687862827127105,
              35.031296465886996
            ],
            [
              -85.688277160422643,
              35.031082132522926
            ],
            [
              -85.688678160317423,
              35.030988731920523
            ],
            [
              -85.688992161176955,
              35.030966665127565
            ],
            [
              -85.689566760617751,
              35.03095573184271
            ],
            [
              -85.690849761747216,
              35.031032665261044
            ],
            [
              -85.69139096109194,
              35.031038131898512
            ],
            [
              -85.691544561577373,
              35.031021665526509
            ],
            [
              -85.692032361765428,
              35.030884332310443
            ],
            [
              -85.692339761478209,
              35.030752331750676
            ],
            [
              -85.692399828375798,
              35.030669932258853
            ],
            [
              -85.692446628466797,
              35.030560065572473
            ],
            [
              -85.692453361761338,
              35.030444665602673
            ],
            [
              -85.692633761196078,
              35.029543264731018
            ],
            [
              -85.692940962166901,
              35.028614331621561
            ],
            [
              -85.692940962166901,
              35.028416531401398
            ],
            [
              -85.692927562171974,
              35.028361531805665
            ],
            [
              -85.692927628766157,
              35.028163731825792
            ],
            [
              -85.693007761318512,
              35.027916331001485
            ],
            [
              -85.693134761596568,
              35.027647064531251
            ],
            [
              -85.693455361521771,
              35.027058931451997
            ],
            [
              -85.693595628606431,
              35.026509331136502
            ],
            [
              -85.693655828692357,
              35.025899264008785
            ],
            [
              -85.693749228051303,
              35.02548153055092
            ],
            [
              -85.69397636202342,
              35.024750530420668
            ],
            [
              -85.694150028163591,
              35.024008530744609
            ],
            [
              -85.694250228451807,
              35.023343530602006
            ],
            [
              -85.694423962226708,
              35.022683930041786
            ],
            [
              -85.694590828478155,
              35.022249729909774
            ],
            [
              -85.694644228675372,
              35.021249463615298
            ],
            [
              -85.694690962172217,
              35.020743862814228
            ],
            [
              -85.694804428226476,
              35.02013912970159
            ],
            [
              -85.694857961612001,
              35.020001863417093
            ],
            [
              -85.694844561617089,
              35.019941329426224
            ],
            [
              -85.694764361430018,
              35.019825929804533
            ],
            [
              -85.694697628872589,
              35.019600663090536
            ],
            [
              -85.694697561237874,
              35.019199329563541
            ],
            [
              -85.694724228039405,
              35.019067462671117
            ],
            [
              -85.694717561339033,
              35.018759663067911
            ],
            [
              -85.694697428049537,
              35.018583863128562
            ],
            [
              -85.694503628619898,
              35.017874862284572
            ],
            [
              -85.694510361914439,
              35.017495529365966
            ],
            [
              -85.694316561444239,
              35.017797862796421
            ],
            [
              -85.694128761732756,
              35.018532929401552
            ],
            [
              -85.694016028214335,
              35.018974129295913
            ],
            [
              -85.69408956170102,
              35.018968529767193
            ],
            [
              -85.694149628598595,
              35.019018063128499
            ],
            [
              -85.69411636169086,
              35.019424729466948
            ],
            [
              -85.694236628674375,
              35.019738062983897
            ],
            [
              -85.694303427825986,
              35.020029263348029
            ],
            [
              -85.694323427927117,
              35.020265662999137
            ],
            [
              -85.694303562054841,
              35.020991130255972
            ],
            [
              -85.69424336196893,
              35.021359462966252
            ],
            [
              -85.694223361867799,
              35.021381329545143
            ],
            [
              -85.694143161680714,
              35.021705663370909
            ],
            [
              -85.694103161478438,
              35.022040930388805
            ],
            [
              -85.694069761382366,
              35.02208492989147
            ],
            [
              -85.693862628551955,
              35.022090329809416
            ],
            [
              -85.693675561376295,
              35.02215633029283
            ],
            [
              -85.693541962032555,
              35.022233329937343
            ],
            [
              -85.693468428545884,
              35.022321263950502
            ],
            [
              -85.693461761845512,
              35.022420263523905
            ],
            [
              -85.693568627793539,
              35.022387130464296
            ],
            [
              -85.693708961472367,
              35.02225526360025
            ],
            [
              -85.693849228557013,
              35.02220032973338
            ],
            [
              -85.693936162038625,
              35.02220032973338
            ],
            [
              -85.694042961392512,
              35.02227173003395
            ],
            [
              -85.694056427981607,
              35.022645530138718
            ],
            [
              -85.693301561253875,
              35.025168264205483
            ],
            [
              -85.693228028807724,
              35.025492531031006
            ],
            [
              -85.693214828595288,
              35.025948664506444
            ],
            [
              -85.693007761318512,
              35.026861130876362
            ],
            [
              -85.692767228392,
              35.027636064341095
            ],
            [
              -85.69229296138721,
              35.028608864821983
            ],
            [
              -85.69225942810283,
              35.028718731574934
            ],
            [
              -85.692232827895452,
              35.029010065250361
            ],
            [
              -85.69222616119508,
              35.029779532070613
            ],
            [
              -85.692079161856412,
              35.030252264930361
            ],
            [
              -85.69199902826351,
              35.030378664994373
            ],
            [
              -85.691845361183951,
              35.030483065250358
            ],
            [
              -85.691611428363657,
              35.030565532241553
            ],
            [
              -85.691504561375069,
              35.030653464960629
            ],
            [
              -85.691350960889665,
              35.030697464940118
            ],
            [
              -85.690622427992622,
              35.030647931838629
            ],
            [
              -85.690235027875261,
              35.030598465166008
            ],
            [
              -85.689393161071749,
              35.030565532241553
            ],
            [
              -85.688751560615771,
              35.030636932052317
            ],
            [
              -85.688384160599554,
              35.030713865770679
            ],
            [
              -85.688009960694629,
              35.030834732011527
            ],
            [
              -85.687762760027226,
              35.030944732097829
            ],
            [
              -85.687542160607705,
              35.031087531846573
            ],
            [
              -85.687168027296948,
              35.031384465981944
            ],
            [
              -85.687054360419651,
              35.03156573226363
            ],
            [
              -85.686987560227507,
              35.031774532165826
            ],
            [
              -85.687020960323579,
              35.032010932787138
            ],
            [
              -85.687134560606722,
              35.032318732770328
            ],
            [
              -85.687214760793765,
              35.032423266019023
            ],
            [
              -85.687542160607705,
              35.032719932881086
            ],
            [
              -85.687575627297946,
              35.032719932881086
            ],
            [
              -85.687575560703777,
              35.032736466220079
            ],
            [
              -85.687775960239648,
              35.032884865674262
            ],
            [
              -85.688170361068757,
              35.033137665984199
            ],
            [
              -85.688504360988901,
              35.033396065757096
            ],
            [
              -85.688571161181045,
              35.03348946616444
            ],
            [
              -85.688564427886504,
              35.033681733119508
            ],
            [
              -85.688531160978755,
              35.033758732984062
            ],
            [
              -85.688397560594495,
              35.033896132938381
            ],
            [
              -85.688303960412497,
              35.033934666432806
            ],
            [
              -85.688083360992977,
              35.03391266603937
            ],
            [
              -85.687582360592486,
              35.033775132348346
            ],
            [
              -85.687208027499224,
              35.03362673280666
            ],
            [
              -85.686533160135525,
              35.033467466503168
            ],
            [
              -85.686319360604728,
              35.033439933051035
            ],
            [
              -85.685905026268642,
              35.03346733273812
            ],
            [
              -85.685317026832905,
              35.033544332804723
            ],
            [
              -85.683820226172671,
              35.03354413258333
            ],
            [
              -85.682677625316217,
              35.033637532821452
            ],
            [
              -85.682590625240437,
              35.033659533288898
            ],
            [
              -85.682584159363074,
              35.033687066667056
            ],
            [
              -85.682590759469292,
              35.033703466045708
            ],
            [
              -85.683740025985614,
              35.033615666112837
            ],
            [
              -85.684722226467926,
              35.033648665968677
            ],
            [
              -85.684869226847141,
              35.033676132894151
            ],
            [
              -85.684962825988606,
              35.033720132950378
            ],
            [
              -85.684956226922907,
              35.033791666325826
            ],
            [
              -85.68491602693814,
              35.033863065874307
            ],
            [
              -85.684782426553866,
              35.033978466129518
            ],
            [
              -85.68450842589661,
              35.034418133423181
            ],
            [
              -85.68440155994854,
              35.034681933345617
            ],
            [
              -85.684408160054758,
              35.034956733326908
            ],
            [
              -85.684481760135625,
              35.035204066833337
            ],
            [
              -85.684648626387101,
              35.035456933240042
            ],
            [
              -85.684896026836995,
              35.035627333655881
            ],
            [
              -85.685176626559937,
              35.03575366662016
            ],
            [
              -85.685357027035195,
              35.035775732972574
            ],
            [
              -85.686045359947471,
              35.035742733123698
            ],
            [
              -85.686927426735764,
              35.035638466532035
            ],
            [
              -85.688511027689287,
              35.035380133488431
            ],
            [
              -85.688825160696624,
              35.035292133435796
            ],
            [
              -85.68935962778734,
              35.035110733136804
            ],
            [
              -85.689800761072732,
              35.035011866507134
            ],
            [
              -85.689967761553092,
              35.035000866456144
            ],
            [
              -85.690174960977672,
              35.035039332974428
            ],
            [
              -85.690342028052171,
              35.035127265992131
            ],
            [
              -85.690475561842277,
              35.03525373263961
            ],
            [
              -85.690976828619441,
              35.036083666168977
            ],
            [
              -85.691070361166723,
              35.036204532988265
            ],
            [
              -85.691551562289106,
              35.036611266336934
            ],
            [
              -85.691645161430571,
              35.036765133529087
            ],
            [
              -85.691705228328146,
              35.036902533540491
            ],
            [
              -85.691698628221928,
              35.037094933040464
            ],
            [
              -85.691511428898508,
              35.037551066518084
            ],
            [
              -85.690723028886367,
              35.0390186671344
            ],
            [
              -85.690449028229111,
              35.039474733644951
            ],
            [
              -85.690455628335314,
              35.039546267094693
            ],
            [
              -85.690535828522371,
              35.039524267360129
            ],
            [
              -85.69076302804811,
              35.039216467253901
            ],
            [
              -85.690930161716778,
              35.038903133425002
            ],
            [
              -85.690923428422224,
              35.038875733856543
            ],
            [
              -85.690950161817909,
              35.038853733941437
            ],
            [
              -85.691210828033874,
              35.038293066793663
            ],
            [
              -85.69150482879229,
              35.037814933855408
            ],
            [
              -85.691792161809772,
              35.037232333349259
            ],
            [
              -85.691878962103047,
              35.037133466730488
            ],
            [
              -85.691979228985403,
              35.037067466412083
            ],
            [
              -85.692046028137014,
              35.037072933497868
            ],
            [
              -85.692132961618626,
              35.037111333439171
            ],
            [
              -85.692259828708345,
              35.037276333194725
            ],
            [
              -85.692426962377013,
              35.037325733631931
            ],
            [
              -85.692520428330141,
              35.037413733198498
            ],
            [
              -85.692781162180793,
              35.037781933126134
            ],
            [
              -85.692968229356453,
              35.038194133301729
            ],
            [
              -85.69298836264592,
              35.038919667216923
            ],
            [
              -85.693061962726787,
              35.039265867370077
            ],
            [
              -85.693315829054029,
              35.039810067501229
            ],
            [
              -85.693496362717624,
              35.039991333837001
            ],
            [
              -85.693543029620287,
              35.040073867055995
            ],
            [
              -85.693663362157437,
              35.040172733524777
            ],
            [
              -85.694111163183749,
              35.040409067255446
            ],
            [
              -85.695287362878233,
              35.040898134008437
            ],
            [
              -85.695982363531428,
              35.04113453379501
            ],
            [
              -85.696570430601867,
              35.041563267352892
            ],
            [
              -85.697399163787111,
              35.04208526741921
            ],
            [
              -85.69761976424715,
              35.042272134307311
            ],
            [
              -85.698227830378187,
              35.042623934350374
            ],
            [
              -85.698488564228853,
              35.042810734409407
            ],
            [
              -85.699263830622726,
              35.043156934261425
            ],
            [
              -85.699511031290129,
              35.043299733967885
            ],
            [
              -85.700226165232777,
              35.0437669339073
            ],
            [
              -85.700299764273097,
              35.043959267833401
            ],
            [
              -85.700473564642152,
              35.044085667993805
            ],
            [
              -85.700754231999795,
              35.044239667636482
            ],
            [
              -85.701349165553111,
              35.044646268131324
            ],
            [
              -85.701663231966279,
              35.044833134272885
            ],
            [
              -85.703661632374519,
              35.046119068073907
            ],
            [
              -85.703995966306024,
              35.04636633456898
            ],
            [
              -85.704985166459579,
              35.046992735073111
            ],
            [
              -85.70515896682862,
              35.047124668509596
            ],
            [
              -85.705894166426063,
              35.047569734856559
            ],
            [
              -85.706094633596635,
              35.047652268086303
            ],
            [
              -85.706315233016142,
              35.047690668166609
            ],
            [
              -85.706656167053865,
              35.047696068096613
            ],
            [
              -85.706983566867805,
              35.047602534852913
            ],
            [
              -85.707150567348151,
              35.047536668214867
            ],
            [
              -85.707331033377045,
              35.047410134540861
            ],
            [
              -85.707678567520986,
              35.047140868410729
            ],
            [
              -85.707892367051798,
              35.047019867841129
            ],
            [
              -85.708152966673595,
              35.046959334266404
            ],
            [
              -85.708353567032475,
              35.046942934992593
            ],
            [
              -85.708580767598761,
              35.046953867842142
            ],
            [
              -85.709389367494538,
              35.047063668190489
            ],
            [
              -85.710084434741887,
              35.047211934290146
            ],
            [
              -85.710391967643005,
              35.047294267693786
            ],
            [
              -85.711561634865987,
              35.047766734823618
            ],
            [
              -85.712711368581992,
              35.048167867604896
            ],
            [
              -85.713119035177172,
              35.0483436678063
            ],
            [
              -85.713526768366492,
              35.04842593447664
            ],
            [
              -85.714348835891897,
              35.048530268231175
            ],
            [
              -85.714896836165877,
              35.048634534556427
            ],
            [
              -85.715324636050511,
              35.048755467993665
            ],
            [
              -85.715525169815265,
              35.048837867989143
            ],
            [
              -85.716340769382242,
              35.049343335040774
            ],
            [
              -85.716715036921869,
              35.049508134614342
            ],
            [
              -85.71734336953071,
              35.04971133468937
            ],
            [
              -85.718506370053305,
              35.04995293497921
            ],
            [
              -85.718626770225157,
              35.050024334886466
            ],
            [
              -85.718660170321215,
              35.050090334960004
            ],
            [
              -85.718680170422374,
              35.050266268168457
            ],
            [
              -85.71860683671818,
              35.050469534503669
            ],
            [
              -85.718526770759979,
              35.050678468391389
            ],
            [
              -85.718279570092562,
              35.051024735414792
            ],
            [
              -85.718139237454295,
              35.051266535404729
            ],
            [
              -85.717912036888038,
              35.051486534935691
            ],
            [
              -85.717671570555709,
              35.051580068842512
            ],
            [
              -85.717150237083246,
              35.051695468777197
            ],
            [
              -85.717009836810277,
              35.051805468890826
            ],
            [
              -85.71682943633499,
              35.051992335690706
            ],
            [
              -85.716715970280717,
              35.05226173574593
            ],
            [
              -85.716542236505859,
              35.052410135513782
            ],
            [
              -85.7165489698004,
              35.052426669127527
            ],
            [
              -85.716749436970957,
              35.052470535573953
            ],
            [
              -85.717090436562316,
              35.052706868651349
            ],
            [
              -85.717317770316924,
              35.052838735786949
            ],
            [
              -85.717611836628947,
              35.053036469224601
            ],
            [
              -85.718026437341692,
              35.053421135561791
            ],
            [
              -85.718287170151825,
              35.053734335342057
            ],
            [
              -85.718420837130267,
              35.053965268654174
            ],
            [
              -85.718514637094756,
              35.054190468762918
            ],
            [
              -85.718548037190828,
              35.054349869287613
            ],
            [
              -85.718554837079523,
              35.054569736151713
            ],
            [
              -85.718608370465077,
              35.054872069584796
            ],
            [
              -85.718708837129952,
              35.055201735524122
            ],
            [
              -85.718862637397848,
              35.055548069398512
            ],
            [
              -85.718943037367424,
              35.055905269572499
            ],
            [
              -85.719009970747877,
              35.056163536011276
            ],
            [
              -85.719063437539276,
              35.056240469544051
            ],
            [
              -85.719156971127092,
              35.056317335714631
            ],
            [
              -85.719304171288783,
              35.05638886974765
            ],
            [
              -85.719424437231766,
              35.056443736341713
            ],
            [
              -85.719965837399542,
              35.056630536311722
            ],
            [
              -85.720433771715321,
              35.056762269346926
            ],
            [
              -85.720981971771806,
              35.056965469259985
            ],
            [
              -85.721082238654162,
              35.056965469259985
            ],
            [
              -85.721269371383443,
              35.056904936242404
            ],
            [
              -85.721382971666586,
              35.056833469099004
            ],
            [
              -85.721783838373042,
              35.056514669768667
            ],
            [
              -85.72188403866123,
              35.056465136134676
            ],
            [
              -85.722271771749433,
              35.0563605356922
            ],
            [
              -85.722432172123547,
              35.056344069312821
            ],
            [
              -85.723107238229233,
              35.05638233583781
            ],
            [
              -85.723321171988886,
              35.056448269445873
            ],
            [
              -85.723702372605558,
              35.056700936371939
            ],
            [
              -85.723762438462614,
              35.056772336341957
            ],
            [
              -85.72380263844741,
              35.056871335917975
            ],
            [
              -85.72380263844741,
              35.057047268998382
            ],
            [
              -85.72375597258528,
              35.05718466981984
            ],
            [
              -85.723695839093523,
              35.057272536414111
            ],
            [
              -85.723441838537411,
              35.057552936508536
            ],
            [
              -85.723301639087452,
              35.057745469649213
            ],
            [
              -85.723181438698106,
              35.057954269935863
            ],
            [
              -85.723154771896574,
              35.058069736668749
            ],
            [
              -85.72316163837948,
              35.058718269399719
            ],
            [
              -85.723268771744713,
              35.059031470156555
            ],
            [
              -85.723382438622025,
              35.059185336855755
            ],
            [
              -85.723549638884847,
              35.059317270186085
            ],
            [
              -85.723964171962891,
              35.059569936751551
            ],
            [
              -85.724452172973997,
              35.059718269579179
            ],
            [
              -85.724779772570429,
              35.059778536474091
            ],
            [
              -85.725448039827924,
              35.059723470260195
            ],
            [
              -85.725795772713809,
              35.059679336858679
            ],
            [
              -85.726156640258523,
              35.059668269435235
            ],
            [
              -85.726450773164714,
              35.059629736154065
            ],
            [
              -85.726604440244301,
              35.059574736275081
            ],
            [
              -85.726865039866098,
              35.059437269633243
            ],
            [
              -85.727058840336298,
              35.05924473622315
            ],
            [
              -85.727085573731969,
              35.059184336063062
            ],
            [
              -85.727085372908945,
              35.05897546993107
            ],
            [
              -85.727045239518333,
              35.058816069918471
            ],
            [
              -85.726964972737107,
              35.058634736332387
            ],
            [
              -85.726577039866413,
              35.058189736245943
            ],
            [
              -85.726496773085188,
              35.058063269329978
            ],
            [
              -85.726496639896851,
              35.057870936248683
            ],
            [
              -85.72657023997769,
              35.057733469293474
            ],
            [
              -85.726657040270979,
              35.057640069345801
            ],
            [
              -85.726870972990127,
              35.057595935669951
            ],
            [
              -85.72696443998376,
              35.057639936472093
            ],
            [
              -85.727091573450167,
              35.057738869411196
            ],
            [
              -85.727272173707931,
              35.057931136366967
            ],
            [
              -85.727579773203217,
              35.058178336438516
            ],
            [
              -85.727860573749197,
              35.058343136070405
            ],
            [
              -85.728000974022194,
              35.058464136047334
            ],
            [
              -85.728368640415056,
              35.058529935953885
            ],
            [
              -85.728615973230262,
              35.058595869531281
            ],
            [
              -85.728856573791461,
              35.058601269591968
            ],
            [
              -85.729070440956946,
              35.058529735793726
            ],
            [
              -85.729210640406905,
              35.058436269468984
            ],
            [
              -85.72931764058383,
              35.058293269660489
            ],
            [
              -85.729330840796251,
              35.057996469091854
            ],
            [
              -85.729310774100938,
              35.057875535710266
            ],
            [
              -85.729310640912615,
              35.057727269378688
            ],
            [
              -85.729176573328644,
              35.056935735959733
            ],
            [
              -85.729176440140307,
              35.056474069464869
            ],
            [
              -85.729222973854633,
              35.056171868876646
            ],
            [
              -85.729303174041689,
              35.055918935412265
            ],
            [
              -85.729409973395576,
              35.055759535395111
            ],
            [
              -85.729637040773511,
              35.055517668641052
            ],
            [
              -85.729857640193032,
              35.055424135836844
            ],
            [
              -85.730051440663232,
              35.055374535102629
            ],
            [
              -85.73030544017881,
              35.055374535102629
            ],
            [
              -85.730532773933405,
              35.055528335440265
            ],
            [
              -85.730679974095096,
              35.055775668848717
            ],
            [
              -85.730773840653754,
              35.056424135475616
            ],
            [
              -85.730780640542463,
              35.056649469344599
            ],
            [
              -85.730834173928017,
              35.056786869131876
            ],
            [
              -85.730847640517098,
              35.056907735984858
            ],
            [
              -85.73104177395814,
              35.057534269432914
            ],
            [
              -85.731175574124904,
              35.057699069513042
            ],
            [
              -85.731175574124904,
              35.057732069010484
            ],
            [
              -85.731289174408033,
              35.057858535587727
            ],
            [
              -85.731443041270097,
              35.058006868969272
            ],
            [
              -85.731663774918488,
              35.058133135811524
            ],
            [
              -85.732151774889047,
              35.058297936386417
            ],
            [
              -85.732332375146811,
              35.058429735722967
            ],
            [
              -85.732365641014027,
              35.058484669085381
            ],
            [
              -85.732386041720687,
              35.0589463361367
            ],
            [
              -85.732319241528558,
              35.059188136520071
            ],
            [
              -85.732225841129079,
              35.059391669387104
            ],
            [
              -85.732058775095084,
              35.05959506972799
            ],
            [
              -85.731965374695605,
              35.059792936710444
            ],
            [
              -85.73194537459446,
              35.059946869261346
            ],
            [
              -85.731985641173409,
              35.060177670020614
            ],
            [
              -85.732025774564022,
              35.060227069384652
            ],
            [
              -85.732032574452745,
              35.060501936749674
            ],
            [
              -85.73165197526464,
              35.061309936750241
            ],
            [
              -85.73150517466793,
              35.061826669692799
            ],
            [
              -85.731478641054736,
              35.062095936802045
            ],
            [
              -85.731545574435202,
              35.062343269905519
            ],
            [
              -85.731545641029371,
              35.06243667043487
            ],
            [
              -85.731645974505909,
              35.062716936962815
            ],
            [
              -85.731759774571529,
              35.062837937271247
            ],
            [
              -85.73187344144884,
              35.062909270552254
            ],
            [
              -85.732073842025244,
              35.062887270296422
            ],
            [
              -85.732254374648321,
              35.062727736538669
            ]
          ],
          [
            [
              -85.738999377281971,
              35.063362936461985
            ],
            [
              -85.739280176787403,
              35.06346726987038
            ],
            [
              -85.739955576904435,
              35.063835136884599
            ],
            [
              -85.740590777036701,
              35.064131736522171
            ],
            [
              -85.740818177385464,
              35.064192136428858
            ],
            [
              -85.740931844262761,
              35.064274537030407
            ],
            [
              -85.7409853776483,
              35.064367937053532
            ],
            [
              -85.740992177537024,
              35.064516336963507
            ],
            [
              -85.740918644050339,
              35.064659270512884
            ],
            [
              -85.740765044605453,
              35.064802137381015
            ],
            [
              -85.740497777242751,
              35.064989269970816
            ],
            [
              -85.740297377706867,
              35.06517067035216
            ],
            [
              -85.740130244038198,
              35.065429070152348
            ],
            [
              -85.739983444482021,
              35.065566536925218
            ],
            [
              -85.739622576937336,
              35.065786470675533
            ],
            [
              -85.739268377133541,
              35.065935070703681
            ],
            [
              -85.739148043555858,
              35.066039537091363
            ],
            [
              -85.739007844105899,
              35.066308937642638
            ],
            [
              -85.738927643918828,
              35.066407870296835
            ],
            [
              -85.738867577021253,
              35.066435337279373
            ],
            [
              -85.738760643438511,
              35.066402470752514
            ],
            [
              -85.738553243190879,
              35.06630907050225
            ],
            [
              -85.73811197671715,
              35.066023337532556
            ],
            [
              -85.738111843528813,
              35.065946470279719
            ],
            [
              -85.738499576617016,
              35.065880337386453
            ],
            [
              -85.738720043888719,
              35.065792336975512
            ],
            [
              -85.73885377746133,
              35.065682336967207
            ],
            [
              -85.738927176719159,
              35.065533937473582
            ],
            [
              -85.738926976936639,
              35.065303137378514
            ],
            [
              -85.738833176972165,
              35.064901937167086
            ],
            [
              -85.738752843596757,
              35.064720537040202
            ],
            [
              -85.738578776851043,
              35.064160070435868
            ],
            [
              -85.738525043682998,
              35.063934736854343
            ],
            [
              -85.738518376982611,
              35.063709469934494
            ],
            [
              -85.738544977189989,
              35.063550069795951
            ],
            [
              -85.738578377286046,
              35.063494937138728
            ],
            [
              -85.738705376523555,
              35.063401536968414
            ],
            [
              -85.738805576811771,
              35.063374069816767
            ],
            [
              -85.738999377281971,
              35.063362936461985
            ]
          ],
          [
            [
              -85.726669773283717,
              35.056183535568223
            ],
            [
              -85.726930572688005,
              35.056397869524005
            ],
            [
              -85.727004172768858,
              35.056623136176057
            ],
            [
              -85.727017639357939,
              35.056897935608092
            ],
            [
              -85.726950840206342,
              35.057172735818867
            ],
            [
              -85.72681063971585,
              35.057376135725207
            ],
            [
              -85.726556773388623,
              35.057546669291334
            ],
            [
              -85.726423039815998,
              35.057596135832398
            ],
            [
              -85.726282772731366,
              35.057596269557905
            ],
            [
              -85.72615563926496,
              35.057502869453337
            ],
            [
              -85.726108839173961,
              35.057409336367847
            ],
            [
              -85.726082039184107,
              35.057266469338629
            ],
            [
              -85.726048372711389,
              35.056639935539287
            ],
            [
              -85.726075039512892,
              35.056529935975142
            ],
            [
              -85.726161839806181,
              35.056359535716609
            ],
            [
              -85.726268773388924,
              35.056277069206061
            ],
            [
              -85.726462572818591,
              35.056205535926935
            ],
            [
              -85.726669773283717,
              35.056183535568223
            ]
          ],
          [
            [
              -85.758520253274355,
              35.122109481545927
            ],
            [
              -85.758232652839681,
              35.122092881198945
            ],
            [
              -85.758212586144353,
              35.122065347849968
            ],
            [
              -85.758225986139294,
              35.122032481609921
            ],
            [
              -85.758353186199855,
              35.121917081571816
            ],
            [
              -85.75850045295573,
              35.121862147514875
            ],
            [
              -85.758727785669777,
              35.121928148210372
            ],
            [
              -85.758774585760776,
              35.122016147636081
            ],
            [
              -85.758774585760776,
              35.122060147738807
            ],
            [
              -85.758727652481454,
              35.12207668085702
            ],
            [
              -85.758520253274355,
              35.122109481545927
            ]
          ]
        ]
      },
      "properties": {
        "name": null,
        "gnis_id": null,
        "fcode": 46006,
        "ftype": 460,
        "water_kind": "water_area",
        "water_class": "stream_river_area",
        "lengthkm": null,
        "areasqkm": 0.62952124000000009,
        "elevation": null,
        "permanent_identifier": "139322724",
        "nhd_layer_id": 9,
        "nhd_layer_name": "Area - Large Scale"
      }
    },
    {
      "type": "Feature",
      "id": 452307,
      "geometry": {
        "type": "Polygon",
        "coordinates": [
          [
            [
              -85.734970044174659,
              35.090257275599001
            ],
            [
              -85.734762777115378,
              35.090361742351838
            ],
            [
              -85.734441844219319,
              35.090493742779572
            ],
            [
              -85.734361644032262,
              35.090548742256175
            ],
            [
              -85.734381777321744,
              35.090603742547124
            ],
            [
              -85.734682644563023,
              35.090636675953299
            ],
            [
              -85.734963444068455,
              35.090608942111359
            ],
            [
              -85.735003644053222,
              35.090581542864484
            ],
            [
              -85.734990177464141,
              35.090284742216532
            ],
            [
              -85.734970044174659,
              35.090257275599001
            ]
          ]
        ]
      },
      "properties": {
        "name": null,
        "gnis_id": null,
        "fcode": 39004,
        "ftype": 390,
        "water_kind": "waterbody",
        "water_class": "lake_pond",
        "lengthkm": null,
        "areasqkm": 0.0014415599999999999,
        "elevation": null,
        "permanent_identifier": "139322699",
        "nhd_layer_id": 12,
        "nhd_layer_name": "Waterbody - Large Scale"
      }
    },
    {
      "type": "Feature",
      "id": 3344414,
      "geometry": {
        "type": "Polygon",
        "coordinates": [
          [
            [
              -85.734573243874507,
              35.086019874565906
            ],
            [
              -85.734566577174121,
              35.086195741413761
            ],
            [
              -85.734620243747997,
              35.086503475129952
            ],
            [
              -85.734646977143697,
              35.086541941230649
            ],
            [
              -85.734847577502606,
              35.086558341916493
            ],
            [
              -85.735061643410049,
              35.086563874656683
            ],
            [
              -85.735101643612339,
              35.086525274888167
            ],
            [
              -85.734867443374881,
              35.086206674967258
            ],
            [
              -85.73471364414749,
              35.086047274493822
            ],
            [
              -85.734633377366265,
              35.085997741752216
            ],
            [
              -85.734573243874507,
              35.086019874565906
            ]
          ]
        ]
      },
      "properties": {
        "name": null,
        "gnis_id": null,
        "fcode": 39004,
        "ftype": 390,
        "water_kind": "waterbody",
        "water_class": "lake_pond",
        "lengthkm": null,
        "areasqkm": 0.0017876500000000002,
        "elevation": null,
        "permanent_identifier": "139322701",
        "nhd_layer_id": 12,
        "nhd_layer_name": "Waterbody - Large Scale"
      }
    },
    {
      "type": "Feature",
      "id": 7828100,
      "geometry": {
        "type": "Polygon",
        "coordinates": [
          [
            [
              -85.738088226532014,
              35.092046664681931
            ],
            [
              -85.738345952199325,
              35.091937326693127
            ],
            [
              -85.738486529363044,
              35.091749890651144
            ],
            [
              -85.738486529363044,
              35.091460924596547
            ],
            [
              -85.738361572693478,
              35.091226628746639
            ],
            [
              -85.738283473344254,
              35.091093861537431
            ],
            [
              -85.738181945334873,
              35.091187579940488
            ],
            [
              -85.738103845985648,
              35.091453115540389
            ],
            [
              -85.73806479683131,
              35.091726460157822
            ],
            [
              -85.738049177377675,
              35.091945136554337
            ],
            [
              -85.738088226532014,
              35.092046664681931
            ]
          ]
        ]
      },
      "properties": {
        "name": null,
        "gnis_id": null,
        "fcode": 39011,
        "ftype": 390,
        "water_kind": "waterbody",
        "water_class": "lake_pond",
        "lengthkm": null,
        "areasqkm": 0.0028556599999999999,
        "elevation": null,
        "permanent_identifier": "{22CC31C4-D322-4A5C-9331-328BE2C319E5}",
        "nhd_layer_id": 12,
        "nhd_layer_name": "Waterbody - Large Scale"
      }
    },
    {
      "type": "Feature",
      "id": 219014,
      "geometry": {
        "type": "Point",
        "coordinates": [
          -85.769213585536107,
          35.068108336815911
        ]
      },
      "properties": {
        "name": null,
        "gnis_id": null,
        "fcode": 45800,
        "ftype": 458,
        "water_kind": "point",
        "water_class": "spring",
        "lengthkm": null,
        "areasqkm": null,
        "elevation": null,
        "permanent_identifier": "139327937",
        "nhd_layer_id": 0,
        "nhd_layer_name": "Point"
      }
    },
    {
      "type": "Feature",
      "id": 219031,
      "geometry": {
        "type": "Point",
        "coordinates": [
          -85.769070852386236,
          35.072351337535324
        ]
      },
      "properties": {
        "name": null,
        "gnis_id": null,
        "fcode": 45000,
        "ftype": 450,
        "water_kind": "point",
        "water_class": "gage",
        "lengthkm": null,
        "areasqkm": null,
        "elevation": null,
        "permanent_identifier": "139327963",
        "nhd_layer_id": 0,
        "nhd_layer_name": "Point"
      }
    },
    {
      "type": "Feature",
      "id": 219084,
      "geometry": {
        "type": "Point",
        "coordinates": [
          -85.737515445944382,
          35.109822679933011
        ]
      },
      "properties": {
        "name": "Gilliam Spring",
        "gnis_id": "01285415",
        "fcode": 45800,
        "ftype": 458,
        "water_kind": "point",
        "water_class": "spring",
        "lengthkm": null,
        "areasqkm": null,
        "elevation": null,
        "permanent_identifier": "139328049",
        "nhd_layer_id": 0,
        "nhd_layer_name": "Point"
      }
    },
    {
      "type": "Feature",
      "id": 219118,
      "geometry": {
        "type": "Point",
        "coordinates": [
          -85.746954648769446,
          35.112490079518537
        ]
      },
      "properties": {
        "name": "Bible Spring",
        "gnis_id": "01277215",
        "fcode": 45800,
        "ftype": 458,
        "water_kind": "point",
        "water_class": "spring",
        "lengthkm": null,
        "areasqkm": null,
        "elevation": null,
        "permanent_identifier": "139328121",
        "nhd_layer_id": 0,
        "nhd_layer_name": "Point"
      }
    },
    {
      "type": "Feature",
      "id": 320058,
      "geometry": {
        "type": "Point",
        "coordinates": [
          -85.744057845191449,
          35.070654337789129
        ]
      },
      "properties": {
        "name": "Fish Trap Spring",
        "gnis_id": "01284308",
        "fcode": 45800,
        "ftype": 458,
        "water_kind": "point",
        "water_class": "spring",
        "lengthkm": null,
        "areasqkm": null,
        "elevation": null,
        "permanent_identifier": "139328063",
        "nhd_layer_id": 0,
        "nhd_layer_name": "Point"
      }
    }
  ]
}
