{"type":"FeatureCollection","features":[
{"type":"Feature","geometry":{"type":"LineString","coordinates":[[-85.748315672108518,35.113513667429487],[-85.750364672677733,35.115884667715278],[-85.75074667316747,35.116375667656705],[-85.752494673437809,35.118526668385343],[-85.759400676102032,35.126658669814638],[-85.760067676098814,35.1274436696484],[-85.764751677941462,35.132673671009414],[-85.768971679278636,35.137473671781763],[-85.769009679811788,35.137521671734142],[-85.769340679349583,35.137934671440512],[-85.769869680152411,35.13862367130514],[-85.770421680521466,35.139391671724582],[-85.773063681467605,35.143321672149639]]},"properties":{"name":"I- 24","mtfcc_code":"S1100","tnmfrc":1,"interstate":"24","us_route":"64","state_route":null,"county_route":null,"road_class":"controlled_access","usgs_layer_id":"29"}},
{"type":"Feature","geometry":{"type":"LineString","coordinates":[[-85.737099667695432,35.091202663398931],[-85.737080667428856,35.090445663526566],[-85.737077667954125,35.090320662834756],[-85.737010667108649,35.088677662759203],[-85.736970667823996,35.08767366228728],[-85.736883666887053,35.085541662276285],[-85.736788667350808,35.083376662023802],[-85.736711667357923,35.08161066119515],[-85.736704666786906,35.081448661432653],[-85.736703666961986,35.081422661576916],[-85.736686667243561,35.080962660949986],[-85.73668166722068,35.080800661370944],[-85.736679666672543,35.080749661014863],[-85.736649666535328,35.080020661045523],[-85.736555666823989,35.077682660533291],[-85.736524666861854,35.076903660363719],[-85.736500666572411,35.076299660162356],[-85.736468666785356,35.075777659857884],[-85.736450666343686,35.075484659865943],[-85.736378666373653,35.074961660381511],[-85.736288666860304,35.0745576599343],[-85.736115666607944,35.074015660126953],[-85.736015666150507,35.073769659843144],[-85.735822666704976,35.073384659790356],[-85.735631666010946,35.073047659832575],[-85.735409666253105,35.072716659939559],[-85.735350665803551,35.072644659342998],[-85.73496766638722,35.072169659523681],[-85.734616665859633,35.071791659214995]]},"properties":{"name":"I- 24","mtfcc_code":"S1100","tnmfrc":1,"interstate":"24","us_route":"64","state_route":null,"county_route":null,"road_class":"controlled_access","usgs_layer_id":"29"}},
{"type":"Feature","geometry":{"type":"LineString","coordinates":[[-85.748713672491789,35.11356866757216],[-85.747910672052555,35.112622667587523],[-85.747898672356996,35.112608667365485],[-85.74775467241696,35.112436666960384],[-85.74547167149602,35.109717666977929],[-85.74471467108755,35.108815666411139],[-85.744674670904587,35.108768666609841],[-85.744662671209014,35.108754666460491],[-85.744612670980302,35.108699666743],[-85.744555671078885,35.108637666535849],[-85.744362670735043,35.108389666705456],[-85.744074670854971,35.108047666448186],[-85.742297670272308,35.105936666181172],[-85.741752669575945,35.105288665938026],[-85.741706669545195,35.105233666086249],[-85.741277670098128,35.104721665725016],[-85.739991668886816,35.103186665424232],[-85.739605669097443,35.10272566530859],[-85.739563669264641,35.102675665676578],[-85.739370668920799,35.102450665850583],[-85.738654668520226,35.101575665278233],[-85.73829066847216,35.10105266550881],[-85.738032668729289,35.100610665036662],[-85.738009668264766,35.100569665055936],[-85.737778668286083,35.100087664955787],[-85.737681668201702,35.099848665127034],[-85.737513667972209,35.099375664784304],[-85.737389668123669,35.098900664793824],[-85.737301668260102,35.098433665130173],[-85.73725266785631,35.098045664451632],[-85.73721966824435,35.097416664649131],[-85.737176667688317,35.095171664019638],[-85.737134667855528,35.093019663895859],[-85.737099667695432,35.091202663398931]]},"properties":{"name":"I- 24","mtfcc_code":"S1100","tnmfrc":1,"interstate":"24","us_route":"64","state_route":null,"county_route":null,"road_class":"controlled_access","usgs_layer_id":"29"}},
{"type":"Feature","geometry":{"type":"LineString","coordinates":[[-85.736819667312943,35.091204663431057],[-85.736894667656017,35.095287663829822],[-85.736916668295649,35.096518664465194],[-85.736963668151304,35.097929664890422],[-85.737024668250683,35.098478665157607],[-85.737091668197834,35.098872664777652],[-85.737216667871294,35.099357664827416],[-85.737293667864193,35.099599664732466],[-85.737477667987207,35.10009266485865],[-85.737695668445411,35.100565665451107],[-85.737832668712755,35.10081166503798],[-85.738125668615723,35.101299665355739],[-85.738479668618055,35.101791665236838],[-85.739284668707086,35.102762665442768],[-85.739352669377453,35.102845665623143],[-85.74150367005393,35.105408666154013],[-85.742803670610584,35.106945666145023],[-85.743205670293506,35.10743466666942],[-85.744404670567832,35.10886666685289],[-85.744460670644344,35.108933666981173]]},"properties":{"name":"I- 24","mtfcc_code":"S1100","tnmfrc":1,"interstate":"24","us_route":"64","state_route":null,"county_route":null,"road_class":"controlled_access","usgs_layer_id":"29"}},
{"type":"Feature","geometry":{"type":"LineString","coordinates":[[-85.694068652498856,35.041540655242578],[-85.695681653049974,35.042138655190534],[-85.696405652948158,35.042438655240055],[-85.696907653088502,35.042675655081226],[-85.697351653502508,35.042894655058845],[-85.697909653719336,35.043185655349845],[-85.698407653661718,35.043470655411141],[-85.698935653741316,35.043790655159583],[-85.703145655032728,35.046541655920883],[-85.703265655581646,35.046619655704262],[-85.705600656381122,35.048150655635645],[-85.705682656396888,35.048204655561356],[-85.708846657574867,35.050276655759617],[-85.709982657201678,35.051030656514527],[-85.711216657636115,35.051839656051804],[-85.714104658629566,35.053731656630617],[-85.714268658661084,35.053839656420188],[-85.714426658844815,35.053942656277052],[-85.718656660227737,35.056715657152829],[-85.71934266049108,35.05716565702847],[-85.719856660326982,35.057491657173699],[-85.720728661261489,35.058081657564706],[-85.721515660908864,35.058676657604721],[-85.722261661446652,35.059274657104794],[-85.722945662060198,35.059884657760676],[-85.72357966154668,35.060489657411395],[-85.724742662734329,35.061697657949047],[-85.725389662639614,35.062398657600902],[-85.725489663097051,35.062506657691806],[-85.730380664628939,35.067684659106568],[-85.731644665200605,35.069025658853661],[-85.734222665674338,35.071748659675812]]},"properties":{"name":"I- 24","mtfcc_code":"S1100","tnmfrc":1,"interstate":"24","us_route":"64","state_route":null,"county_route":null,"road_class":"controlled_access","usgs_layer_id":"29"}},
{"type":"Feature","geometry":{"type":"LineString","coordinates":[[-85.734222665674338,35.071748659675812],[-85.734919665808349,35.072520659923086],[-85.735102666106428,35.072754659595702],[-85.735270666335921,35.072995659904976],[-85.735500666489699,35.073359659437692],[-85.735625666163173,35.07360065943066],[-85.735841666073227,35.074087660248999],[-85.73600466627984,35.074582659919948],[-85.736113666059808,35.075069660023949],[-85.73615066676804,35.075318660329437],[-85.736187666577948,35.07580666028916],[-85.736238666631579,35.076937660247026],[-85.736244666479365,35.077066660151011],[-85.736402666663125,35.080796661531544],[-85.736426666952553,35.081419661536465],[-85.736512667166281,35.083656662035494],[-85.736649667433625,35.08671366215281],[-85.736686667243561,35.087622662552818],[-85.736794667198581,35.090313663013816],[-85.736797667571651,35.090415663495605],[-85.736819667312943,35.091204663431057]]},"properties":{"name":"I- 24","mtfcc_code":"S1100","tnmfrc":1,"interstate":"24","us_route":"64","state_route":null,"county_route":null,"road_class":"controlled_access","usgs_layer_id":"29"}},
{"type":"Feature","geometry":{"type":"LineString","coordinates":[[-85.773722681068463,35.143808672279434],[-85.772851680857173,35.142513672390564],[-85.770855679991413,35.139544672093351],[-85.770217680306956,35.138648671481668],[-85.770190679644458,35.13860967187879],[-85.76983567981722,35.138145671477979],[-85.769260679881953,35.13741867161788],[-85.769210679653241,35.137354671594146],[-85.768702679665125,35.136739671556064],[-85.766192678963449,35.133910671050046],[-85.765792678032071,35.133442670854855],[-85.765514678197704,35.133126670978669],[-85.764981678095239,35.132521670828083],[-85.763275677657717,35.130615670200264],[-85.762933677350958,35.130231670277965],[-85.758912676205412,35.125712669737716],[-85.758615676104498,35.125366669594996],[-85.755654674417798,35.121848668469418],[-85.755160674673391,35.121246669075092],[-85.754304674530729,35.120230668914573],[-85.751905673258818,35.117380668182783],[-85.750638673212421,35.115871668134545],[-85.750252672524738,35.115411667843887],[-85.74950467233711,35.114520667446563],[-85.749096672806417,35.114029667348824],[-85.748713672491789,35.11356866757216]]},"properties":{"name":"I- 24","mtfcc_code":"S1100","tnmfrc":1,"interstate":"24","us_route":"64","state_route":null,"county_route":null,"road_class":"controlled_access","usgs_layer_id":"29"}},
{"type":"Feature","geometry":{"type":"LineString","coordinates":[[-85.744510670873055,35.10899366663255],[-85.747336671942207,35.112349667232479],[-85.747369671554168,35.112385667283164],[-85.747398671866478,35.1124236675644],[-85.748315672108518,35.113513667429487]]},"properties":{"name":"I- 24","mtfcc_code":"S1100","tnmfrc":1,"interstate":"24","us_route":"64","state_route":null,"county_route":null,"road_class":"controlled_access","usgs_layer_id":"29"}},
{"type":"Feature","geometry":{"type":"LineString","coordinates":[[-85.734616665859633,35.071791659214995],[-85.734116665369115,35.071261659603095],[-85.732618665344049,35.069671659231801],[-85.732119664678436,35.069142659005408],[-85.731791664615372,35.068797659056429],[-85.731082664785816,35.068050658664248],[-85.730812664449076,35.067760658675624],[-85.730520664371028,35.067446659108263],[-85.730489664408893,35.067413658886871],[-85.728532663901191,35.065346658068201],[-85.728078663441423,35.06485665811514],[-85.727591663369708,35.064341657987846],[-85.726000662559883,35.062658658313048],[-85.725593662854109,35.062223657885482],[-85.724776662171209,35.061349657372439],[-85.723606662209178,35.060151657859009],[-85.722977661847253,35.059565657129127],[-85.722309661127241,35.058990657081665],[-85.721603661670727,35.058426657213886],[-85.720839660691254,35.057855657462504],[-85.720017660883784,35.057302657076583],[-85.718906660472996,35.056575656636724],[-85.718094659812948,35.05604465668371],[-85.716829659416376,35.055217656748923],[-85.714560658739117,35.053733656845907],[-85.714532659150052,35.053714656269449],[-85.714449659309366,35.053660656309901],[-85.714422658646868,35.053642656560548],[-85.714266659011273,35.05354065643526],[-85.713791658635103,35.05322965619699],[-85.711899658424741,35.05199065654692],[-85.711298657651881,35.051596656256528],[-85.711269658237882,35.051577655918237],[-85.710452657554953,35.051040656450489],[-85.71021065770563,35.050868656352321],[-85.710164657674881,35.050835656048342],[-85.709001657385556,35.050087655877881],[-85.708142656869839,35.049518656231804],[-85.707014656740625,35.048776656041397],[-85.705950656185493,35.048077655992643],[-85.705847656253326,35.048009655702309],[-85.70568965606958,35.047906655717064],[-85.705426656303857,35.047733655456746],[-85.703855655585528,35.04670265564647],[-85.703447655156538,35.046435655699945],[-85.703332655528797,35.046359655401353],[-85.702849654756733,35.046038655218048],[-85.702283655042294,35.045676655621889],[-85.702030655322304,35.045514655136721],[-85.699141653605636,35.043620654966631],[-85.699091654275236,35.043587655411699],[-85.69860065400556,35.04329365511073],[-85.698189654101824,35.043061655312144],[-85.698060653332078,35.042992655019866],[-85.697760653756418,35.042831655336983],[-85.697583653306111,35.042736655174316],[-85.697149652937824,35.042519655263071],[-85.696847652814043,35.042380654929026],[-85.696572653352732,35.042253655131326],[-85.696539652842461,35.042239655332672],[-85.696214653152452,35.042095654742624],[-85.696000652892209,35.04200865499859],[-85.695727653080738,35.041897654987828],[-85.694355652554037,35.041393654850786],[-85.693806652558038,35.041192654817614],[-85.693777652245714,35.04118165488569],[-85.693690652207081,35.04114965460726],[-85.693662652617988,35.041139654931385]]},"properties":{"name":"I- 24","mtfcc_code":"S1100","tnmfrc":1,"interstate":"24","us_route":"64","state_route":null,"county_route":null,"road_class":"controlled_access","usgs_layer_id":"29"}},
{"type":"Feature","geometry":{"type":"LineString","coordinates":[[-85.744460670644344,35.108933666981173],[-85.744510670873055,35.10899366663255]]},"properties":{"name":"I- 24","mtfcc_code":"S1100","tnmfrc":1,"interstate":"24","us_route":"64","state_route":null,"county_route":null,"road_class":"controlled_access","usgs_layer_id":"29"}},
{"type":"Feature","geometry":{"type":"LineString","coordinates":[[-85.728985663637715,35.068397658685875],[-85.729118663707084,35.068543659074059],[-85.72951766391526,35.068983659248474],[-85.729651663809562,35.069130659242632],[-85.729689664342729,35.069172658772246],[-85.729941664237799,35.069457659315475],[-85.730197664330845,35.069735659482518],[-85.730536664264548,35.070063659244724],[-85.730884664419094,35.070372659518355],[-85.731232664573653,35.070637659332711],[-85.731354664772383,35.070730659590737],[-85.731498664712419,35.070828659234088],[-85.73184966524002,35.071068659454127],[-85.732317665045159,35.071374659189011],[-85.732457664787248,35.071465659561525],[-85.732593665229686,35.071553659429426]]},"properties":{"name":"Battlecreek Rd","mtfcc_code":"S1200","tnmfrc":3,"interstate":null,"us_route":null,"state_route":"2","county_route":null,"road_class":"local_connecting","usgs_layer_id":"31"}},
{"type":"Feature","geometry":{"type":"LineString","coordinates":[[-85.736795667921825,35.103571665926957],[-85.736828668432096,35.103759665933538],[-85.736840668127655,35.103827666079333],[-85.736892668006178,35.104058665664574],[-85.736969668897416,35.104315665979989],[-85.737004668159187,35.104431666008516],[-85.73703066809847,35.104497665887706]]},"properties":{"name":"Battlecreek Rd","mtfcc_code":"S1200","tnmfrc":3,"interstate":null,"us_route":null,"state_route":"2","county_route":null,"road_class":"local_connecting","usgs_layer_id":"31"}},
{"type":"Feature","geometry":{"type":"LineString","coordinates":[[-85.757123675028879,35.116301667974604],[-85.757239675379822,35.116359667929729],[-85.757379675121925,35.116444667637303],[-85.757468674810369,35.116499668005964],[-85.757830675208638,35.116781667576241],[-85.758063674837118,35.117000667851123],[-85.758278674922281,35.117202667911627]]},"properties":{"name":"Battlecreek Rd","mtfcc_code":"S1200","tnmfrc":3,"interstate":null,"us_route":null,"state_route":"2","county_route":null,"road_class":"local_connecting","usgs_layer_id":"31"}},
{"type":"Feature","geometry":{"type":"LineString","coordinates":[[-85.725558662694013,35.064209658618502],[-85.726218663018088,35.065067658423985],[-85.726352662912404,35.065241658693502],[-85.727143663656051,35.066279658680202],[-85.727736663134664,35.066996658549421],[-85.728258663366475,35.067593658929653],[-85.728366664219834,35.0677166585468],[-85.728985663637715,35.068397658685875]]},"properties":{"name":"Battlecreek Rd","mtfcc_code":"S1200","tnmfrc":3,"interstate":null,"us_route":null,"state_route":"2","county_route":null,"road_class":"local_connecting","usgs_layer_id":"31"}},
{"type":"Feature","geometry":{"type":"LineString","coordinates":[[-85.747406672262414,35.113364667096761],[-85.747979672547856,35.113463667067087],[-85.74803667244926,35.113471667215279],[-85.748315672108518,35.113513667429487]]},"properties":{"name":"Battlecreek Rd","mtfcc_code":"S1200","tnmfrc":3,"interstate":null,"us_route":null,"state_route":"2","county_route":null,"road_class":"local_connecting","usgs_layer_id":"31"}},
{"type":"Feature","geometry":{"type":"LineString","coordinates":[[-85.736754667913942,35.102785665855414],[-85.736758668111889,35.102949665605891]]},"properties":{"name":"Battlecreek Rd","mtfcc_code":"S1200","tnmfrc":3,"interstate":null,"us_route":null,"state_route":"2","county_route":null,"road_class":"local_connecting","usgs_layer_id":"31"}},
{"type":"Feature","geometry":{"type":"LineString","coordinates":[[-85.736483667752267,35.089754663296659],[-85.736487667051918,35.089879663385865],[-85.736500667470722,35.090256663294333],[-85.736502667120533,35.09030566353271],[-85.736505667493589,35.09038266300778],[-85.736539667828794,35.091260663575106],[-85.736562667395006,35.091854663182346],[-85.736592667532221,35.093513663739323],[-85.736598667380008,35.093896663651805],[-85.736612667623717,35.094775664210125]]},"properties":{"name":"Battlecreek Rd","mtfcc_code":"S1200","tnmfrc":3,"interstate":null,"us_route":null,"state_route":"2","county_route":null,"road_class":"local_connecting","usgs_layer_id":"31"}},
{"type":"Feature","geometry":{"type":"LineString","coordinates":[[-85.755178674216722,35.115646667262567],[-85.755569674028976,35.115770667251738],[-85.756743675087293,35.116145667789141],[-85.756835675148793,35.116175667904528],[-85.757123675028879,35.116301667974604]]},"properties":{"name":"Battlecreek Rd","mtfcc_code":"S1200","tnmfrc":3,"interstate":null,"us_route":null,"state_route":"2","county_route":null,"road_class":"local_connecting","usgs_layer_id":"31"}},
{"type":"Feature","geometry":{"type":"LineString","coordinates":[[-85.748315672108518,35.113513667429487],[-85.748496671858476,35.113538667231722],[-85.748713672491789,35.11356866757216]]},"properties":{"name":"Battlecreek Rd","mtfcc_code":"S1200","tnmfrc":3,"interstate":null,"us_route":null,"state_route":"2","county_route":null,"road_class":"local_connecting","usgs_layer_id":"31"}},
{"type":"Feature","geometry":{"type":"LineString","coordinates":[[-85.733062665758055,35.071840659517136],[-85.733153665096339,35.071899659376832],[-85.733420665060038,35.072072659903228],[-85.733724665731955,35.07228265932271],[-85.733940665642024,35.072453659280576],[-85.734203665407762,35.07273065966011],[-85.734366665614374,35.072923659554576],[-85.734604666164074,35.073216659919943],[-85.734933666052044,35.073619659790374],[-85.735013666417984,35.073733659649804]]},"properties":{"name":"Battlecreek Rd","mtfcc_code":"S1200","tnmfrc":3,"interstate":null,"us_route":null,"state_route":"2","county_route":null,"road_class":"local_connecting","usgs_layer_id":"31"}},
{"type":"Feature","geometry":{"type":"LineString","coordinates":[[-85.749396672382076,35.113674667314996],[-85.74950167286238,35.113691667676818],[-85.749535672299245,35.113697667587566],[-85.749718672597353,35.11373266767049],[-85.749949672576051,35.113784667345939],[-85.7500876726683,35.113816667073209]]},"properties":{"name":"Battlecreek Rd","mtfcc_code":"S1200","tnmfrc":3,"interstate":null,"us_route":null,"state_route":"2","county_route":null,"road_class":"local_connecting","usgs_layer_id":"31"}},
{"type":"Feature","geometry":{"type":"LineString","coordinates":[[-85.73672966779958,35.101226665472929],[-85.736736668370597,35.101693665306158],[-85.736754667913942,35.102785665855414]]},"properties":{"name":"Battlecreek Rd","mtfcc_code":"S1200","tnmfrc":3,"interstate":null,"us_route":null,"state_route":"2","county_route":null,"road_class":"local_connecting","usgs_layer_id":"31"}},
{"type":"Feature","geometry":{"type":"LineString","coordinates":[[-85.735013666417984,35.073733659649804],[-85.735258665742052,35.0740886601073],[-85.735382666488931,35.074311659814086],[-85.735390665986515,35.074325659996269],[-85.735528666078778,35.074606660045994],[-85.73561266664268,35.074809659880188],[-85.735777666499146,35.075301660052276],[-85.735868666735726,35.07573866030107],[-85.735909666743609,35.07628566031886],[-85.73591366604326,35.076327660577213],[-85.735943666180489,35.076972660674251]]},"properties":{"name":"Battlecreek Rd","mtfcc_code":"S1200","tnmfrc":3,"interstate":null,"us_route":null,"state_route":"2","county_route":null,"road_class":"local_connecting","usgs_layer_id":"31"}},
{"type":"Feature","geometry":{"type":"LineString","coordinates":[[-85.7500876726683,35.113816667073209],[-85.750378672921428,35.113919667648631],[-85.7506996733118,35.114033667762719],[-85.751056672788863,35.114177667098673],[-85.751242673460013,35.114253667441638],[-85.751453673347214,35.11434066734121],[-85.751529673515194,35.114371667485663],[-85.75158167339373,35.114392667363482],[-85.752245673017455,35.114662667200101],[-85.752743673858149,35.1148656672719],[-85.754439674249952,35.115414667368604],[-85.754768674137907,35.115521667734342],[-85.755178674216722,35.115646667262567]]},"properties":{"name":"Battlecreek Rd","mtfcc_code":"S1200","tnmfrc":3,"interstate":null,"us_route":null,"state_route":"2","county_route":null,"road_class":"local_connecting","usgs_layer_id":"31"}},
{"type":"Feature","geometry":{"type":"LineString","coordinates":[[-85.745485671739701,35.11256066742564],[-85.746083671241195,35.112888667675506],[-85.746155671211227,35.112927667104394],[-85.74630567189736,35.113000667530159],[-85.746736671892592,35.113169667137491],[-85.747353671660647,35.113355667561144],[-85.747406672262414,35.113364667096761]]},"properties":{"name":"Battlecreek Rd","mtfcc_code":"S1200","tnmfrc":3,"interstate":null,"us_route":null,"state_route":"2","county_route":null,"road_class":"local_connecting","usgs_layer_id":"31"}},
{"type":"Feature","geometry":{"type":"LineString","coordinates":[[-85.748713672491789,35.11356866757216],[-85.748849672035917,35.11358766743917],[-85.748953672691286,35.113602667601754],[-85.749259672114718,35.113651667770725],[-85.749396672382076,35.113674667314996]]},"properties":{"name":"Battlecreek Rd","mtfcc_code":"S1200","tnmfrc":3,"interstate":null,"us_route":null,"state_route":"2","county_route":null,"road_class":"local_connecting","usgs_layer_id":"31"}},
{"type":"Feature","geometry":{"type":"LineString","coordinates":[[-85.739807669662113,35.110165666739157],[-85.739894669700774,35.11027166723435],[-85.740099669740175,35.110459667218976],[-85.740315669650229,35.110611667420997],[-85.740454669567413,35.110686667271203],[-85.740535669758259,35.110730667004262],[-85.740725669729073,35.110808667174027],[-85.741230670242444,35.110969667260136],[-85.741748670276294,35.111111667323129],[-85.741888670018383,35.111159667381585],[-85.742248670766827,35.111252667001096],[-85.742787670717078,35.111425667101344],[-85.742845670443401,35.111447667138727],[-85.743593670631029,35.111738667007742],[-85.74362767096622,35.111751667247859],[-85.743657671103421,35.111763667354602],[-85.743684670867609,35.111773667197248],[-85.744005671257995,35.111898667331381],[-85.744515670895908,35.1120976671669],[-85.744980671226344,35.112296667251293],[-85.7451256709913,35.11237266714425],[-85.745485671739701,35.11256066742564]]},"properties":{"name":"Battlecreek Rd","mtfcc_code":"S1200","tnmfrc":3,"interstate":null,"us_route":null,"state_route":"2","county_route":null,"road_class":"local_connecting","usgs_layer_id":"31"}},
{"type":"Feature","geometry":{"type":"LineString","coordinates":[[-85.736720668477048,35.100690665136781],[-85.736727668149754,35.101145665637205],[-85.73672966779958,35.101226665472929]]},"properties":{"name":"Battlecreek Rd","mtfcc_code":"S1200","tnmfrc":3,"interstate":null,"us_route":null,"state_route":"2","county_route":null,"road_class":"local_connecting","usgs_layer_id":"31"}},
{"type":"Feature","geometry":{"type":"LineString","coordinates":[[-85.732593665229686,35.071553659429426],[-85.733062665758055,35.071840659517136]]},"properties":{"name":"Battlecreek Rd","mtfcc_code":"S1200","tnmfrc":3,"interstate":null,"us_route":null,"state_route":"2","county_route":null,"road_class":"local_connecting","usgs_layer_id":"31"}},
{"type":"Feature","geometry":{"type":"LineString","coordinates":[[-85.735943666180489,35.076972660674251],[-85.735966666645027,35.07749066068385],[-85.736035666242003,35.079044660829993],[-85.736059666531432,35.079563660708708]]},"properties":{"name":"Battlecreek Rd","mtfcc_code":"S1200","tnmfrc":3,"interstate":null,"us_route":null,"state_route":"2","county_route":null,"road_class":"local_connecting","usgs_layer_id":"31"}},
{"type":"Feature","geometry":{"type":"LineString","coordinates":[[-85.73622666693602,35.083669661608369],[-85.736234667331942,35.083868661993066],[-85.736259667446291,35.084465661704591],[-85.736268666768822,35.084664662352708]]},"properties":{"name":"Battlecreek Rd","mtfcc_code":"S1200","tnmfrc":3,"interstate":null,"us_route":null,"state_route":"2","county_route":null,"road_class":"local_connecting","usgs_layer_id":"31"}},
{"type":"Feature","geometry":{"type":"LineString","coordinates":[[-85.736314666799572,35.085753662480428],[-85.736347667309843,35.086553662379494],[-85.736390666967552,35.087546662370542],[-85.736449667417091,35.088953662776042],[-85.736483667752267,35.089754663296659]]},"properties":{"name":"Battlecreek Rd","mtfcc_code":"S1200","tnmfrc":3,"interstate":null,"us_route":null,"state_route":"2","county_route":null,"road_class":"local_connecting","usgs_layer_id":"31"}},
{"type":"Feature","geometry":{"type":"LineString","coordinates":[[-85.73703066809847,35.104497665887706],[-85.737148668099223,35.104796665851261],[-85.737367668382348,35.105256666536533],[-85.737723668932816,35.106000666642345],[-85.737911669253791,35.106393666455226],[-85.737964668957247,35.106499666712303],[-85.738097669026629,35.106777666315672],[-85.738445669181161,35.107506666688167],[-85.738775668894064,35.108197666389607],[-85.738803669381468,35.108257666582837],[-85.738901669290755,35.108466666739488],[-85.739197669566764,35.10909366693317],[-85.739272669011513,35.10925066681957],[-85.739298669849106,35.109302667150558],[-85.73938766953755,35.109482666626903],[-85.739528669104558,35.109766667278429],[-85.739623669539114,35.109936667132807],[-85.739674669592745,35.110013667174954],[-85.739807669662113,35.110165666739157]]},"properties":{"name":"Battlecreek Rd","mtfcc_code":"S1200","tnmfrc":3,"interstate":null,"us_route":null,"state_route":"2","county_route":null,"road_class":"local_connecting","usgs_layer_id":"31"}},
{"type":"Feature","geometry":{"type":"LineString","coordinates":[[-85.736059666531432,35.079563660708708],[-85.736062666904488,35.079674660980857],[-85.736073666775155,35.080008661412009],[-85.736077666973117,35.080120660863088],[-85.736082666995969,35.080254661264547],[-85.736098666889504,35.08065766092615],[-85.736103666912356,35.080769660956506],[-85.73610466673729,35.080792660956867],[-85.736108666935252,35.080882661343288],[-85.736120666630796,35.08115366167862],[-85.736125666653678,35.081244661437445],[-85.736146666570079,35.081728661445922],[-85.736182666555095,35.082531661858852],[-85.736205667019618,35.083183661860467],[-85.73620966721758,35.083269662096292],[-85.73622666693602,35.083669661608369]]},"properties":{"name":"Battlecreek Rd","mtfcc_code":"S1200","tnmfrc":3,"interstate":null,"us_route":null,"state_route":"2","county_route":null,"road_class":"local_connecting","usgs_layer_id":"31"}},
{"type":"Feature","geometry":{"type":"LineString","coordinates":[[-85.736612667623717,35.094775664210125],[-85.736640668111121,35.096504664416791],[-85.736649668331935,35.097039664768069],[-85.736705668408462,35.099756665267627],[-85.736720668477048,35.100690665136781]]},"properties":{"name":"Battlecreek Rd","mtfcc_code":"S1200","tnmfrc":3,"interstate":null,"us_route":null,"state_route":"2","county_route":null,"road_class":"local_connecting","usgs_layer_id":"31"}},
{"type":"Feature","geometry":{"type":"LineString","coordinates":[[-85.758278674922281,35.117202667911627],[-85.758594675289771,35.117499668167767],[-85.758963675360732,35.117845667927071],[-85.759555675912736,35.118380667818059],[-85.759612675814139,35.118431668151615],[-85.75988267615088,35.11866766772355]]},"properties":{"name":"Battlecreek Rd","mtfcc_code":"S1200","tnmfrc":3,"interstate":null,"us_route":null,"state_route":"2","county_route":null,"road_class":"local_connecting","usgs_layer_id":"31"}},
{"type":"Feature","geometry":{"type":"LineString","coordinates":[[-85.736268666768822,35.084664662352708],[-85.736277666989636,35.084881661996349],[-85.736304666753824,35.085535662498252],[-85.736314666799572,35.085753662480428]]},"properties":{"name":"Battlecreek Rd","mtfcc_code":"S1200","tnmfrc":3,"interstate":null,"us_route":null,"state_route":"2","county_route":null,"road_class":"local_connecting","usgs_layer_id":"31"}},
{"type":"Feature","geometry":{"type":"LineString","coordinates":[[-85.736758668111889,35.102949665605891],[-85.736781668576427,35.103423666023318],[-85.736782668401347,35.10345266617955],[-85.736783668226238,35.103466665769787],[-85.736791668622175,35.103541665580906],[-85.736795667921825,35.103571665926957]]},"properties":{"name":"Battlecreek Rd","mtfcc_code":"S1200","tnmfrc":3,"interstate":null,"us_route":null,"state_route":"2","county_route":null,"road_class":"local_connecting","usgs_layer_id":"31"}},
{"type":"Feature","geometry":{"type":"LineString","coordinates":[[-85.73550366596443,35.071583659045196],[-85.73562966636112,35.071668659122089],[-85.735854666492031,35.071860659436986],[-85.735889665753803,35.07191065958267]]},"properties":{"name":"Ellis Rd","mtfcc_code":"S1400","tnmfrc":4,"interstate":null,"us_route":null,"state_route":null,"county_route":null,"road_class":"local","usgs_layer_id":"32"}},
{"type":"Feature","geometry":{"type":"LineString","coordinates":[[-85.765286676795455,35.113779666813329],[-85.765257677381456,35.113890666807784],[-85.765196677282091,35.113983666984559],[-85.765109677243444,35.114028666510535],[-85.76498967669454,35.114073666746442],[-85.764647677286092,35.114171667223275],[-85.76456367672219,35.114180666668766],[-85.763959676474599,35.11414466667626],[-85.763661676548779,35.114116666752722],[-85.763299676150524,35.114083667040433],[-85.762586676122993,35.11397966730312],[-85.762144676257122,35.113944666591522],[-85.761876676468503,35.113945666695997],[-85.761715675911717,35.113964667209949],[-85.761475675712205,35.11405566709599],[-85.760443675842438,35.114403666982405],[-85.759881675427664,35.114564667313878],[-85.759084675734542,35.114859667447156],[-85.758529674992445,35.11519866750691],[-85.757953675232272,35.115552667429469],[-85.757796674873433,35.11566766754661],[-85.757380674946816,35.116031667690784],[-85.757123675028879,35.116301667974604]]},"properties":{"name":"Tate Cove Rd","mtfcc_code":"S1400","tnmfrc":4,"interstate":null,"us_route":null,"state_route":null,"county_route":null,"road_class":"local","usgs_layer_id":"32"}},
{"type":"Feature","geometry":{"type":"LineString","coordinates":[[-85.729144664544691,35.079597660953816],[-85.728774664648824,35.079778661112051],[-85.728716664922501,35.079808661379715],[-85.728660664846018,35.080078661086944],[-85.728406664402797,35.080285661139534],[-85.727869664102371,35.080361661470988],[-85.727857664406798,35.080381661507687],[-85.727647664344516,35.080735661934973]]},"properties":{"name":null,"mtfcc_code":"S1400","tnmfrc":4,"interstate":null,"us_route":null,"state_route":null,"county_route":null,"road_class":"local","usgs_layer_id":"32"}},
{"type":"Feature","geometry":{"type":"LineString","coordinates":[[-85.755178674216722,35.115646667262567],[-85.755359673966709,35.114941667707967],[-85.755439674332635,35.114635667550637],[-85.755828674495078,35.112808667055234],[-85.755981674655956,35.1120976671669],[-85.756046674054957,35.111774666593568],[-85.756066674146439,35.111691666687669],[-85.75616367423082,35.111304666789486],[-85.75618267449741,35.111123666789254],[-85.756171674626742,35.111075666709539],[-85.756112674177189,35.111011666559293],[-85.755981674655956,35.110963666413653],[-85.755630674128355,35.110899666910321],[-85.755607674562143,35.11088266670081],[-85.755585673922511,35.110866666630073],[-85.755547674287683,35.110659666304279],[-85.755511674302667,35.110618666234153],[-85.755403674347633,35.110562666893728]]},"properties":{"name":"Tom Norman Rd","mtfcc_code":"S1400","tnmfrc":4,"interstate":null,"us_route":null,"state_route":null,"county_route":null,"road_class":"local","usgs_layer_id":"32"}},
{"type":"Feature","geometry":{"type":"LineString","coordinates":[[-85.764660675908232,35.099748663773049],[-85.764429675929563,35.099763664277958],[-85.763771676153624,35.099778664045132],[-85.763648676129975,35.099795664365942],[-85.763441675542424,35.099844664016913],[-85.762871675630024,35.100017664079104],[-85.761933675471596,35.100322664467107],[-85.761135675055257,35.100632664318688],[-85.761038674970891,35.100652664529399],[-85.760726674801347,35.100677664602209],[-85.76043267507346,35.100661663997926],[-85.760282675285652,35.100641664524375],[-85.759566674885079,35.100488664567401],[-85.759036674257345,35.100407663998446],[-85.757685674545357,35.100239664657664],[-85.757246674154203,35.100217664534618],[-85.757122674305649,35.100199664028665],[-85.757041674114802,35.100170664185072],[-85.756916673543017,35.1001076645653],[-85.75653067375363,35.099864664421006]]},"properties":{"name":"William B Martin Rd","mtfcc_code":"S1400","tnmfrc":4,"interstate":null,"us_route":null,"state_route":null,"county_route":null,"road_class":"local","usgs_layer_id":"32"}},
{"type":"Feature","geometry":{"type":"LineString","coordinates":[[-85.733223665416531,35.071628659183432],[-85.733161665492247,35.071672659408975],[-85.733107665065575,35.071728659728514],[-85.733080665301401,35.071775659560075],[-85.733062665758055,35.071840659517136]]},"properties":{"name":null,"mtfcc_code":"S1640","tnmfrc":4,"interstate":null,"us_route":null,"state_route":null,"county_route":null,"road_class":"local","usgs_layer_id":"32"}},
{"type":"Feature","geometry":{"type":"LineString","coordinates":[[-85.781054681908401,35.119655667314312],[-85.78097468154246,35.119637667427455],[-85.780914682166326,35.119614667362136],[-85.780782681921849,35.119523667071888],[-85.780730682043313,35.119445667162076],[-85.780681681639507,35.119324667003475],[-85.780647682202627,35.119149667427784],[-85.780627682111145,35.11908766708904],[-85.780522681630856,35.118995666902379],[-85.780269681910866,35.118888667425175],[-85.779675681709008,35.118699667002645],[-85.77944768120507,35.118648667571605],[-85.779253681036295,35.118643667337508],[-85.779181681066291,35.118653667070589],[-85.779125680989793,35.118670667128391],[-85.778768681512744,35.118833667199695],[-85.778702681390499,35.118851667264245],[-85.778531680787964,35.118873667500971],[-85.778515680894429,35.118872667456927],[-85.77823368086213,35.118870667368853],[-85.778022680974928,35.118849667175603],[-85.777792680821165,35.118796667013783],[-85.777622680941846,35.11872966764718],[-85.77732268046789,35.118495667617374],[-85.7772596807187,35.118464667572475],[-85.777218680710803,35.118455667130554],[-85.777076680420578,35.118443667274576],[-85.77695868041981,35.118464667572475],[-85.776616681011362,35.118596667326457],[-85.776463680850483,35.118670667128391],[-85.776221680102836,35.118701667094975],[-85.775912680306348,35.118703667187184],[-85.775670680457011,35.118695667552707],[-85.775285680492544,35.118638667103113],[-85.77492368009429,35.118538667494299],[-85.774390679991811,35.118411667160181],[-85.773381679688285,35.118103667436841],[-85.772814679250615,35.117957667581095],[-85.772193679284598,35.117848667362175],[-85.771564678922658,35.117816667014012],[-85.770769678879361,35.117822667355817],[-85.770682678840728,35.117815667691808],[-85.770514678611235,35.117778667043559],[-85.770139678692516,35.117604667145699],[-85.769990678729599,35.117567667136377],[-85.768994677946552,35.117502667615561],[-85.768751678272295,35.117472667253978],[-85.768604677959203,35.117466667621287],[-85.768382678201363,35.117472667253978],[-85.76807467822978,35.117503667676417],[-85.767660677952989,35.117575667616478],[-85.76747467818015,35.117575667616478],[-85.767377678095784,35.117557667269992],[-85.767261677744827,35.117504667737265],[-85.766921677986204,35.11724866719333],[-85.766802678160516,35.117178667094002],[-85.766733677665215,35.117155667069241],[-85.766565677435736,35.117121667052686],[-85.766391677358456,35.117114667328458],[-85.765854677058016,35.117185667547545],[-85.76547467711643,35.117245667736192],[-85.765157676924034,35.117312667588422],[-85.765022677204811,35.117307667272321],[-85.764912677599952,35.117283667220441],[-85.764796677249009,35.117215667279979],[-85.76467367722536,35.117102667274942],[-85.764527676737174,35.116708667598694],[-85.764495676950119,35.11665966706375],[-85.764412677109448,35.116583667495384],[-85.764293677283746,35.11653366754733],[-85.764098677290079,35.116510667340442],[-85.763888677227797,35.116512667486496],[-85.763698677257011,35.116535667692759],[-85.763542676723077,35.116543667539396],[-85.763361676973133,35.116501667417474],[-85.763025676514147,35.116331667297722],[-85.762977676833557,35.116303667390973],[-85.762658676093025,35.116124667628299],[-85.762290676745295,35.115894667052189],[-85.762078676134877,35.115780667337447],[-85.761869675897501,35.115727667383517],[-85.761763676490602,35.115718667374061],[-85.761651676337621,35.115723667052862],[-85.761542676557667,35.115752667241281],[-85.76141067631319,35.115821667014721],[-85.761321675726421,35.115891667545142],[-85.760885675708323,35.116301667239775],[-85.760704675958351,35.116430667337127],[-85.760379676268343,35.116598667841238],[-85.760254675696558,35.116673667324569],[-85.760169676206061,35.116739667577022],[-85.759989675382698,35.117045667915228],[-85.759740675860655,35.117372667683533],[-85.75971067572344,35.117433667796178],[-85.759686675433997,35.117605667940119],[-85.75968067558621,35.117951667984059],[-85.759713676096482,35.118080667673226],[-85.759948676273112,35.118396667882941],[-85.759986675907967,35.118486667913693],[-85.759984676258128,35.118549668023036],[-85.75988267615088,35.11866766772355]]},"properties":{"name":"Stagecoach Rd","mtfcc_code":"S1400","tnmfrc":4,"interstate":null,"us_route":null,"state_route":null,"county_route":null,"road_class":"local","usgs_layer_id":"32"}},
{"type":"Feature","geometry":{"type":"LineString","coordinates":[[-85.729144664544691,35.079597660953816],[-85.729150664392463,35.079625660972077],[-85.729170664483959,35.079671661611293],[-85.729211664491828,35.079725661273827],[-85.729250664849886,35.079763661341659],[-85.729410664683471,35.07984566162115],[-85.729727664875867,35.079921661627282],[-85.729791665348301,35.079934661060257],[-85.73035166521494,35.080048661653706],[-85.73121966505316,35.080222661594668],[-85.731651665771622,35.080304661412825],[-85.732062665675343,35.080389661226995],[-85.732465666081481,35.080473661172562],[-85.732693665687123,35.080510661112413],[-85.732823665383464,35.080515661480462],[-85.732941666282542,35.080519661333632],[-85.73314066557586,35.080516661259978],[-85.733338665942583,35.080518661554144],[-85.733468665638924,35.08052066111312]]},"properties":{"name":"Kelly Cove Rd","mtfcc_code":"S1400","tnmfrc":4,"interstate":null,"us_route":null,"state_route":null,"county_route":null,"road_class":"local","usgs_layer_id":"32"}},
{"type":"Feature","geometry":{"type":"LineString","coordinates":[[-85.751873673471792,35.120869668465623],[-85.751938673769104,35.120542668773069],[-85.751837673486776,35.120153668975242],[-85.751664673234401,35.119792668241509],[-85.751401673468678,35.119439668409406],[-85.751387673224968,35.119375668215653],[-85.751370673506528,35.119301668319316],[-85.751358673810969,35.119257668805844],[-85.751347673042005,35.119209668374381],[-85.751332673871715,35.119161668649312],[-85.751318673628006,35.119111668813872],[-85.751286673840951,35.119018668612071],[-85.751269673224201,35.118973668168159],[-85.751252673505775,35.118930668520889],[-85.751223673193437,35.118844668423456],[-85.751209672949742,35.118799668618223],[-85.751179673710823,35.118699668472189],[-85.751151673223418,35.118643668072309],[-85.751117673786553,35.118587668368676],[-85.751079673253386,35.118530668578373],[-85.751038673245517,35.11847666816012],[-85.751002673260501,35.118421668391285],[-85.750974673671408,35.118367668635578],[-85.750953672856696,35.118312668058415],[-85.750939673511311,35.11825766817887],[-85.750929673465578,35.118199668105369],[-85.75092067324475,35.118137668513192],[-85.750907672825946,35.118076668192906],[-85.750891672932426,35.118016667881463],[-85.750874673214,35.117955668205319],[-85.750841673602025,35.117829668488795],[-85.75082567281018,35.117764668442192],[-85.75080867309174,35.117695668109903],[-85.750793673023125,35.117624668335324],[-85.750775673479794,35.117553668498807],[-85.750755673388298,35.117481667804491],[-85.75073267292376,35.11740766839219],[-85.750709673357534,35.117332668114912],[-85.750684673243171,35.117260667960153],[-85.750657673478997,35.117189667806429],[-85.750630672816513,35.11711766826005],[-85.75060467287723,35.117047668048158],[-85.750580673486112,35.116975668376298],[-85.750553672823628,35.116904667974204],[-85.750528672709265,35.116835667648367],[-85.750498673470346,35.116771668348207],[-85.750460672937194,35.116708668333516],[-85.750430672799965,35.116647667678038],[-85.750400672662749,35.116590668000008],[-85.750367673050775,35.116533668282145],[-85.750334673438815,35.116478667936377],[-85.7502716727913,35.116351668065043],[-85.75019567262332,35.116215668041193],[-85.750154672615452,35.116146667866602],[-85.75010167291201,35.116079667790331],[-85.750004672827615,35.115934668061634],[-85.749814672856829,35.11567966781142],[-85.749182673020144,35.114938667431062],[-85.749071672692054,35.114794667970344],[-85.748357671941307,35.113955667740541],[-85.748240672663755,35.113871667746267],[-85.748158672647989,35.113827667504729],[-85.747984672570723,35.113782667132959],[-85.74770867238621,35.113733667777623],[-85.747654671959523,35.113706667820317],[-85.747406672262414,35.113364667096761]]},"properties":{"name":"Willy Anderson Rd","mtfcc_code":"S1400","tnmfrc":4,"interstate":null,"us_route":null,"state_route":null,"county_route":null,"road_class":"local","usgs_layer_id":"32"}},
{"type":"Feature","geometry":{"type":"LineString","coordinates":[[-85.735943666180489,35.076972660674251],[-85.735859666514912,35.076983660196305],[-85.735649666452616,35.077013660756535],[-85.735607666619828,35.077013660756535],[-85.735523666055926,35.077015660401408]]},"properties":{"name":"Ables Rd","mtfcc_code":"S1400","tnmfrc":4,"interstate":null,"us_route":null,"state_route":null,"county_route":null,"road_class":"local","usgs_layer_id":"32"}},
{"type":"Feature","geometry":{"type":"LineString","coordinates":[[-85.741164668323577,35.083341661403395],[-85.741364668340125,35.083442661304481],[-85.741689668928444,35.083607661477949],[-85.741863669005724,35.083713661956892],[-85.741959668366874,35.083800661373182],[-85.742014668618452,35.083883661743805],[-85.74208766841339,35.084063661478005],[-85.742110668877913,35.084179661651689],[-85.742113668352658,35.084194661345251],[-85.742127668596353,35.084261661903021],[-85.742129669144504,35.084275661848046],[-85.74213366844414,35.084307661398356],[-85.742139668291941,35.08434866147001],[-85.742146668862929,35.084403661444121],[-85.742140669015157,35.084433661481206]]},"properties":{"name":"Ellis Cove Rd","mtfcc_code":"S1400","tnmfrc":4,"interstate":null,"us_route":null,"state_route":null,"county_route":null,"road_class":"local","usgs_layer_id":"32"}},
{"type":"Feature","geometry":{"type":"LineString","coordinates":[[-85.779425678768817,35.07092265770109],[-85.77918167837133,35.071194657191782],[-85.779035678781483,35.072127657860364],[-85.778912678757834,35.072923658084214],[-85.778105678120653,35.073993658075594],[-85.776925678112903,35.075332658133277],[-85.776060677749413,35.076316658761236]]},"properties":{"name":"Sweetens Cove Rd","mtfcc_code":"S1400","tnmfrc":4,"interstate":null,"us_route":null,"state_route":null,"county_route":null,"road_class":"local","usgs_layer_id":"32"}},
{"type":"Feature","geometry":{"type":"LineString","coordinates":[[-85.736409668132438,35.102969665983103],[-85.736357668253888,35.103096666132565],[-85.736345668558329,35.10319966555867]]},"properties":{"name":"Goff Payne Rd","mtfcc_code":"S1400","tnmfrc":4,"interstate":null,"us_route":null,"state_route":null,"county_route":null,"road_class":"local","usgs_layer_id":"32"}},
{"type":"Feature","geometry":{"type":"LineString","coordinates":[[-85.73672966779958,35.101226665472929],[-85.736819668211254,35.101360665741247],[-85.736844668325617,35.10148866571506],[-85.736852667823214,35.101693665306158],[-85.736884668508594,35.101799665795951],[-85.73691866794546,35.101858665301656],[-85.737072667931258,35.102024665213968],[-85.737215668046375,35.10212966575876],[-85.737257668777502,35.102163665416221],[-85.737311668305864,35.102238665691317],[-85.737372668405229,35.102434665594373],[-85.737377668428081,35.102466665368766],[-85.737372668405229,35.102552665848684],[-85.737316668328717,35.102692665393235],[-85.737270668297967,35.102735665525259],[-85.737144668799587,35.102776665886431],[-85.736754667913942,35.102785665855414]]},"properties":{"name":null,"mtfcc_code":"S1400","tnmfrc":4,"interstate":null,"us_route":null,"state_route":null,"county_route":null,"road_class":"local","usgs_layer_id":"32"}},
{"type":"Feature","geometry":{"type":"LineString","coordinates":[[-85.765286676795455,35.113779666813329],[-85.7655846776196,35.113988666769814],[-85.766478677397089,35.114616667193218],[-85.766777678046168,35.114826667300953]]},"properties":{"name":null,"mtfcc_code":"S1400","tnmfrc":4,"interstate":null,"us_route":null,"state_route":null,"county_route":null,"road_class":"local","usgs_layer_id":"32"}},
{"type":"Feature","geometry":{"type":"LineString","coordinates":[[-85.766100677105314,35.110852666106275],[-85.765956677165278,35.11130966600426],[-85.765805677552549,35.111793666144017],[-85.765569677550985,35.112694666696989],[-85.765449677002067,35.113159666731313],[-85.7654296769106,35.113237666780627],[-85.765416677390107,35.113283666831187],[-85.76531867748082,35.113654666625386],[-85.765286676795455,35.113779666813329]]},"properties":{"name":"Tate Cove Rd","mtfcc_code":"S1400","tnmfrc":4,"interstate":null,"us_route":null,"state_route":null,"county_route":null,"road_class":"local","usgs_layer_id":"32"}},
{"type":"Feature","geometry":{"type":"LineString","coordinates":[[-85.741895668792779,35.081875661270303],[-85.741745668106631,35.082352661441675],[-85.741676668509655,35.082506661368328],[-85.741650668570401,35.082544661611053],[-85.741539668242311,35.0826356612884],[-85.741453668028598,35.082889661514962],[-85.741365668165017,35.083103661491336],[-85.741325667982068,35.083171661222011],[-85.741259668758133,35.083251661524507],[-85.741164668323577,35.083341661403395]]},"properties":{"name":null,"mtfcc_code":"S1400","tnmfrc":4,"interstate":null,"us_route":null,"state_route":null,"county_route":null,"road_class":"local","usgs_layer_id":"32"}},
{"type":"Feature","geometry":{"type":"LineString","coordinates":[[-85.735449666436082,35.071868659256459],[-85.735634666384001,35.071882659122544],[-85.735797666590614,35.071896659721446],[-85.735889665753803,35.07191065958267]]},"properties":{"name":null,"mtfcc_code":"S1400","tnmfrc":4,"interstate":null,"us_route":null,"state_route":null,"county_route":null,"road_class":"local","usgs_layer_id":"32"}},
{"type":"Feature","geometry":{"type":"LineString","coordinates":[[-85.735712666201806,35.079467660848309],[-85.735710666551995,35.079485660784798],[-85.735680666414751,35.07976466113039],[-85.735671666193923,35.079858661066169]]},"properties":{"name":"Martin Gains Rd","mtfcc_code":"S1400","tnmfrc":4,"interstate":null,"us_route":null,"state_route":null,"county_route":null,"road_class":"local","usgs_layer_id":"32"}},
{"type":"Feature","geometry":{"type":"LineString","coordinates":[[-85.736188668199503,35.100705665468368],[-85.736538668003874,35.100705665468368],[-85.736720668477048,35.100690665136781]]},"properties":{"name":null,"mtfcc_code":"S1400","tnmfrc":4,"interstate":null,"us_route":null,"state_route":null,"county_route":null,"road_class":"local","usgs_layer_id":"32"}},
{"type":"Feature","geometry":{"type":"LineString","coordinates":[[-85.736409668132438,35.102969665983103],[-85.736526668308301,35.102971665726585],[-85.736758668111889,35.102949665605891]]},"properties":{"name":"Goff Payne Rd","mtfcc_code":"S1400","tnmfrc":4,"interstate":null,"us_route":null,"state_route":null,"county_route":null,"road_class":"local","usgs_layer_id":"32"}},
{"type":"Feature","geometry":{"type":"LineString","coordinates":[[-85.735889665753803,35.07191065958267],[-85.735916666416301,35.071968659507498],[-85.735944666005395,35.072083659350533],[-85.736076666249872,35.07261765974625],[-85.736121666455716,35.072795659591741],[-85.736162666463585,35.07296165984954],[-85.736219666365002,35.073170659317455],[-85.736375666000626,35.073737659835459],[-85.736514666816106,35.074295659918093],[-85.736527666336585,35.07434665989738],[-85.736594666283722,35.074675660093348],[-85.736711666459598,35.075339659975],[-85.736728667076349,35.075532660315524],[-85.736737666398867,35.075768659848734],[-85.736794667198581,35.077131660304623],[-85.736821666962769,35.077613660823189],[-85.736845667252226,35.078571661114601],[-85.736871667191465,35.079079661088521],[-85.736930666742708,35.080183661221881]]},"properties":{"name":"Ellis Rd","mtfcc_code":"S1400","tnmfrc":4,"interstate":null,"us_route":null,"state_route":null,"county_route":null,"road_class":"local","usgs_layer_id":"32"}},
{"type":"Feature","geometry":{"type":"LineString","coordinates":[[-85.736483667752267,35.089754663296659],[-85.73625466742341,35.089737663087391],[-85.735567667335161,35.089688663242811],[-85.735338667006303,35.089672663422157],[-85.735165666753943,35.08965266345821],[-85.734646666895173,35.089592662801863],[-85.734474666467733,35.089573663221877]]},"properties":{"name":null,"mtfcc_code":"S1400","tnmfrc":4,"interstate":null,"us_route":null,"state_route":null,"county_route":null,"road_class":"local","usgs_layer_id":"32"}},
{"type":"Feature","geometry":{"type":"LineString","coordinates":[[-85.735720666597729,35.079393660740948],[-85.735712666201806,35.079467660848309]]},"properties":{"name":"Martin Gains Rd","mtfcc_code":"S1400","tnmfrc":4,"interstate":null,"us_route":null,"state_route":null,"county_route":null,"road_class":"local","usgs_layer_id":"32"}},
{"type":"Feature","geometry":{"type":"LineString","coordinates":[[-85.733223665416531,35.071628659183432],[-85.733691665221684,35.071694659145209],[-85.734205665955898,35.071750659449698],[-85.734222665674338,35.071748659675812]]},"properties":{"name":null,"mtfcc_code":"S1400","tnmfrc":4,"interstate":null,"us_route":null,"state_route":null,"county_route":null,"road_class":"local","usgs_layer_id":"32"}},
{"type":"Feature","geometry":{"type":"LineString","coordinates":[[-85.735720666597729,35.079393660740948],[-85.73526966651103,35.079332660830445],[-85.735116666350152,35.079316661183839],[-85.734540666589965,35.079259661130735],[-85.733310665455178,35.079062660859812],[-85.733179665933932,35.079042661234844],[-85.733089665522229,35.079008660758447],[-85.733008666229694,35.078949660892739],[-85.73297966591737,35.078921660642514],[-85.732945665582179,35.078848661310161],[-85.732914665620058,35.078693661292768]]},"properties":{"name":null,"mtfcc_code":"S1740","tnmfrc":4,"interstate":null,"us_route":null,"state_route":null,"county_route":null,"road_class":"local","usgs_layer_id":"32"}},
{"type":"Feature","geometry":{"type":"LineString","coordinates":[[-85.735013666417984,35.073733659649804],[-85.735018666440851,35.073923659796804],[-85.735054666425853,35.074138659623095],[-85.735113665977096,35.074388659683393],[-85.735160665832765,35.074698660341248],[-85.735190665969981,35.075057660397512],[-85.735256666092226,35.075316659907791],[-85.735305666496032,35.075740659977178],[-85.735414666275986,35.076358660473993],[-85.735443666588282,35.076522660443331],[-85.735471666177389,35.076745660114838],[-85.735523666055926,35.077015660401408]]},"properties":{"name":"Martin Gains Rd","mtfcc_code":"S1400","tnmfrc":4,"interstate":null,"us_route":null,"state_route":null,"county_route":null,"road_class":"local","usgs_layer_id":"32"}},
{"type":"Feature","geometry":{"type":"LineString","coordinates":[[-85.733335665569541,35.069834658760641],[-85.732906665224135,35.069490658710457],[-85.732743665017509,35.069346659113904],[-85.732411664756498,35.069052658903594],[-85.731946664426076,35.068594658971818],[-85.731501665085474,35.068125658696431],[-85.731232664573653,35.067851658666363],[-85.731118664770833,35.067719659091075],[-85.731062664694335,35.067654658792804],[-85.730633664348929,35.067213658863928],[-85.730588664143099,35.067166658610986],[-85.730174663866293,35.066736658419174],[-85.72951866374018,35.066022658343257],[-85.729191663502036,35.065687658789237],[-85.728358663823897,35.064835657977895],[-85.727287663596087,35.063688658171792],[-85.727104663297979,35.063479657951447],[-85.726555663301994,35.062886657611344],[-85.726436662577967,35.062751658103736],[-85.726196663276781,35.062506657691806],[-85.726000662559883,35.062264658024709],[-85.725887662581982,35.062061657869172],[-85.725885662932171,35.062047657789144],[-85.72588166273421,35.06201865761571],[-85.725894663152999,35.061982658121401],[-85.72592766276496,35.061942657847602],[-85.725976663168765,35.061909657606996],[-85.726125663131683,35.061838657779376],[-85.726293662462851,35.061758657806415],[-85.726857663425776,35.061449658011185],[-85.726914663327193,35.061418657598288],[-85.727443663231711,35.061129657594897],[-85.728246663670916,35.060743657455014],[-85.728681663864094,35.060552657484351]]},"properties":{"name":null,"mtfcc_code":"S1740","tnmfrc":4,"interstate":null,"us_route":null,"state_route":null,"county_route":null,"road_class":"local","usgs_layer_id":"32"}},
{"type":"Feature","geometry":{"type":"LineString","coordinates":[[-85.736972667473822,35.081515661305339],[-85.736973667298741,35.081541661131453],[-85.736977667496703,35.081620661061066],[-85.736979667146514,35.081647661354459],[-85.737023667527438,35.082455661343673],[-85.737053666766371,35.083409661670792],[-85.737054667489588,35.083429661695426],[-85.73714266735314,35.084984662380577],[-85.737236667064465,35.087439662767594],[-85.737248667658349,35.087714662872195],[-85.737289667666232,35.088695662868645],[-85.737318667978542,35.089388662592242],[-85.73734466791781,35.090327663390141],[-85.737349667940691,35.090458663487546],[-85.737380667902826,35.091308663562998],[-85.737380667902826,35.091454663383089],[-85.737384668100788,35.092725663723144],[-85.737419668260884,35.094278663624536],[-85.737425668108656,35.094446664223518],[-85.737446668025058,35.095003664179451],[-85.737449668398114,35.095095664257308],[-85.737453667697764,35.095443664252095]]},"properties":{"name":"Ellis Rd","mtfcc_code":"S1400","tnmfrc":4,"interstate":null,"us_route":null,"state_route":null,"county_route":null,"road_class":"local","usgs_layer_id":"32"}},
{"type":"Feature","geometry":{"type":"LineString","coordinates":[[-85.736126668275233,35.099793665279506],[-85.736173668130888,35.10060566516556],[-85.736188668199503,35.100705665468368]]},"properties":{"name":"Goff Payne Rd","mtfcc_code":"S1400","tnmfrc":4,"interstate":null,"us_route":null,"state_route":null,"county_route":null,"road_class":"local","usgs_layer_id":"32"}},
{"type":"Feature","geometry":{"type":"LineString","coordinates":[[-85.734616665859633,35.071791659214995],[-85.734870666302854,35.071814659540529],[-85.735449666436082,35.071868659256459]]},"properties":{"name":null,"mtfcc_code":"S1400","tnmfrc":4,"interstate":null,"us_route":null,"state_route":null,"county_route":null,"road_class":"local","usgs_layer_id":"32"}},
{"type":"Feature","geometry":{"type":"LineString","coordinates":[[-85.736612667623717,35.094775664210125],[-85.736549667874527,35.094932664479792],[-85.73644566811744,35.095435664539202],[-85.736395667888729,35.095616664098038],[-85.736317668070924,35.096185664341846],[-85.736260668169535,35.096462664257075],[-85.736190667849314,35.096806664508073],[-85.736149667841445,35.097062664590474],[-85.736062667802813,35.097396664379481],[-85.735865668159306,35.097855664627872],[-85.735783668143554,35.098100664743505],[-85.735770667724751,35.098218664656493],[-85.735791667641138,35.098282664562781],[-85.735919667687668,35.098456664559343],[-85.736005667901395,35.098628665069498],[-85.73603666786353,35.098776664859109],[-85.736126668275233,35.099793665279506]]},"properties":{"name":"Goff Payne Rd","mtfcc_code":"S1400","tnmfrc":4,"interstate":null,"us_route":null,"state_route":null,"county_route":null,"road_class":"local","usgs_layer_id":"32"}},
{"type":"Feature","geometry":{"type":"LineString","coordinates":[[-85.733468665638924,35.08052066111312],[-85.733572666294307,35.080521661627721],[-85.733888665763487,35.080525661480614],[-85.733993666243791,35.080527661039397],[-85.734378666208244,35.080542661404472],[-85.734779666066245,35.080558661545801],[-85.735227666678213,35.080546661256328],[-85.735461667029952,35.080530661112647],[-85.735500666489699,35.080507661038425],[-85.735511666360352,35.080479661322912],[-85.735542666322488,35.080409661256901],[-85.735562666413969,35.080319661083749],[-85.735601666772055,35.080105661155578]]},"properties":{"name":"Kelly Cove Rd","mtfcc_code":"S1400","tnmfrc":4,"interstate":null,"us_route":null,"state_route":null,"county_route":null,"road_class":"local","usgs_layer_id":"32"}},
{"type":"Feature","geometry":{"type":"LineString","coordinates":[[-85.742140669015157,35.084433661481206],[-85.741971668960758,35.08531366158045],[-85.74188166854907,35.087072662266145]]},"properties":{"name":"Ellis Cove Rd","mtfcc_code":"S1400","tnmfrc":4,"interstate":null,"us_route":null,"state_route":null,"county_route":null,"road_class":"local","usgs_layer_id":"32"}},
{"type":"Feature","geometry":{"type":"LineString","coordinates":[[-85.745485671739701,35.11256066742564],[-85.745459671800447,35.11257966752769],[-85.745383671632467,35.112635667686611],[-85.745358671518119,35.112655667156638]]},"properties":{"name":null,"mtfcc_code":"S1400","tnmfrc":4,"interstate":null,"us_route":null,"state_route":null,"county_route":null,"road_class":"local","usgs_layer_id":"32"}},
{"type":"Feature","geometry":{"type":"LineString","coordinates":[[-85.726269663970044,35.078650660979612],[-85.726853664126139,35.078604661235005],[-85.726907663654501,35.078603661432048],[-85.727004663738867,35.078603661432048],[-85.727265663854766,35.07862366116462],[-85.727892664566909,35.078831661033313],[-85.728069664118905,35.078874661251064],[-85.728153664682807,35.078874661251064],[-85.728301664820819,35.078879660984278],[-85.728403664029742,35.078902661517404],[-85.728762664953265,35.079035661181145],[-85.72881166445876,35.079053661212946],[-85.728907664718221,35.079104661159],[-85.72899466475684,35.07916666103597],[-85.729052664483177,35.079237661228547],[-85.729079664247365,35.079314661595369],[-85.729095665039196,35.079387661245882],[-85.72912366462829,35.079509660938939],[-85.729127664826251,35.079526661074517],[-85.729139664521796,35.079579661042025],[-85.729144664544691,35.079597660953816]]},"properties":{"name":"Kelly Cove Rd","mtfcc_code":"S1400","tnmfrc":4,"interstate":null,"us_route":null,"state_route":null,"county_route":null,"road_class":"local","usgs_layer_id":"32"}},
{"type":"Feature","geometry":{"type":"LineString","coordinates":[[-85.73550366596443,35.071583659045196],[-85.735529665903698,35.071637659649248],[-85.735529665903698,35.071725659331619],[-85.735497666116643,35.071817659198921],[-85.735449666436082,35.071868659256459]]},"properties":{"name":null,"mtfcc_code":"S1640","tnmfrc":4,"interstate":null,"us_route":null,"state_route":null,"county_route":null,"road_class":"local","usgs_layer_id":"32"}},
{"type":"Feature","geometry":{"type":"LineString","coordinates":[[-85.728985663637715,35.068397658685875],[-85.729002664254466,35.068835659066856],[-85.728955664398796,35.06909065879529],[-85.728904664345166,35.069379659288956],[-85.728538663748964,35.069793659482613],[-85.728283663480838,35.070028659530152],[-85.727955663417788,35.070103659215192],[-85.727592664092938,35.070163659501787],[-85.727421663490389,35.070262659731107],[-85.727337663824798,35.070311659480858],[-85.727101663823262,35.070429659162656],[-85.72690266363162,35.070489659209578],[-85.72677466358509,35.070474659201977]]},"properties":{"name":null,"mtfcc_code":"S1740","tnmfrc":4,"interstate":null,"us_route":null,"state_route":null,"county_route":null,"road_class":"local","usgs_layer_id":"32"}},
{"type":"Feature","geometry":{"type":"LineString","coordinates":[[-85.736059666531432,35.079563660708708],[-85.735963666271971,35.079597660953816],[-85.735863666712859,35.079633660765445]]},"properties":{"name":"Kelly Cove Rd","mtfcc_code":"S1400","tnmfrc":4,"interstate":null,"us_route":null,"state_route":null,"county_route":null,"road_class":"local","usgs_layer_id":"32"}},
{"type":"Feature","geometry":{"type":"LineString","coordinates":[[-85.738850667440502,35.073678659834236],[-85.738854666740139,35.073570659821151],[-85.73884166721966,35.073394659929306],[-85.738818666755122,35.073063659238123],[-85.738764667226761,35.072588659652041],[-85.738764667226761,35.072544659185155],[-85.738770667074562,35.072260659744934]]},"properties":{"name":"Ellis Rd","mtfcc_code":"S1400","tnmfrc":4,"interstate":null,"us_route":null,"state_route":null,"county_route":null,"road_class":"local","usgs_layer_id":"32"}},
{"type":"Feature","geometry":{"type":"LineString","coordinates":[[-85.758278674922281,35.117202667911627],[-85.75803867562108,35.11651666777842],[-85.758193675431784,35.11621166773449],[-85.75846567541835,35.11567766764496],[-85.759892675298317,35.115506667190211],[-85.76044867586532,35.115858667082151],[-85.760889675906284,35.115599666992161],[-85.761811676171192,35.115058667399587]]},"properties":{"name":null,"mtfcc_code":"S1400","tnmfrc":4,"interstate":null,"us_route":null,"state_route":null,"county_route":null,"road_class":"local","usgs_layer_id":"32"}},
{"type":"Feature","geometry":{"type":"LineString","coordinates":[[-85.7500876726683,35.113816667073209],[-85.750005672652534,35.113706667085467],[-85.749869673108407,35.113597667057974],[-85.749461672679402,35.113270667570326],[-85.749195672540623,35.113044667483408],[-85.749149672509873,35.113005667375724],[-85.749089672235399,35.112955667436452],[-85.748915672158134,35.112802667079023]]},"properties":{"name":"Ellis Rd","mtfcc_code":"S1400","tnmfrc":4,"interstate":null,"us_route":null,"state_route":null,"county_route":null,"road_class":"local","usgs_layer_id":"32"}},
{"type":"Feature","geometry":{"type":"LineString","coordinates":[[-85.736930666742708,35.080183661221881],[-85.736936666590495,35.080317660784715],[-85.736945666811337,35.080478660807792],[-85.736954667032165,35.080719661093219],[-85.736955666857071,35.080739661042223],[-85.736956666681991,35.080854661021341],[-85.736957667405207,35.080986661404843],[-85.736958667230127,35.08108866105362],[-85.736967667450955,35.0813826612738],[-85.736972667473822,35.081515661305339]]},"properties":{"name":"Ellis Rd","mtfcc_code":"S1400","tnmfrc":4,"interstate":null,"us_route":null,"state_route":null,"county_route":null,"road_class":"local","usgs_layer_id":"32"}},
{"type":"Feature","geometry":{"type":"LineString","coordinates":[[-85.735523666055926,35.077015660401408],[-85.735194666167956,35.077014660578975],[-85.735111666327271,35.077014660578975],[-85.734975665884832,35.077008660173789],[-85.734406665797351,35.076943660657378],[-85.734343666048161,35.076954660183347],[-85.734261666032381,35.07700566070622],[-85.734244666313955,35.077030660677018],[-85.734197666458286,35.077107660921243],[-85.734175665818668,35.077226660888357],[-85.734183666214577,35.077343660309957]]},"properties":{"name":"Ables Rd","mtfcc_code":"S1400","tnmfrc":4,"interstate":null,"us_route":null,"state_route":null,"county_route":null,"road_class":"local","usgs_layer_id":"32"}},
{"type":"Feature","geometry":{"type":"LineString","coordinates":[[-85.735523666055926,35.077015660401408],[-85.735600666048811,35.077487660498825],[-85.735608666444719,35.07753466068926],[-85.735639666406868,35.078022660628513],[-85.735713666925037,35.078497660929727],[-85.735736666491249,35.078915661112738],[-85.735743666163941,35.079031661255272],[-85.735720666597729,35.079393660740948]]},"properties":{"name":"Martin Gains Rd","mtfcc_code":"S1400","tnmfrc":4,"interstate":null,"us_route":null,"state_route":null,"county_route":null,"road_class":"local","usgs_layer_id":"32"}},
{"type":"Feature","geometry":{"type":"LineString","coordinates":[[-85.735671666193923,35.079858661066169],[-85.735655666300403,35.079906661148023],[-85.735621666863523,35.080016661167875],[-85.73561266664268,35.080054661100164],[-85.735601666772055,35.080105661155578]]},"properties":{"name":"Martin Gains Rd","mtfcc_code":"S1400","tnmfrc":4,"interstate":null,"us_route":null,"state_route":null,"county_route":null,"road_class":"local","usgs_layer_id":"32"}},
{"type":"Feature","geometry":{"type":"LineString","coordinates":[[-85.73641266850548,35.103651666060934],[-85.736535668529143,35.103820665948057],[-85.736906668249901,35.104327665711864],[-85.73703066809847,35.104497665887706]]},"properties":{"name":null,"mtfcc_code":"S1400","tnmfrc":4,"interstate":null,"us_route":null,"state_route":null,"county_route":null,"road_class":"local","usgs_layer_id":"32"}},
{"type":"Feature","geometry":{"type":"LineString","coordinates":[[-85.771777676663049,35.068432657629373],[-85.771897676313642,35.06846265692193],[-85.772199676437438,35.068491657011791],[-85.772369676316757,35.06849965716156],[-85.772985676259893,35.068501657015062],[-85.77344767711557,35.068490657084936],[-85.773689676964921,35.068485657450402],[-85.773949677255914,35.068479657153304],[-85.775514677228131,35.068506657383864],[-85.775720677092465,35.068529657164682],[-85.775838677093247,35.06856865722586],[-85.775959677467057,35.068623656809088],[-85.776538677600286,35.069065657127183],[-85.776657677425973,35.069144657372718],[-85.777824677913259,35.0697656575609],[-85.778058678264998,35.069903656961081],[-85.778082678554441,35.069920657627556],[-85.778403678046487,35.070145657508867],[-85.778988678027488,35.070579657726761],[-85.779184678744386,35.070720657654945],[-85.779425678768817,35.07092265770109]]},"properties":{"name":"Sweetens Cove Rd","mtfcc_code":"S1400","tnmfrc":4,"interstate":null,"us_route":null,"state_route":null,"county_route":null,"road_class":"local","usgs_layer_id":"32"}},
{"type":"Feature","geometry":{"type":"LineString","coordinates":[[-85.767097675018348,35.067079656898031],[-85.767070675254175,35.06710165713713],[-85.766944674857484,35.067173657477092],[-85.766733674970268,35.067255657174194],[-85.766559674893003,35.067324657554892],[-85.766395674861471,35.067376657419658],[-85.766304674624877,35.067395657022651],[-85.766176674578361,35.067407657040498],[-85.765819674202987,35.067429657191141],[-85.765679674460884,35.067428657251263],[-85.765538673995593,35.067408656980639],[-85.765510674406499,35.067404657220017],[-85.765153674031112,35.067282657074387],[-85.765058674494867,35.067250657464022],[-85.764783674135259,35.067158657595314],[-85.764662673761435,35.067106657591644],[-85.764201673628989,35.066820656979509],[-85.764063673536725,35.066760657176417],[-85.763967674175561,35.066732657155157],[-85.763822673512294,35.066731657206738],[-85.763725673427928,35.066761657124481],[-85.763676673922433,35.066790657083445],[-85.763625673868802,35.066823657556718],[-85.763543673853036,35.066903656977573],[-85.763334673615674,35.067174657420104],[-85.763207673394078,35.067280657191013],[-85.763061673804202,35.067356657136237],[-85.763019673971399,35.067365657337916],[-85.762958673872035,35.06735365731388],[-85.762796673490328,35.067224657495643],[-85.762623673237968,35.067075657121286],[-85.762430673792437,35.067006657265374],[-85.76199767324907,35.066887657099713],[-85.761247673411631,35.066746657166981],[-85.760733672677418,35.066626657407838],[-85.760585672539392,35.066576657701198],[-85.760462672515757,35.06650965732571],[-85.760364672606471,35.066457657643916],[-85.760192673077341,35.066331657004909],[-85.760135673175938,35.066301657664397],[-85.759820672633339,35.066230657245029],[-85.759533672578172,35.066200657132185],[-85.757998671844859,35.065957657428925],[-85.757837672186369,35.065939657449348],[-85.757671671606701,35.0659336569651],[-85.757444671825979,35.065941657365592],[-85.75696067212732,35.065985657716048],[-85.756679671919912,35.066016657129886],[-85.756487671400976,35.06603865765544],[-85.755837671122649,35.066150657164584],[-85.755416671173165,35.066192657492294],[-85.755068671018634,35.066192657492294],[-85.754484670862524,35.066160657454674],[-85.75397967124745,35.066112657374603],[-85.753876671315297,35.066092657516741],[-85.753825671261666,35.06607765743631],[-85.753599671305864,35.066011657343815],[-85.75265867077438,35.06570865723674],[-85.752465670430524,35.065684657435],[-85.752134670892744,35.065696657704393],[-85.751369670088366,35.065771657693801],[-85.751078669835223,35.065783657215128],[-85.750920670549803,35.065775657534431],[-85.750322670149998,35.065710657893909],[-85.750203670324296,35.06570865723674],[-85.750004670132668,35.065731657806062],[-85.749809670139001,35.065785657870407],[-85.749564669916623,35.065828657610197],[-85.749218669411903,35.065868657450395],[-85.748898669744761,35.065896657768036],[-85.748471669049181,35.06597765805509],[-85.747835669014549,35.066127657448611],[-85.747358668988568,35.066245658032614],[-85.746845668977599,35.066281657852834],[-85.74642166865506,35.066328657880156],[-85.746237668532032,35.066388658000797],[-85.746103668637744,35.066443657582518],[-85.745853668392485,35.066572657899812],[-85.745636668657511,35.066760657911637],[-85.745547668969039,35.066869658060448],[-85.745461668755325,35.066994657923772],[-85.745343668754543,35.067086657977384],[-85.745241668647296,35.067126657936328],[-85.745202668289238,35.067143658446035],[-85.74500366809761,35.067153657879189],[-85.744925668279805,35.067184658319974],[-85.744853668309773,35.067237658216129],[-85.744399668748343,35.067735658070632],[-85.744156668175776,35.068020658485011],[-85.743964668555165,35.068429658581763],[-85.743847668379303,35.068882658358781],[-85.743790668477885,35.06917565852774],[-85.743799668698699,35.069355658360898],[-85.743845668729477,35.069575658761529],[-85.74401166841082,35.070104658387059],[-85.744202668206526,35.070569658713339],[-85.744226668495983,35.070706659059979],[-85.744208668054313,35.070772659032166],[-85.743986668296458,35.071165658797518],[-85.74383866815846,35.071362659019179],[-85.74380466872158,35.071394659223003],[-85.743748668645097,35.071445658809708],[-85.743693668393504,35.071496659099708],[-85.743659668058314,35.071527659361379],[-85.743596668309124,35.071576659086809],[-85.743576668217642,35.071589659114082],[-85.743364668505535,35.071721659047391],[-85.742821668357323,35.072045659382006],[-85.742806668288708,35.072052659300113],[-85.742679668067098,35.072117659036607],[-85.742194667645194,35.072406659104267],[-85.741864667932319,35.072574659171849],[-85.741781668091633,35.072593659035213],[-85.741576668052232,35.072589659528695],[-85.741192667912671,35.072568659175388],[-85.740632667147707,35.072503659062953],[-85.739809667515317,35.072395659700447],[-85.738770667074562,35.072260659744934]]},"properties":{"name":"Fish Trap Rd","mtfcc_code":"S1400","tnmfrc":4,"interstate":null,"us_route":null,"state_route":null,"county_route":null,"road_class":"local","usgs_layer_id":"32"}},
{"type":"Feature","geometry":{"type":"LineString","coordinates":[[-85.718045661205778,35.080977661970216],[-85.718352661352441,35.080903661762257],[-85.718731661469135,35.080837661897618],[-85.719048661661546,35.080724662183663],[-85.719153662141835,35.080668662156782],[-85.719406661861811,35.080498661550962],[-85.719723662054221,35.08032066160083],[-85.719949662010023,35.080168661525946],[-85.720230662217432,35.079946661439742],[-85.720388662401177,35.079863661474235],[-85.720704662768668,35.079730661689979],[-85.721183662444474,35.079555661643568],[-85.721275662505974,35.079535661404364],[-85.721316662513857,35.079530661711345],[-85.721557662538288,35.079503661452421],[-85.72157566297993,35.079496661438306],[-85.721669662691284,35.079464661471128],[-85.721857663012258,35.079375661519258],[-85.722023662693616,35.079343661504602],[-85.722334663038239,35.079322661419233],[-85.722596662979043,35.079317661713212],[-85.722690662690383,35.0793156613896],[-85.72298266276843,35.079278661642959],[-85.723345662991591,35.079192661610691],[-85.723531662764415,35.079149661560542],[-85.72403466362799,35.079005661364398],[-85.724375663211518,35.078830661233134],[-85.724469662922857,35.078805661078754],[-85.724606663190201,35.078799661540451],[-85.724812663054536,35.078833661368783],[-85.725007663946514,35.078878661184696],[-85.725195663369178,35.078913661514441],[-85.725276663560024,35.07892066157855],[-85.725443663964612,35.078904661115985],[-85.725535664026111,35.078880661519015],[-85.725833663951946,35.07877266103965],[-85.726050663686934,35.078708661259888],[-85.726269663970044,35.078650660979612]]},"properties":{"name":"Kelly Cove Rd","mtfcc_code":"S1400","tnmfrc":4,"interstate":null,"us_route":null,"state_route":null,"county_route":null,"road_class":"local","usgs_layer_id":"32"}},
{"type":"Feature","geometry":{"type":"LineString","coordinates":[[-85.735863666712859,35.079633660765445],[-85.735771666651345,35.07970766139028],[-85.73572466679569,35.079772660910137],[-85.735687666985768,35.079830661127929],[-85.735671666193923,35.079858661066169]]},"properties":{"name":"Kelly Cove Rd","mtfcc_code":"S1400","tnmfrc":4,"interstate":null,"us_route":null,"state_route":null,"county_route":null,"road_class":"local","usgs_layer_id":"32"}},
{"type":"Feature","geometry":{"type":"LineString","coordinates":[[-85.734222665674338,35.071748659675812],[-85.734365665789468,35.071764659335976],[-85.734616665859633,35.071791659214995]]},"properties":{"name":null,"mtfcc_code":"S1400","tnmfrc":4,"interstate":null,"us_route":null,"state_route":null,"county_route":null,"road_class":"local","usgs_layer_id":"32"}},
{"type":"Feature","geometry":{"type":"LineString","coordinates":[[-85.735863666712859,35.079633660765445],[-85.735712666201806,35.079467660848309]]},"properties":{"name":null,"mtfcc_code":"S1400","tnmfrc":4,"interstate":null,"us_route":null,"state_route":null,"county_route":null,"road_class":"local","usgs_layer_id":"32"}},
{"type":"Feature","geometry":{"type":"LineString","coordinates":[[-85.73641266850548,35.103651666060934],[-85.736103667810681,35.103675665718384],[-85.735981668510277,35.103698665873374],[-85.735889668448763,35.103716665606747],[-85.735645668051291,35.103801666008678],[-85.73535866799611,35.103810665864501],[-85.735034668131007,35.103783666294127],[-85.734701668045076,35.103722666251919],[-85.734536667290314,35.103693666191724],[-85.734346667319528,35.103667666078337],[-85.734275668072726,35.103646665641477],[-85.734159667721769,35.103611665636294],[-85.734034667149984,35.103534666160002],[-85.733866667818816,35.103470665967215],[-85.733673667474974,35.103424666256956],[-85.733268667419011,35.103424666256956],[-85.733051667684038,35.103457665875979],[-85.732747667012106,35.103545665774654],[-85.732639667057057,35.103555665890781],[-85.732462667505075,35.103574665887493],[-85.732291666902526,35.103574665887493],[-85.732171667251919,35.103545665774654],[-85.7320366666344,35.103490666216587],[-85.731963666839462,35.103432665920863],[-85.731802667180986,35.103253665812304],[-85.731755667325316,35.103217666137134],[-85.731638667149454,35.103162666357754],[-85.731511666927844,35.103122665693142],[-85.730977667000474,35.103038666291376],[-85.730723666557253,35.103035666311179],[-85.730238666135349,35.103119665716022],[-85.730103666416142,35.103151665956474],[-85.729824666756883,35.103248666103362],[-85.729491666670953,35.103363665946098],[-85.729371666122049,35.103428666456452],[-85.729145666166232,35.103592666383143],[-85.729024665792394,35.103658666206719],[-85.728846666415478,35.103731666116452],[-85.728558665637081,35.103829666536718],[-85.728412666047205,35.103865665941591],[-85.728167665824841,35.103957666308247],[-85.727930665998372,35.104100666320591],[-85.727794665555919,35.104183666608378],[-85.727351665865143,35.10456166674394],[-85.727263666001605,35.104667666443916],[-85.727132665582019,35.104878666684371],[-85.72691866532179,35.105283666353905],[-85.726860665595467,35.105375666589921]]},"properties":{"name":null,"mtfcc_code":"S1740","tnmfrc":4,"interstate":null,"us_route":null,"state_route":null,"county_route":null,"road_class":"local","usgs_layer_id":"32"}},
{"type":"Feature","geometry":{"type":"LineString","coordinates":[[-85.742140669015157,35.084433661481206],[-85.742178668649984,35.084838662004422],[-85.74218166902304,35.084994661832852],[-85.742189668520652,35.085040661649884],[-85.742211669160255,35.085128661579247],[-85.742296668650781,35.08524066208706],[-85.742408668803762,35.085349661810064],[-85.7428266692785,35.085716661978246],[-85.743145669120736,35.0860426620307],[-85.743361669030804,35.086294661787129],[-85.743810669467678,35.086939662473966],[-85.743934669316232,35.087170662129026],[-85.744106669743687,35.087397662349261],[-85.744256669531524,35.08755966205856],[-85.74446366922075,35.087735662267356],[-85.744572669899014,35.087840662102501],[-85.744789669634002,35.088102662725788],[-85.744972669932082,35.088270662082174],[-85.745083669361875,35.088350662529159],[-85.745726669967496,35.088766662118282],[-85.746156670137822,35.089055662753587],[-85.74649666989643,35.089249662661572],[-85.746721670027341,35.089333662304306],[-85.747037670394832,35.089415662519592],[-85.747700670193638,35.089542662466208],[-85.74879367106108,35.08974266288989],[-85.749012671344204,35.089773662834467],[-85.749132670994797,35.08979966223356],[-85.749281670957714,35.089782662768741],[-85.749408671179324,35.089725662678127],[-85.749680671165891,35.089564662529476]]},"properties":{"name":"Ellis Cove Rd","mtfcc_code":"S1400","tnmfrc":4,"interstate":null,"us_route":null,"state_route":null,"county_route":null,"road_class":"local","usgs_layer_id":"32"}},
{"type":"Feature","geometry":{"type":"LineString","coordinates":[[-85.779425678768817,35.07092265770109],[-85.779559678663105,35.071034657125452],[-85.779607678343694,35.071075657250461],[-85.779634679006193,35.071099657672704],[-85.780035678864195,35.07143965725983],[-85.780151679215123,35.071540657926022],[-85.780262678644903,35.071638657331881],[-85.780342679010843,35.071682657552032],[-85.780496678996641,35.071767657525825],[-85.781030678924012,35.071968657301838],[-85.781379678903477,35.072100657357339],[-85.783062679774801,35.072720657969427],[-85.783129679721952,35.072751657766091],[-85.783264679441174,35.072815657807112],[-85.783326679365445,35.072868657722729],[-85.783402679533424,35.072965657867456],[-85.783534679777901,35.073166657633593],[-85.783631679862296,35.073285657466649],[-85.783680680266073,35.073346657486802],[-85.783779680000279,35.073450657596815],[-85.783900680374117,35.073543657589987],[-85.783989680062561,35.073587657518182],[-85.78407968047425,35.073617657856651],[-85.785256680108958,35.074013658202951],[-85.785394680201222,35.074048657678858],[-85.785581680697291,35.074065658217066],[-85.785716680416513,35.074057657877766],[-85.785763680272183,35.074055658160411],[-85.786281680306033,35.07398765744832],[-85.787241681104078,35.073844657560585],[-85.78732368111983,35.073832657754018],[-85.788133681231756,35.073720657758493],[-85.78946768122529,35.073535657934663],[-85.790446682289925,35.073351657558753],[-85.790972681821373,35.07325365726917],[-85.7914866825556,35.073180657277007]]},"properties":{"name":"Sweetens Cove Rd","mtfcc_code":"S1400","tnmfrc":4,"interstate":null,"us_route":null,"state_route":null,"county_route":null,"road_class":"local","usgs_layer_id":"32"}},
{"type":"Feature","geometry":{"type":"LineString","coordinates":[[-85.789729683861069,35.103996664131742],[-85.789188683362667,35.103802664032948],[-85.787868682714503,35.103406663519401],[-85.787707683056027,35.103372663645452],[-85.787376682619922,35.103350663632988],[-85.786192682414182,35.103346664164611],[-85.78587368257196,35.103362663506942],[-85.785859682328265,35.103363663741277],[-85.784753681940344,35.103465664066768],[-85.784669682274767,35.103469663529367],[-85.784574681840198,35.103473663726639],[-85.784232681533439,35.10348966377898],[-85.784001681554756,35.10348966377898],[-85.782989681776499,35.103443664079464],[-85.781486680830227,35.103260663787509],[-85.779997681025989,35.103059663945174],[-85.779501680733418,35.10301366400298],[-85.779052680296545,35.103007664040526],[-85.778776680112031,35.10299566411436],[-85.778609680605754,35.102979663965058],[-85.778330680048185,35.102923663785361],[-85.778037680145218,35.102800664331625],[-85.777844679801376,35.102678664200198],[-85.776860679612199,35.101959663584047],[-85.775741679703813,35.10117966350024],[-85.775191678984584,35.100781663676159],[-85.774788678578446,35.100518663832283],[-85.774529679010683,35.10036166402962],[-85.774306678529598,35.100254663602293],[-85.774000679106166,35.100130663522165],[-85.773852678968154,35.100085663671663],[-85.773737678442117,35.100063663507058],[-85.773523679080185,35.100039663521137],[-85.773151678636211,35.100027663893052],[-85.772435678235638,35.100019663895004],[-85.771809678246726,35.099987663894957],[-85.771546678481016,35.099995663896138],[-85.770461678009482,35.099979663892974],[-85.769693677730373,35.09995366406492],[-85.769585677775325,35.099950663971121],[-85.769297676996928,35.099952663788677],[-85.769191677590044,35.099964664162769],[-85.769081677086859,35.099987663894957],[-85.768656676939429,35.100076664139557],[-85.767857676698185,35.10019366385913],[-85.76683267650111,35.10031966365198],[-85.766525676354433,35.10037566415069],[-85.765984676754357,35.100420663841113],[-85.765855676882936,35.100415663958422],[-85.765752676052458,35.100390663805264],[-85.765537675967295,35.100295663741441],[-85.765029675979179,35.100036664165543],[-85.764805676571513,35.099887664181395],[-85.764697675718168,35.099793663809564],[-85.764660675908232,35.099748663773049]]},"properties":{"name":"Jackson Point Rd","mtfcc_code":"S1400","tnmfrc":4,"interstate":null,"us_route":null,"state_route":null,"county_route":null,"road_class":"local","usgs_layer_id":"32"}},
{"type":"Feature","geometry":{"type":"LineString","coordinates":[[-85.736972667473822,35.081515661305339],[-85.737389667225344,35.081602661595632],[-85.737633667622816,35.081644661322287],[-85.737953667289958,35.081723661152161],[-85.738144667085663,35.081791661298084],[-85.738290667573835,35.081843661501111],[-85.738931667631363,35.082156661047691],[-85.739172667655779,35.082279661503698],[-85.739670667598133,35.082557661361136],[-85.740245668431712,35.08285066168208],[-85.741164668323577,35.083341661403395]]},"properties":{"name":"Ellis Cove Rd","mtfcc_code":"S1400","tnmfrc":4,"interstate":null,"us_route":null,"state_route":null,"county_route":null,"road_class":"local","usgs_layer_id":"32"}},
{"type":"Feature","geometry":{"type":"LineString","coordinates":[[-85.764660675908232,35.099748663773049],[-85.764637676342019,35.09971266401994],[-85.764602676181923,35.099592664238116],[-85.764588675938228,35.099305664031235],[-85.76459567561092,35.098697663907394],[-85.764570676394868,35.098418663645624],[-85.764281675791565,35.097176663294718],[-85.764062675508441,35.096182663374442],[-85.764007675256863,35.095959663183208],[-85.763735675270297,35.095149663264017],[-85.763656675627587,35.095019662954108],[-85.763555675345245,35.094822663259848],[-85.763518675535323,35.094659662936529],[-85.763519675360229,35.094539663067494],[-85.763668675323146,35.094139663208551],[-85.763735675270297,35.093887662701512],[-85.763809675788465,35.09349866281952],[-85.763860675842082,35.093354662963229],[-85.763934675461925,35.093025662388314],[-85.763971675271861,35.092585662498301],[-85.764040675767134,35.09236066275637],[-85.764245675806549,35.091970662566069],[-85.764255675852283,35.091867662183695],[-85.764235675760816,35.091756662332529],[-85.764189675730051,35.091662662141694],[-85.764024674975289,35.091457662319414],[-85.763521675010054,35.09100466218252],[-85.763210675563741,35.090626662401021],[-85.762868675256968,35.090050661745138],[-85.762711674898142,35.08972466227646],[-85.762706674875275,35.089516662250126],[-85.762795674563733,35.089310661771925],[-85.763097674687529,35.088721661876328],[-85.763464675108636,35.088185661659125],[-85.763628675140168,35.087870661610552],[-85.763669675148066,35.087517661701952],[-85.763625674767127,35.086987661329658],[-85.76359067460703,35.08669966115604],[-85.763493674522636,35.086489661353198],[-85.76323967497774,35.086223661120741],[-85.762929674458036,35.085885661552531],[-85.762243674194693,35.084819661316978],[-85.761151674050481,35.083315660680796],[-85.76059967368144,35.082657660274265],[-85.760397674015067,35.082447660356721],[-85.760243674029269,35.082264660722942],[-85.760187673952771,35.082114660849498],[-85.760239673831308,35.082016660792995],[-85.760395673466931,35.081914660834229],[-85.760830673660109,35.08188966015463],[-85.761422674212113,35.081822660589047],[-85.761922673804321,35.081720660387717],[-85.762373673891034,35.081577660085287],[-85.762927674808211,35.081301660103648],[-85.763347674932788,35.081191660346178],[-85.763772675080205,35.080900660232444],[-85.764226674641662,35.080413660380131],[-85.764287674741027,35.08030865980605],[-85.764430674856172,35.080300660078869],[-85.764538674811192,35.08039665969423],[-85.764655674987068,35.080619659804483],[-85.764771675338011,35.080839659978494],[-85.764895675186565,35.081472660274208],[-85.765048675347444,35.081980660562685],[-85.765189674914438,35.082213660546948],[-85.765417675418377,35.082480660379574],[-85.76626567516513,35.083405660489127],[-85.766644675281825,35.083799660898841],[-85.766792675419822,35.083897660283547],[-85.766906676120954,35.083905660393121],[-85.767022675573585,35.083859660671088],[-85.767088675695831,35.083768660888929],[-85.767090675345656,35.083163660305324],[-85.767143675947423,35.082728660369135],[-85.767309675628766,35.082428660582586],[-85.767461675964725,35.082072659894557],[-85.767617675600349,35.081636660255839],[-85.767715675509635,35.081366659823807],[-85.767813676317246,35.081238659873087],[-85.768108675870025,35.080987659708313],[-85.768308675886573,35.08060866003747],[-85.76847267591809,35.079824659459604],[-85.76847267591809,35.078940659763148],[-85.76847267591809,35.078243659526279],[-85.768563676154685,35.077571659021345],[-85.768588676269047,35.076941658805268],[-85.768712676117616,35.07646165912152],[-85.768652675843157,35.076019659160778],[-85.768507676078201,35.075602658684474],[-85.768477675940957,35.075203658428585],[-85.76858267552295,35.074335658549501],[-85.768574676025352,35.073654658700043],[-85.768630675203525,35.073401658261339],[-85.768773675318656,35.073251658267267],[-85.769283675854908,35.073141658684555],[-85.769743676162463,35.073036658309569],[-85.769902676171114,35.072834658349585],[-85.769970675943156,35.072545658327137],[-85.770006675928173,35.071682658287259],[-85.769904675820939,35.071324657979645],[-85.769641676055187,35.070843657706178],[-85.769474675650628,35.070458657818428],[-85.769165675854126,35.070068658047347],[-85.76883467541802,35.069724657513028],[-85.768785675014215,35.069482657922592],[-85.768948675220841,35.06932265744085],[-85.769190675968488,35.069298657231279],[-85.769872676033884,35.069386657230055],[-85.77012667557878,35.069355657625657],[-85.770276676264928,35.069259657518977],[-85.770450675443882,35.069003657662712],[-85.770679675772726,35.068773657221982],[-85.771067676110263,35.068757657710648],[-85.771441676204063,35.068643657517306],[-85.771777676663049,35.068432657629373]]},"properties":{"name":"Jackson Point Rd","mtfcc_code":"S1400","tnmfrc":4,"interstate":null,"us_route":null,"state_route":null,"county_route":null,"road_class":"local","usgs_layer_id":"32"}},
{"type":"Feature","geometry":{"type":"LineString","coordinates":[[-85.736795667921825,35.103571665926957],[-85.736718667928926,35.103588666191705],[-85.736511668239686,35.103638665998574],[-85.736489668498393,35.103640665725656],[-85.736432668596976,35.103649665599249],[-85.73641266850548,35.103651666060934]]},"properties":{"name":null,"mtfcc_code":"S1740","tnmfrc":4,"interstate":null,"us_route":null,"state_route":null,"county_route":null,"road_class":"local","usgs_layer_id":"32"}},
{"type":"Feature","geometry":{"type":"LineString","coordinates":[[-85.739807669662113,35.110165666739157],[-85.73968767001152,35.110216667070887],[-85.739648669653462,35.110234666834543],[-85.739423669522566,35.11033966709121],[-85.739331669461066,35.11037366699842],[-85.739310669544665,35.110382666863366],[-85.739211669810459,35.110421667491565],[-85.739081669215807,35.110472666928217],[-85.738690669403567,35.110627667541806],[-85.73865066922059,35.110644667069622],[-85.738563669181957,35.110684666982181],[-85.738500669432767,35.110713667494309],[-85.738386669629932,35.110790667537167],[-85.738280669324737,35.11090566702665],[-85.738201668783717,35.11103166716282],[-85.738135669559782,35.11124666764519],[-85.738112669095244,35.111401667521392],[-85.738118668943017,35.111516667618353],[-85.738217669575548,35.111936667839728],[-85.738278669674912,35.112270667677777],[-85.73835266929477,35.112809667908564],[-85.738375669759293,35.112977667795633],[-85.738301669241125,35.113483667803585],[-85.738315669484834,35.113636667617158],[-85.738412669569215,35.113973668147977],[-85.73850666928054,35.114254668277233],[-85.738660669266324,35.115207668308635],[-85.738659669441418,35.115365668259855],[-85.738624669281322,35.115638668062694],[-85.73860466918984,35.115921668488873],[-85.7385876694714,35.116002668336435],[-85.738498669782928,35.116454668375106],[-85.738470669295523,35.116926668736753],[-85.738439669333388,35.11724866866296],[-85.738369669911521,35.117494668597963],[-85.738256669933605,35.117772668902944],[-85.738238669491935,35.117860668775371],[-85.73822366942332,35.118249668500539],[-85.738159669849225,35.118689668744757],[-85.738137670107903,35.119043668929592],[-85.738150669628396,35.119225669011186],[-85.738210669902841,35.119568669416317],[-85.73820666970488,35.119674669435774],[-85.73820666970488,35.119684669042307],[-85.738122670039303,35.120018669449941],[-85.737957669284555,35.120526669129731],[-85.737898669733312,35.120630669327241],[-85.73783266961108,35.120723669158338],[-85.737599669982572,35.121167669329658],[-85.737468669563,35.121396669701639],[-85.737300669333521,35.1218006695646],[-85.737204669972371,35.12203066963184],[-85.737083669598533,35.122441670026134],[-85.737001669582781,35.1225486699798],[-85.736993669186845,35.122555669971902],[-85.736482669723998,35.12309266977482],[-85.736227669455886,35.123418670263845],[-85.736051669728766,35.123726669729997],[-85.7359546696444,35.123962670126389],[-85.735928669705132,35.124114670119305],[-85.735942669050516,35.124255670071776],[-85.735974669735882,35.124396670514912],[-85.73597166936284,35.12444767002102],[-85.735903669590769,35.124650669957326],[-85.735786669414921,35.125006670625503],[-85.735708669597116,35.125134670196502],[-85.735541669192514,35.125369670222604],[-85.735538669717798,35.12537967059945]]},"properties":{"name":"Fiery Gizzard Rd","mtfcc_code":"S1400","tnmfrc":4,"interstate":null,"us_route":null,"state_route":null,"county_route":null,"road_class":"local","usgs_layer_id":"32"}},
{"type":"Feature","geometry":{"type":"LineString","coordinates":[[-85.737453667697764,35.095443664252095],[-85.737459668443861,35.095893664476371],[-85.737486668208035,35.096988664276012],[-85.737497668078689,35.097429664233758],[-85.737528668040824,35.098027664936041],[-85.737570667873612,35.098362664742496],[-85.737708667965876,35.099026665115169],[-85.73789366881212,35.099593665253686],[-85.738027668706437,35.099934665429068],[-85.738231668920932,35.100365665114381],[-85.738485668465827,35.100833665000735],[-85.738732668338031,35.101222665165388],[-85.738821668924814,35.101344665271085],[-85.739043668682655,35.101647665328031],[-85.739362669423187,35.102036665283052],[-85.739449669461848,35.102159665154645],[-85.739783669372684,35.102554665602348],[-85.739836669076126,35.102617665535853],[-85.740049669511464,35.102875665490465],[-85.740217669740957,35.103059665414996],[-85.740242668956995,35.10308666596012],[-85.740492669202268,35.103404665991398],[-85.741228669694323,35.104272665946503],[-85.741495669658008,35.10459766582553],[-85.741918670155613,35.10511366561262],[-85.741961669813335,35.105165665643561],[-85.742502670311723,35.105811666455907],[-85.743892670381754,35.107472666319808],[-85.744072670306807,35.107666666502155],[-85.744234670688527,35.107873666346592],[-85.744259670802876,35.107903666567992],[-85.744610670432166,35.108324666476946],[-85.744814670646676,35.108553666203697],[-85.744852671179814,35.108596666918224],[-85.744863671050481,35.108608666754677],[-85.744900670860389,35.108652666874733],[-85.745608670865039,35.109489667006734],[-85.745862671308259,35.109789666449487],[-85.746098671309809,35.110044666760999],[-85.74805167251786,35.111948667184365],[-85.748081671756793,35.111979666769145],[-85.748373671834841,35.11228166684829],[-85.748867672477559,35.112759667114176],[-85.748915672158134,35.112802667079023]]},"properties":{"name":"Ellis Rd","mtfcc_code":"S1400","tnmfrc":4,"interstate":null,"us_route":null,"state_route":null,"county_route":null,"road_class":"local","usgs_layer_id":"32"}},
{"type":"Feature","geometry":{"type":"LineString","coordinates":[[-85.738770667074562,35.072260659744934],[-85.738194666416064,35.072182659456487],[-85.738024666536759,35.072159659234622],[-85.737169666218989,35.072057659451346],[-85.73681166601871,35.072009659163278],[-85.736465666412315,35.071974659548026],[-85.736126666478583,35.071941659687035],[-85.735889665753803,35.07191065958267]]},"properties":{"name":"Fish Trap Rd","mtfcc_code":"S1400","tnmfrc":4,"interstate":null,"us_route":null,"state_route":null,"county_route":null,"road_class":"local","usgs_layer_id":"32"}},
{"type":"Feature","geometry":{"type":"LineString","coordinates":[[-85.737453667697764,35.095443664252095],[-85.737901668309746,35.095449664036202],[-85.739245668349028,35.095470664379647],[-85.739694668785916,35.095477663757968]]},"properties":{"name":null,"mtfcc_code":"S1740","tnmfrc":4,"interstate":null,"us_route":null,"state_route":null,"county_route":null,"road_class":"local","usgs_layer_id":"32"}},
{"type":"Feature","geometry":{"type":"LineString","coordinates":[[-85.748915672158134,35.112802667079023],[-85.749010672592703,35.11297566756285],[-85.749299672297695,35.113499667360472],[-85.749396672382076,35.113674667314996]]},"properties":{"name":"Ellis Rd","mtfcc_code":"S1400","tnmfrc":4,"interstate":null,"us_route":null,"state_route":null,"county_route":null,"road_class":"local","usgs_layer_id":"32"}},
{"type":"Feature","geometry":{"type":"LineString","coordinates":[[-85.734040666997771,35.099211665193273],[-85.734034667149984,35.099446665024814],[-85.734053667416561,35.099558664978254],[-85.734078667530923,35.099615664810209],[-85.734206667577453,35.099705665005239],[-85.734385667677586,35.09981166514013],[-85.734600667762734,35.099904665214375],[-85.734703667694902,35.099925665145314],[-85.734887667817915,35.099925665145314],[-85.735983668160088,35.099804665398949],[-85.736126668275233,35.099793665279506]]},"properties":{"name":null,"mtfcc_code":"S1400","tnmfrc":4,"interstate":null,"us_route":null,"state_route":null,"county_route":null,"road_class":"local","usgs_layer_id":"32"}},
{"type":"Feature","geometry":{"type":"LineString","coordinates":[[-85.745358671518119,35.112655667156638],[-85.745341670901368,35.112738667550346],[-85.745271671479472,35.112835667310094],[-85.74520567135724,35.112889667792999],[-85.745131671737383,35.11292466748813],[-85.745039671675883,35.112936667422133],[-85.744958671485023,35.112933667806189],[-85.74490567088327,35.112918667520454],[-85.744866671423509,35.112892667410563],[-85.74484267113408,35.112850667611113],[-85.744832671088332,35.11275666749178],[-85.744872671271295,35.112660667758234],[-85.744908671256312,35.112622667587523],[-85.74496367150789,35.112586667641523],[-85.745031671279946,35.11256066742564],[-85.745111671645887,35.112542667440955],[-85.745176671044902,35.112539667075659],[-85.745282671350125,35.11257166729186],[-85.745335671053581,35.112606667123579],[-85.745358671518119,35.112655667156638]]},"properties":{"name":null,"mtfcc_code":"S1400","tnmfrc":4,"interstate":null,"us_route":null,"state_route":null,"county_route":null,"road_class":"local","usgs_layer_id":"32"}},
{"type":"Feature","geometry":{"type":"LineString","coordinates":[[-85.736930666742708,35.080183661221881],[-85.737317667255326,35.080165660704246],[-85.738416667072229,35.080114660686341],[-85.738468667849077,35.080079660871824],[-85.738791667889259,35.079864661261766]]},"properties":{"name":null,"mtfcc_code":"S1740","tnmfrc":4,"interstate":null,"us_route":null,"state_route":null,"county_route":null,"road_class":"local","usgs_layer_id":"32"}},
{"type":"Feature","geometry":{"type":"LineString","coordinates":[[-85.732593665229686,35.071553659429426],[-85.732677664895277,35.071543659800099],[-85.732839665276984,35.071552659540068],[-85.732997665460729,35.07158365978043],[-85.733223665416531,35.071628659183432]]},"properties":{"name":null,"mtfcc_code":"S1400","tnmfrc":4,"interstate":null,"us_route":null,"state_route":null,"county_route":null,"road_class":"local","usgs_layer_id":"32"}},
{"type":"Feature","geometry":{"type":"LineString","coordinates":[[-85.767097675018348,35.067079656898031],[-85.767190674904768,35.067117656973089],[-85.76803267480372,35.067355657195471],[-85.768058674743003,35.067363657456582],[-85.768862675007114,35.067583657344677],[-85.769397675657743,35.067682657027333],[-85.769989675311422,35.067792657350793],[-85.770065675479401,35.067814657397726],[-85.77038167584692,35.067903657460143],[-85.770865675545579,35.068080657361953],[-85.770971675850788,35.068119656902368],[-85.771777676663049,35.068432657629373]]},"properties":{"name":"Sweetens Cove Rd","mtfcc_code":"S1400","tnmfrc":4,"interstate":null,"us_route":null,"state_route":null,"county_route":null,"road_class":"local","usgs_layer_id":"32"}},
{"type":"Feature","geometry":{"type":"LineString","coordinates":[[-85.736188668199503,35.100705665468368],[-85.736262667819346,35.101491665752256],[-85.736327668116687,35.102181665488551],[-85.736372668322517,35.102409665325446],[-85.736388668216037,35.102872665504258],[-85.736409668132438,35.102969665983103]]},"properties":{"name":"Goff Payne Rd","mtfcc_code":"S1400","tnmfrc":4,"interstate":null,"us_route":null,"state_route":null,"county_route":null,"road_class":"local","usgs_layer_id":"32"}},
{"type":"Feature","geometry":{"type":"LineString","coordinates":[[-85.737099667695432,35.091202663398931],[-85.7369356676639,35.09120366304748],[-85.736819667312943,35.091204663431057]]},"properties":{"name":null,"mtfcc_code":"S1640","tnmfrc":4,"interstate":null,"us_route":null,"state_route":null,"county_route":null,"road_class":"local","usgs_layer_id":"32"}},
{"type":"Feature","geometry":{"type":"LineString","coordinates":[[-85.733335665569541,35.069834658760641],[-85.733852665778471,35.070241659514274],[-85.734076665186151,35.070418659492361],[-85.735217665734183,35.071364659537757],[-85.735383666313822,35.071491659649325],[-85.73550366596443,35.071583659045196]]},"properties":{"name":"Ellis Rd","mtfcc_code":"S1400","tnmfrc":4,"interstate":null,"us_route":null,"state_route":null,"county_route":null,"road_class":"local","usgs_layer_id":"32"}},
{"type":"Feature","geometry":{"type":"LineString","coordinates":[[-85.712526909766808,35.094002400120324],[-85.712775549064418,35.093763909457081],[-85.713059709544979,35.093337670119574],[-85.713191641517497,35.092891132436129],[-85.713399686845719,35.092206105173346],[-85.713496097635286,35.091853441562797],[-85.713881743488429,35.09053412878604],[-85.714105011667471,35.090300710807547],[-85.714297835043197,35.090123112264884],[-85.714576920940715,35.090011477899225],[-85.71482556023831,35.089950585894897],[-85.715170611223797,35.089930289040012],[-85.715622223063207,35.089945511865402],[-85.716053536570456,35.089970882744687],[-85.71663200490103,35.08996580871645],[-85.716637079484073,35.09011296275704],[-85.716626930318,35.090858882803431],[-85.716652302334879,35.091234379448039],[-85.716753787707475,35.091472870159059],[-85.716941535601862,35.091660619489019],[-85.717271363736515,35.091848367651686],[-85.71752000483076,35.091914332881366],[-85.717778792396118,35.091899110423533],[-85.718149215398469,35.091828070534135],[-85.718514564716102,35.091721510216523],[-85.718920506206473,35.091635247665323],[-85.719367043462853,35.09149316736503],[-85.719671500478938,35.091437350403965],[-85.719915066091815,35.091422127857044],[-85.720197406585612,35.091447589421115],[-85.720458014137748,35.091472870159059],[-85.720635613764344,35.091513465300928],[-85.720808139706264,35.091569281474904],[-85.721173488125558,35.091670767334222]]},"properties":{"name":null,"mtfcc_code":"S1400","tnmfrc":4,"interstate":null,"us_route":null,"state_route":null,"county_route":null,"road_class":"local","usgs_layer_id":"32"}},
{"type":"Feature","geometry":{"type":"LineString","coordinates":[[-85.712526909766808,35.094002400120324],[-85.712745895676889,35.094227393127397],[-85.712895827192753,35.094390300233883],[-85.713334812312524,35.094798652176081],[-85.71359655264024,35.09502708058681],[-85.713929677591977,35.095203160965212],[-85.714248525618942,35.095384000810647],[-85.714610203522,35.095493455905476],[-85.715043266049108,35.095626705611551],[-85.71549536387711,35.09567905346708],[-85.716128300656621,35.095688571656297],[-85.716875451037978,35.09567905346708],[-85.71737513801645,35.095650499627773],[-85.717927172521485,35.095545803846555],[-85.718179396097071,35.095493455905476],[-85.718336440473365,35.095493455905476],[-85.718700498013604,35.095522009064773],[-85.719357229368356,35.095612428316535],[-85.719799809545918,35.095664776181167],[-85.720099621373677,35.095660017085315],[-85.720389916449307,35.095640981434109],[-85.720623103825702,35.095550561479065],[-85.720865807954226,35.095445865569467],[-85.720984780830463,35.095350687754085],[-85.721222728379544,35.095160330320084],[-85.721479709432884,35.094950937364324],[-85.721812834384622,35.094798652176081],[-85.722293485163917,35.094632089971711],[-85.723078707943671,35.09454167110281]]},"properties":{"name":null,"mtfcc_code":"S1400","tnmfrc":4,"interstate":null,"us_route":null,"state_route":null,"county_route":null,"road_class":"local","usgs_layer_id":"32"}},
{"type":"Feature","geometry":{"type":"LineString","coordinates":[[-85.71663200490103,35.08996580871645],[-85.717119138821744,35.089950921076309],[-85.717296408766643,35.089918798046874],[-85.717389207430443,35.089883106348807],[-85.717756834875615,35.089726061809749],[-85.717910310245273,35.089661817031221],[-85.717921017265155,35.089658246895276],[-85.71807092362819,35.089611848345115],[-85.718202984059801,35.0896011401355],[-85.71827436778554,35.0896011401355],[-85.718331474586449,35.089604709538818],[-85.718499226880922,35.089626124485633],[-85.718799039607006,35.089647540161884],[-85.718888268365873,35.089643970760385],[-85.719016758892536,35.089618986415708],[-85.719263034722616,35.089536895258505],[-85.719812689590455,35.089308466904363]]},"properties":{"name":null,"mtfcc_code":"S1400","tnmfrc":4,"interstate":null,"us_route":null,"state_route":null,"county_route":null,"road_class":"local","usgs_layer_id":"32"}}
]}
