{
 "type": "FeatureCollection",
 "_source": "FEMA USA Structures / ORNL",
 "_source_item": "https://www.arcgis.com/home/item.html?id=e9fc147eaeae4dcaa4e9ad9802c7b9c6",
 "_source_service": "https://services2.arcgis.com/FiaPA4ga0iQKduv3/arcgis/rest/services/USA_Structures_View/FeatureServer/0",
 "_generated_by": "mvp/scripts/import_fema_buildings.py",
 "_retrieved_on": "2026-05-21",
 "_aop_9_patch_bbox": [
  -85.782935283,
  35.067164188,
  -85.717154097,
  35.117928496
 ],
 "_sources_checked": [
  {
   "name": "FEMA USA Structures",
   "result": "202 polygon footprints imported",
   "selected": true
  },
  {
   "name": "OpenStreetMap building=* via Overpass",
   "result": "11 building ways found; not imported to avoid duplicate ODbL context",
   "selected": false
  },
  {
   "name": "TNMap FEMA BLE Building Footprints",
   "result": "0 features in the 9-patch",
   "selected": false
  }
 ],
 "features": [
  {
   "type": "Feature",
   "properties": {
    "kind": "building_footprint",
    "name": "1010 Ellis Cove Road",
    "building_label": "1010 Ellis Cove Road",
    "source_object_id": 108598587,
    "build_id": 3397585,
    "uuid": "{41014ca8-1baa-4dcc-8a6d-c544eb2a745c}",
    "occupancy_class": "Residential",
    "primary_occupancy": "Single Family Dwelling",
    "secondary_occupancy": "",
    "address": "1010 Ellis Cove Road",
    "city": "South Pittsburg",
    "state": "Tennessee",
    "zip": "37380",
    "county": "Marion",
    "outbuilding": "",
    "height_m": null,
    "area_sqm": 323.24,
    "area_sqft": 3626.1,
    "centroid_lng": -85.74825124,
    "centroid_lat": 35.09072636,
    "inside_aop_boundary": true,
    "production_date": "2019-06-06",
    "image_date": "2016-12-15",
    "image_name": "1040010026B1E200",
    "source_name": "ORNL",
    "validation_method": "Automated",
    "footprint_source": "FEMA USA Structures / ORNL",
    "source_item_url": "https://www.arcgis.com/home/item.html?id=e9fc147eaeae4dcaa4e9ad9802c7b9c6",
    "source_service_url": "https://services2.arcgis.com/FiaPA4ga0iQKduv3/arcgis/rest/services/USA_Structures_View/FeatureServer/0",
    "license_or_permission": "FEMA public data layer; no warranty; raw reference context",
    "publish_status": "raw_context",
    "confidence": "medium"
   },
   "geometry": {
    "type": "Polygon",
    "coordinates": [
     [
      [
       -85.7483334533613,
       35.0906097138264
      ],
      [
       -85.7483040982144,
       35.090853969804
      ],
      [
       -85.7481690203417,
       35.0908430022887
      ],
      [
       -85.7481983745903,
       35.0905987470134
      ],
      [
       -85.7483334533613,
       35.0906097138264
      ]
     ]
    ]
   }
  },
  {
   "type": "Feature",
   "properties": {
    "kind": "building_footprint",
    "name": "1033 Ellis Cove Road",
    "building_label": "1033 Ellis Cove Road",
    "source_object_id": 108602198,
    "build_id": 3396681,
    "uuid": "{a68118bb-348d-4a80-8831-eb3066dd6dba}",
    "occupancy_class": "Residential",
    "primary_occupancy": "Single Family Dwelling",
    "secondary_occupancy": "",
    "address": "1033 Ellis Cove Road",
    "city": "South Pittsburg",
    "state": "Tennessee",
    "zip": "37380",
    "county": "Marion",
    "outbuilding": "",
    "height_m": null,
    "area_sqm": 216.82,
    "area_sqft": 2307.5,
    "centroid_lng": -85.7490145,
    "centroid_lat": 35.08992936,
    "inside_aop_boundary": true,
    "production_date": "2019-06-06",
    "image_date": "2016-12-15",
    "image_name": "1040010026B1E200",
    "source_name": "ORNL",
    "validation_method": "Automated",
    "footprint_source": "FEMA USA Structures / ORNL",
    "source_item_url": "https://www.arcgis.com/home/item.html?id=e9fc147eaeae4dcaa4e9ad9802c7b9c6",
    "source_service_url": "https://services2.arcgis.com/FiaPA4ga0iQKduv3/arcgis/rest/services/USA_Structures_View/FeatureServer/0",
    "license_or_permission": "FEMA public data layer; no warranty; raw reference context",
    "publish_status": "raw_context",
    "confidence": "medium"
   },
   "geometry": {
    "type": "Polygon",
    "coordinates": [
     [
      [
       -85.7489476324193,
       35.0898506782478
      ],
      [
       -85.7491267286392,
       35.0899028872121
      ],
      [
       -85.7490813583274,
       35.0900080356767
      ],
      [
       -85.7489022612093,
       35.0899558267797
      ],
      [
       -85.7489476324193,
       35.0898506782478
      ]
     ]
    ]
   }
  },
  {
   "type": "Feature",
   "properties": {
    "kind": "building_footprint",
    "name": "1044 Kelly Cove Road",
    "building_label": "1044 Kelly Cove Road",
    "source_object_id": 108594650,
    "build_id": 3382339,
    "uuid": "{a4397b6b-ef6a-4cc0-8a5f-8fb422aeb785}",
    "occupancy_class": "Residential",
    "primary_occupancy": "Single Family Dwelling",
    "secondary_occupancy": "",
    "address": "1044 Kelly Cove Road",
    "city": "South Pittsburg",
    "state": "Tennessee",
    "zip": "37380",
    "county": "Marion",
    "outbuilding": "",
    "height_m": null,
    "area_sqm": 64.62,
    "area_sqft": 791.2,
    "centroid_lng": -85.72166996,
    "centroid_lat": 35.07907389,
    "inside_aop_boundary": false,
    "production_date": "2019-06-06",
    "image_date": "2016-12-15",
    "image_name": "1040010026B1E200",
    "source_name": "ORNL",
    "validation_method": "Automated",
    "footprint_source": "FEMA USA Structures / ORNL",
    "source_item_url": "https://www.arcgis.com/home/item.html?id=e9fc147eaeae4dcaa4e9ad9802c7b9c6",
    "source_service_url": "https://services2.arcgis.com/FiaPA4ga0iQKduv3/arcgis/rest/services/USA_Structures_View/FeatureServer/0",
    "license_or_permission": "FEMA public data layer; no warranty; raw reference context",
    "publish_status": "raw_context",
    "confidence": "medium"
   },
   "geometry": {
    "type": "Polygon",
    "coordinates": [
     [
      [
       -85.7216142878422,
       35.0790419878418
      ],
      [
       -85.7216916220084,
       35.0790210259063
      ],
      [
       -85.7217256223436,
       35.0791057881358
      ],
      [
       -85.7216482881774,
       35.0791267507847
      ],
      [
       -85.7216142878422,
       35.0790419878418
      ]
     ]
    ]
   }
  },
  {
   "type": "Feature",
   "properties": {
    "kind": "building_footprint",
    "name": "1044 Kelly Cove Road",
    "building_label": "1044 Kelly Cove Road",
    "source_object_id": 108596349,
    "build_id": 3382554,
    "uuid": "{45e5c7d8-80ac-4c82-8b4e-0180e127643f}",
    "occupancy_class": "Residential",
    "primary_occupancy": "Single Family Dwelling",
    "secondary_occupancy": "",
    "address": "1044 Kelly Cove Road",
    "city": "South Pittsburg",
    "state": "Tennessee",
    "zip": "37380",
    "county": "Marion",
    "outbuilding": "",
    "height_m": null,
    "area_sqm": 127.48,
    "area_sqft": 1335.1,
    "centroid_lng": -85.7210885,
    "centroid_lat": 35.07920187,
    "inside_aop_boundary": false,
    "production_date": "2019-06-06",
    "image_date": "2016-12-15",
    "image_name": "1040010026B1E200",
    "source_name": "ORNL",
    "validation_method": "Automated",
    "footprint_source": "FEMA USA Structures / ORNL",
    "source_item_url": "https://www.arcgis.com/home/item.html?id=e9fc147eaeae4dcaa4e9ad9802c7b9c6",
    "source_service_url": "https://services2.arcgis.com/FiaPA4ga0iQKduv3/arcgis/rest/services/USA_Structures_View/FeatureServer/0",
    "license_or_permission": "FEMA public data layer; no warranty; raw reference context",
    "publish_status": "raw_context",
    "confidence": "medium"
   },
   "geometry": {
    "type": "Polygon",
    "coordinates": [
     [
      [
       -85.7211589363163,
       35.0792429638186
      ],
      [
       -85.7210385162541,
       35.0792597706671
      ],
      [
       -85.7210180697,
       35.0791607791473
      ],
      [
       -85.7211384906604,
       35.0791439722785
      ],
      [
       -85.7211589363163,
       35.0792429638186
      ]
     ]
    ]
   }
  },
  {
   "type": "Feature",
   "properties": {
    "kind": "building_footprint",
    "name": "1045 Fish Trap Road",
    "building_label": "1045 Fish Trap Road",
    "source_object_id": 108588869,
    "build_id": 3363351,
    "uuid": "{36b0f7b4-c226-46fd-98df-e468ba1c8062}",
    "occupancy_class": "Residential",
    "primary_occupancy": "Single Family Dwelling",
    "secondary_occupancy": "",
    "address": "1045 Fish Trap Road",
    "city": "South Pittsburg",
    "state": "Tennessee",
    "zip": "37380",
    "county": "Marion",
    "outbuilding": "",
    "height_m": null,
    "area_sqm": 90.62,
    "area_sqft": 923.0,
    "centroid_lng": -85.74444761,
    "centroid_lat": 35.06747794,
    "inside_aop_boundary": false,
    "production_date": "2019-06-06",
    "image_date": "2016-12-15",
    "image_name": "1040010026B1E200",
    "source_name": "ORNL",
    "validation_method": "Automated",
    "footprint_source": "FEMA USA Structures / ORNL",
    "source_item_url": "https://www.arcgis.com/home/item.html?id=e9fc147eaeae4dcaa4e9ad9802c7b9c6",
    "source_service_url": "https://services2.arcgis.com/FiaPA4ga0iQKduv3/arcgis/rest/services/USA_Structures_View/FeatureServer/0",
    "license_or_permission": "FEMA public data layer; no warranty; raw reference context",
    "publish_status": "raw_context",
    "confidence": "medium"
   },
   "geometry": {
    "type": "Polygon",
    "coordinates": [
     [
      [
       -85.7444729838519,
       35.067533450884
      ],
      [
       -85.7443840614186,
       35.0675059930066
      ],
      [
       -85.7444222290384,
       35.0674224392425
      ],
      [
       -85.7445111532684,
       35.0674498956776
      ],
      [
       -85.7444729838519,
       35.067533450884
      ]
     ]
    ]
   }
  },
  {
   "type": "Feature",
   "properties": {
    "kind": "building_footprint",
    "name": "1050 Kelly Cove Road",
    "building_label": "1050 Kelly Cove Road",
    "source_object_id": 108593231,
    "build_id": 3382226,
    "uuid": "{d7ddbfdd-0582-4f6a-a2bd-aa96f95e2597}",
    "occupancy_class": "Residential",
    "primary_occupancy": "Manufactured Home",
    "secondary_occupancy": "",
    "address": "1050 Kelly Cove Road",
    "city": "South Pittsburg",
    "state": "Tennessee",
    "zip": "37380",
    "county": "Marion",
    "outbuilding": "",
    "height_m": null,
    "area_sqm": 149.17,
    "area_sqft": 1780.1,
    "centroid_lng": -85.72062841,
    "centroid_lat": 35.07895794,
    "inside_aop_boundary": false,
    "production_date": "2019-06-06",
    "image_date": "2016-12-15",
    "image_name": "1040010026B1E200",
    "source_name": "ORNL",
    "validation_method": "Automated",
    "footprint_source": "FEMA USA Structures / ORNL",
    "source_item_url": "https://www.arcgis.com/home/item.html?id=e9fc147eaeae4dcaa4e9ad9802c7b9c6",
    "source_service_url": "https://services2.arcgis.com/FiaPA4ga0iQKduv3/arcgis/rest/services/USA_Structures_View/FeatureServer/0",
    "license_or_permission": "FEMA public data layer; no warranty; raw reference context",
    "publish_status": "raw_context",
    "confidence": "medium"
   },
   "geometry": {
    "type": "Polygon",
    "coordinates": [
     [
      [
       -85.7205305728599,
       35.078981011193
      ],
      [
       -85.7206288611284,
       35.0788742628015
      ],
      [
       -85.7207262510816,
       35.0789348616649
      ],
      [
       -85.7206279646097,
       35.0790416092419
      ],
      [
       -85.7205305728599,
       35.078981011193
      ]
     ]
    ]
   }
  },
  {
   "type": "Feature",
   "properties": {
    "kind": "building_footprint",
    "name": "1062 Fish Trap Road",
    "building_label": "1062 Fish Trap Road",
    "source_object_id": 108590183,
    "build_id": 3363470,
    "uuid": "{8e657bcf-a26d-49a2-a2c1-0baa2516775e}",
    "occupancy_class": "Residential",
    "primary_occupancy": "Single Family Dwelling",
    "secondary_occupancy": "",
    "address": "1062 Fish Trap Road",
    "city": "South Pittsburg",
    "state": "Tennessee",
    "zip": "37380",
    "county": "Marion",
    "outbuilding": "",
    "height_m": null,
    "area_sqm": 268.2,
    "area_sqft": 3131.6,
    "centroid_lng": -85.74489356,
    "centroid_lat": 35.06750925,
    "inside_aop_boundary": false,
    "production_date": "2019-06-06",
    "image_date": "2016-12-15",
    "image_name": "1040010026B1E200",
    "source_name": "ORNL",
    "validation_method": "Automated",
    "footprint_source": "FEMA USA Structures / ORNL",
    "source_item_url": "https://www.arcgis.com/home/item.html?id=e9fc147eaeae4dcaa4e9ad9802c7b9c6",
    "source_service_url": "https://services2.arcgis.com/FiaPA4ga0iQKduv3/arcgis/rest/services/USA_Structures_View/FeatureServer/0",
    "license_or_permission": "FEMA public data layer; no warranty; raw reference context",
    "publish_status": "raw_context",
    "confidence": "medium"
   },
   "geometry": {
    "type": "Polygon",
    "coordinates": [
     [
      [
       -85.7448567881588,
       35.0676251400556
      ],
      [
       -85.7447565523427,
       35.0675499381053
      ],
      [
       -85.7449303413159,
       35.0673933571599
      ],
      [
       -85.7450305771319,
       35.0674685599897
      ],
      [
       -85.7448567881588,
       35.0676251400556
      ]
     ]
    ]
   }
  },
  {
   "type": "Feature",
   "properties": {
    "kind": "building_footprint",
    "name": "1062 Fish Trap Road",
    "building_label": "1062 Fish Trap Road",
    "source_object_id": 108591817,
    "build_id": 3363783,
    "uuid": "{84633ada-4901-4412-bf5a-c5249dc75ac7}",
    "occupancy_class": "Residential",
    "primary_occupancy": "Single Family Dwelling",
    "secondary_occupancy": "",
    "address": "1062 Fish Trap Road",
    "city": "South Pittsburg",
    "state": "Tennessee",
    "zip": "37380",
    "county": "Marion",
    "outbuilding": "",
    "height_m": null,
    "area_sqm": 79.77,
    "area_sqft": 659.3,
    "centroid_lng": -85.74456694,
    "centroid_lat": 35.06779273,
    "inside_aop_boundary": false,
    "production_date": "2019-06-06",
    "image_date": "2016-12-15",
    "image_name": "1040010026B1E200",
    "source_name": "ORNL",
    "validation_method": "Automated",
    "footprint_source": "FEMA USA Structures / ORNL",
    "source_item_url": "https://www.arcgis.com/home/item.html?id=e9fc147eaeae4dcaa4e9ad9802c7b9c6",
    "source_service_url": "https://services2.arcgis.com/FiaPA4ga0iQKduv3/arcgis/rest/services/USA_Structures_View/FeatureServer/0",
    "license_or_permission": "FEMA public data layer; no warranty; raw reference context",
    "publish_status": "raw_context",
    "confidence": "medium"
   },
   "geometry": {
    "type": "Polygon",
    "coordinates": [
     [
      [
       -85.7446297524454,
       35.0677620240292
      ],
      [
       -85.744547220627,
       35.0678505830013
      ],
      [
       -85.7445041356294,
       35.0678234406512
      ],
      [
       -85.7445866656511,
       35.0677348809144
      ],
      [
       -85.7446297524454,
       35.0677620240292
      ]
     ]
    ]
   }
  },
  {
   "type": "Feature",
   "properties": {
    "kind": "building_footprint",
    "name": "1094 Kelly Cove Road",
    "building_label": "1094 Kelly Cove Road",
    "source_object_id": 108595578,
    "build_id": 3383224,
    "uuid": "{f59c6daa-6638-42e0-bda1-9e4a2413f5e5}",
    "occupancy_class": "Residential",
    "primary_occupancy": "Single Family Dwelling",
    "secondary_occupancy": "",
    "address": "1094 Kelly Cove Road",
    "city": "South Pittsburg",
    "state": "Tennessee",
    "zip": "37380",
    "county": "Marion",
    "outbuilding": "",
    "height_m": null,
    "area_sqm": 238.04,
    "area_sqft": 2521.8,
    "centroid_lng": -85.7201863,
    "centroid_lat": 35.07959112,
    "inside_aop_boundary": false,
    "production_date": "2019-06-06",
    "image_date": "2016-12-15",
    "image_name": "1040010026B1E200",
    "source_name": "ORNL",
    "validation_method": "Automated",
    "footprint_source": "FEMA USA Structures / ORNL",
    "source_item_url": "https://www.arcgis.com/home/item.html?id=e9fc147eaeae4dcaa4e9ad9802c7b9c6",
    "source_service_url": "https://services2.arcgis.com/FiaPA4ga0iQKduv3/arcgis/rest/services/USA_Structures_View/FeatureServer/0",
    "license_or_permission": "FEMA public data layer; no warranty; raw reference context",
    "publish_status": "raw_context",
    "confidence": "medium"
   },
   "geometry": {
    "type": "Polygon",
    "coordinates": [
     [
      [
       -85.7200967422732,
       35.0796691768394
      ],
      [
       -85.7200574284031,
       35.0795741129369
      ],
      [
       -85.7202758672392,
       35.0795130661124
      ],
      [
       -85.7203151820076,
       35.0796081322913
      ],
      [
       -85.7200967422732,
       35.0796691768394
      ]
     ]
    ]
   }
  },
  {
   "type": "Feature",
   "properties": {
    "kind": "building_footprint",
    "name": "1094 Kelly Cove Road",
    "building_label": "1094 Kelly Cove Road",
    "source_object_id": 108598052,
    "build_id": 3382702,
    "uuid": "{33e71e5d-8aa3-4047-a4d7-25b73310ca24}",
    "occupancy_class": "Residential",
    "primary_occupancy": "Single Family Dwelling",
    "secondary_occupancy": "",
    "address": "1094 Kelly Cove Road",
    "city": "South Pittsburg",
    "state": "Tennessee",
    "zip": "37380",
    "county": "Marion",
    "outbuilding": "",
    "height_m": null,
    "area_sqm": 61.26,
    "area_sqft": 593.4,
    "centroid_lng": -85.72013911,
    "centroid_lat": 35.0792941,
    "inside_aop_boundary": false,
    "production_date": "2019-06-06",
    "image_date": "2016-12-15",
    "image_name": "1040010026B1E200",
    "source_name": "ORNL",
    "validation_method": "Automated",
    "footprint_source": "FEMA USA Structures / ORNL",
    "source_item_url": "https://www.arcgis.com/home/item.html?id=e9fc147eaeae4dcaa4e9ad9802c7b9c6",
    "source_service_url": "https://services2.arcgis.com/FiaPA4ga0iQKduv3/arcgis/rest/services/USA_Structures_View/FeatureServer/0",
    "license_or_permission": "FEMA public data layer; no warranty; raw reference context",
    "publish_status": "raw_context",
    "confidence": "medium"
   },
   "geometry": {
    "type": "Polygon",
    "coordinates": [
     [
      [
       -85.7200961628598,
       35.0793361931909
      ],
      [
       -85.7201298892089,
       35.0792396880192
      ],
      [
       -85.7201820651572,
       35.0792520112289
      ],
      [
       -85.7201483388082,
       35.0793485149157
      ],
      [
       -85.7200961628598,
       35.0793361931909
      ]
     ]
    ]
   }
  },
  {
   "type": "Feature",
   "properties": {
    "kind": "building_footprint",
    "name": "115 Goff Payne Road",
    "building_label": "115 Goff Payne Road",
    "source_object_id": 108603537,
    "build_id": 3452127,
    "uuid": "{b8067b61-4284-44ce-8d4d-105cb8b128d8}",
    "occupancy_class": "Residential",
    "primary_occupancy": "Single Family Dwelling",
    "secondary_occupancy": "",
    "address": "115 Goff Payne Road",
    "city": "South Pittsburg",
    "state": "Tennessee",
    "zip": "37380",
    "county": "Marion",
    "outbuilding": "",
    "height_m": null,
    "area_sqm": 131.47,
    "area_sqft": 1582.3,
    "centroid_lng": -85.73595132,
    "centroid_lat": 35.10126384,
    "inside_aop_boundary": false,
    "production_date": "2019-06-06",
    "image_date": "2016-12-15",
    "image_name": "1040010026B1E200",
    "source_name": "ORNL",
    "validation_method": "Automated",
    "footprint_source": "FEMA USA Structures / ORNL",
    "source_item_url": "https://www.arcgis.com/home/item.html?id=e9fc147eaeae4dcaa4e9ad9802c7b9c6",
    "source_service_url": "https://services2.arcgis.com/FiaPA4ga0iQKduv3/arcgis/rest/services/USA_Structures_View/FeatureServer/0",
    "license_or_permission": "FEMA public data layer; no warranty; raw reference context",
    "publish_status": "raw_context",
    "confidence": "medium"
   },
   "geometry": {
    "type": "Polygon",
    "coordinates": [
     [
      [
       -85.7358987504163,
       35.1013317052627
      ],
      [
       -85.7358953197502,
       35.1011978570805
      ],
      [
       -85.7360038982203,
       35.1011959770897
      ],
      [
       -85.7360073288864,
       35.1013298260099
      ],
      [
       -85.7358987504163,
       35.1013317052627
      ]
     ]
    ]
   }
  },
  {
   "type": "Feature",
   "properties": {
    "kind": "building_footprint",
    "name": "120 Ellis Cove Road",
    "building_label": "120 Ellis Cove Road",
    "source_object_id": 108592182,
    "build_id": 3385987,
    "uuid": "{d46e8fa6-00dd-4b91-b173-c0313a90d743}",
    "occupancy_class": "Residential",
    "primary_occupancy": "Single Family Dwelling",
    "secondary_occupancy": "",
    "address": "120 Ellis Cove Road",
    "city": "South Pittsburg",
    "state": "Tennessee",
    "zip": "37380",
    "county": "Marion",
    "outbuilding": "",
    "height_m": null,
    "area_sqm": 339.67,
    "area_sqft": 3362.4,
    "centroid_lng": -85.73741833,
    "centroid_lat": 35.08196114,
    "inside_aop_boundary": false,
    "production_date": "2019-06-06",
    "image_date": "2016-12-15",
    "image_name": "1040010026B1E200",
    "source_name": "ORNL",
    "validation_method": "Automated",
    "footprint_source": "FEMA USA Structures / ORNL",
    "source_item_url": "https://www.arcgis.com/home/item.html?id=e9fc147eaeae4dcaa4e9ad9802c7b9c6",
    "source_service_url": "https://services2.arcgis.com/FiaPA4ga0iQKduv3/arcgis/rest/services/USA_Structures_View/FeatureServer/0",
    "license_or_permission": "FEMA public data layer; no warranty; raw reference context",
    "publish_status": "raw_context",
    "confidence": "medium"
   },
   "geometry": {
    "type": "Polygon",
    "coordinates": [
     [
      [
       -85.737323986005,
       35.0820475048885
      ],
      [
       -85.7373509148023,
       35.0818591401873
      ],
      [
       -85.7375126663507,
       35.0818747651593
      ],
      [
       -85.7374857375534,
       35.0820631298245
      ],
      [
       -85.737323986005,
       35.0820475048885
      ]
     ]
    ]
   }
  },
  {
   "type": "Feature",
   "properties": {
    "kind": "building_footprint",
    "name": "120 Ellis Cove Road",
    "building_label": "120 Ellis Cove Road",
    "source_object_id": 108596763,
    "build_id": 3385672,
    "uuid": "{eed979b0-9a9d-483a-825d-ae991ec9944b}",
    "occupancy_class": "Residential",
    "primary_occupancy": "Single Family Dwelling",
    "secondary_occupancy": "",
    "address": "120 Ellis Cove Road",
    "city": "South Pittsburg",
    "state": "Tennessee",
    "zip": "37380",
    "county": "Marion",
    "outbuilding": "",
    "height_m": null,
    "area_sqm": 150.77,
    "area_sqft": 1450.4,
    "centroid_lng": -85.73763137,
    "centroid_lat": 35.08174587,
    "inside_aop_boundary": false,
    "production_date": "2019-06-06",
    "image_date": "2016-12-15",
    "image_name": "1040010026B1E200",
    "source_name": "ORNL",
    "validation_method": "Automated",
    "footprint_source": "FEMA USA Structures / ORNL",
    "source_item_url": "https://www.arcgis.com/home/item.html?id=e9fc147eaeae4dcaa4e9ad9802c7b9c6",
    "source_service_url": "https://services2.arcgis.com/FiaPA4ga0iQKduv3/arcgis/rest/services/USA_Structures_View/FeatureServer/0",
    "license_or_permission": "FEMA public data layer; no warranty; raw reference context",
    "publish_status": "raw_context",
    "confidence": "medium"
   },
   "geometry": {
    "type": "Polygon",
    "coordinates": [
     [
      [
       -85.7376780479911,
       35.0818113279747
      ],
      [
       -85.7375699986287,
       35.0818025462267
      ],
      [
       -85.7375846905752,
       35.0816804176406
      ],
      [
       -85.7376927399376,
       35.0816892023422
      ],
      [
       -85.7376780479911,
       35.0818113279747
      ]
     ]
    ]
   }
  },
  {
   "type": "Feature",
   "properties": {
    "kind": "building_footprint",
    "name": "121 Goff Payne Road",
    "building_label": "121 Goff Payne Road",
    "source_object_id": 108605200,
    "build_id": 3452423,
    "uuid": "{a7687fae-4fa5-4423-a431-80e05c8139ac}",
    "occupancy_class": "Residential",
    "primary_occupancy": "Single Family Dwelling",
    "secondary_occupancy": "",
    "address": "121 Goff Payne Road",
    "city": "South Pittsburg",
    "state": "Tennessee",
    "zip": "37380",
    "county": "Marion",
    "outbuilding": "",
    "height_m": null,
    "area_sqm": 121.73,
    "area_sqft": 1318.6,
    "centroid_lng": -85.73610131,
    "centroid_lat": 35.1015725,
    "inside_aop_boundary": false,
    "production_date": "2019-06-06",
    "image_date": "2016-12-15",
    "image_name": "1040010026B1E200",
    "source_name": "ORNL",
    "validation_method": "Automated",
    "footprint_source": "FEMA USA Structures / ORNL",
    "source_item_url": "https://www.arcgis.com/home/item.html?id=e9fc147eaeae4dcaa4e9ad9802c7b9c6",
    "source_service_url": "https://services2.arcgis.com/FiaPA4ga0iQKduv3/arcgis/rest/services/USA_Structures_View/FeatureServer/0",
    "license_or_permission": "FEMA public data layer; no warranty; raw reference context",
    "publish_status": "raw_context",
    "confidence": "medium"
   },
   "geometry": {
    "type": "Polygon",
    "coordinates": [
     [
      [
       -85.736085852422,
       35.1016855662546
      ],
      [
       -85.7360626695994,
       35.1014632506481
      ],
      [
       -85.736116772434,
       35.1014594399675
      ],
      [
       -85.7361399552566,
       35.1016817548494
      ],
      [
       -85.736085852422,
       35.1016855662546
      ]
     ]
    ]
   }
  },
  {
   "type": "Feature",
   "properties": {
    "kind": "building_footprint",
    "name": "125 Ellis Cove Road",
    "building_label": "125 Ellis Cove Road",
    "source_object_id": 108590388,
    "build_id": 3385161,
    "uuid": "{7575db8d-bc1a-429c-bdfc-93917a86007c}",
    "occupancy_class": "Residential",
    "primary_occupancy": "Single Family Dwelling",
    "secondary_occupancy": "",
    "address": "125 Ellis Cove Road",
    "city": "South Pittsburg",
    "state": "Tennessee",
    "zip": "37380",
    "county": "Marion",
    "outbuilding": "",
    "height_m": null,
    "area_sqm": 126.36,
    "area_sqft": 1483.4,
    "centroid_lng": -85.7375297,
    "centroid_lat": 35.081308,
    "inside_aop_boundary": false,
    "production_date": "2019-06-06",
    "image_date": "2016-12-15",
    "image_name": "1040010026B1E200",
    "source_name": "ORNL",
    "validation_method": "Automated",
    "footprint_source": "FEMA USA Structures / ORNL",
    "source_item_url": "https://www.arcgis.com/home/item.html?id=e9fc147eaeae4dcaa4e9ad9802c7b9c6",
    "source_service_url": "https://services2.arcgis.com/FiaPA4ga0iQKduv3/arcgis/rest/services/USA_Structures_View/FeatureServer/0",
    "license_or_permission": "FEMA public data layer; no warranty; raw reference context",
    "publish_status": "raw_context",
    "confidence": "medium"
   },
   "geometry": {
    "type": "Polygon",
    "coordinates": [
     [
      [
       -85.7375397460649,
       35.0813977423453
      ],
      [
       -85.73746168606,
       35.0813786776357
      ],
      [
       -85.7375196624301,
       35.0812182601381
      ],
      [
       -85.7375977206384,
       35.0812373226798
      ],
      [
       -85.7375397460649,
       35.0813977423453
      ]
     ]
    ]
   }
  },
  {
   "type": "Feature",
   "properties": {
    "kind": "building_footprint",
    "name": "1340 Ellis Road",
    "building_label": "1340 Ellis Road",
    "source_object_id": 108608144,
    "build_id": 3449757,
    "uuid": "{8de70bbc-3059-4553-84a4-f8cb1512e704}",
    "occupancy_class": "Unclassified",
    "primary_occupancy": "Unclassified",
    "secondary_occupancy": "",
    "address": "1340 Ellis Road",
    "city": "South Pittsburg",
    "state": "Tennessee",
    "zip": "37380",
    "county": "Marion",
    "outbuilding": "",
    "height_m": null,
    "area_sqm": 117.75,
    "area_sqft": 1318.6,
    "centroid_lng": -85.73779816,
    "centroid_lat": 35.09859037,
    "inside_aop_boundary": false,
    "production_date": "2019-06-06",
    "image_date": "2016-12-15",
    "image_name": "1040010026B1E200",
    "source_name": "ORNL",
    "validation_method": "Automated",
    "footprint_source": "FEMA USA Structures / ORNL",
    "source_item_url": "https://www.arcgis.com/home/item.html?id=e9fc147eaeae4dcaa4e9ad9802c7b9c6",
    "source_service_url": "https://services2.arcgis.com/FiaPA4ga0iQKduv3/arcgis/rest/services/USA_Structures_View/FeatureServer/0",
    "license_or_permission": "FEMA public data layer; no warranty; raw reference context",
    "publish_status": "raw_context",
    "confidence": "medium"
   },
   "geometry": {
    "type": "Polygon",
    "coordinates": [
     [
      [
       -85.7378564893392,
       35.0986433298998
      ],
      [
       -85.7377480923288,
       35.0986487679325
      ],
      [
       -85.7377398224382,
       35.0985374098275
      ],
      [
       -85.737848217652,
       35.0985319717873
      ],
      [
       -85.7378564893392,
       35.0986433298998
      ]
     ]
    ]
   }
  },
  {
   "type": "Feature",
   "properties": {
    "kind": "building_footprint",
    "name": "1340 Ellis Road",
    "building_label": "1340 Ellis Road",
    "source_object_id": 108609398,
    "build_id": 3449815,
    "uuid": "{31d3ec5f-fbf2-46d1-a9e9-0e286a6abb48}",
    "occupancy_class": "Unclassified",
    "primary_occupancy": "Unclassified",
    "secondary_occupancy": "",
    "address": "1340 Ellis Road",
    "city": "South Pittsburg",
    "state": "Tennessee",
    "zip": "37380",
    "county": "Marion",
    "outbuilding": "",
    "height_m": null,
    "area_sqm": 88.87,
    "area_sqft": 1054.9,
    "centroid_lng": -85.73797221,
    "centroid_lat": 35.0986733,
    "inside_aop_boundary": false,
    "production_date": "2019-06-06",
    "image_date": "2016-12-15",
    "image_name": "1040010026B1E200",
    "source_name": "ORNL",
    "validation_method": "Automated",
    "footprint_source": "FEMA USA Structures / ORNL",
    "source_item_url": "https://www.arcgis.com/home/item.html?id=e9fc147eaeae4dcaa4e9ad9802c7b9c6",
    "source_service_url": "https://services2.arcgis.com/FiaPA4ga0iQKduv3/arcgis/rest/services/USA_Structures_View/FeatureServer/0",
    "license_or_permission": "FEMA public data layer; no warranty; raw reference context",
    "publish_status": "raw_context",
    "confidence": "medium"
   },
   "geometry": {
    "type": "Polygon",
    "coordinates": [
     [
      [
       -85.7380242829561,
       35.0987196850197
      ],
      [
       -85.737915772758,
       35.0987160910264
      ],
      [
       -85.7379201457568,
       35.098626912169
      ],
      [
       -85.7380286559549,
       35.0986305046963
      ],
      [
       -85.7380242829561,
       35.0987196850197
      ]
     ]
    ]
   }
  },
  {
   "type": "Feature",
   "properties": {
    "kind": "building_footprint",
    "name": "135 Goff Payne Road",
    "building_label": "135 Goff Payne Road",
    "source_object_id": 108608197,
    "build_id": 3452974,
    "uuid": "{33d37d5c-96e8-4abd-afeb-d824a3d7f9f9}",
    "occupancy_class": "Residential",
    "primary_occupancy": "Single Family Dwelling",
    "secondary_occupancy": "",
    "address": "135 Goff Payne Road",
    "city": "South Pittsburg",
    "state": "Tennessee",
    "zip": "37380",
    "county": "Marion",
    "outbuilding": "",
    "height_m": null,
    "area_sqm": 366.95,
    "area_sqft": 4021.6,
    "centroid_lng": -85.73606492,
    "centroid_lat": 35.10204161,
    "inside_aop_boundary": false,
    "production_date": "2019-06-06",
    "image_date": "2016-12-15",
    "image_name": "1040010026B1E200",
    "source_name": "ORNL",
    "validation_method": "Automated",
    "footprint_source": "FEMA USA Structures / ORNL",
    "source_item_url": "https://www.arcgis.com/home/item.html?id=e9fc147eaeae4dcaa4e9ad9802c7b9c6",
    "source_service_url": "https://services2.arcgis.com/FiaPA4ga0iQKduv3/arcgis/rest/services/USA_Structures_View/FeatureServer/0",
    "license_or_permission": "FEMA public data layer; no warranty; raw reference context",
    "publish_status": "raw_context",
    "confidence": "medium"
   },
   "geometry": {
    "type": "Polygon",
    "coordinates": [
     [
      [
       -85.7361826979961,
       35.1021988446327
      ],
      [
       -85.7359931085554,
       35.1022097929821
      ],
      [
       -85.7359569531618,
       35.1017868881251
      ],
      [
       -85.7360246618798,
       35.1017829789776
      ],
      [
       -85.7360551102763,
       35.1021391089663
      ],
      [
       -85.7361769883042,
       35.1021320712082
      ],
      [
       -85.7361826979961,
       35.1021988446327
      ]
     ]
    ]
   }
  },
  {
   "type": "Feature",
   "properties": {
    "kind": "building_footprint",
    "name": "143 Kelly Cove Road",
    "building_label": "143 Kelly Cove Road",
    "source_object_id": 108601909,
    "build_id": 3383889,
    "uuid": "{966c671f-b854-4c14-bd42-156ad73135bb}",
    "occupancy_class": "Residential",
    "primary_occupancy": "Manufactured Home",
    "secondary_occupancy": "",
    "address": "143 Kelly Cove Road",
    "city": "South Pittsburg",
    "state": "Tennessee",
    "zip": "",
    "county": "Marion",
    "outbuilding": "",
    "height_m": null,
    "area_sqm": 239.96,
    "area_sqft": 2373.4,
    "centroid_lng": -85.73575675,
    "centroid_lat": 35.08022016,
    "inside_aop_boundary": false,
    "production_date": "2019-06-06",
    "image_date": "2016-12-15",
    "image_name": "1040010026B1E200",
    "source_name": "ORNL",
    "validation_method": "Automated",
    "footprint_source": "FEMA USA Structures / ORNL",
    "source_item_url": "https://www.arcgis.com/home/item.html?id=e9fc147eaeae4dcaa4e9ad9802c7b9c6",
    "source_service_url": "https://services2.arcgis.com/FiaPA4ga0iQKduv3/arcgis/rest/services/USA_Structures_View/FeatureServer/0",
    "license_or_permission": "FEMA public data layer; no warranty; raw reference context",
    "publish_status": "raw_context",
    "confidence": "medium"
   },
   "geometry": {
    "type": "Polygon",
    "coordinates": [
     [
      [
       -85.7357900982844,
       35.0803265617842
      ],
      [
       -85.7356830182042,
       35.0803118069141
      ],
      [
       -85.7357234028661,
       35.0801137527939
      ],
      [
       -85.7358304838446,
       35.0801285076998
      ],
      [
       -85.7357900982844,
       35.0803265617842
      ]
     ]
    ]
   }
  },
  {
   "type": "Feature",
   "properties": {
    "kind": "building_footprint",
    "name": "149 Goff Payne Road",
    "building_label": "149 Goff Payne Road",
    "source_object_id": 108605951,
    "build_id": 3451484,
    "uuid": "{6aa1af48-6169-430f-bbc7-644984267740}",
    "occupancy_class": "Government",
    "primary_occupancy": "Emergency Response",
    "secondary_occupancy": "",
    "address": "149 Goff Payne Road",
    "city": "South Pittsburg",
    "state": "Tennessee",
    "zip": "37380",
    "county": "Marion",
    "outbuilding": "",
    "height_m": null,
    "area_sqm": 264.69,
    "area_sqft": 2769.0,
    "centroid_lng": -85.73593413,
    "centroid_lat": 35.10041601,
    "inside_aop_boundary": false,
    "production_date": "2019-06-06",
    "image_date": "2016-12-15",
    "image_name": "1040010026B1E200",
    "source_name": "ORNL",
    "validation_method": "Automated",
    "footprint_source": "FEMA USA Structures / ORNL",
    "source_item_url": "https://www.arcgis.com/home/item.html?id=e9fc147eaeae4dcaa4e9ad9802c7b9c6",
    "source_service_url": "https://services2.arcgis.com/FiaPA4ga0iQKduv3/arcgis/rest/services/USA_Structures_View/FeatureServer/0",
    "license_or_permission": "FEMA public data layer; no warranty; raw reference context",
    "publish_status": "raw_context",
    "confidence": "medium"
   },
   "geometry": {
    "type": "Polygon",
    "coordinates": [
     [
      [
       -85.7358515619144,
       35.1003387092351
      ],
      [
       -85.7360144516282,
       35.1003371217359
      ],
      [
       -85.736016704603,
       35.1004933021144
      ],
      [
       -85.7358538157875,
       35.1004948888756
      ],
      [
       -85.7358515619144,
       35.1003387092351
      ]
     ]
    ]
   }
  },
  {
   "type": "Feature",
   "properties": {
    "kind": "building_footprint",
    "name": "151 Goff Payne Road",
    "building_label": "151 Goff Payne Road",
    "source_object_id": 108600325,
    "build_id": 3451130,
    "uuid": "{2278eb91-6027-487c-ae09-370b7efecd6e}",
    "occupancy_class": "Residential",
    "primary_occupancy": "Single Family Dwelling",
    "secondary_occupancy": "",
    "address": "151 Goff Payne Road",
    "city": "South Pittsburg",
    "state": "Tennessee",
    "zip": "37380",
    "county": "Marion",
    "outbuilding": "",
    "height_m": null,
    "area_sqm": 185.39,
    "area_sqft": 1977.9,
    "centroid_lng": -85.73593667,
    "centroid_lat": 35.09998009,
    "inside_aop_boundary": false,
    "production_date": "2019-06-06",
    "image_date": "2016-12-15",
    "image_name": "1040010026B1E200",
    "source_name": "ORNL",
    "validation_method": "Automated",
    "footprint_source": "FEMA USA Structures / ORNL",
    "source_item_url": "https://www.arcgis.com/home/item.html?id=e9fc147eaeae4dcaa4e9ad9802c7b9c6",
    "source_service_url": "https://services2.arcgis.com/FiaPA4ga0iQKduv3/arcgis/rest/services/USA_Structures_View/FeatureServer/0",
    "license_or_permission": "FEMA public data layer; no warranty; raw reference context",
    "publish_status": "raw_context",
    "confidence": "medium"
   },
   "geometry": {
    "type": "Polygon",
    "coordinates": [
     [
      [
       -85.7358951975793,
       35.1000685847711
      ],
      [
       -85.7358703555685,
       35.099902488271
      ],
      [
       -85.735978146216,
       35.0998915991432
      ],
      [
       -85.7360029882269,
       35.1000576971355
      ],
      [
       -85.7358951975793,
       35.1000685847711
      ]
     ]
    ]
   }
  },
  {
   "type": "Feature",
   "properties": {
    "kind": "building_footprint",
    "name": "151 Goff Payne Road",
    "building_label": "151 Goff Payne Road",
    "source_object_id": 108601589,
    "build_id": 3451203,
    "uuid": "{1c053e76-d293-4814-b85c-095fcf158d01}",
    "occupancy_class": "Residential",
    "primary_occupancy": "Single Family Dwelling",
    "secondary_occupancy": "",
    "address": "151 Goff Payne Road",
    "city": "South Pittsburg",
    "state": "Tennessee",
    "zip": "37380",
    "county": "Marion",
    "outbuilding": "",
    "height_m": null,
    "area_sqm": 70.04,
    "area_sqft": 791.1,
    "centroid_lng": -85.73540691,
    "centroid_lat": 35.10009541,
    "inside_aop_boundary": false,
    "production_date": "2019-06-06",
    "image_date": "2016-12-15",
    "image_name": "1040010026B1E200",
    "source_name": "ORNL",
    "validation_method": "Automated",
    "footprint_source": "FEMA USA Structures / ORNL",
    "source_item_url": "https://www.arcgis.com/home/item.html?id=e9fc147eaeae4dcaa4e9ad9802c7b9c6",
    "source_service_url": "https://services2.arcgis.com/FiaPA4ga0iQKduv3/arcgis/rest/services/USA_Structures_View/FeatureServer/0",
    "license_or_permission": "FEMA public data layer; no warranty; raw reference context",
    "publish_status": "raw_context",
    "confidence": "medium"
   },
   "geometry": {
    "type": "Polygon",
    "coordinates": [
     [
      [
       -85.7353736563866,
       35.1001440382362
      ],
      [
       -85.7353594162927,
       35.1000555569439
      ],
      [
       -85.7354401622604,
       35.1000467793652
      ],
      [
       -85.7354544032526,
       35.100135259932
      ],
      [
       -85.7353736563866,
       35.1001440382362
      ]
     ]
    ]
   }
  },
  {
   "type": "Feature",
   "properties": {
    "kind": "building_footprint",
    "name": "151 Martin Gaines Road",
    "building_label": "151 Martin Gaines Road",
    "source_object_id": 108591882,
    "build_id": 3375015,
    "uuid": "{c0f557e1-07e7-4423-bf25-d8d1aaa11beb}",
    "occupancy_class": "Residential",
    "primary_occupancy": "Single Family Dwelling",
    "secondary_occupancy": "",
    "address": "151 Martin Gaines Road",
    "city": "South Pittsburg",
    "state": "Tennessee",
    "zip": "",
    "county": "Marion",
    "outbuilding": "",
    "height_m": null,
    "area_sqm": 79.77,
    "area_sqft": 725.2,
    "centroid_lng": -85.73527513,
    "centroid_lat": 35.07458351,
    "inside_aop_boundary": false,
    "production_date": "2019-06-06",
    "image_date": "2016-12-15",
    "image_name": "1040010026B1E200",
    "source_name": "ORNL",
    "validation_method": "Automated",
    "footprint_source": "FEMA USA Structures / ORNL",
    "source_item_url": "https://www.arcgis.com/home/item.html?id=e9fc147eaeae4dcaa4e9ad9802c7b9c6",
    "source_service_url": "https://services2.arcgis.com/FiaPA4ga0iQKduv3/arcgis/rest/services/USA_Structures_View/FeatureServer/0",
    "license_or_permission": "FEMA public data layer; no warranty; raw reference context",
    "publish_status": "raw_context",
    "confidence": "medium"
   },
   "geometry": {
    "type": "Polygon",
    "coordinates": [
     [
      [
       -85.735293195185,
       35.0745199279903
      ],
      [
       -85.7353109530815,
       35.0746417783675
      ],
      [
       -85.7352570550627,
       35.0746470871378
      ],
      [
       -85.7352392980645,
       35.0745252360333
      ],
      [
       -85.735293195185,
       35.0745199279903
      ]
     ]
    ]
   }
  },
  {
   "type": "Feature",
   "properties": {
    "kind": "building_footprint",
    "name": "155 Ellis Cove Road",
    "building_label": "155 Ellis Cove Road",
    "source_object_id": 108598406,
    "build_id": 3385741,
    "uuid": "{d242c118-9574-4b78-85c8-8b35ad527dc8}",
    "occupancy_class": "Residential",
    "primary_occupancy": "Single Family Dwelling",
    "secondary_occupancy": "",
    "address": "155 Ellis Cove Road",
    "city": "South Pittsburg",
    "state": "Tennessee",
    "zip": "37380",
    "county": "Marion",
    "outbuilding": "",
    "height_m": null,
    "area_sqm": 195.12,
    "area_sqft": 2109.7,
    "centroid_lng": -85.73874342,
    "centroid_lat": 35.08176603,
    "inside_aop_boundary": false,
    "production_date": "2019-06-06",
    "image_date": "2016-12-15",
    "image_name": "1040010026B1E200",
    "source_name": "ORNL",
    "validation_method": "Automated",
    "footprint_source": "FEMA USA Structures / ORNL",
    "source_item_url": "https://www.arcgis.com/home/item.html?id=e9fc147eaeae4dcaa4e9ad9802c7b9c6",
    "source_service_url": "https://services2.arcgis.com/FiaPA4ga0iQKduv3/arcgis/rest/services/USA_Structures_View/FeatureServer/0",
    "license_or_permission": "FEMA public data layer; no warranty; raw reference context",
    "publish_status": "raw_context",
    "confidence": "medium"
   },
   "geometry": {
    "type": "Polygon",
    "coordinates": [
     [
      [
       -85.73881062863,
       35.081682931021
      ],
      [
       -85.738783965734,
       35.0818600862866
      ],
      [
       -85.7386762119174,
       35.0818491271185
      ],
      [
       -85.7387028757116,
       35.0816719732993
      ],
      [
       -85.73881062863,
       35.081682931021
      ]
     ]
    ]
   }
  },
  {
   "type": "Feature",
   "properties": {
    "kind": "building_footprint",
    "name": "1550 Ellis Road",
    "building_label": "1550 Ellis Road",
    "source_object_id": 108594606,
    "build_id": 3446855,
    "uuid": "{b74c5b38-4f2a-4979-9b04-fa2f5d64da55}",
    "occupancy_class": "Agriculture",
    "primary_occupancy": "Agriculture",
    "secondary_occupancy": "",
    "address": "1550 Ellis Road",
    "city": "South Pittsburg",
    "state": "Tennessee",
    "zip": "",
    "county": "Marion",
    "outbuilding": "",
    "height_m": null,
    "area_sqm": 64.78,
    "area_sqft": 791.1,
    "centroid_lng": -85.7385763,
    "centroid_lat": 35.09575281,
    "inside_aop_boundary": false,
    "production_date": "2019-06-06",
    "image_date": "2016-12-15",
    "image_name": "1040010026B1E200",
    "source_name": "ORNL",
    "validation_method": "Automated",
    "footprint_source": "FEMA USA Structures / ORNL",
    "source_item_url": "https://www.arcgis.com/home/item.html?id=e9fc147eaeae4dcaa4e9ad9802c7b9c6",
    "source_service_url": "https://services2.arcgis.com/FiaPA4ga0iQKduv3/arcgis/rest/services/USA_Structures_View/FeatureServer/0",
    "license_or_permission": "FEMA public data layer; no warranty; raw reference context",
    "publish_status": "raw_context",
    "confidence": "medium"
   },
   "geometry": {
    "type": "Polygon",
    "coordinates": [
     [
      [
       -85.7386078986333,
       35.095703444284
      ],
      [
       -85.7386251103541,
       35.0957915679474
      ],
      [
       -85.7385446931699,
       35.0958021768549
      ],
      [
       -85.7385274832457,
       35.095714051733
      ],
      [
       -85.7386078986333,
       35.095703444284
      ]
     ]
    ]
   }
  },
  {
   "type": "Feature",
   "properties": {
    "kind": "building_footprint",
    "name": "158 Kelly Cove Road",
    "building_label": "158 Kelly Cove Road",
    "source_object_id": 108600487,
    "build_id": 3383741,
    "uuid": "{e1c8a61a-3f84-4265-9649-1200f357ec9a}",
    "occupancy_class": "Residential",
    "primary_occupancy": "Single Family Dwelling",
    "secondary_occupancy": "",
    "address": "158 Kelly Cove Road",
    "city": "South Pittsburg",
    "state": "Tennessee",
    "zip": "",
    "county": "Marion",
    "outbuilding": "",
    "height_m": null,
    "area_sqm": 445.93,
    "area_sqft": 4779.8,
    "centroid_lng": -85.73489315,
    "centroid_lat": 35.08006059,
    "inside_aop_boundary": false,
    "production_date": "2019-06-06",
    "image_date": "2016-12-15",
    "image_name": "1040010026B1E200",
    "source_name": "ORNL",
    "validation_method": "Automated",
    "footprint_source": "FEMA USA Structures / ORNL",
    "source_item_url": "https://www.arcgis.com/home/item.html?id=e9fc147eaeae4dcaa4e9ad9802c7b9c6",
    "source_service_url": "https://services2.arcgis.com/FiaPA4ga0iQKduv3/arcgis/rest/services/USA_Structures_View/FeatureServer/0",
    "license_or_permission": "FEMA public data layer; no warranty; raw reference context",
    "publish_status": "raw_context",
    "confidence": "medium"
   },
   "geometry": {
    "type": "Polygon",
    "coordinates": [
     [
      [
       -85.7348721763708,
       35.0802122219468
      ],
      [
       -85.7347913747077,
       35.0801225839777
      ],
      [
       -85.7348895138558,
       35.0800628049382
      ],
      [
       -85.734808713091,
       35.0799731660698
      ],
      [
       -85.7349177559901,
       35.0799067449538
      ],
      [
       -85.7350793584181,
       35.0800860197975
      ],
      [
       -85.7348721763708,
       35.0802122219468
      ]
     ]
    ]
   }
  },
  {
   "type": "Feature",
   "properties": {
    "kind": "building_footprint",
    "name": "158 Kelly Cove Road",
    "building_label": "158 Kelly Cove Road",
    "source_object_id": 108601034,
    "build_id": 3383002,
    "uuid": "{0794d3fb-b898-4cbc-933d-a6767cd64543}",
    "occupancy_class": "Residential",
    "primary_occupancy": "Single Family Dwelling",
    "secondary_occupancy": "",
    "address": "158 Kelly Cove Road",
    "city": "South Pittsburg",
    "state": "Tennessee",
    "zip": "",
    "county": "Marion",
    "outbuilding": "",
    "height_m": null,
    "area_sqm": 398.86,
    "area_sqft": 4351.3,
    "centroid_lng": -85.73517272,
    "centroid_lat": 35.0796051,
    "inside_aop_boundary": false,
    "production_date": "2019-06-06",
    "image_date": "2016-12-15",
    "image_name": "1040010026B1E200",
    "source_name": "ORNL",
    "validation_method": "Automated",
    "footprint_source": "FEMA USA Structures / ORNL",
    "source_item_url": "https://www.arcgis.com/home/item.html?id=e9fc147eaeae4dcaa4e9ad9802c7b9c6",
    "source_service_url": "https://services2.arcgis.com/FiaPA4ga0iQKduv3/arcgis/rest/services/USA_Structures_View/FeatureServer/0",
    "license_or_permission": "FEMA public data layer; no warranty; raw reference context",
    "publish_status": "raw_context",
    "confidence": "medium"
   },
   "geometry": {
    "type": "Polygon",
    "coordinates": [
     [
      [
       -85.7350295872598,
       35.079529626633
      ],
      [
       -85.7353274111158,
       35.0795470340324
      ],
      [
       -85.7353158605779,
       35.0796805759138
      ],
      [
       -85.7350180367219,
       35.079663169278
      ],
      [
       -85.7350295872598,
       35.079529626633
      ]
     ]
    ]
   }
  },
  {
   "type": "Feature",
   "properties": {
    "kind": "building_footprint",
    "name": "158 Kelly Cove Road",
    "building_label": "158 Kelly Cove Road",
    "source_object_id": 108603358,
    "build_id": 3384033,
    "uuid": "{b72f17f7-41ff-4ec4-963e-57d8c2c78155}",
    "occupancy_class": "Residential",
    "primary_occupancy": "Single Family Dwelling",
    "secondary_occupancy": "",
    "address": "158 Kelly Cove Road",
    "city": "South Pittsburg",
    "state": "Tennessee",
    "zip": "",
    "county": "Marion",
    "outbuilding": "",
    "height_m": null,
    "area_sqm": 193.69,
    "area_sqft": 2142.7,
    "centroid_lng": -85.735345,
    "centroid_lat": 35.08037234,
    "inside_aop_boundary": false,
    "production_date": "2019-06-06",
    "image_date": "2016-12-15",
    "image_name": "1040010026B1E200",
    "source_name": "ORNL",
    "validation_method": "Automated",
    "footprint_source": "FEMA USA Structures / ORNL",
    "source_item_url": "https://www.arcgis.com/home/item.html?id=e9fc147eaeae4dcaa4e9ad9802c7b9c6",
    "source_service_url": "https://services2.arcgis.com/FiaPA4ga0iQKduv3/arcgis/rest/services/USA_Structures_View/FeatureServer/0",
    "license_or_permission": "FEMA public data layer; no warranty; raw reference context",
    "publish_status": "raw_context",
    "confidence": "medium"
   },
   "geometry": {
    "type": "Polygon",
    "coordinates": [
     [
      [
       -85.7352824333678,
       35.0802966749176
      ],
      [
       -85.7354179163807,
       35.0803032198152
      ],
      [
       -85.7354075641953,
       35.0804480057833
      ],
      [
       -85.7352720802842,
       35.080441458692
      ],
      [
       -85.7352824333678,
       35.0802966749176
      ]
     ]
    ]
   }
  },
  {
   "type": "Feature",
   "properties": {
    "kind": "building_footprint",
    "name": "160 Billy Benton Way",
    "building_label": "160 Billy Benton Way",
    "source_object_id": 108606566,
    "build_id": 3449564,
    "uuid": "{4917e5cd-7ad2-4683-a8bc-33980a46dada}",
    "occupancy_class": "Residential",
    "primary_occupancy": "Single Family Dwelling",
    "secondary_occupancy": "",
    "address": "160 Billy Benton Way",
    "city": "Sewanee",
    "state": "Tennessee",
    "zip": "37375",
    "county": "Marion",
    "outbuilding": "",
    "height_m": null,
    "area_sqm": 257.03,
    "area_sqft": 2900.9,
    "centroid_lng": -85.76219877,
    "centroid_lat": 35.09861508,
    "inside_aop_boundary": false,
    "production_date": "2019-06-06",
    "image_date": "2016-12-15",
    "image_name": "1040010026B1E200",
    "source_name": "ORNL",
    "validation_method": "Automated",
    "footprint_source": "FEMA USA Structures / ORNL",
    "source_item_url": "https://www.arcgis.com/home/item.html?id=e9fc147eaeae4dcaa4e9ad9802c7b9c6",
    "source_service_url": "https://services2.arcgis.com/FiaPA4ga0iQKduv3/arcgis/rest/services/USA_Structures_View/FeatureServer/0",
    "license_or_permission": "FEMA public data layer; no warranty; raw reference context",
    "publish_status": "raw_context",
    "confidence": "medium"
   },
   "geometry": {
    "type": "Polygon",
    "coordinates": [
     [
      [
       -85.7621625554262,
       35.098719221255
      ],
      [
       -85.7620674894146,
       35.0986245830529
      ],
      [
       -85.7622349838926,
       35.0985109391587
      ],
      [
       -85.7623300499042,
       35.0986055760227
      ],
      [
       -85.7621625554262,
       35.098719221255
      ]
     ]
    ]
   }
  },
  {
   "type": "Feature",
   "properties": {
    "kind": "building_footprint",
    "name": "173 Martin Gaines Road",
    "building_label": "173 Martin Gaines Road",
    "source_object_id": 108596686,
    "build_id": 3375296,
    "uuid": "{a4085eaf-a4ab-4e05-afaf-5292a0781350}",
    "occupancy_class": "Residential",
    "primary_occupancy": "Single Family Dwelling",
    "secondary_occupancy": "",
    "address": "173 Martin Gaines Road",
    "city": "South Pittsburg",
    "state": "Tennessee",
    "zip": "",
    "county": "Marion",
    "outbuilding": "",
    "height_m": null,
    "area_sqm": 135.45,
    "area_sqft": 1450.4,
    "centroid_lng": -85.7353138,
    "centroid_lat": 35.07474579,
    "inside_aop_boundary": false,
    "production_date": "2019-06-06",
    "image_date": "2016-12-15",
    "image_name": "1040010026B1E200",
    "source_name": "ORNL",
    "validation_method": "Automated",
    "footprint_source": "FEMA USA Structures / ORNL",
    "source_item_url": "https://www.arcgis.com/home/item.html?id=e9fc147eaeae4dcaa4e9ad9802c7b9c6",
    "source_service_url": "https://services2.arcgis.com/FiaPA4ga0iQKduv3/arcgis/rest/services/USA_Structures_View/FeatureServer/0",
    "license_or_permission": "FEMA public data layer; no warranty; raw reference context",
    "publish_status": "raw_context",
    "confidence": "medium"
   },
   "geometry": {
    "type": "Polygon",
    "coordinates": [
     [
      [
       -85.7352441327974,
       35.0746960276458
      ],
      [
       -85.7353499228968,
       35.0746759747524
      ],
      [
       -85.7353834632946,
       35.0747955590609
      ],
      [
       -85.7352776722968,
       35.0748156126602
      ],
      [
       -85.7352441327974,
       35.0746960276458
      ]
     ]
    ]
   }
  },
  {
   "type": "Feature",
   "properties": {
    "kind": "building_footprint",
    "name": "1760 Ellis Road",
    "building_label": "1760 Ellis Road",
    "source_object_id": 108604814,
    "build_id": 3443971,
    "uuid": "{4da78acf-00fd-4316-889e-c5c420029e63}",
    "occupancy_class": "Residential",
    "primary_occupancy": "Single Family Dwelling",
    "secondary_occupancy": "",
    "address": "1760 Ellis Road",
    "city": "South Pittsburg",
    "state": "Tennessee",
    "zip": "37380",
    "county": "Marion",
    "outbuilding": "",
    "height_m": null,
    "area_sqm": 144.23,
    "area_sqft": 1648.2,
    "centroid_lng": -85.7378023,
    "centroid_lat": 35.09315852,
    "inside_aop_boundary": false,
    "production_date": "2019-06-06",
    "image_date": "2016-12-15",
    "image_name": "1040010026B1E200",
    "source_name": "ORNL",
    "validation_method": "Automated",
    "footprint_source": "FEMA USA Structures / ORNL",
    "source_item_url": "https://www.arcgis.com/home/item.html?id=e9fc147eaeae4dcaa4e9ad9802c7b9c6",
    "source_service_url": "https://services2.arcgis.com/FiaPA4ga0iQKduv3/arcgis/rest/services/USA_Structures_View/FeatureServer/0",
    "license_or_permission": "FEMA public data layer; no warranty; raw reference context",
    "publish_status": "raw_context",
    "confidence": "medium"
   },
   "geometry": {
    "type": "Polygon",
    "coordinates": [
     [
      [
       -85.7377342501886,
       35.0931028849459
      ],
      [
       -85.7378699892212,
       35.0931025872633
      ],
      [
       -85.7378703512423,
       35.093214151246
      ],
      [
       -85.7377346131079,
       35.0932144496632
      ],
      [
       -85.7377342501886,
       35.0931028849459
      ]
     ]
    ]
   }
  },
  {
   "type": "Feature",
   "properties": {
    "kind": "building_footprint",
    "name": "1768 Ellis Road",
    "building_label": "1768 Ellis Road",
    "source_object_id": 108600431,
    "build_id": 3443603,
    "uuid": "{5e6786fe-6401-4433-a6cd-ca43aab3101c}",
    "occupancy_class": "Residential",
    "primary_occupancy": "Single Family Dwelling",
    "secondary_occupancy": "",
    "address": "1768 Ellis Road",
    "city": "South Pittsburg",
    "state": "Tennessee",
    "zip": "37380",
    "county": "Marion",
    "outbuilding": "",
    "height_m": null,
    "area_sqm": 168.16,
    "area_sqft": 1648.2,
    "centroid_lng": -85.73806428,
    "centroid_lat": 35.09281459,
    "inside_aop_boundary": false,
    "production_date": "2019-06-06",
    "image_date": "2016-12-15",
    "image_name": "1040010026B1E200",
    "source_name": "ORNL",
    "validation_method": "Automated",
    "footprint_source": "FEMA USA Structures / ORNL",
    "source_item_url": "https://www.arcgis.com/home/item.html?id=e9fc147eaeae4dcaa4e9ad9802c7b9c6",
    "source_service_url": "https://services2.arcgis.com/FiaPA4ga0iQKduv3/arcgis/rest/services/USA_Structures_View/FeatureServer/0",
    "license_or_permission": "FEMA public data layer; no warranty; raw reference context",
    "publish_status": "raw_context",
    "confidence": "medium"
   },
   "geometry": {
    "type": "Polygon",
    "coordinates": [
     [
      [
       -85.7379957614459,
       35.092869832275
      ],
      [
       -85.7379970631047,
       35.0927582722313
      ],
      [
       -85.7381327949509,
       35.0927593431579
      ],
      [
       -85.738131493292,
       35.0928709032
      ],
      [
       -85.7379957614459,
       35.092869832275
      ]
     ]
    ]
   }
  },
  {
   "type": "Feature",
   "properties": {
    "kind": "building_footprint",
    "name": "1776 Ellis Road",
    "building_label": "1776 Ellis Road",
    "source_object_id": 108598996,
    "build_id": 3443486,
    "uuid": "{74005dcd-41ea-4d9f-a32d-04cd32d3b262}",
    "occupancy_class": "Residential",
    "primary_occupancy": "Single Family Dwelling",
    "secondary_occupancy": "",
    "address": "1776 Ellis Road",
    "city": "South Pittsburg",
    "state": "Tennessee",
    "zip": "37380",
    "county": "Marion",
    "outbuilding": "",
    "height_m": null,
    "area_sqm": 168.32,
    "area_sqft": 1648.2,
    "centroid_lng": -85.73775553,
    "centroid_lat": 35.092734,
    "inside_aop_boundary": false,
    "production_date": "2019-06-06",
    "image_date": "2016-12-15",
    "image_name": "1040010026B1E200",
    "source_name": "ORNL",
    "validation_method": "Automated",
    "footprint_source": "FEMA USA Structures / ORNL",
    "source_item_url": "https://www.arcgis.com/home/item.html?id=e9fc147eaeae4dcaa4e9ad9802c7b9c6",
    "source_service_url": "https://services2.arcgis.com/FiaPA4ga0iQKduv3/arcgis/rest/services/USA_Structures_View/FeatureServer/0",
    "license_or_permission": "FEMA public data layer; no warranty; raw reference context",
    "publish_status": "raw_context",
    "confidence": "medium"
   },
   "geometry": {
    "type": "Polygon",
    "coordinates": [
     [
      [
       -85.7376897458527,
       35.092791451103
      ],
      [
       -85.7376856360603,
       35.0926799372585
      ],
      [
       -85.7378213113126,
       35.0926765590956
      ],
      [
       -85.7378254220034,
       35.0927880722097
      ],
      [
       -85.7376897458527,
       35.092791451103
      ]
     ]
    ]
   }
  },
  {
   "type": "Feature",
   "properties": {
    "kind": "building_footprint",
    "name": "1784 Ellis Road",
    "building_label": "1784 Ellis Road",
    "source_object_id": 108595998,
    "build_id": 3399679,
    "uuid": "{a3577081-5b08-4849-87db-3f07a6c5af45}",
    "occupancy_class": "Residential",
    "primary_occupancy": "Single Family Dwelling",
    "secondary_occupancy": "",
    "address": "1784 Ellis Road",
    "city": "South Pittsburg",
    "state": "Tennessee",
    "zip": "37380",
    "county": "Marion",
    "outbuilding": "",
    "height_m": null,
    "area_sqm": 130.99,
    "area_sqft": 1648.2,
    "centroid_lng": -85.73768096,
    "centroid_lat": 35.09234595,
    "inside_aop_boundary": false,
    "production_date": "2019-06-06",
    "image_date": "2016-12-15",
    "image_name": "1040010026B1E200",
    "source_name": "ORNL",
    "validation_method": "Automated",
    "footprint_source": "FEMA USA Structures / ORNL",
    "source_item_url": "https://www.arcgis.com/home/item.html?id=e9fc147eaeae4dcaa4e9ad9802c7b9c6",
    "source_service_url": "https://services2.arcgis.com/FiaPA4ga0iQKduv3/arcgis/rest/services/USA_Structures_View/FeatureServer/0",
    "license_or_permission": "FEMA public data layer; no warranty; raw reference context",
    "publish_status": "raw_context",
    "confidence": "medium"
   },
   "geometry": {
    "type": "Polygon",
    "coordinates": [
     [
      [
       -85.7377502410989,
       35.0924005459522
      ],
      [
       -85.737614532609,
       35.0924028980319
      ],
      [
       -85.7376116732714,
       35.0922913571952
      ],
      [
       -85.7377473799647,
       35.0922890058473
      ],
      [
       -85.7377502410989,
       35.0924005459522
      ]
     ]
    ]
   }
  },
  {
   "type": "Feature",
   "properties": {
    "kind": "building_footprint",
    "name": "1800 Ellis Road",
    "building_label": "1800 Ellis Road",
    "source_object_id": 108596482,
    "build_id": 3398510,
    "uuid": "{5e21a26f-49b0-4963-b54e-696c54f27ca4}",
    "occupancy_class": "Residential",
    "primary_occupancy": "Single Family Dwelling",
    "secondary_occupancy": "",
    "address": "1800 Ellis Road",
    "city": "South Pittsburg",
    "state": "Tennessee",
    "zip": "37380",
    "county": "Marion",
    "outbuilding": "",
    "height_m": null,
    "area_sqm": 97.0,
    "area_sqft": 1054.9,
    "centroid_lng": -85.73772681,
    "centroid_lat": 35.09159097,
    "inside_aop_boundary": false,
    "production_date": "2019-06-06",
    "image_date": "2016-12-15",
    "image_name": "1040010026B1E200",
    "source_name": "ORNL",
    "validation_method": "Automated",
    "footprint_source": "FEMA USA Structures / ORNL",
    "source_item_url": "https://www.arcgis.com/home/item.html?id=e9fc147eaeae4dcaa4e9ad9802c7b9c6",
    "source_service_url": "https://services2.arcgis.com/FiaPA4ga0iQKduv3/arcgis/rest/services/USA_Structures_View/FeatureServer/0",
    "license_or_permission": "FEMA public data layer; no warranty; raw reference context",
    "publish_status": "raw_context",
    "confidence": "medium"
   },
   "geometry": {
    "type": "Polygon",
    "coordinates": [
     [
      [
       -85.7376727021169,
       35.091546191164
      ],
      [
       -85.7377812913667,
       35.0915464998777
      ],
      [
       -85.7377809149726,
       35.0916357518971
      ],
      [
       -85.7376723257228,
       35.0916354431838
      ],
      [
       -85.7376727021169,
       35.091546191164
      ]
     ]
    ]
   }
  },
  {
   "type": "Feature",
   "properties": {
    "kind": "building_footprint",
    "name": "1800 Ellis Road",
    "building_label": "1800 Ellis Road",
    "source_object_id": 108601029,
    "build_id": 3399070,
    "uuid": "{5a6fe39e-dedf-4cd2-beda-737f16c24e14}",
    "occupancy_class": "Residential",
    "primary_occupancy": "Single Family Dwelling",
    "secondary_occupancy": "",
    "address": "1800 Ellis Road",
    "city": "South Pittsburg",
    "state": "Tennessee",
    "zip": "37380",
    "county": "Marion",
    "outbuilding": "",
    "height_m": null,
    "area_sqm": 190.02,
    "area_sqft": 1977.9,
    "centroid_lng": -85.73765278,
    "centroid_lat": 35.09199039,
    "inside_aop_boundary": false,
    "production_date": "2019-06-06",
    "image_date": "2016-12-15",
    "image_name": "1040010026B1E200",
    "source_name": "ORNL",
    "validation_method": "Automated",
    "footprint_source": "FEMA USA Structures / ORNL",
    "source_item_url": "https://www.arcgis.com/home/item.html?id=e9fc147eaeae4dcaa4e9ad9802c7b9c6",
    "source_service_url": "https://services2.arcgis.com/FiaPA4ga0iQKduv3/arcgis/rest/services/USA_Structures_View/FeatureServer/0",
    "license_or_permission": "FEMA public data layer; no warranty; raw reference context",
    "publish_status": "raw_context",
    "confidence": "medium"
   },
   "geometry": {
    "type": "Polygon",
    "coordinates": [
     [
      [
       -85.7375948136902,
       35.0920633408216
      ],
      [
       -85.7375759311029,
       35.0919303653385
      ],
      [
       -85.7377107529557,
       35.0919174317648
      ],
      [
       -85.7377296364412,
       35.0920504072689
      ],
      [
       -85.7375948136902,
       35.0920633408216
      ]
     ]
    ]
   }
  },
  {
   "type": "Feature",
   "properties": {
    "kind": "building_footprint",
    "name": "185 Martin Gaines Road",
    "building_label": "185 Martin Gaines Road",
    "source_object_id": 108598359,
    "build_id": 3375411,
    "uuid": "{0118c118-c384-4a81-9a67-ddf51109671e}",
    "occupancy_class": "Residential",
    "primary_occupancy": "Single Family Dwelling",
    "secondary_occupancy": "",
    "address": "185 Martin Gaines Road",
    "city": "South Pittsburg",
    "state": "Tennessee",
    "zip": "",
    "county": "Marion",
    "outbuilding": "",
    "height_m": null,
    "area_sqm": 42.92,
    "area_sqft": 412.1,
    "centroid_lng": -85.73540488,
    "centroid_lat": 35.07488068,
    "inside_aop_boundary": false,
    "production_date": "2019-06-06",
    "image_date": "2016-12-15",
    "image_name": "1040010026B1E200",
    "source_name": "ORNL",
    "validation_method": "Automated",
    "footprint_source": "FEMA USA Structures / ORNL",
    "source_item_url": "https://www.arcgis.com/home/item.html?id=e9fc147eaeae4dcaa4e9ad9802c7b9c6",
    "source_service_url": "https://services2.arcgis.com/FiaPA4ga0iQKduv3/arcgis/rest/services/USA_Structures_View/FeatureServer/0",
    "license_or_permission": "FEMA public data layer; no warranty; raw reference context",
    "publish_status": "raw_context",
    "confidence": "medium"
   },
   "geometry": {
    "type": "Polygon",
    "coordinates": [
     [
      [
       -85.7353641737705,
       35.0749015592266
      ],
      [
       -85.7353794738764,
       35.0748472130408
      ],
      [
       -85.7354455808982,
       35.0748597912872
      ],
      [
       -85.7354302798939,
       35.0749141367294
      ],
      [
       -85.7353641737705,
       35.0749015592266
      ]
     ]
    ]
   }
  },
  {
   "type": "Feature",
   "properties": {
    "kind": "building_footprint",
    "name": "1860 Kelly Cove Road",
    "building_label": "1860 Kelly Cove Road",
    "source_object_id": 108603463,
    "build_id": 3384075,
    "uuid": "{ea710437-9a81-4873-a0b8-fe3a6bc18be8}",
    "occupancy_class": "Residential",
    "primary_occupancy": "Single Family Dwelling",
    "secondary_occupancy": "",
    "address": "1860 Kelly Cove Road",
    "city": "South Pittsburg",
    "state": "Tennessee",
    "zip": "37380",
    "county": "Marion",
    "outbuilding": "",
    "height_m": null,
    "area_sqm": 374.45,
    "area_sqft": 3856.8,
    "centroid_lng": -85.7191708,
    "centroid_lat": 35.0801987,
    "inside_aop_boundary": false,
    "production_date": "2019-06-06",
    "image_date": "2016-12-15",
    "image_name": "1040010026B1E200",
    "source_name": "ORNL",
    "validation_method": "Automated",
    "footprint_source": "FEMA USA Structures / ORNL",
    "source_item_url": "https://www.arcgis.com/home/item.html?id=e9fc147eaeae4dcaa4e9ad9802c7b9c6",
    "source_service_url": "https://services2.arcgis.com/FiaPA4ga0iQKduv3/arcgis/rest/services/USA_Structures_View/FeatureServer/0",
    "license_or_permission": "FEMA public data layer; no warranty; raw reference context",
    "publish_status": "raw_context",
    "confidence": "medium"
   },
   "geometry": {
    "type": "Polygon",
    "coordinates": [
     [
      [
       -85.7190887570659,
       35.0800948120221
      ],
      [
       -85.7192649705921,
       35.0801020119419
      ],
      [
       -85.7192528433357,
       35.0803025809838
      ],
      [
       -85.719076628013,
       35.0802953810818
      ],
      [
       -85.7190887570659,
       35.0800948120221
      ]
     ]
    ]
   }
  },
  {
   "type": "Feature",
   "properties": {
    "kind": "building_footprint",
    "name": "1900 Kelly Cove Road",
    "building_label": "1900 Kelly Cove Road",
    "source_object_id": 108600767,
    "build_id": 3384370,
    "uuid": "{0d4d6f3e-6e19-4dd8-99dd-75192a55f849}",
    "occupancy_class": "Residential",
    "primary_occupancy": "Single Family Dwelling",
    "secondary_occupancy": "",
    "address": "1900 Kelly Cove Road",
    "city": "South Pittsburg",
    "state": "Tennessee",
    "zip": "37380",
    "county": "Marion",
    "outbuilding": "",
    "height_m": null,
    "area_sqm": 309.83,
    "area_sqft": 3626.1,
    "centroid_lng": -85.71826169,
    "centroid_lat": 35.08044638,
    "inside_aop_boundary": false,
    "production_date": "2019-06-06",
    "image_date": "2016-12-15",
    "image_name": "1040010026B1E200",
    "source_name": "ORNL",
    "validation_method": "Automated",
    "footprint_source": "FEMA USA Structures / ORNL",
    "source_item_url": "https://www.arcgis.com/home/item.html?id=e9fc147eaeae4dcaa4e9ad9802c7b9c6",
    "source_service_url": "https://services2.arcgis.com/FiaPA4ga0iQKduv3/arcgis/rest/services/USA_Structures_View/FeatureServer/0",
    "license_or_permission": "FEMA public data layer; no warranty; raw reference context",
    "publish_status": "raw_context",
    "confidence": "medium"
   },
   "geometry": {
    "type": "Polygon",
    "coordinates": [
     [
      [
       -85.71829015388,
       35.0803145070607
      ],
      [
       -85.7184109656076,
       35.0803292979519
      ],
      [
       -85.718370980696,
       35.0805499943435
      ],
      [
       -85.7181159319189,
       35.0805187681483
      ],
      [
       -85.7181239278232,
       35.0804746293419
      ],
      [
       -85.7182581648728,
       35.0804910639598
      ],
      [
       -85.71829015388,
       35.0803145070607
      ]
     ]
    ]
   }
  },
  {
   "type": "Feature",
   "properties": {
    "kind": "building_footprint",
    "name": "195 Martin Gaines Road",
    "building_label": "195 Martin Gaines Road",
    "source_object_id": 108592109,
    "build_id": 3375769,
    "uuid": "{4689e033-342f-4a09-9bb5-19a4a6834722}",
    "occupancy_class": "Residential",
    "primary_occupancy": "Manufactured Home",
    "secondary_occupancy": "",
    "address": "195 Martin Gaines Road",
    "city": "South Pittsburg",
    "state": "Tennessee",
    "zip": "",
    "county": "Marion",
    "outbuilding": "",
    "height_m": null,
    "area_sqm": 95.09,
    "area_sqft": 988.9,
    "centroid_lng": -85.73537727,
    "centroid_lat": 35.07505728,
    "inside_aop_boundary": false,
    "production_date": "2019-06-06",
    "image_date": "2016-12-15",
    "image_name": "1040010026B1E200",
    "source_name": "ORNL",
    "validation_method": "Automated",
    "footprint_source": "FEMA USA Structures / ORNL",
    "source_item_url": "https://www.arcgis.com/home/item.html?id=e9fc147eaeae4dcaa4e9ad9802c7b9c6",
    "source_service_url": "https://services2.arcgis.com/FiaPA4ga0iQKduv3/arcgis/rest/services/USA_Structures_View/FeatureServer/0",
    "license_or_permission": "FEMA public data layer; no warranty; raw reference context",
    "publish_status": "raw_context",
    "confidence": "medium"
   },
   "geometry": {
    "type": "Polygon",
    "coordinates": [
     [
      [
       -85.7353909651255,
       35.0749856442221
      ],
      [
       -85.7354294992579,
       35.0751157213111
      ],
      [
       -85.7353635718992,
       35.0751289192734
      ],
      [
       -85.7353250377668,
       35.0749988429405
      ],
      [
       -85.7353909651255,
       35.0749856442221
      ]
     ]
    ]
   }
  },
  {
   "type": "Feature",
   "properties": {
    "kind": "building_footprint",
    "name": "2000 Ellis Road",
    "building_label": "2000 Ellis Road",
    "source_object_id": 108594906,
    "build_id": 3398356,
    "uuid": "{12cec161-0562-48f8-9e2f-2aae65bd5882}",
    "occupancy_class": "Residential",
    "primary_occupancy": "Single Family Dwelling",
    "secondary_occupancy": "",
    "address": "2000 Ellis Road",
    "city": "South Pittsburg",
    "state": "Tennessee",
    "zip": "",
    "county": "Marion",
    "outbuilding": "",
    "height_m": null,
    "area_sqm": 264.53,
    "area_sqft": 2769.0,
    "centroid_lng": -85.73760252,
    "centroid_lat": 35.09141245,
    "inside_aop_boundary": false,
    "production_date": "2019-06-06",
    "image_date": "2016-12-15",
    "image_name": "1040010026B1E200",
    "source_name": "ORNL",
    "validation_method": "Automated",
    "footprint_source": "FEMA USA Structures / ORNL",
    "source_item_url": "https://www.arcgis.com/home/item.html?id=e9fc147eaeae4dcaa4e9ad9802c7b9c6",
    "source_service_url": "https://services2.arcgis.com/FiaPA4ga0iQKduv3/arcgis/rest/services/USA_Structures_View/FeatureServer/0",
    "license_or_permission": "FEMA public data layer; no warranty; raw reference context",
    "publish_status": "raw_context",
    "confidence": "medium"
   },
   "geometry": {
    "type": "Polygon",
    "coordinates": [
     [
      [
       -85.7375273205679,
       35.0914946683026
      ],
      [
       -85.7375151618705,
       35.0913387970417
      ],
      [
       -85.7376777111229,
       35.0913302309495
      ],
      [
       -85.7376898698202,
       35.0914861022267
      ],
      [
       -85.7375273205679,
       35.0914946683026
      ]
     ]
    ]
   }
  },
  {
   "type": "Feature",
   "properties": {
    "kind": "building_footprint",
    "name": "2010 Ellis Road",
    "building_label": "2010 Ellis Road",
    "source_object_id": 108600123,
    "build_id": 3397759,
    "uuid": "{274e6f61-799b-4977-bb99-c7133a36d886}",
    "occupancy_class": "Residential",
    "primary_occupancy": "Single Family Dwelling",
    "secondary_occupancy": "",
    "address": "2010 Ellis Road",
    "city": "South Pittsburg",
    "state": "Tennessee",
    "zip": "37380",
    "county": "Marion",
    "outbuilding": "",
    "height_m": null,
    "area_sqm": 179.97,
    "area_sqft": 1977.9,
    "centroid_lng": -85.73766437,
    "centroid_lat": 35.09085204,
    "inside_aop_boundary": false,
    "production_date": "2019-06-06",
    "image_date": "2016-12-15",
    "image_name": "1040010026B1E200",
    "source_name": "ORNL",
    "validation_method": "Automated",
    "footprint_source": "FEMA USA Structures / ORNL",
    "source_item_url": "https://www.arcgis.com/home/item.html?id=e9fc147eaeae4dcaa4e9ad9802c7b9c6",
    "source_service_url": "https://services2.arcgis.com/FiaPA4ga0iQKduv3/arcgis/rest/services/USA_Structures_View/FeatureServer/0",
    "license_or_permission": "FEMA public data layer; no warranty; raw reference context",
    "publish_status": "raw_context",
    "confidence": "medium"
   },
   "geometry": {
    "type": "Polygon",
    "coordinates": [
     [
      [
       -85.7375800867094,
       35.090904893279
      ],
      [
       -85.7376163247479,
       35.090774370204
      ],
      [
       -85.7377486582674,
       35.090799191016
      ],
      [
       -85.7377124202288,
       35.0909297140512
      ],
      [
       -85.7375800867094,
       35.090904893279
      ]
     ]
    ]
   }
  },
  {
   "type": "Feature",
   "properties": {
    "kind": "building_footprint",
    "name": "208 Fiery Gizzard Road",
    "building_label": "208 Fiery Gizzard Road",
    "source_object_id": 108603204,
    "build_id": 3462478,
    "uuid": "{37d60a73-7ba8-41c8-9ed5-463a8d317757}",
    "occupancy_class": "Residential",
    "primary_occupancy": "Single Family Dwelling",
    "secondary_occupancy": "",
    "address": "208 Fiery Gizzard Road",
    "city": "South Pittsburg",
    "state": "Tennessee",
    "zip": "37380",
    "county": "Marion",
    "outbuilding": "",
    "height_m": null,
    "area_sqm": 204.7,
    "area_sqft": 2076.8,
    "centroid_lng": -85.73791904,
    "centroid_lat": 35.11124971,
    "inside_aop_boundary": false,
    "production_date": "2019-06-06",
    "image_date": "2016-12-15",
    "image_name": "1040010026B1E200",
    "source_name": "ORNL",
    "validation_method": "Automated",
    "footprint_source": "FEMA USA Structures / ORNL",
    "source_item_url": "https://www.arcgis.com/home/item.html?id=e9fc147eaeae4dcaa4e9ad9802c7b9c6",
    "source_service_url": "https://services2.arcgis.com/FiaPA4ga0iQKduv3/arcgis/rest/services/USA_Structures_View/FeatureServer/0",
    "license_or_permission": "FEMA public data layer; no warranty; raw reference context",
    "publish_status": "raw_context",
    "confidence": "medium"
   },
   "geometry": {
    "type": "Polygon",
    "coordinates": [
     [
      [
       -85.7378503466592,
       35.1111579470842
      ],
      [
       -85.7379438397208,
       35.1111439186859
      ],
      [
       -85.7379877376937,
       35.1113414690277
      ],
      [
       -85.7378942464289,
       35.1113554966571
      ],
      [
       -85.7378503466592,
       35.1111579470842
      ]
     ]
    ]
   }
  },
  {
   "type": "Feature",
   "properties": {
    "kind": "building_footprint",
    "name": "214 Ables Road",
    "building_label": "214 Ables Road",
    "source_object_id": 108600768,
    "build_id": 3379568,
    "uuid": "{9932c8c5-1b30-4a55-81e5-e6d569facf18}",
    "occupancy_class": "Residential",
    "primary_occupancy": "Manufactured Home",
    "secondary_occupancy": "",
    "address": "214 Ables Road",
    "city": "South Pittsburg",
    "state": "Tennessee",
    "zip": "",
    "county": "Marion",
    "outbuilding": "",
    "height_m": null,
    "area_sqm": 96.05,
    "area_sqft": 1087.8,
    "centroid_lng": -85.73399554,
    "centroid_lat": 35.07733073,
    "inside_aop_boundary": false,
    "production_date": "2019-06-06",
    "image_date": "2016-12-15",
    "image_name": "1040010026B1E200",
    "source_name": "ORNL",
    "validation_method": "Automated",
    "footprint_source": "FEMA USA Structures / ORNL",
    "source_item_url": "https://www.arcgis.com/home/item.html?id=e9fc147eaeae4dcaa4e9ad9802c7b9c6",
    "source_service_url": "https://services2.arcgis.com/FiaPA4ga0iQKduv3/arcgis/rest/services/USA_Structures_View/FeatureServer/0",
    "license_or_permission": "FEMA public data layer; no warranty; raw reference context",
    "publish_status": "raw_context",
    "confidence": "medium"
   },
   "geometry": {
    "type": "Polygon",
    "coordinates": [
     [
      [
       -85.734060612292,
       35.0773757169812
      ],
      [
       -85.7339143000884,
       35.0773513537652
      ],
      [
       -85.733930465272,
       35.0772857472787
      ],
      [
       -85.7340767765773,
       35.077310109044
      ],
      [
       -85.734060612292,
       35.0773757169812
      ]
     ]
    ]
   }
  },
  {
   "type": "Feature",
   "properties": {
    "kind": "building_footprint",
    "name": "215 Ellis Cove Road",
    "building_label": "215 Ellis Cove Road",
    "source_object_id": 108592029,
    "build_id": 3385933,
    "uuid": "{f4621de5-7122-47d6-a491-47a1e8a1192f}",
    "occupancy_class": "Residential",
    "primary_occupancy": "Manufactured Home",
    "secondary_occupancy": "",
    "address": "215 Ellis Cove Road",
    "city": "South Pittsburg",
    "state": "Tennessee",
    "zip": "37380",
    "county": "Marion",
    "outbuilding": "",
    "height_m": null,
    "area_sqm": 182.84,
    "area_sqft": 1730.7,
    "centroid_lng": -85.73906677,
    "centroid_lat": 35.08195411,
    "inside_aop_boundary": false,
    "production_date": "2019-06-06",
    "image_date": "2016-12-15",
    "image_name": "1040010026B1E200",
    "source_name": "ORNL",
    "validation_method": "Automated",
    "footprint_source": "FEMA USA Structures / ORNL",
    "source_item_url": "https://www.arcgis.com/home/item.html?id=e9fc147eaeae4dcaa4e9ad9802c7b9c6",
    "source_service_url": "https://services2.arcgis.com/FiaPA4ga0iQKduv3/arcgis/rest/services/USA_Structures_View/FeatureServer/0",
    "license_or_permission": "FEMA public data layer; no warranty; raw reference context",
    "publish_status": "raw_context",
    "confidence": "medium"
   },
   "geometry": {
    "type": "Polygon",
    "coordinates": [
     [
      [
       -85.739061451732,
       35.0820463389911
      ],
      [
       -85.7389841939226,
       35.0818915089804
      ],
      [
       -85.7390720922766,
       35.0818618718928
      ],
      [
       -85.7391493500859,
       35.0820167012245
      ],
      [
       -85.739061451732,
       35.0820463389911
      ]
     ]
    ]
   }
  },
  {
   "type": "Feature",
   "properties": {
    "kind": "building_footprint",
    "name": "223 Ellis Cove Road",
    "building_label": "223 Ellis Cove Road",
    "source_object_id": 108590776,
    "build_id": 3385913,
    "uuid": "{509b26c0-8f95-485d-9ad6-22924c351386}",
    "occupancy_class": "Residential",
    "primary_occupancy": "Manufactured Home",
    "secondary_occupancy": "",
    "address": "223 Ellis Cove Road",
    "city": "South Pittsburg",
    "state": "Tennessee",
    "zip": "37380",
    "county": "Marion",
    "outbuilding": "",
    "height_m": null,
    "area_sqm": 109.29,
    "area_sqft": 1087.8,
    "centroid_lng": -85.73930722,
    "centroid_lat": 35.08199217,
    "inside_aop_boundary": false,
    "production_date": "2019-06-06",
    "image_date": "2016-12-15",
    "image_name": "1040010026B1E200",
    "source_name": "ORNL",
    "validation_method": "Automated",
    "footprint_source": "FEMA USA Structures / ORNL",
    "source_item_url": "https://www.arcgis.com/home/item.html?id=e9fc147eaeae4dcaa4e9ad9802c7b9c6",
    "source_service_url": "https://services2.arcgis.com/FiaPA4ga0iQKduv3/arcgis/rest/services/USA_Structures_View/FeatureServer/0",
    "license_or_permission": "FEMA public data layer; no warranty; raw reference context",
    "publish_status": "raw_context",
    "confidence": "medium"
   },
   "geometry": {
    "type": "Polygon",
    "coordinates": [
     [
      [
       -85.7392238572539,
       35.0820059412946
      ],
      [
       -85.7392480039688,
       35.0819420116822
      ],
      [
       -85.7393905818757,
       35.0819784008074
      ],
      [
       -85.7393664369575,
       35.0820423296562
      ],
      [
       -85.7392238572539,
       35.0820059412946
      ]
     ]
    ]
   }
  },
  {
   "type": "Feature",
   "properties": {
    "kind": "building_footprint",
    "name": "225 Ables Road",
    "building_label": "225 Ables Road",
    "source_object_id": 108599190,
    "build_id": 3379428,
    "uuid": "{f17d7a43-d375-48cc-aab8-d1a10971ff86}",
    "occupancy_class": "Residential",
    "primary_occupancy": "Single Family Dwelling",
    "secondary_occupancy": "",
    "address": "225 Ables Road",
    "city": "South Pittsburg",
    "state": "Tennessee",
    "zip": "37380",
    "county": "Marion",
    "outbuilding": "",
    "height_m": null,
    "area_sqm": 238.2,
    "area_sqft": 2472.3,
    "centroid_lng": -85.7352329,
    "centroid_lat": 35.07722383,
    "inside_aop_boundary": false,
    "production_date": "2019-06-06",
    "image_date": "2016-12-15",
    "image_name": "1040010026B1E200",
    "source_name": "ORNL",
    "validation_method": "Automated",
    "footprint_source": "FEMA USA Structures / ORNL",
    "source_item_url": "https://www.arcgis.com/home/item.html?id=e9fc147eaeae4dcaa4e9ad9802c7b9c6",
    "source_service_url": "https://services2.arcgis.com/FiaPA4ga0iQKduv3/arcgis/rest/services/USA_Structures_View/FeatureServer/0",
    "license_or_permission": "FEMA public data layer; no warranty; raw reference context",
    "publish_status": "raw_context",
    "confidence": "medium"
   },
   "geometry": {
    "type": "Polygon",
    "coordinates": [
     [
      [
       -85.7351525657238,
       35.0771479889973
      ],
      [
       -85.7352871603029,
       35.0771336989102
      ],
      [
       -85.735313233904,
       35.0772996682883
      ],
      [
       -85.7351786402233,
       35.0773139590816
      ],
      [
       -85.7351525657238,
       35.0771479889973
      ]
     ]
    ]
   }
  },
  {
   "type": "Feature",
   "properties": {
    "kind": "building_footprint",
    "name": "225 Goff Payne Road",
    "building_label": "225 Goff Payne Road",
    "source_object_id": 108604265,
    "build_id": 3450345,
    "uuid": "{6c15520b-661b-449b-b6d7-ea6a07c87f8e}",
    "occupancy_class": "Residential",
    "primary_occupancy": "Single Family Dwelling",
    "secondary_occupancy": "",
    "address": "225 Goff Payne Road",
    "city": "South Pittsburg",
    "state": "Tennessee",
    "zip": "37380",
    "county": "Marion",
    "outbuilding": "",
    "height_m": null,
    "area_sqm": 215.39,
    "area_sqft": 2225.1,
    "centroid_lng": -85.73581819,
    "centroid_lat": 35.09920979,
    "inside_aop_boundary": false,
    "production_date": "2019-06-06",
    "image_date": "2016-12-15",
    "image_name": "1040010026B1E200",
    "source_name": "ORNL",
    "validation_method": "Automated",
    "footprint_source": "FEMA USA Structures / ORNL",
    "source_item_url": "https://www.arcgis.com/home/item.html?id=e9fc147eaeae4dcaa4e9ad9802c7b9c6",
    "source_service_url": "https://services2.arcgis.com/FiaPA4ga0iQKduv3/arcgis/rest/services/USA_Structures_View/FeatureServer/0",
    "license_or_permission": "FEMA public data layer; no warranty; raw reference context",
    "publish_status": "raw_context",
    "confidence": "medium"
   },
   "geometry": {
    "type": "Polygon",
    "coordinates": [
     [
      [
       -85.7357180776531,
       35.0992622468357
      ],
      [
       -85.7357147547848,
       35.0991618750755
      ],
      [
       -85.7359183031468,
       35.0991573249136
      ],
      [
       -85.735921626015,
       35.0992576966794
      ],
      [
       -85.7357180776531,
       35.0992622468357
      ]
     ]
    ]
   }
  },
  {
   "type": "Feature",
   "properties": {
    "kind": "building_footprint",
    "name": "2302 Fish Trap Road",
    "building_label": "2302 Fish Trap Road",
    "source_object_id": 108590742,
    "build_id": 3371813,
    "uuid": "{f5b94d88-b02f-462c-8906-5c0d0c03f3b5}",
    "occupancy_class": "Residential",
    "primary_occupancy": "Single Family Dwelling",
    "secondary_occupancy": "",
    "address": "2302 Fish Trap Road",
    "city": "South Pittsburg",
    "state": "Tennessee",
    "zip": "37380",
    "county": "Marion",
    "outbuilding": "",
    "height_m": null,
    "area_sqm": 582.67,
    "area_sqft": 5933.6,
    "centroid_lng": -85.76544905,
    "centroid_lat": 35.07303771,
    "inside_aop_boundary": false,
    "production_date": "2019-06-06",
    "image_date": "2016-12-15",
    "image_name": "1040010026B1E200",
    "source_name": "ORNL",
    "validation_method": "Automated",
    "footprint_source": "FEMA USA Structures / ORNL",
    "source_item_url": "https://www.arcgis.com/home/item.html?id=e9fc147eaeae4dcaa4e9ad9802c7b9c6",
    "source_service_url": "https://services2.arcgis.com/FiaPA4ga0iQKduv3/arcgis/rest/services/USA_Structures_View/FeatureServer/0",
    "license_or_permission": "FEMA public data layer; no warranty; raw reference context",
    "publish_status": "raw_context",
    "confidence": "medium"
   },
   "geometry": {
    "type": "Polygon",
    "coordinates": [
     [
      [
       -85.7653576481945,
       35.0731676413288
      ],
      [
       -85.7653014648617,
       35.0729493408362
      ],
      [
       -85.7655404463716,
       35.0729077711369
      ],
      [
       -85.7655966297044,
       35.0731260710055
      ],
      [
       -85.7653576481945,
       35.0731676413288
      ]
     ]
    ]
   }
  },
  {
   "type": "Feature",
   "properties": {
    "kind": "building_footprint",
    "name": "2370 Fish Trap Road",
    "building_label": "2370 Fish Trap Road",
    "source_object_id": 108588695,
    "build_id": 3363186,
    "uuid": "{be2672cc-c53c-4f2d-9611-f9cf6eaf05c6}",
    "occupancy_class": "Residential",
    "primary_occupancy": "Single Family Dwelling",
    "secondary_occupancy": "",
    "address": "2370 Fish Trap Road",
    "city": "South Pittsburg",
    "state": "Tennessee",
    "zip": "",
    "county": "Marion",
    "outbuilding": "",
    "height_m": null,
    "area_sqm": 168.96,
    "area_sqft": 1730.6,
    "centroid_lng": -85.76723196,
    "centroid_lat": 35.06764967,
    "inside_aop_boundary": false,
    "production_date": "2019-06-06",
    "image_date": "2016-12-15",
    "image_name": "1040010026B1E200",
    "source_name": "ORNL",
    "validation_method": "Automated",
    "footprint_source": "FEMA USA Structures / ORNL",
    "source_item_url": "https://www.arcgis.com/home/item.html?id=e9fc147eaeae4dcaa4e9ad9802c7b9c6",
    "source_service_url": "https://services2.arcgis.com/FiaPA4ga0iQKduv3/arcgis/rest/services/USA_Structures_View/FeatureServer/0",
    "license_or_permission": "FEMA public data layer; no warranty; raw reference context",
    "publish_status": "raw_context",
    "confidence": "medium"
   },
   "geometry": {
    "type": "Polygon",
    "coordinates": [
     [
      [
       -85.7673405318605,
       35.0676260591158
      ],
      [
       -85.7673237100085,
       35.0677029219199
      ],
      [
       -85.7671233812085,
       35.06767328409
      ],
      [
       -85.7671402030605,
       35.0675964227285
      ],
      [
       -85.7673405318605,
       35.0676260591158
      ]
     ]
    ]
   }
  },
  {
   "type": "Feature",
   "properties": {
    "kind": "building_footprint",
    "name": "245 Ables Road",
    "building_label": "245 Ables Road",
    "source_object_id": 108591877,
    "build_id": 3380421,
    "uuid": "{50865871-9fd1-42c0-9d6f-16cc250ab460}",
    "occupancy_class": "Residential",
    "primary_occupancy": "Manufactured Home",
    "secondary_occupancy": "",
    "address": "245 Ables Road",
    "city": "South Pittsburg",
    "state": "Tennessee",
    "zip": "",
    "county": "Marion",
    "outbuilding": "",
    "height_m": null,
    "area_sqm": 170.23,
    "area_sqft": 1846.0,
    "centroid_lng": -85.73408312,
    "centroid_lat": 35.07792307,
    "inside_aop_boundary": false,
    "production_date": "2019-06-06",
    "image_date": "2016-12-15",
    "image_name": "1040010026B1E200",
    "source_name": "ORNL",
    "validation_method": "Automated",
    "footprint_source": "FEMA USA Structures / ORNL",
    "source_item_url": "https://www.arcgis.com/home/item.html?id=e9fc147eaeae4dcaa4e9ad9802c7b9c6",
    "source_service_url": "https://services2.arcgis.com/FiaPA4ga0iQKduv3/arcgis/rest/services/USA_Structures_View/FeatureServer/0",
    "license_or_permission": "FEMA public data layer; no warranty; raw reference context",
    "publish_status": "raw_context",
    "confidence": "medium"
   },
   "geometry": {
    "type": "Polygon",
    "coordinates": [
     [
      [
       -85.7341894881959,
       35.077902001841
      ],
      [
       -85.7341592050894,
       35.0779877128477
      ],
      [
       -85.7339767473737,
       35.077944146093
      ],
      [
       -85.7340070313786,
       35.0778584357758
      ],
      [
       -85.7341894881959,
       35.077902001841
      ]
     ]
    ]
   }
  },
  {
   "type": "Feature",
   "properties": {
    "kind": "building_footprint",
    "name": "249 Ables Road",
    "building_label": "249 Ables Road",
    "source_object_id": 108595017,
    "build_id": 3380646,
    "uuid": "{d9e91f84-a40d-497d-8cca-55541d7c77ff}",
    "occupancy_class": "Residential",
    "primary_occupancy": "Manufactured Home",
    "secondary_occupancy": "",
    "address": "249 Ables Road",
    "city": "South Pittsburg",
    "state": "Tennessee",
    "zip": "",
    "county": "Marion",
    "outbuilding": "",
    "height_m": null,
    "area_sqm": 142.95,
    "area_sqft": 1450.5,
    "centroid_lng": -85.73389819,
    "centroid_lat": 35.07809153,
    "inside_aop_boundary": false,
    "production_date": "2019-06-06",
    "image_date": "2016-12-15",
    "image_name": "1040010026B1E200",
    "source_name": "ORNL",
    "validation_method": "Automated",
    "footprint_source": "FEMA USA Structures / ORNL",
    "source_item_url": "https://www.arcgis.com/home/item.html?id=e9fc147eaeae4dcaa4e9ad9802c7b9c6",
    "source_service_url": "https://services2.arcgis.com/FiaPA4ga0iQKduv3/arcgis/rest/services/USA_Structures_View/FeatureServer/0",
    "license_or_permission": "FEMA public data layer; no warranty; raw reference context",
    "publish_status": "raw_context",
    "confidence": "medium"
   },
   "geometry": {
    "type": "Polygon",
    "coordinates": [
     [
      [
       -85.733749266096,
       35.0780676572159
      ],
      [
       -85.7340478130958,
       35.0780707742691
      ],
      [
       -85.7340471231897,
       35.0781153966368
      ],
      [
       -85.7337485770882,
       35.0781122803205
      ],
      [
       -85.733749266096,
       35.0780676572159
      ]
     ]
    ]
   }
  },
  {
   "type": "Feature",
   "properties": {
    "kind": "building_footprint",
    "name": "2500 Ellis Road",
    "building_label": "2500 Ellis Road",
    "source_object_id": 108597955,
    "build_id": 3387707,
    "uuid": "{7a5b8482-f70d-44f0-8970-8c52e8b206d0}",
    "occupancy_class": "Residential",
    "primary_occupancy": "Single Family Dwelling",
    "secondary_occupancy": "",
    "address": "2500 Ellis Road",
    "city": "South Pittsburg",
    "state": "Tennessee",
    "zip": "37380",
    "county": "Marion",
    "outbuilding": "",
    "height_m": null,
    "area_sqm": 411.47,
    "area_sqft": 4351.3,
    "centroid_lng": -85.7374832,
    "centroid_lat": 35.0832298,
    "inside_aop_boundary": false,
    "production_date": "2019-06-06",
    "image_date": "2016-12-15",
    "image_name": "1040010026B1E200",
    "source_name": "ORNL",
    "validation_method": "Automated",
    "footprint_source": "FEMA USA Structures / ORNL",
    "source_item_url": "https://www.arcgis.com/home/item.html?id=e9fc147eaeae4dcaa4e9ad9802c7b9c6",
    "source_service_url": "https://services2.arcgis.com/FiaPA4ga0iQKduv3/arcgis/rest/services/USA_Structures_View/FeatureServer/0",
    "license_or_permission": "FEMA public data layer; no warranty; raw reference context",
    "publish_status": "raw_context",
    "confidence": "medium"
   },
   "geometry": {
    "type": "Polygon",
    "coordinates": [
     [
      [
       -85.7375682127779,
       35.0833508693474
      ],
      [
       -85.737405394031,
       35.0833541023456
      ],
      [
       -85.7373981841526,
       35.0831087293305
      ],
      [
       -85.7375610028995,
       35.0831054970577
      ],
      [
       -85.7375682127779,
       35.0833508693474
      ]
     ]
    ]
   }
  },
  {
   "type": "Feature",
   "properties": {
    "kind": "building_footprint",
    "name": "2500 Ellis Road",
    "building_label": "2500 Ellis Road",
    "source_object_id": 108599465,
    "build_id": 3387904,
    "uuid": "{32741811-cd4d-40fb-a2e6-53685aabe2a5}",
    "occupancy_class": "Residential",
    "primary_occupancy": "Single Family Dwelling",
    "secondary_occupancy": "",
    "address": "2500 Ellis Road",
    "city": "South Pittsburg",
    "state": "Tennessee",
    "zip": "37380",
    "county": "Marion",
    "outbuilding": "",
    "height_m": null,
    "area_sqm": 62.86,
    "area_sqft": 791.1,
    "centroid_lng": -85.737666,
    "centroid_lat": 35.08346836,
    "inside_aop_boundary": false,
    "production_date": "2019-06-06",
    "image_date": "2016-12-15",
    "image_name": "1040010026B1E200",
    "source_name": "ORNL",
    "validation_method": "Automated",
    "footprint_source": "FEMA USA Structures / ORNL",
    "source_item_url": "https://www.arcgis.com/home/item.html?id=e9fc147eaeae4dcaa4e9ad9802c7b9c6",
    "source_service_url": "https://services2.arcgis.com/FiaPA4ga0iQKduv3/arcgis/rest/services/USA_Structures_View/FeatureServer/0",
    "license_or_permission": "FEMA public data layer; no warranty; raw reference context",
    "publish_status": "raw_context",
    "confidence": "medium"
   },
   "geometry": {
    "type": "Polygon",
    "coordinates": [
     [
      [
       -85.7377178442565,
       35.0834323661494
      ],
      [
       -85.7377225568185,
       35.0834991916432
      ],
      [
       -85.7376141598081,
       35.0835043572268
      ],
      [
       -85.7376094472461,
       35.0834375310021
      ],
      [
       -85.7377178442565,
       35.0834323661494
      ]
     ]
    ]
   }
  },
  {
   "type": "Feature",
   "properties": {
    "kind": "building_footprint",
    "name": "2500 Ellis Road",
    "building_label": "2500 Ellis Road",
    "source_object_id": 108599713,
    "build_id": 3388072,
    "uuid": "{cf1a05bb-df41-4b79-bc10-ee1ce1dc1e92}",
    "occupancy_class": "Residential",
    "primary_occupancy": "Single Family Dwelling",
    "secondary_occupancy": "",
    "address": "2500 Ellis Road",
    "city": "South Pittsburg",
    "state": "Tennessee",
    "zip": "37380",
    "county": "Marion",
    "outbuilding": "",
    "height_m": null,
    "area_sqm": 111.84,
    "area_sqft": 1318.6,
    "centroid_lng": -85.73803522,
    "centroid_lat": 35.08356888,
    "inside_aop_boundary": false,
    "production_date": "2019-06-06",
    "image_date": "2016-12-15",
    "image_name": "1040010026B1E200",
    "source_name": "ORNL",
    "validation_method": "Automated",
    "footprint_source": "FEMA USA Structures / ORNL",
    "source_item_url": "https://www.arcgis.com/home/item.html?id=e9fc147eaeae4dcaa4e9ad9802c7b9c6",
    "source_service_url": "https://services2.arcgis.com/FiaPA4ga0iQKduv3/arcgis/rest/services/USA_Structures_View/FeatureServer/0",
    "license_or_permission": "FEMA public data layer; no warranty; raw reference context",
    "publish_status": "raw_context",
    "confidence": "medium"
   },
   "geometry": {
    "type": "Polygon",
    "coordinates": [
     [
      [
       -85.7381070357601,
       35.0835286546513
      ],
      [
       -85.7380671900873,
       35.0836353028594
      ],
      [
       -85.7379633960445,
       35.0836090993417
      ],
      [
       -85.7380032444122,
       35.0835024510993
      ],
      [
       -85.7381070357601,
       35.0835286546513
      ]
     ]
    ]
   }
  },
  {
   "type": "Feature",
   "properties": {
    "kind": "building_footprint",
    "name": "2500 Ellis Road",
    "building_label": "2500 Ellis Road",
    "source_object_id": 108602376,
    "build_id": 3388331,
    "uuid": "{e7cb192c-781d-4e27-af1e-21408a787ca7}",
    "occupancy_class": "Residential",
    "primary_occupancy": "Single Family Dwelling",
    "secondary_occupancy": "",
    "address": "2500 Ellis Road",
    "city": "South Pittsburg",
    "state": "Tennessee",
    "zip": "37380",
    "county": "Marion",
    "outbuilding": "",
    "height_m": null,
    "area_sqm": 262.13,
    "area_sqft": 2769.0,
    "centroid_lng": -85.73812406,
    "centroid_lat": 35.08373767,
    "inside_aop_boundary": false,
    "production_date": "2019-06-06",
    "image_date": "2016-12-15",
    "image_name": "1040010026B1E200",
    "source_name": "ORNL",
    "validation_method": "Automated",
    "footprint_source": "FEMA USA Structures / ORNL",
    "source_item_url": "https://www.arcgis.com/home/item.html?id=e9fc147eaeae4dcaa4e9ad9802c7b9c6",
    "source_service_url": "https://services2.arcgis.com/FiaPA4ga0iQKduv3/arcgis/rest/services/USA_Structures_View/FeatureServer/0",
    "license_or_permission": "FEMA public data layer; no warranty; raw reference context",
    "publish_status": "raw_context",
    "confidence": "medium"
   },
   "geometry": {
    "type": "Polygon",
    "coordinates": [
     [
      [
       -85.738272757862,
       35.0837191811115
      ],
      [
       -85.7381945640081,
       35.0838103698701
      ],
      [
       -85.7380947216542,
       35.0837525209725
      ],
      [
       -85.7380712648455,
       35.0837798792904
      ],
      [
       -85.7380047032762,
       35.0837413128587
      ],
      [
       -85.7381063548371,
       35.0836227671317
      ],
      [
       -85.738272757862,
       35.0837191811115
      ]
     ]
    ]
   }
  },
  {
   "type": "Feature",
   "properties": {
    "kind": "building_footprint",
    "name": "253 Martin Gaines Road",
    "building_label": "253 Martin Gaines Road",
    "source_object_id": 108594725,
    "build_id": 3377122,
    "uuid": "{843bb576-69a2-4151-81f3-aab4117dded1}",
    "occupancy_class": "Agriculture",
    "primary_occupancy": "Agriculture",
    "secondary_occupancy": "",
    "address": "253 Martin Gaines Road",
    "city": "South Pittsburg",
    "state": "Tennessee",
    "zip": "37380",
    "county": "Marion",
    "outbuilding": "",
    "height_m": null,
    "area_sqm": 202.3,
    "area_sqft": 2373.5,
    "centroid_lng": -85.73558103,
    "centroid_lat": 35.07582464,
    "inside_aop_boundary": false,
    "production_date": "2019-06-06",
    "image_date": "2016-12-15",
    "image_name": "1040010026B1E200",
    "source_name": "ORNL",
    "validation_method": "Automated",
    "footprint_source": "FEMA USA Structures / ORNL",
    "source_item_url": "https://www.arcgis.com/home/item.html?id=e9fc147eaeae4dcaa4e9ad9802c7b9c6",
    "source_service_url": "https://services2.arcgis.com/FiaPA4ga0iQKduv3/arcgis/rest/services/USA_Structures_View/FeatureServer/0",
    "license_or_permission": "FEMA public data layer; no warranty; raw reference context",
    "publish_status": "raw_context",
    "confidence": "medium"
   },
   "geometry": {
    "type": "Polygon",
    "coordinates": [
     [
      [
       -85.7355168747924,
       35.0757282428699
      ],
      [
       -85.7356250750717,
       35.075720894794
      ],
      [
       -85.735645185656,
       35.0759210312965
      ],
      [
       -85.735536986275,
       35.0759283800896
      ],
      [
       -85.7355168747924,
       35.0757282428699
      ]
     ]
    ]
   }
  },
  {
   "type": "Feature",
   "properties": {
    "kind": "building_footprint",
    "name": "264 Kelly Cove Road",
    "building_label": "264 Kelly Cove Road",
    "source_object_id": 108595878,
    "build_id": 3383308,
    "uuid": "{40149a23-585e-4854-85b3-786c17ff3663}",
    "occupancy_class": "Residential",
    "primary_occupancy": "Single Family Dwelling",
    "secondary_occupancy": "",
    "address": "264 Kelly Cove Road",
    "city": "South Pittsburg",
    "state": "Tennessee",
    "zip": "37380",
    "county": "Marion",
    "outbuilding": "",
    "height_m": null,
    "area_sqm": 140.72,
    "area_sqft": 1318.6,
    "centroid_lng": -85.73281911,
    "centroid_lat": 35.07979265,
    "inside_aop_boundary": false,
    "production_date": "2019-06-06",
    "image_date": "2016-12-15",
    "image_name": "1040010026B1E200",
    "source_name": "ORNL",
    "validation_method": "Automated",
    "footprint_source": "FEMA USA Structures / ORNL",
    "source_item_url": "https://www.arcgis.com/home/item.html?id=e9fc147eaeae4dcaa4e9ad9802c7b9c6",
    "source_service_url": "https://services2.arcgis.com/FiaPA4ga0iQKduv3/arcgis/rest/services/USA_Structures_View/FeatureServer/0",
    "license_or_permission": "FEMA public data layer; no warranty; raw reference context",
    "publish_status": "raw_context",
    "confidence": "medium"
   },
   "geometry": {
    "type": "Polygon",
    "coordinates": [
     [
      [
       -85.732793579008,
       35.0798609370532
      ],
      [
       -85.7327324702124,
       35.0797871637252
      ],
      [
       -85.7328446500285,
       35.0797243711046
      ],
      [
       -85.7329057579257,
       35.0797981437542
      ],
      [
       -85.732793579008,
       35.0798609370532
      ]
     ]
    ]
   }
  },
  {
   "type": "Feature",
   "properties": {
    "kind": "building_footprint",
    "name": "270 Martin Gaines Road",
    "building_label": "270 Martin Gaines Road",
    "source_object_id": 108596544,
    "build_id": 3377426,
    "uuid": "{48ee03af-285a-4153-8ef6-434a945d4bad}",
    "occupancy_class": "Agriculture",
    "primary_occupancy": "Agriculture",
    "secondary_occupancy": "",
    "address": "270 Martin Gaines Road",
    "city": "South Pittsburg",
    "state": "Tennessee",
    "zip": "37380",
    "county": "Marion",
    "outbuilding": "",
    "height_m": null,
    "area_sqm": 130.19,
    "area_sqft": 1582.3,
    "centroid_lng": -85.73474612,
    "centroid_lat": 35.07600217,
    "inside_aop_boundary": false,
    "production_date": "2019-06-06",
    "image_date": "2016-12-15",
    "image_name": "1040010026B1E200",
    "source_name": "ORNL",
    "validation_method": "Automated",
    "footprint_source": "FEMA USA Structures / ORNL",
    "source_item_url": "https://www.arcgis.com/home/item.html?id=e9fc147eaeae4dcaa4e9ad9802c7b9c6",
    "source_service_url": "https://services2.arcgis.com/FiaPA4ga0iQKduv3/arcgis/rest/services/USA_Structures_View/FeatureServer/0",
    "license_or_permission": "FEMA public data layer; no warranty; raw reference context",
    "publish_status": "raw_context",
    "confidence": "medium"
   },
   "geometry": {
    "type": "Polygon",
    "coordinates": [
     [
      [
       -85.7347022483568,
       35.075930260663
      ],
      [
       -85.7348099940886,
       35.0759412228317
      ],
      [
       -85.7347899922004,
       35.0760740876402
      ],
      [
       -85.734682244672,
       35.0760631247541
      ],
      [
       -85.7347022483568,
       35.075930260663
      ]
     ]
    ]
   }
  },
  {
   "type": "Feature",
   "properties": {
    "kind": "building_footprint",
    "name": "285 Ellis Cove Road",
    "building_label": "285 Ellis Cove Road",
    "source_object_id": 108595558,
    "build_id": 3386355,
    "uuid": "{02f2200c-1168-4b1f-aa7c-a2059304a41c}",
    "occupancy_class": "Residential",
    "primary_occupancy": "Single Family Dwelling",
    "secondary_occupancy": "",
    "address": "285 Ellis Cove Road",
    "city": "South Pittsburg",
    "state": "Tennessee",
    "zip": "37380",
    "county": "Marion",
    "outbuilding": "",
    "height_m": null,
    "area_sqm": 207.25,
    "area_sqft": 2126.2,
    "centroid_lng": -85.74060699,
    "centroid_lat": 35.08232072,
    "inside_aop_boundary": false,
    "production_date": "2019-06-06",
    "image_date": "2016-12-15",
    "image_name": "1040010026B1E200",
    "source_name": "ORNL",
    "validation_method": "Automated",
    "footprint_source": "FEMA USA Structures / ORNL",
    "source_item_url": "https://www.arcgis.com/home/item.html?id=e9fc147eaeae4dcaa4e9ad9802c7b9c6",
    "source_service_url": "https://services2.arcgis.com/FiaPA4ga0iQKduv3/arcgis/rest/services/USA_Structures_View/FeatureServer/0",
    "license_or_permission": "FEMA public data layer; no warranty; raw reference context",
    "publish_status": "raw_context",
    "confidence": "medium"
   },
   "geometry": {
    "type": "Polygon",
    "coordinates": [
     [
      [
       -85.7405857723949,
       35.0823132790918
      ],
      [
       -85.7405968728769,
       35.0822695970284
      ],
      [
       -85.7407430117056,
       35.0822946880108
      ],
      [
       -85.7407180358458,
       35.0823929766335
      ],
      [
       -85.7404921850103,
       35.0823541970978
      ],
      [
       -85.7405060612865,
       35.0822995927045
      ],
      [
       -85.7405857723949,
       35.0823132790918
      ]
     ]
    ]
   }
  },
  {
   "type": "Feature",
   "properties": {
    "kind": "building_footprint",
    "name": "285 Ellis Cove Road",
    "building_label": "285 Ellis Cove Road",
    "source_object_id": 108597089,
    "build_id": 3386455,
    "uuid": "{43d81fc1-0939-4dbc-b4f2-f99b8d56831c}",
    "occupancy_class": "Residential",
    "primary_occupancy": "Single Family Dwelling",
    "secondary_occupancy": "",
    "address": "285 Ellis Cove Road",
    "city": "South Pittsburg",
    "state": "Tennessee",
    "zip": "37380",
    "county": "Marion",
    "outbuilding": "",
    "height_m": null,
    "area_sqm": 180.77,
    "area_sqft": 1977.9,
    "centroid_lng": -85.74015292,
    "centroid_lat": 35.082392,
    "inside_aop_boundary": false,
    "production_date": "2019-06-06",
    "image_date": "2016-12-15",
    "image_name": "1040010026B1E200",
    "source_name": "ORNL",
    "validation_method": "Automated",
    "footprint_source": "FEMA USA Structures / ORNL",
    "source_item_url": "https://www.arcgis.com/home/item.html?id=e9fc147eaeae4dcaa4e9ad9802c7b9c6",
    "source_service_url": "https://services2.arcgis.com/FiaPA4ga0iQKduv3/arcgis/rest/services/USA_Structures_View/FeatureServer/0",
    "license_or_permission": "FEMA public data layer; no warranty; raw reference context",
    "publish_status": "raw_context",
    "confidence": "medium"
   },
   "geometry": {
    "type": "Polygon",
    "coordinates": [
     [
      [
       -85.7401134570832,
       35.082311122262
      ],
      [
       -85.7402425710406,
       35.0823455058275
      ],
      [
       -85.7401923758775,
       35.0824728681676
      ],
      [
       -85.74006326192,
       35.0824384839207
      ],
      [
       -85.7401134570832,
       35.082311122262
      ]
     ]
    ]
   }
  },
  {
   "type": "Feature",
   "properties": {
    "kind": "building_footprint",
    "name": "300 Ellis Cove Road",
    "building_label": "300 Ellis Cove Road",
    "source_object_id": 108593236,
    "build_id": 3387235,
    "uuid": "{d22b5a16-7c59-44ec-a05e-ec8492fff1e8}",
    "occupancy_class": "Residential",
    "primary_occupancy": "Single Family Dwelling",
    "secondary_occupancy": "",
    "address": "300 Ellis Cove Road",
    "city": "South Pittsburg",
    "state": "Tennessee",
    "zip": "37380",
    "county": "Marion",
    "outbuilding": "",
    "height_m": null,
    "area_sqm": 402.22,
    "area_sqft": 4367.8,
    "centroid_lng": -85.73990271,
    "centroid_lat": 35.08294113,
    "inside_aop_boundary": false,
    "production_date": "2019-06-06",
    "image_date": "2016-12-15",
    "image_name": "1040010026B1E200",
    "source_name": "ORNL",
    "validation_method": "Automated",
    "footprint_source": "FEMA USA Structures / ORNL",
    "source_item_url": "https://www.arcgis.com/home/item.html?id=e9fc147eaeae4dcaa4e9ad9802c7b9c6",
    "source_service_url": "https://services2.arcgis.com/FiaPA4ga0iQKduv3/arcgis/rest/services/USA_Structures_View/FeatureServer/0",
    "license_or_permission": "FEMA public data layer; no warranty; raw reference context",
    "publish_status": "raw_context",
    "confidence": "medium"
   },
   "geometry": {
    "type": "Polygon",
    "coordinates": [
     [
      [
       -85.7400533966216,
       35.0830135871037
      ],
      [
       -85.7398744090979,
       35.0830933229221
      ],
      [
       -85.7397450723582,
       35.0828971493514
      ],
      [
       -85.7398643982723,
       35.0828439912848
      ],
      [
       -85.7399096652778,
       35.0829126520962
      ],
      [
       -85.7399693277857,
       35.0828860741751
      ],
      [
       -85.7400533966216,
       35.0830135871037
      ]
     ]
    ]
   }
  },
  {
   "type": "Feature",
   "properties": {
    "kind": "building_footprint",
    "name": "3012 Ellis Road",
    "building_label": "3012 Ellis Road",
    "source_object_id": 108590384,
    "build_id": 3374809,
    "uuid": "{2e5d62b5-1698-4162-93f8-d71ac5dcaabc}",
    "occupancy_class": "Residential",
    "primary_occupancy": "Single Family Dwelling",
    "secondary_occupancy": "",
    "address": "3012 Ellis Road",
    "city": "South Pittsburg",
    "state": "Tennessee",
    "zip": "37380",
    "county": "Marion",
    "outbuilding": "",
    "height_m": null,
    "area_sqm": 275.7,
    "area_sqft": 3131.6,
    "centroid_lng": -85.73748146,
    "centroid_lat": 35.07445234,
    "inside_aop_boundary": false,
    "production_date": "2019-06-06",
    "image_date": "2016-12-15",
    "image_name": "1040010026B1E200",
    "source_name": "ORNL",
    "validation_method": "Automated",
    "footprint_source": "FEMA USA Structures / ORNL",
    "source_item_url": "https://www.arcgis.com/home/item.html?id=e9fc147eaeae4dcaa4e9ad9802c7b9c6",
    "source_service_url": "https://services2.arcgis.com/FiaPA4ga0iQKduv3/arcgis/rest/services/USA_Structures_View/FeatureServer/0",
    "license_or_permission": "FEMA public data layer; no warranty; raw reference context",
    "publish_status": "raw_context",
    "confidence": "medium"
   },
   "geometry": {
    "type": "Polygon",
    "coordinates": [
     [
      [
       -85.7374278662862,
       35.0743409710156
      ],
      [
       -85.7375627860553,
       35.0743529707475
      ],
      [
       -85.7375350523675,
       35.0745637156586
      ],
      [
       -85.7374001317001,
       35.0745517152226
      ],
      [
       -85.7374278662862,
       35.0743409710156
      ]
     ]
    ]
   }
  },
  {
   "type": "Feature",
   "properties": {
    "kind": "building_footprint",
    "name": "3012 Ellis Road",
    "building_label": "3012 Ellis Road",
    "source_object_id": 108593512,
    "build_id": 3375129,
    "uuid": "{a2c56560-cda2-4f48-97e3-ea7d2582f386}",
    "occupancy_class": "Residential",
    "primary_occupancy": "Single Family Dwelling",
    "secondary_occupancy": "",
    "address": "3012 Ellis Road",
    "city": "South Pittsburg",
    "state": "Tennessee",
    "zip": "37380",
    "county": "Marion",
    "outbuilding": "",
    "height_m": null,
    "area_sqm": 112.16,
    "area_sqft": 1318.6,
    "centroid_lng": -85.73767616,
    "centroid_lat": 35.07468644,
    "inside_aop_boundary": false,
    "production_date": "2019-06-06",
    "image_date": "2016-12-15",
    "image_name": "1040010026B1E200",
    "source_name": "ORNL",
    "validation_method": "Automated",
    "footprint_source": "FEMA USA Structures / ORNL",
    "source_item_url": "https://www.arcgis.com/home/item.html?id=e9fc147eaeae4dcaa4e9ad9802c7b9c6",
    "source_service_url": "https://services2.arcgis.com/FiaPA4ga0iQKduv3/arcgis/rest/services/USA_Structures_View/FeatureServer/0",
    "license_or_permission": "FEMA public data layer; no warranty; raw reference context",
    "publish_status": "raw_context",
    "confidence": "medium"
   },
   "geometry": {
    "type": "Polygon",
    "coordinates": [
     [
      [
       -85.7376227378208,
       35.0746301006892
      ],
      [
       -85.7377312956296,
       35.0746312306686
      ],
      [
       -85.7377295780507,
       35.0747427868336
      ],
      [
       -85.7376210202419,
       35.0747416568557
      ],
      [
       -85.7376227378208,
       35.0746301006892
      ]
     ]
    ]
   }
  },
  {
   "type": "Feature",
   "properties": {
    "kind": "building_footprint",
    "name": "3040 Battle Creek Road",
    "building_label": "3040 Battle Creek Road",
    "source_object_id": 108587720,
    "build_id": 3366995,
    "uuid": "{be3b38d8-cab1-49a4-921c-dbe6a9bfd6ee}",
    "occupancy_class": "Agriculture",
    "primary_occupancy": "Agriculture",
    "secondary_occupancy": "",
    "address": "3040 Battle Creek Road",
    "city": "South Pittsburg",
    "state": "Tennessee",
    "zip": "37380",
    "county": "Marion",
    "outbuilding": "",
    "height_m": null,
    "area_sqm": 168.8,
    "area_sqft": 1846.0,
    "centroid_lng": -85.72722077,
    "centroid_lat": 35.06996326,
    "inside_aop_boundary": false,
    "production_date": "2019-06-06",
    "image_date": "2016-12-15",
    "image_name": "1040010026B1E200",
    "source_name": "ORNL",
    "validation_method": "Automated",
    "footprint_source": "FEMA USA Structures / ORNL",
    "source_item_url": "https://www.arcgis.com/home/item.html?id=e9fc147eaeae4dcaa4e9ad9802c7b9c6",
    "source_service_url": "https://services2.arcgis.com/FiaPA4ga0iQKduv3/arcgis/rest/services/USA_Structures_View/FeatureServer/0",
    "license_or_permission": "FEMA public data layer; no warranty; raw reference context",
    "publish_status": "raw_context",
    "confidence": "medium"
   },
   "geometry": {
    "type": "Polygon",
    "coordinates": [
     [
      [
       -85.7271820432782,
       35.0700473850116
      ],
      [
       -85.727112957443,
       35.0699785376542
      ],
      [
       -85.7272595032086,
       35.0698791407924
      ],
      [
       -85.7273285890438,
       35.0699479882336
      ],
      [
       -85.7271820432782,
       35.0700473850116
      ]
     ]
    ]
   }
  },
  {
   "type": "Feature",
   "properties": {
    "kind": "building_footprint",
    "name": "3080 Ellis Road",
    "building_label": "3080 Ellis Road",
    "source_object_id": 108592753,
    "build_id": 3373667,
    "uuid": "{fa5e7a53-9343-43cd-8170-7430eae2cd32}",
    "occupancy_class": "Residential",
    "primary_occupancy": "Single Family Dwelling",
    "secondary_occupancy": "",
    "address": "3080 Ellis Road",
    "city": "South Pittsburg",
    "state": "Tennessee",
    "zip": "37380",
    "county": "Marion",
    "outbuilding": "",
    "height_m": null,
    "area_sqm": 217.3,
    "area_sqft": 2142.7,
    "centroid_lng": -85.73746856,
    "centroid_lat": 35.07383214,
    "inside_aop_boundary": false,
    "production_date": "2019-06-06",
    "image_date": "2016-12-15",
    "image_name": "1040010026B1E200",
    "source_name": "ORNL",
    "validation_method": "Automated",
    "footprint_source": "FEMA USA Structures / ORNL",
    "source_item_url": "https://www.arcgis.com/home/item.html?id=e9fc147eaeae4dcaa4e9ad9802c7b9c6",
    "source_service_url": "https://services2.arcgis.com/FiaPA4ga0iQKduv3/arcgis/rest/services/USA_Structures_View/FeatureServer/0",
    "license_or_permission": "FEMA public data layer; no warranty; raw reference context",
    "publish_status": "raw_context",
    "confidence": "medium"
   },
   "geometry": {
    "type": "Polygon",
    "coordinates": [
     [
      [
       -85.7375673189542,
       35.0737899702767
      ],
      [
       -85.737492808193,
       35.0739214336372
      ],
      [
       -85.7373698000845,
       35.0738743137348
      ],
      [
       -85.7374443117441,
       35.0737428502984
      ],
      [
       -85.7375673189542,
       35.0737899702767
      ]
     ]
    ]
   }
  },
  {
   "type": "Feature",
   "properties": {
    "kind": "building_footprint",
    "name": "3136 Ellis Road",
    "building_label": "3136 Ellis Road",
    "source_object_id": 108592294,
    "build_id": 3372160,
    "uuid": "{6513f696-348b-4a22-b41c-6fac8050055c}",
    "occupancy_class": "Residential",
    "primary_occupancy": "Single Family Dwelling",
    "secondary_occupancy": "",
    "address": "3136 Ellis Road",
    "city": "South Pittsburg",
    "state": "Tennessee",
    "zip": "37380",
    "county": "Marion",
    "outbuilding": "",
    "height_m": null,
    "area_sqm": 328.51,
    "area_sqft": 3642.6,
    "centroid_lng": -85.73748587,
    "centroid_lat": 35.07298635,
    "inside_aop_boundary": false,
    "production_date": "2019-06-06",
    "image_date": "2016-12-15",
    "image_name": "1040010026B1E200",
    "source_name": "ORNL",
    "validation_method": "Automated",
    "footprint_source": "FEMA USA Structures / ORNL",
    "source_item_url": "https://www.arcgis.com/home/item.html?id=e9fc147eaeae4dcaa4e9ad9802c7b9c6",
    "source_service_url": "https://services2.arcgis.com/FiaPA4ga0iQKduv3/arcgis/rest/services/USA_Structures_View/FeatureServer/0",
    "license_or_permission": "FEMA public data layer; no warranty; raw reference context",
    "publish_status": "raw_context",
    "confidence": "medium"
   },
   "geometry": {
    "type": "Polygon",
    "coordinates": [
     [
      [
       -85.7373767701128,
       35.07290756234
      ],
      [
       -85.7376069391499,
       35.0729204283487
      ],
      [
       -85.7375949717936,
       35.073065128166
      ],
      [
       -85.7373648027566,
       35.0730522629153
      ],
      [
       -85.7373767701128,
       35.07290756234
      ]
     ]
    ]
   }
  },
  {
   "type": "Feature",
   "properties": {
    "kind": "building_footprint",
    "name": "3136 Ellis Road",
    "building_label": "3136 Ellis Road",
    "source_object_id": 108593795,
    "build_id": 3372412,
    "uuid": "{d515f11e-9024-4411-b968-f708f8fab4d5}",
    "occupancy_class": "Residential",
    "primary_occupancy": "Single Family Dwelling",
    "secondary_occupancy": "",
    "address": "3136 Ellis Road",
    "city": "South Pittsburg",
    "state": "Tennessee",
    "zip": "37380",
    "county": "Marion",
    "outbuilding": "",
    "height_m": null,
    "area_sqm": 82.33,
    "area_sqft": 988.9,
    "centroid_lng": -85.73766992,
    "centroid_lat": 35.07316582,
    "inside_aop_boundary": false,
    "production_date": "2019-06-06",
    "image_date": "2016-12-15",
    "image_name": "1040010026B1E200",
    "source_name": "ORNL",
    "validation_method": "Automated",
    "footprint_source": "FEMA USA Structures / ORNL",
    "source_item_url": "https://www.arcgis.com/home/item.html?id=e9fc147eaeae4dcaa4e9ad9802c7b9c6",
    "source_service_url": "https://services2.arcgis.com/FiaPA4ga0iQKduv3/arcgis/rest/services/USA_Structures_View/FeatureServer/0",
    "license_or_permission": "FEMA public data layer; no warranty; raw reference context",
    "publish_status": "raw_context",
    "confidence": "medium"
   },
   "geometry": {
    "type": "Polygon",
    "coordinates": [
     [
      [
       -85.7377048528209,
       35.0732241956968
      ],
      [
       -85.7376237097979,
       35.0732186309852
      ],
      [
       -85.7376349917396,
       35.0731074520991
      ],
      [
       -85.7377161329659,
       35.0731130160831
      ],
      [
       -85.7377048528209,
       35.0732241956968
      ]
     ]
    ]
   }
  },
  {
   "type": "Feature",
   "properties": {
    "kind": "building_footprint",
    "name": "3136 Ellis Road",
    "building_label": "3136 Ellis Road",
    "source_object_id": 108597078,
    "build_id": 3372933,
    "uuid": "{29e66946-aecc-4d40-b420-f9df5d3c662f}",
    "occupancy_class": "Residential",
    "primary_occupancy": "Single Family Dwelling",
    "secondary_occupancy": "",
    "address": "3136 Ellis Road",
    "city": "South Pittsburg",
    "state": "Tennessee",
    "zip": "37380",
    "county": "Marion",
    "outbuilding": "",
    "height_m": null,
    "area_sqm": 161.78,
    "area_sqft": 1631.7,
    "centroid_lng": -85.73830273,
    "centroid_lat": 35.07345039,
    "inside_aop_boundary": false,
    "production_date": "2019-06-06",
    "image_date": "2016-12-15",
    "image_name": "1040010026B1E200",
    "source_name": "ORNL",
    "validation_method": "Automated",
    "footprint_source": "FEMA USA Structures / ORNL",
    "source_item_url": "https://www.arcgis.com/home/item.html?id=e9fc147eaeae4dcaa4e9ad9802c7b9c6",
    "source_service_url": "https://services2.arcgis.com/FiaPA4ga0iQKduv3/arcgis/rest/services/USA_Structures_View/FeatureServer/0",
    "license_or_permission": "FEMA public data layer; no warranty; raw reference context",
    "publish_status": "raw_context",
    "confidence": "medium"
   },
   "geometry": {
    "type": "Polygon",
    "coordinates": [
     [
      [
       -85.7382099737085,
       35.0734720848717
      ],
      [
       -85.7382952247273,
       35.0733713439146
      ],
      [
       -85.7383954838995,
       35.0734286877417
      ],
      [
       -85.7383102328807,
       35.0735294271576
      ],
      [
       -85.7382099737085,
       35.0734720848717
      ]
     ]
    ]
   }
  },
  {
   "type": "Feature",
   "properties": {
    "kind": "building_footprint",
    "name": "3225 Jackson Point Road",
    "building_label": "3225 Jackson Point Road",
    "source_object_id": 108608658,
    "build_id": 3454582,
    "uuid": "{d549856d-1e85-4264-ade1-8aebfe07a296}",
    "occupancy_class": "Residential",
    "primary_occupancy": "Single Family Dwelling",
    "secondary_occupancy": "",
    "address": "3225 Jackson Point Road",
    "city": "Sewanee",
    "state": "Tennessee",
    "zip": "37375",
    "county": "Marion",
    "outbuilding": "",
    "height_m": null,
    "area_sqm": 193.21,
    "area_sqft": 2373.4,
    "centroid_lng": -85.7812294,
    "centroid_lat": 35.10428582,
    "inside_aop_boundary": false,
    "production_date": "2019-06-06",
    "image_date": "2016-12-15",
    "image_name": "1040010026B1E200",
    "source_name": "ORNL",
    "validation_method": "Automated",
    "footprint_source": "FEMA USA Structures / ORNL",
    "source_item_url": "https://www.arcgis.com/home/item.html?id=e9fc147eaeae4dcaa4e9ad9802c7b9c6",
    "source_service_url": "https://services2.arcgis.com/FiaPA4ga0iQKduv3/arcgis/rest/services/USA_Structures_View/FeatureServer/0",
    "license_or_permission": "FEMA public data layer; no warranty; raw reference context",
    "publish_status": "raw_context",
    "confidence": "medium"
   },
   "geometry": {
    "type": "Polygon",
    "coordinates": [
     [
      [
       -85.7811568742551,
       35.1043593663668
      ],
      [
       -85.7811399050794,
       35.1042262147141
      ],
      [
       -85.7813019297157,
       35.1042122696383
      ],
      [
       -85.781318897993,
       35.1043454220487
      ],
      [
       -85.7811568742551,
       35.1043593663668
      ]
     ]
    ]
   }
  },
  {
   "type": "Feature",
   "properties": {
    "kind": "building_footprint",
    "name": "3225 Jackson Point Road",
    "building_label": "3225 Jackson Point Road",
    "source_object_id": 108608729,
    "build_id": 3454597,
    "uuid": "{828247d8-7d5a-47d1-9b96-6ddf50db1db0}",
    "occupancy_class": "Residential",
    "primary_occupancy": "Single Family Dwelling",
    "secondary_occupancy": "",
    "address": "3225 Jackson Point Road",
    "city": "Sewanee",
    "state": "Tennessee",
    "zip": "37375",
    "county": "Marion",
    "outbuilding": "",
    "height_m": null,
    "area_sqm": 174.71,
    "area_sqft": 1714.2,
    "centroid_lng": -85.78097519,
    "centroid_lat": 35.10428947,
    "inside_aop_boundary": false,
    "production_date": "2019-06-06",
    "image_date": "2016-12-15",
    "image_name": "1040010026B1E200",
    "source_name": "ORNL",
    "validation_method": "Automated",
    "footprint_source": "FEMA USA Structures / ORNL",
    "source_item_url": "https://www.arcgis.com/home/item.html?id=e9fc147eaeae4dcaa4e9ad9802c7b9c6",
    "source_service_url": "https://services2.arcgis.com/FiaPA4ga0iQKduv3/arcgis/rest/services/USA_Structures_View/FeatureServer/0",
    "license_or_permission": "FEMA public data layer; no warranty; raw reference context",
    "publish_status": "raw_context",
    "confidence": "medium"
   },
   "geometry": {
    "type": "Polygon",
    "coordinates": [
     [
      [
       -85.781049176134,
       35.1043490819364
      ],
      [
       -85.7808770948582,
       35.1043168749193
      ],
      [
       -85.7809012119286,
       35.1042298510897
      ],
      [
       -85.7810732932045,
       35.1042620566714
      ],
      [
       -85.781049176134,
       35.1043490819364
      ]
     ]
    ]
   }
  },
  {
   "type": "Feature",
   "properties": {
    "kind": "building_footprint",
    "name": "3225 Jackson Point Road",
    "building_label": "3225 Jackson Point Road",
    "source_object_id": 108610136,
    "build_id": 3454819,
    "uuid": "{c9e811e5-1c75-4f58-a215-5b45ee6b8dff}",
    "occupancy_class": "Residential",
    "primary_occupancy": "Single Family Dwelling",
    "secondary_occupancy": "",
    "address": "3225 Jackson Point Road",
    "city": "Sewanee",
    "state": "Tennessee",
    "zip": "37375",
    "county": "Marion",
    "outbuilding": "",
    "height_m": null,
    "area_sqm": 368.24,
    "area_sqft": 4153.5,
    "centroid_lng": -85.78112385,
    "centroid_lat": 35.10450123,
    "inside_aop_boundary": false,
    "production_date": "2019-06-06",
    "image_date": "2016-12-15",
    "image_name": "1040010026B1E200",
    "source_name": "ORNL",
    "validation_method": "Automated",
    "footprint_source": "FEMA USA Structures / ORNL",
    "source_item_url": "https://www.arcgis.com/home/item.html?id=e9fc147eaeae4dcaa4e9ad9802c7b9c6",
    "source_service_url": "https://services2.arcgis.com/FiaPA4ga0iQKduv3/arcgis/rest/services/USA_Structures_View/FeatureServer/0",
    "license_or_permission": "FEMA public data layer; no warranty; raw reference context",
    "publish_status": "raw_context",
    "confidence": "medium"
   },
   "geometry": {
    "type": "Polygon",
    "coordinates": [
     [
      [
       -85.7809909473373,
       35.1044360123042
      ],
      [
       -85.781233475396,
       35.1044114227326
      ],
      [
       -85.7812567480501,
       35.1045664400185
      ],
      [
       -85.7810142199914,
       35.1045910302782
      ],
      [
       -85.7809909473373,
       35.1044360123042
      ]
     ]
    ]
   }
  },
  {
   "type": "Feature",
   "properties": {
    "kind": "building_footprint",
    "name": "3240 Jackson Point Road",
    "building_label": "3240 Jackson Point Road",
    "source_object_id": 108602211,
    "build_id": 3452034,
    "uuid": "{68f5d786-5c82-4bee-8efc-97c372b57987}",
    "occupancy_class": "Residential",
    "primary_occupancy": "Single Family Dwelling",
    "secondary_occupancy": "",
    "address": "3240 Jackson Point Road",
    "city": "Sewanee",
    "state": "Tennessee",
    "zip": "37375",
    "county": "Marion",
    "outbuilding": "",
    "height_m": null,
    "area_sqm": 211.88,
    "area_sqft": 2142.7,
    "centroid_lng": -85.78056208,
    "centroid_lat": 35.10155949,
    "inside_aop_boundary": false,
    "production_date": "2019-06-06",
    "image_date": "2016-12-15",
    "image_name": "1040010026B1E200",
    "source_name": "ORNL",
    "validation_method": "Automated",
    "footprint_source": "FEMA USA Structures / ORNL",
    "source_item_url": "https://www.arcgis.com/home/item.html?id=e9fc147eaeae4dcaa4e9ad9802c7b9c6",
    "source_service_url": "https://services2.arcgis.com/FiaPA4ga0iQKduv3/arcgis/rest/services/USA_Structures_View/FeatureServer/0",
    "license_or_permission": "FEMA public data layer; no warranty; raw reference context",
    "publish_status": "raw_context",
    "confidence": "medium"
   },
   "geometry": {
    "type": "Polygon",
    "coordinates": [
     [
      [
       -85.7806531583326,
       35.1016121066437
      ],
      [
       -85.7804768397036,
       35.1016183389504
      ],
      [
       -85.7804710060441,
       35.1015068761301
      ],
      [
       -85.7806473237748,
       35.1015006438148
      ],
      [
       -85.7806531583326,
       35.1016121066437
      ]
     ]
    ]
   }
  },
  {
   "type": "Feature",
   "properties": {
    "kind": "building_footprint",
    "name": "3275 Jackson Point Road",
    "building_label": "3275 Jackson Point Road",
    "source_object_id": 108601223,
    "build_id": 3453275,
    "uuid": "{f7cd1fdb-cb4f-411d-9558-943cbc20e6cd}",
    "occupancy_class": "Residential",
    "primary_occupancy": "Single Family Dwelling",
    "secondary_occupancy": "",
    "address": "3275 Jackson Point Road",
    "city": "Sewanee",
    "state": "Tennessee",
    "zip": "37375",
    "county": "Marion",
    "outbuilding": "",
    "height_m": null,
    "area_sqm": 167.85,
    "area_sqft": 1813.0,
    "centroid_lng": -85.77530306,
    "centroid_lat": 35.10284009,
    "inside_aop_boundary": false,
    "production_date": "2019-06-06",
    "image_date": "2016-12-15",
    "image_name": "1040010026B1E200",
    "source_name": "ORNL",
    "validation_method": "Automated",
    "footprint_source": "FEMA USA Structures / ORNL",
    "source_item_url": "https://www.arcgis.com/home/item.html?id=e9fc147eaeae4dcaa4e9ad9802c7b9c6",
    "source_service_url": "https://services2.arcgis.com/FiaPA4ga0iQKduv3/arcgis/rest/services/USA_Structures_View/FeatureServer/0",
    "license_or_permission": "FEMA public data layer; no warranty; raw reference context",
    "publish_status": "raw_context",
    "confidence": "medium"
   },
   "geometry": {
    "type": "Polygon",
    "coordinates": [
     [
      [
       -85.7754009810559,
       35.1028200650417
      ],
      [
       -85.7753180135546,
       35.1029221027939
      ],
      [
       -85.7752051393408,
       35.1028601187698
      ],
      [
       -85.7752881050455,
       35.1027580787352
      ],
      [
       -85.7754009810559,
       35.1028200650417
      ]
     ]
    ]
   }
  },
  {
   "type": "Feature",
   "properties": {
    "kind": "building_footprint",
    "name": "3335 Jackson Point Road",
    "building_label": "3335 Jackson Point Road",
    "source_object_id": 108604418,
    "build_id": 3451359,
    "uuid": "{18308cb0-b77b-4b3c-a749-d83764a17a8d}",
    "occupancy_class": "Residential",
    "primary_occupancy": "Single Family Dwelling",
    "secondary_occupancy": "",
    "address": "3335 Jackson Point Road",
    "city": "Sewanee",
    "state": "Tennessee",
    "zip": "37375",
    "county": "Marion",
    "outbuilding": "",
    "height_m": null,
    "area_sqm": 290.22,
    "area_sqft": 2966.8,
    "centroid_lng": -85.76952877,
    "centroid_lat": 35.10059364,
    "inside_aop_boundary": false,
    "production_date": "2019-06-06",
    "image_date": "2016-12-15",
    "image_name": "1040010026B1E200",
    "source_name": "ORNL",
    "validation_method": "Automated",
    "footprint_source": "FEMA USA Structures / ORNL",
    "source_item_url": "https://www.arcgis.com/home/item.html?id=e9fc147eaeae4dcaa4e9ad9802c7b9c6",
    "source_service_url": "https://services2.arcgis.com/FiaPA4ga0iQKduv3/arcgis/rest/services/USA_Structures_View/FeatureServer/0",
    "license_or_permission": "FEMA public data layer; no warranty; raw reference context",
    "publish_status": "raw_context",
    "confidence": "medium"
   },
   "geometry": {
    "type": "Polygon",
    "coordinates": [
     [
      [
       -85.7696575259301,
       35.1005489460423
      ],
      [
       -85.7696429669343,
       35.100659869249
      ],
      [
       -85.7694000220573,
       35.1006383307883
      ],
      [
       -85.7694145819514,
       35.1005274082873
      ],
      [
       -85.7696575259301,
       35.1005489460423
      ]
     ]
    ]
   }
  },
  {
   "type": "Feature",
   "properties": {
    "kind": "building_footprint",
    "name": "3425 Jackson Point Road",
    "building_label": "3425 Jackson Point Road",
    "source_object_id": 108603191,
    "build_id": 3451343,
    "uuid": "{38728773-6013-427b-9553-947f11958e0a}",
    "occupancy_class": "Residential",
    "primary_occupancy": "Single Family Dwelling",
    "secondary_occupancy": "",
    "address": "3425 Jackson Point Road",
    "city": "Sewanee",
    "state": "Tennessee",
    "zip": "37375",
    "county": "Marion",
    "outbuilding": "",
    "height_m": null,
    "area_sqm": 385.79,
    "area_sqft": 4351.4,
    "centroid_lng": -85.76472303,
    "centroid_lat": 35.1005161,
    "inside_aop_boundary": false,
    "production_date": "2019-06-06",
    "image_date": "2016-12-15",
    "image_name": "1040010026B1E200",
    "source_name": "ORNL",
    "validation_method": "Automated",
    "footprint_source": "FEMA USA Structures / ORNL",
    "source_item_url": "https://www.arcgis.com/home/item.html?id=e9fc147eaeae4dcaa4e9ad9802c7b9c6",
    "source_service_url": "https://services2.arcgis.com/FiaPA4ga0iQKduv3/arcgis/rest/services/USA_Structures_View/FeatureServer/0",
    "license_or_permission": "FEMA public data layer; no warranty; raw reference context",
    "publish_status": "raw_context",
    "confidence": "medium"
   },
   "geometry": {
    "type": "Polygon",
    "coordinates": [
     [
      [
       -85.7648618832605,
       35.1004353570122
      ],
      [
       -85.7648808107636,
       35.1005683296495
      ],
      [
       -85.7645841780736,
       35.1005968486937
      ],
      [
       -85.7645652496722,
       35.1004638761029
      ],
      [
       -85.7648618832605,
       35.1004353570122
      ]
     ]
    ]
   }
  },
  {
   "type": "Feature",
   "properties": {
    "kind": "building_footprint",
    "name": "347 Fish Trap Road",
    "building_label": "347 Fish Trap Road",
    "source_object_id": 108588763,
    "build_id": 3369936,
    "uuid": "{12511aed-ae56-49a7-899b-1aac87419c46}",
    "occupancy_class": "Residential",
    "primary_occupancy": "Manufactured Home",
    "secondary_occupancy": "",
    "address": "347 Fish Trap Road",
    "city": "South Pittsburg",
    "state": "Tennessee",
    "zip": "37380",
    "county": "Marion",
    "outbuilding": "",
    "height_m": null,
    "area_sqm": 55.84,
    "area_sqft": 527.4,
    "centroid_lng": -85.73715,
    "centroid_lat": 35.07173699,
    "inside_aop_boundary": false,
    "production_date": "2019-06-06",
    "image_date": "2016-12-15",
    "image_name": "1040010026B1E200",
    "source_name": "ORNL",
    "validation_method": "Automated",
    "footprint_source": "FEMA USA Structures / ORNL",
    "source_item_url": "https://www.arcgis.com/home/item.html?id=e9fc147eaeae4dcaa4e9ad9802c7b9c6",
    "source_service_url": "https://services2.arcgis.com/FiaPA4ga0iQKduv3/arcgis/rest/services/USA_Structures_View/FeatureServer/0",
    "license_or_permission": "FEMA public data layer; no warranty; raw reference context",
    "publish_status": "raw_context",
    "confidence": "medium"
   },
   "geometry": {
    "type": "Polygon",
    "coordinates": [
     [
      [
       -85.7371124812647,
       35.0717762072921
      ],
      [
       -85.7371343552418,
       35.07168878407
      ],
      [
       -85.7371875238285,
       35.0716977771771
      ],
      [
       -85.737165648953,
       35.0717851981838
      ],
      [
       -85.7371124812647,
       35.0717762072921
      ]
     ]
    ]
   }
  },
  {
   "type": "Feature",
   "properties": {
    "kind": "building_footprint",
    "name": "347 Fish Trap Road",
    "building_label": "347 Fish Trap Road",
    "source_object_id": 108588865,
    "build_id": 3369972,
    "uuid": "{c70a956f-9681-4b86-821a-b43faa82e0d0}",
    "occupancy_class": "Residential",
    "primary_occupancy": "Manufactured Home",
    "secondary_occupancy": "",
    "address": "347 Fish Trap Road",
    "city": "South Pittsburg",
    "state": "Tennessee",
    "zip": "37380",
    "county": "Marion",
    "outbuilding": "",
    "height_m": null,
    "area_sqm": 184.27,
    "area_sqft": 1879.0,
    "centroid_lng": -85.73675637,
    "centroid_lat": 35.07173914,
    "inside_aop_boundary": false,
    "production_date": "2019-06-06",
    "image_date": "2016-12-15",
    "image_name": "1040010026B1E200",
    "source_name": "ORNL",
    "validation_method": "Automated",
    "footprint_source": "FEMA USA Structures / ORNL",
    "source_item_url": "https://www.arcgis.com/home/item.html?id=e9fc147eaeae4dcaa4e9ad9802c7b9c6",
    "source_service_url": "https://services2.arcgis.com/FiaPA4ga0iQKduv3/arcgis/rest/services/USA_Structures_View/FeatureServer/0",
    "license_or_permission": "FEMA public data layer; no warranty; raw reference context",
    "publish_status": "raw_context",
    "confidence": "medium"
   },
   "geometry": {
    "type": "Polygon",
    "coordinates": [
     [
      [
       -85.7366214971646,
       35.0717468297356
      ],
      [
       -85.7366405845678,
       35.0716817561826
      ],
      [
       -85.7368912369899,
       35.0717314491197
      ],
      [
       -85.7368721486885,
       35.0717965226331
      ],
      [
       -85.7366214971646,
       35.0717468297356
      ]
     ]
    ]
   }
  },
  {
   "type": "Feature",
   "properties": {
    "kind": "building_footprint",
    "name": "347 Fish Trap Road",
    "building_label": "347 Fish Trap Road",
    "source_object_id": 108590963,
    "build_id": 3367441,
    "uuid": "{5c988c90-3fb2-4e18-b338-680a12ac3e0f}",
    "occupancy_class": "Residential",
    "primary_occupancy": "Manufactured Home",
    "secondary_occupancy": "",
    "address": "347 Fish Trap Road",
    "city": "South Pittsburg",
    "state": "Tennessee",
    "zip": "37380",
    "county": "Marion",
    "outbuilding": "",
    "height_m": null,
    "area_sqm": 288.62,
    "area_sqft": 3164.6,
    "centroid_lng": -85.73744166,
    "centroid_lat": 35.07026015,
    "inside_aop_boundary": false,
    "production_date": "2019-06-06",
    "image_date": "2016-12-15",
    "image_name": "1040010026B1E200",
    "source_name": "ORNL",
    "validation_method": "Automated",
    "footprint_source": "FEMA USA Structures / ORNL",
    "source_item_url": "https://www.arcgis.com/home/item.html?id=e9fc147eaeae4dcaa4e9ad9802c7b9c6",
    "source_service_url": "https://services2.arcgis.com/FiaPA4ga0iQKduv3/arcgis/rest/services/USA_Structures_View/FeatureServer/0",
    "license_or_permission": "FEMA public data layer; no warranty; raw reference context",
    "publish_status": "raw_context",
    "confidence": "medium"
   },
   "geometry": {
    "type": "Polygon",
    "coordinates": [
     [
      [
       -85.7373076609214,
       35.0702777502103
      ],
      [
       -85.7373835991056,
       35.0701593187316
      ],
      [
       -85.7375756678965,
       35.0702425601644
      ],
      [
       -85.7374997306106,
       35.070360990787
      ],
      [
       -85.7373076609214,
       35.0702777502103
      ]
     ]
    ]
   }
  },
  {
   "type": "Feature",
   "properties": {
    "kind": "building_footprint",
    "name": "369 Ellis Cove Road",
    "building_label": "369 Ellis Cove Road",
    "source_object_id": 108593550,
    "build_id": 3385431,
    "uuid": "{283ba6fc-104c-4e31-8952-1bdf8219588c}",
    "occupancy_class": "Residential",
    "primary_occupancy": "Single Family Dwelling",
    "secondary_occupancy": "",
    "address": "369 Ellis Cove Road",
    "city": "South Pittsburg",
    "state": "Tennessee",
    "zip": "",
    "county": "Marion",
    "outbuilding": "",
    "height_m": null,
    "area_sqm": 382.43,
    "area_sqft": 4153.5,
    "centroid_lng": -85.74188469,
    "centroid_lat": 35.08153331,
    "inside_aop_boundary": false,
    "production_date": "2019-06-06",
    "image_date": "2016-12-15",
    "image_name": "1040010026B1E200",
    "source_name": "ORNL",
    "validation_method": "Automated",
    "footprint_source": "FEMA USA Structures / ORNL",
    "source_item_url": "https://www.arcgis.com/home/item.html?id=e9fc147eaeae4dcaa4e9ad9802c7b9c6",
    "source_service_url": "https://services2.arcgis.com/FiaPA4ga0iQKduv3/arcgis/rest/services/USA_Structures_View/FeatureServer/0",
    "license_or_permission": "FEMA public data layer; no warranty; raw reference context",
    "publish_status": "raw_context",
    "confidence": "medium"
   },
   "geometry": {
    "type": "Polygon",
    "coordinates": [
     [
      [
       -85.7418270770309,
       35.0814152493229
      ],
      [
       -85.7420097090198,
       35.0814583430099
      ],
      [
       -85.7419423057291,
       35.0816513671034
      ],
      [
       -85.7417596728419,
       35.081608271313
      ],
      [
       -85.7418270770309,
       35.0814152493229
      ]
     ]
    ]
   }
  },
  {
   "type": "Feature",
   "properties": {
    "kind": "building_footprint",
    "name": "369 Ellis Cove Road",
    "building_label": "369 Ellis Cove Road",
    "source_object_id": 108596877,
    "build_id": 3385702,
    "uuid": "{71008de5-5f0e-45cd-8eef-20153f3dabcd}",
    "occupancy_class": "Residential",
    "primary_occupancy": "Single Family Dwelling",
    "secondary_occupancy": "",
    "address": "369 Ellis Cove Road",
    "city": "South Pittsburg",
    "state": "Tennessee",
    "zip": "",
    "county": "Marion",
    "outbuilding": "",
    "height_m": null,
    "area_sqm": 125.72,
    "area_sqft": 1318.6,
    "centroid_lng": -85.74177916,
    "centroid_lat": 35.08181212,
    "inside_aop_boundary": false,
    "production_date": "2019-06-06",
    "image_date": "2016-12-15",
    "image_name": "1040010026B1E200",
    "source_name": "ORNL",
    "validation_method": "Automated",
    "footprint_source": "FEMA USA Structures / ORNL",
    "source_item_url": "https://www.arcgis.com/home/item.html?id=e9fc147eaeae4dcaa4e9ad9802c7b9c6",
    "source_service_url": "https://services2.arcgis.com/FiaPA4ga0iQKduv3/arcgis/rest/services/USA_Structures_View/FeatureServer/0",
    "license_or_permission": "FEMA public data layer; no warranty; raw reference context",
    "publish_status": "raw_context",
    "confidence": "medium"
   },
   "geometry": {
    "type": "Polygon",
    "coordinates": [
     [
      [
       -85.7416999043328,
       35.0818414296766
      ],
      [
       -85.741726969674,
       35.081754994949
      ],
      [
       -85.7418584048782,
       35.0817828038305
      ],
      [
       -85.7418313413336,
       35.081869239999
      ],
      [
       -85.7416999043328,
       35.0818414296766
      ]
     ]
    ]
   }
  },
  {
   "type": "Feature",
   "properties": {
    "kind": "building_footprint",
    "name": "369 Ellis Cove Road",
    "building_label": "369 Ellis Cove Road",
    "source_object_id": 108596960,
    "build_id": 3386393,
    "uuid": "{1e8b0975-8b50-46ba-a247-acecc132bc24}",
    "occupancy_class": "Residential",
    "primary_occupancy": "Single Family Dwelling",
    "secondary_occupancy": "",
    "address": "369 Ellis Cove Road",
    "city": "South Pittsburg",
    "state": "Tennessee",
    "zip": "",
    "county": "Marion",
    "outbuilding": "",
    "height_m": null,
    "area_sqm": 141.04,
    "area_sqft": 1499.9,
    "centroid_lng": -85.74201482,
    "centroid_lat": 35.08235729,
    "inside_aop_boundary": false,
    "production_date": "2019-06-06",
    "image_date": "2016-12-15",
    "image_name": "1040010026B1E200",
    "source_name": "ORNL",
    "validation_method": "Automated",
    "footprint_source": "FEMA USA Structures / ORNL",
    "source_item_url": "https://www.arcgis.com/home/item.html?id=e9fc147eaeae4dcaa4e9ad9802c7b9c6",
    "source_service_url": "https://services2.arcgis.com/FiaPA4ga0iQKduv3/arcgis/rest/services/USA_Structures_View/FeatureServer/0",
    "license_or_permission": "FEMA public data layer; no warranty; raw reference context",
    "publish_status": "raw_context",
    "confidence": "medium"
   },
   "geometry": {
    "type": "Polygon",
    "coordinates": [
     [
      [
       -85.7419422338638,
       35.0824140612019
      ],
      [
       -85.7419971236226,
       35.0822762218953
      ],
      [
       -85.7420874150885,
       35.0823005182154
      ],
      [
       -85.7420325253297,
       35.0824383560107
      ],
      [
       -85.7419422338638,
       35.0824140612019
      ]
     ]
    ]
   }
  },
  {
   "type": "Feature",
   "properties": {
    "kind": "building_footprint",
    "name": "369 Ellis Cove Road",
    "building_label": "369 Ellis Cove Road",
    "source_object_id": 108599767,
    "build_id": 3385807,
    "uuid": "{192ba310-1d5e-477a-94d3-1e399ec32a75}",
    "occupancy_class": "Residential",
    "primary_occupancy": "Single Family Dwelling",
    "secondary_occupancy": "",
    "address": "369 Ellis Cove Road",
    "city": "South Pittsburg",
    "state": "Tennessee",
    "zip": "",
    "county": "Marion",
    "outbuilding": "",
    "height_m": null,
    "area_sqm": 53.13,
    "area_sqft": 593.4,
    "centroid_lng": -85.74187348,
    "centroid_lat": 35.08191337,
    "inside_aop_boundary": false,
    "production_date": "2019-06-06",
    "image_date": "2016-12-15",
    "image_name": "1040010026B1E200",
    "source_name": "ORNL",
    "validation_method": "Automated",
    "footprint_source": "FEMA USA Structures / ORNL",
    "source_item_url": "https://www.arcgis.com/home/item.html?id=e9fc147eaeae4dcaa4e9ad9802c7b9c6",
    "source_service_url": "https://services2.arcgis.com/FiaPA4ga0iQKduv3/arcgis/rest/services/USA_Structures_View/FeatureServer/0",
    "license_or_permission": "FEMA public data layer; no warranty; raw reference context",
    "publish_status": "raw_context",
    "confidence": "medium"
   },
   "geometry": {
    "type": "Polygon",
    "coordinates": [
     [
      [
       -85.7419204658879,
       35.0818860073451
      ],
      [
       -85.7419067620882,
       35.0819519931295
      ],
      [
       -85.7418264913294,
       35.0819407281641
      ],
      [
       -85.741840195129,
       35.0818747431058
      ],
      [
       -85.7419204658879,
       35.0818860073451
      ]
     ]
    ]
   }
  },
  {
   "type": "Feature",
   "properties": {
    "kind": "building_footprint",
    "name": "383 Ellis Cove Road",
    "building_label": "383 Ellis Cove Road",
    "source_object_id": 108593038,
    "build_id": 3387103,
    "uuid": "{131477e2-c82f-4aa0-9893-82072f8c8d42}",
    "occupancy_class": "Residential",
    "primary_occupancy": "Single Family Dwelling",
    "secondary_occupancy": "",
    "address": "383 Ellis Cove Road",
    "city": "South Pittsburg",
    "state": "Tennessee",
    "zip": "37380",
    "county": "Marion",
    "outbuilding": "",
    "height_m": null,
    "area_sqm": 280.0,
    "area_sqft": 3230.5,
    "centroid_lng": -85.74183699,
    "centroid_lat": 35.08292776,
    "inside_aop_boundary": false,
    "production_date": "2019-06-06",
    "image_date": "2016-12-15",
    "image_name": "1040010026B1E200",
    "source_name": "ORNL",
    "validation_method": "Automated",
    "footprint_source": "FEMA USA Structures / ORNL",
    "source_item_url": "https://www.arcgis.com/home/item.html?id=e9fc147eaeae4dcaa4e9ad9802c7b9c6",
    "source_service_url": "https://services2.arcgis.com/FiaPA4ga0iQKduv3/arcgis/rest/services/USA_Structures_View/FeatureServer/0",
    "license_or_permission": "FEMA public data layer; no warranty; raw reference context",
    "publish_status": "raw_context",
    "confidence": "medium"
   },
   "geometry": {
    "type": "Polygon",
    "coordinates": [
     [
      [
       -85.74196971782,
       35.0829105886413
      ],
      [
       -85.7418578847536,
       35.0830368606672
      ],
      [
       -85.7417042701451,
       35.0829449322582
      ],
      [
       -85.7418161050081,
       35.08281866009
      ],
      [
       -85.74196971782,
       35.0829105886413
      ]
     ]
    ]
   }
  },
  {
   "type": "Feature",
   "properties": {
    "kind": "building_footprint",
    "name": "390 Martin Gaines Road",
    "building_label": "390 Martin Gaines Road",
    "source_object_id": 108590406,
    "build_id": 3380298,
    "uuid": "{352c6779-799a-41f2-b43f-dbde6aa62e40}",
    "occupancy_class": "Residential",
    "primary_occupancy": "Single Family Dwelling",
    "secondary_occupancy": "",
    "address": "390 Martin Gaines Road",
    "city": "South Pittsburg",
    "state": "Tennessee",
    "zip": "",
    "county": "Marion",
    "outbuilding": "",
    "height_m": null,
    "area_sqm": 232.62,
    "area_sqft": 2637.2,
    "centroid_lng": -85.73524958,
    "centroid_lat": 35.07781604,
    "inside_aop_boundary": false,
    "production_date": "2019-06-06",
    "image_date": "2016-12-15",
    "image_name": "1040010026B1E200",
    "source_name": "ORNL",
    "validation_method": "Automated",
    "footprint_source": "FEMA USA Structures / ORNL",
    "source_item_url": "https://www.arcgis.com/home/item.html?id=e9fc147eaeae4dcaa4e9ad9802c7b9c6",
    "source_service_url": "https://services2.arcgis.com/FiaPA4ga0iQKduv3/arcgis/rest/services/USA_Structures_View/FeatureServer/0",
    "license_or_permission": "FEMA public data layer; no warranty; raw reference context",
    "publish_status": "raw_context",
    "confidence": "medium"
   },
   "geometry": {
    "type": "Polygon",
    "coordinates": [
     [
      [
       -85.735315140129,
       35.0777256282745
      ],
      [
       -85.7353197116555,
       35.0779040940938
      ],
      [
       -85.7351840292167,
       35.0779064429157
      ],
      [
       -85.7351794567919,
       35.0777279778368
      ],
      [
       -85.735315140129,
       35.0777256282745
      ]
     ]
    ]
   }
  },
  {
   "type": "Feature",
   "properties": {
    "kind": "building_footprint",
    "name": "4076 Battle Creek Road",
    "building_label": "4076 Battle Creek Road",
    "source_object_id": 108595950,
    "build_id": 3383343,
    "uuid": "{243cf55a-ae03-4acd-b831-1fab70e5c0e6}",
    "occupancy_class": "Residential",
    "primary_occupancy": "Single Family Dwelling",
    "secondary_occupancy": "",
    "address": "4076 Battle Creek Road",
    "city": "South Pittsburg",
    "state": "Tennessee",
    "zip": "37380",
    "county": "Marion",
    "outbuilding": "",
    "height_m": null,
    "area_sqm": 164.65,
    "area_sqft": 1780.1,
    "centroid_lng": -85.73585294,
    "centroid_lat": 35.07985642,
    "inside_aop_boundary": false,
    "production_date": "2019-06-06",
    "image_date": "2016-12-15",
    "image_name": "1040010026B1E200",
    "source_name": "ORNL",
    "validation_method": "Automated",
    "footprint_source": "FEMA USA Structures / ORNL",
    "source_item_url": "https://www.arcgis.com/home/item.html?id=e9fc147eaeae4dcaa4e9ad9802c7b9c6",
    "source_service_url": "https://services2.arcgis.com/FiaPA4ga0iQKduv3/arcgis/rest/services/USA_Structures_View/FeatureServer/0",
    "license_or_permission": "FEMA public data layer; no warranty; raw reference context",
    "publish_status": "raw_context",
    "confidence": "medium"
   },
   "geometry": {
    "type": "Polygon",
    "coordinates": [
     [
      [
       -85.7357811555557,
       35.0797970888305
      ],
      [
       -85.7359423160126,
       35.0798163810675
      ],
      [
       -85.7359247162196,
       35.0799157423011
      ],
      [
       -85.7357635557626,
       35.0798964500876
      ],
      [
       -85.7357811555557,
       35.0797970888305
      ]
     ]
    ]
   }
  },
  {
   "type": "Feature",
   "properties": {
    "kind": "building_footprint",
    "name": "415 Tom Norman Road",
    "building_label": "415 Tom Norman Road",
    "source_object_id": 108611440,
    "build_id": 3461755,
    "uuid": "{29dc1f95-dd10-485d-b5d3-81964fc3405b}",
    "occupancy_class": "Residential",
    "primary_occupancy": "Single Family Dwelling",
    "secondary_occupancy": "",
    "address": "415 Tom Norman Road",
    "city": "South Pittsburg",
    "state": "Tennessee",
    "zip": "",
    "county": "Marion",
    "outbuilding": "",
    "height_m": null,
    "area_sqm": 148.54,
    "area_sqft": 1450.4,
    "centroid_lng": -85.75595146,
    "centroid_lat": 35.11103487,
    "inside_aop_boundary": false,
    "production_date": "2019-06-06",
    "image_date": "2016-12-15",
    "image_name": "1040010026B1E200",
    "source_name": "ORNL",
    "validation_method": "Automated",
    "footprint_source": "FEMA USA Structures / ORNL",
    "source_item_url": "https://www.arcgis.com/home/item.html?id=e9fc147eaeae4dcaa4e9ad9802c7b9c6",
    "source_service_url": "https://services2.arcgis.com/FiaPA4ga0iQKduv3/arcgis/rest/services/USA_Structures_View/FeatureServer/0",
    "license_or_permission": "FEMA public data layer; no warranty; raw reference context",
    "publish_status": "raw_context",
    "confidence": "medium"
   },
   "geometry": {
    "type": "Polygon",
    "coordinates": [
     [
      [
       -85.7560305322276,
       35.1109956892945
      ],
      [
       -85.7560211897487,
       35.1110846106479
      ],
      [
       -85.7558723972966,
       35.1110740536994
      ],
      [
       -85.7558817397755,
       35.1109851338042
      ],
      [
       -85.7560305322276,
       35.1109956892945
      ]
     ]
    ]
   }
  },
  {
   "type": "Feature",
   "properties": {
    "kind": "building_footprint",
    "name": "4178 Battle Creek Road",
    "building_label": "4178 Battle Creek Road",
    "source_object_id": 108605113,
    "build_id": 3384632,
    "uuid": "{9e8de8fa-fbe1-4f81-9476-921ae848d127}",
    "occupancy_class": "Residential",
    "primary_occupancy": "Single Family Dwelling",
    "secondary_occupancy": "",
    "address": "4178 Battle Creek Road",
    "city": "South Pittsburg",
    "state": "Tennessee",
    "zip": "37380",
    "county": "Marion",
    "outbuilding": "",
    "height_m": null,
    "area_sqm": 247.93,
    "area_sqft": 2571.2,
    "centroid_lng": -85.73505364,
    "centroid_lat": 35.08085401,
    "inside_aop_boundary": false,
    "production_date": "2019-06-06",
    "image_date": "2016-12-15",
    "image_name": "1040010026B1E200",
    "source_name": "ORNL",
    "validation_method": "Automated",
    "footprint_source": "FEMA USA Structures / ORNL",
    "source_item_url": "https://www.arcgis.com/home/item.html?id=e9fc147eaeae4dcaa4e9ad9802c7b9c6",
    "source_service_url": "https://services2.arcgis.com/FiaPA4ga0iQKduv3/arcgis/rest/services/USA_Structures_View/FeatureServer/0",
    "license_or_permission": "FEMA public data layer; no warranty; raw reference context",
    "publish_status": "raw_context",
    "confidence": "medium"
   },
   "geometry": {
    "type": "Polygon",
    "coordinates": [
     [
      [
       -85.7351356630235,
       35.0807819457083
      ],
      [
       -85.7351475773791,
       35.0809154657199
      ],
      [
       -85.7349716153812,
       35.0809260750924
      ],
      [
       -85.7349597028222,
       35.0807925550982
      ],
      [
       -85.7351356630235,
       35.0807819457083
      ]
     ]
    ]
   }
  },
  {
   "type": "Feature",
   "properties": {
    "kind": "building_footprint",
    "name": "4250 Battle Creek Road",
    "building_label": "4250 Battle Creek Road",
    "source_object_id": 108595335,
    "build_id": 3386255,
    "uuid": "{da4f2cb5-a97f-42d3-9b00-724cf016708d}",
    "occupancy_class": "Residential",
    "primary_occupancy": "Single Family Dwelling",
    "secondary_occupancy": "",
    "address": "4250 Battle Creek Road",
    "city": "South Pittsburg",
    "state": "Tennessee",
    "zip": "37380",
    "county": "Marion",
    "outbuilding": "",
    "height_m": null,
    "area_sqm": 43.56,
    "area_sqft": 395.6,
    "centroid_lng": -85.73454497,
    "centroid_lat": 35.08222048,
    "inside_aop_boundary": false,
    "production_date": "2019-06-06",
    "image_date": "2016-12-15",
    "image_name": "1040010026B1E200",
    "source_name": "ORNL",
    "validation_method": "Automated",
    "footprint_source": "FEMA USA Structures / ORNL",
    "source_item_url": "https://www.arcgis.com/home/item.html?id=e9fc147eaeae4dcaa4e9ad9802c7b9c6",
    "source_service_url": "https://services2.arcgis.com/FiaPA4ga0iQKduv3/arcgis/rest/services/USA_Structures_View/FeatureServer/0",
    "license_or_permission": "FEMA public data layer; no warranty; raw reference context",
    "publish_status": "raw_context",
    "confidence": "medium"
   },
   "geometry": {
    "type": "Polygon",
    "coordinates": [
     [
      [
       -85.7345728720912,
       35.0821874389297
      ],
      [
       -85.734571338667,
       35.0822543668894
      ],
      [
       -85.7345170597626,
       35.0822535259163
      ],
      [
       -85.7345185940851,
       35.0821865986911
      ],
      [
       -85.7345728720912,
       35.0821874389297
      ]
     ]
    ]
   }
  },
  {
   "type": "Feature",
   "properties": {
    "kind": "building_footprint",
    "name": "4250 Battle Creek Road",
    "building_label": "4250 Battle Creek Road",
    "source_object_id": 108597001,
    "build_id": 3386405,
    "uuid": "{3f1d9591-38dc-42aa-acfd-c326597a673e}",
    "occupancy_class": "Residential",
    "primary_occupancy": "Single Family Dwelling",
    "secondary_occupancy": "",
    "address": "4250 Battle Creek Road",
    "city": "South Pittsburg",
    "state": "Tennessee",
    "zip": "37380",
    "county": "Marion",
    "outbuilding": "",
    "height_m": null,
    "area_sqm": 232.14,
    "area_sqft": 2373.4,
    "centroid_lng": -85.73496288,
    "centroid_lat": 35.08231063,
    "inside_aop_boundary": false,
    "production_date": "2019-06-06",
    "image_date": "2016-12-15",
    "image_name": "1040010026B1E200",
    "source_name": "ORNL",
    "validation_method": "Automated",
    "footprint_source": "FEMA USA Structures / ORNL",
    "source_item_url": "https://www.arcgis.com/home/item.html?id=e9fc147eaeae4dcaa4e9ad9802c7b9c6",
    "source_service_url": "https://services2.arcgis.com/FiaPA4ga0iQKduv3/arcgis/rest/services/USA_Structures_View/FeatureServer/0",
    "license_or_permission": "FEMA public data layer; no warranty; raw reference context",
    "publish_status": "raw_context",
    "confidence": "medium"
   },
   "geometry": {
    "type": "Polygon",
    "coordinates": [
     [
      [
       -85.7350543484223,
       35.0822531113107
      ],
      [
       -85.7350328571274,
       35.0823858188176
      ],
      [
       -85.7348714172944,
       35.0823681532633
      ],
      [
       -85.7348929067927,
       35.0822354449926
      ],
      [
       -85.7350543484223,
       35.0822531113107
      ]
     ]
    ]
   }
  },
  {
   "type": "Feature",
   "properties": {
    "kind": "building_footprint",
    "name": "430 Martin Gaines Road",
    "building_label": "430 Martin Gaines Road",
    "source_object_id": 108591988,
    "build_id": 3381195,
    "uuid": "{70759781-809e-46eb-8df7-8410b00826f4}",
    "occupancy_class": "Residential",
    "primary_occupancy": "Single Family Dwelling",
    "secondary_occupancy": "",
    "address": "430 Martin Gaines Road",
    "city": "South Pittsburg",
    "state": "Tennessee",
    "zip": "",
    "county": "Marion",
    "outbuilding": "",
    "height_m": null,
    "area_sqm": 407.16,
    "area_sqft": 4746.9,
    "centroid_lng": -85.73530304,
    "centroid_lat": 35.078364,
    "inside_aop_boundary": false,
    "production_date": "2019-06-06",
    "image_date": "2016-12-15",
    "image_name": "1040010026B1E200",
    "source_name": "ORNL",
    "validation_method": "Automated",
    "footprint_source": "FEMA USA Structures / ORNL",
    "source_item_url": "https://www.arcgis.com/home/item.html?id=e9fc147eaeae4dcaa4e9ad9802c7b9c6",
    "source_service_url": "https://services2.arcgis.com/FiaPA4ga0iQKduv3/arcgis/rest/services/USA_Structures_View/FeatureServer/0",
    "license_or_permission": "FEMA public data layer; no warranty; raw reference context",
    "publish_status": "raw_context",
    "confidence": "medium"
   },
   "geometry": {
    "type": "Polygon",
    "coordinates": [
     [
      [
       -85.735234262109,
       35.0785025923171
      ],
      [
       -85.7352094389628,
       35.0782356140171
      ],
      [
       -85.7353718229251,
       35.0782254108342
      ],
      [
       -85.7353966460714,
       35.0784923891675
      ],
      [
       -85.735234262109,
       35.0785025923171
      ]
     ]
    ]
   }
  },
  {
   "type": "Feature",
   "properties": {
    "kind": "building_footprint",
    "name": "4326 Battle Creek Road",
    "building_label": "4326 Battle Creek Road",
    "source_object_id": 108594911,
    "build_id": 3387460,
    "uuid": "{dca9afc9-51f5-400c-beb2-46fbc34f0d69}",
    "occupancy_class": "Residential",
    "primary_occupancy": "Single Family Dwelling",
    "secondary_occupancy": "",
    "address": "4326 Battle Creek Road",
    "city": "South Pittsburg",
    "state": "Tennessee",
    "zip": "37380",
    "county": "Marion",
    "outbuilding": "",
    "height_m": null,
    "area_sqm": 166.57,
    "area_sqft": 1977.9,
    "centroid_lng": -85.73543068,
    "centroid_lat": 35.0831107,
    "inside_aop_boundary": false,
    "production_date": "2019-06-06",
    "image_date": "2016-12-15",
    "image_name": "1040010026B1E200",
    "source_name": "ORNL",
    "validation_method": "Automated",
    "footprint_source": "FEMA USA Structures / ORNL",
    "source_item_url": "https://www.arcgis.com/home/item.html?id=e9fc147eaeae4dcaa4e9ad9802c7b9c6",
    "source_service_url": "https://services2.arcgis.com/FiaPA4ga0iQKduv3/arcgis/rest/services/USA_Structures_View/FeatureServer/0",
    "license_or_permission": "FEMA public data layer; no warranty; raw reference context",
    "publish_status": "raw_context",
    "confidence": "medium"
   },
   "geometry": {
    "type": "Polygon",
    "coordinates": [
     [
      [
       -85.7353648726598,
       35.0830423908942
      ],
      [
       -85.735500553302,
       35.0830451762231
      ],
      [
       -85.7354964884253,
       35.0831790123024
      ],
      [
       -85.7353608086814,
       35.0831762291835
      ],
      [
       -85.7353648726598,
       35.0830423908942
      ]
     ]
    ]
   }
  },
  {
   "type": "Feature",
   "properties": {
    "kind": "building_footprint",
    "name": "4326 Battle Creek Road",
    "building_label": "4326 Battle Creek Road",
    "source_object_id": 108599499,
    "build_id": 3387908,
    "uuid": "{0067d9ae-4e48-4c71-9483-8360a3c7e4de}",
    "occupancy_class": "Residential",
    "primary_occupancy": "Single Family Dwelling",
    "secondary_occupancy": "",
    "address": "4326 Battle Creek Road",
    "city": "South Pittsburg",
    "state": "Tennessee",
    "zip": "37380",
    "county": "Marion",
    "outbuilding": "",
    "height_m": null,
    "area_sqm": 188.26,
    "area_sqft": 1977.9,
    "centroid_lng": -85.73590898,
    "centroid_lat": 35.08343364,
    "inside_aop_boundary": false,
    "production_date": "2019-06-06",
    "image_date": "2016-12-15",
    "image_name": "1040010026B1E200",
    "source_name": "ORNL",
    "validation_method": "Automated",
    "footprint_source": "FEMA USA Structures / ORNL",
    "source_item_url": "https://www.arcgis.com/home/item.html?id=e9fc147eaeae4dcaa4e9ad9802c7b9c6",
    "source_service_url": "https://services2.arcgis.com/FiaPA4ga0iQKduv3/arcgis/rest/services/USA_Structures_View/FeatureServer/0",
    "license_or_permission": "FEMA public data layer; no warranty; raw reference context",
    "publish_status": "raw_context",
    "confidence": "medium"
   },
   "geometry": {
    "type": "Polygon",
    "coordinates": [
     [
      [
       -85.7359861331372,
       35.0833738811169
      ],
      [
       -85.7359944012311,
       35.0834852400819
      ],
      [
       -85.7358318358091,
       35.0834933953392
      ],
      [
       -85.7358235677152,
       35.0833820356501
      ],
      [
       -85.7359861331372,
       35.0833738811169
      ]
     ]
    ]
   }
  },
  {
   "type": "Feature",
   "properties": {
    "kind": "building_footprint",
    "name": "4360 Battle Creek Road",
    "building_label": "4360 Battle Creek Road",
    "source_object_id": 108595641,
    "build_id": 3388570,
    "uuid": "{b0695585-0730-42b6-914a-79dff34a7c63}",
    "occupancy_class": "Residential",
    "primary_occupancy": "Single Family Dwelling",
    "secondary_occupancy": "",
    "address": "4360 Battle Creek Road",
    "city": "South Pittsburg",
    "state": "Tennessee",
    "zip": "37380",
    "county": "Marion",
    "outbuilding": "",
    "height_m": null,
    "area_sqm": 168.64,
    "area_sqft": 1582.3,
    "centroid_lng": -85.73592002,
    "centroid_lat": 35.08393298,
    "inside_aop_boundary": false,
    "production_date": "2019-06-06",
    "image_date": "2016-12-15",
    "image_name": "1040010026B1E200",
    "source_name": "ORNL",
    "validation_method": "Automated",
    "footprint_source": "FEMA USA Structures / ORNL",
    "source_item_url": "https://www.arcgis.com/home/item.html?id=e9fc147eaeae4dcaa4e9ad9802c7b9c6",
    "source_service_url": "https://services2.arcgis.com/FiaPA4ga0iQKduv3/arcgis/rest/services/USA_Structures_View/FeatureServer/0",
    "license_or_permission": "FEMA public data layer; no warranty; raw reference context",
    "publish_status": "raw_context",
    "confidence": "medium"
   },
   "geometry": {
    "type": "Polygon",
    "coordinates": [
     [
      [
       -85.7358732113128,
       35.0838623217399
      ],
      [
       -85.7359813567949,
       35.0838702887734
      ],
      [
       -85.7359668193586,
       35.0840036331868
      ],
      [
       -85.7358586729782,
       35.0839956661664
      ],
      [
       -85.7358732113128,
       35.0838623217399
      ]
     ]
    ]
   }
  },
  {
   "type": "Feature",
   "properties": {
    "kind": "building_footprint",
    "name": "449 Tom Norman Road",
    "building_label": "449 Tom Norman Road",
    "source_object_id": 108607243,
    "build_id": 3461248,
    "uuid": "{37491fbe-87e0-4243-8b71-1091c14b09f8}",
    "occupancy_class": "Residential",
    "primary_occupancy": "Single Family Dwelling",
    "secondary_occupancy": "",
    "address": "449 Tom Norman Road",
    "city": "South Pittsburg",
    "state": "Tennessee",
    "zip": "",
    "county": "Marion",
    "outbuilding": "",
    "height_m": null,
    "area_sqm": 108.65,
    "area_sqft": 1186.7,
    "centroid_lng": -85.75602545,
    "centroid_lat": 35.1105248,
    "inside_aop_boundary": false,
    "production_date": "2019-06-06",
    "image_date": "2016-12-15",
    "image_name": "1040010026B1E200",
    "source_name": "ORNL",
    "validation_method": "Automated",
    "footprint_source": "FEMA USA Structures / ORNL",
    "source_item_url": "https://www.arcgis.com/home/item.html?id=e9fc147eaeae4dcaa4e9ad9802c7b9c6",
    "source_service_url": "https://services2.arcgis.com/FiaPA4ga0iQKduv3/arcgis/rest/services/USA_Structures_View/FeatureServer/0",
    "license_or_permission": "FEMA public data layer; no warranty; raw reference context",
    "publish_status": "raw_context",
    "confidence": "medium"
   },
   "geometry": {
    "type": "Polygon",
    "coordinates": [
     [
      [
       -85.755966556908,
       35.110571380142
      ],
      [
       -85.7559622485879,
       35.1104821973526
      ],
      [
       -85.7560843449064,
       35.1104782151359
      ],
      [
       -85.7560886523282,
       35.1105673979297
      ],
      [
       -85.755966556908,
       35.110571380142
      ]
     ]
    ]
   }
  },
  {
   "type": "Feature",
   "properties": {
    "kind": "building_footprint",
    "name": "449 Tom Norman Road",
    "building_label": "449 Tom Norman Road",
    "source_object_id": 108608641,
    "build_id": 3461463,
    "uuid": "{b36d287d-527f-4059-a1cd-ae2bfc6e339a}",
    "occupancy_class": "Residential",
    "primary_occupancy": "Single Family Dwelling",
    "secondary_occupancy": "",
    "address": "449 Tom Norman Road",
    "city": "South Pittsburg",
    "state": "Tennessee",
    "zip": "",
    "county": "Marion",
    "outbuilding": "",
    "height_m": null,
    "area_sqm": 211.88,
    "area_sqft": 2472.3,
    "centroid_lng": -85.75541406,
    "centroid_lat": 35.11069755,
    "inside_aop_boundary": false,
    "production_date": "2019-06-06",
    "image_date": "2016-12-15",
    "image_name": "1040010026B1E200",
    "source_name": "ORNL",
    "validation_method": "Automated",
    "footprint_source": "FEMA USA Structures / ORNL",
    "source_item_url": "https://www.arcgis.com/home/item.html?id=e9fc147eaeae4dcaa4e9ad9802c7b9c6",
    "source_service_url": "https://services2.arcgis.com/FiaPA4ga0iQKduv3/arcgis/rest/services/USA_Structures_View/FeatureServer/0",
    "license_or_permission": "FEMA public data layer; no warranty; raw reference context",
    "publish_status": "raw_context",
    "confidence": "medium"
   },
   "geometry": {
    "type": "Polygon",
    "coordinates": [
     [
      [
       -85.7553815659102,
       35.1106005923344
      ],
      [
       -85.7555104705602,
       35.1106356106494
      ],
      [
       -85.7554465464446,
       35.110794501297
      ],
      [
       -85.7553176399979,
       35.1107594823155
      ],
      [
       -85.7553815659102,
       35.1106005923344
      ]
     ]
    ]
   }
  },
  {
   "type": "Feature",
   "properties": {
    "kind": "building_footprint",
    "name": "474 Kelly Cove Road",
    "building_label": "474 Kelly Cove Road",
    "source_object_id": 108597190,
    "build_id": 3381751,
    "uuid": "{e30c395f-4031-4562-8832-43e47f3f5e58}",
    "occupancy_class": "Residential",
    "primary_occupancy": "Single Family Dwelling",
    "secondary_occupancy": "",
    "address": "474 Kelly Cove Road",
    "city": "South Pittsburg",
    "state": "Tennessee",
    "zip": "37380",
    "county": "Marion",
    "outbuilding": "",
    "height_m": null,
    "area_sqm": 42.28,
    "area_sqft": 395.6,
    "centroid_lng": -85.73119748,
    "centroid_lat": 35.07880191,
    "inside_aop_boundary": false,
    "production_date": "2019-06-06",
    "image_date": "2016-12-15",
    "image_name": "1040010026B1E200",
    "source_name": "ORNL",
    "validation_method": "Automated",
    "footprint_source": "FEMA USA Structures / ORNL",
    "source_item_url": "https://www.arcgis.com/home/item.html?id=e9fc147eaeae4dcaa4e9ad9802c7b9c6",
    "source_service_url": "https://services2.arcgis.com/FiaPA4ga0iQKduv3/arcgis/rest/services/USA_Structures_View/FeatureServer/0",
    "license_or_permission": "FEMA public data layer; no warranty; raw reference context",
    "publish_status": "raw_context",
    "confidence": "medium"
   },
   "geometry": {
    "type": "Polygon",
    "coordinates": [
     [
      [
       -85.731156200875,
       35.0787803028998
      ],
      [
       -85.7312376115959,
       35.0787788958272
      ],
      [
       -85.7312387533546,
       35.0788235119264
      ],
      [
       -85.7311573417354,
       35.0788249189982
      ],
      [
       -85.731156200875,
       35.0787803028998
      ]
     ]
    ]
   }
  },
  {
   "type": "Feature",
   "properties": {
    "kind": "building_footprint",
    "name": "474 Kelly Cove Road",
    "building_label": "474 Kelly Cove Road",
    "source_object_id": 108598699,
    "build_id": 3381856,
    "uuid": "{5d31b5f3-a07c-411a-8000-9767f2c949c2}",
    "occupancy_class": "Residential",
    "primary_occupancy": "Single Family Dwelling",
    "secondary_occupancy": "",
    "address": "474 Kelly Cove Road",
    "city": "South Pittsburg",
    "state": "Tennessee",
    "zip": "37380",
    "county": "Marion",
    "outbuilding": "",
    "height_m": null,
    "area_sqm": 393.6,
    "area_sqft": 4384.3,
    "centroid_lng": -85.7309352,
    "centroid_lat": 35.07882755,
    "inside_aop_boundary": false,
    "production_date": "2019-06-06",
    "image_date": "2016-12-15",
    "image_name": "1040010026B1E200",
    "source_name": "ORNL",
    "validation_method": "Automated",
    "footprint_source": "FEMA USA Structures / ORNL",
    "source_item_url": "https://www.arcgis.com/home/item.html?id=e9fc147eaeae4dcaa4e9ad9802c7b9c6",
    "source_service_url": "https://services2.arcgis.com/FiaPA4ga0iQKduv3/arcgis/rest/services/USA_Structures_View/FeatureServer/0",
    "license_or_permission": "FEMA public data layer; no warranty; raw reference context",
    "publish_status": "raw_context",
    "confidence": "medium"
   },
   "geometry": {
    "type": "MultiPolygon",
    "coordinates": [
     [
      [
       [
        -85.7308443327578,
        35.0788229017542
       ],
       [
        -85.7309942436124,
        35.0787705886582
       ],
       [
        -85.7310260628381,
        35.0788322057774
       ],
       [
        -85.7308761510851,
        35.0788845188339
       ],
       [
        -85.7308443327578,
        35.0788229017542
       ]
      ]
     ],
     [
      [
       [
        -85.7307663176686,
        35.0787289248849
       ],
       [
        -85.7308193488131,
        35.0788316213354
       ],
       [
        -85.7307818710995,
        35.0788446981324
       ],
       [
        -85.7307924757114,
        35.0788652366686
       ],
       [
        -85.7306675505981,
        35.078908830867
       ],
       [
        -85.7306251267605,
        35.078826675265
       ],
       [
        -85.7304877087765,
        35.0788746281694
       ],
       [
        -85.730466497756,
        35.0788335503616
       ],
       [
        -85.7307663176686,
        35.0787289248849
       ]
      ]
     ]
    ]
   }
  },
  {
   "type": "Feature",
   "properties": {
    "kind": "building_footprint",
    "name": "4758 Battle Creek Road",
    "building_label": "4758 Battle Creek Road",
    "source_object_id": 108604785,
    "build_id": 3396252,
    "uuid": "{6163adc1-5842-44a8-b4d9-c1e0548f3df8}",
    "occupancy_class": "Residential",
    "primary_occupancy": "Single Family Dwelling",
    "secondary_occupancy": "",
    "address": "4758 Battle Creek Road",
    "city": "South Pittsburg",
    "state": "Tennessee",
    "zip": "37380",
    "county": "Marion",
    "outbuilding": "",
    "height_m": null,
    "area_sqm": 295.32,
    "area_sqft": 2966.8,
    "centroid_lng": -85.73453229,
    "centroid_lat": 35.08942352,
    "inside_aop_boundary": false,
    "production_date": "2019-06-06",
    "image_date": "2016-12-15",
    "image_name": "1040010026B1E200",
    "source_name": "ORNL",
    "validation_method": "Automated",
    "footprint_source": "FEMA USA Structures / ORNL",
    "source_item_url": "https://www.arcgis.com/home/item.html?id=e9fc147eaeae4dcaa4e9ad9802c7b9c6",
    "source_service_url": "https://services2.arcgis.com/FiaPA4ga0iQKduv3/arcgis/rest/services/USA_Structures_View/FeatureServer/0",
    "license_or_permission": "FEMA public data layer; no warranty; raw reference context",
    "publish_status": "raw_context",
    "confidence": "medium"
   },
   "geometry": {
    "type": "Polygon",
    "coordinates": [
     [
      [
       -85.7346644122153,
       35.0893861068162
      ],
      [
       -85.7346407398109,
       35.0894959617443
      ],
      [
       -85.7344001646896,
       35.0894609387579
      ],
      [
       -85.7344238379923,
       35.0893510830477
      ],
      [
       -85.7346644122153,
       35.0893861068162
      ]
     ]
    ]
   }
  },
  {
   "type": "Feature",
   "properties": {
    "kind": "building_footprint",
    "name": "4990 Battle Creek Road",
    "building_label": "4990 Battle Creek Road",
    "source_object_id": 108603365,
    "build_id": 3443843,
    "uuid": "{f2677b40-53b0-4169-879b-9872e37d87b1}",
    "occupancy_class": "Residential",
    "primary_occupancy": "Single Family Dwelling",
    "secondary_occupancy": "",
    "address": "4990 Battle Creek Road",
    "city": "South Pittsburg",
    "state": "Tennessee",
    "zip": "",
    "county": "Marion",
    "outbuilding": "",
    "height_m": null,
    "area_sqm": 229.9,
    "area_sqft": 2637.2,
    "centroid_lng": -85.73618136,
    "centroid_lat": 35.09300599,
    "inside_aop_boundary": false,
    "production_date": "2019-06-06",
    "image_date": "2016-12-15",
    "image_name": "1040010026B1E200",
    "source_name": "ORNL",
    "validation_method": "Automated",
    "footprint_source": "FEMA USA Structures / ORNL",
    "source_item_url": "https://www.arcgis.com/home/item.html?id=e9fc147eaeae4dcaa4e9ad9802c7b9c6",
    "source_service_url": "https://services2.arcgis.com/FiaPA4ga0iQKduv3/arcgis/rest/services/USA_Structures_View/FeatureServer/0",
    "license_or_permission": "FEMA public data layer; no warranty; raw reference context",
    "publish_status": "raw_context",
    "confidence": "medium"
   },
   "geometry": {
    "type": "Polygon",
    "coordinates": [
     [
      [
       -85.7362638679686,
       35.0929255012515
      ],
      [
       -85.7362332318241,
       35.0931022212241
      ],
      [
       -85.7360988501458,
       35.0930864830048
      ],
      [
       -85.7361294862903,
       35.0929097629981
      ],
      [
       -85.7362638679686,
       35.0929255012515
      ]
     ]
    ]
   }
  },
  {
   "type": "Feature",
   "properties": {
    "kind": "building_footprint",
    "name": "5016 Battle Creek Road",
    "building_label": "5016 Battle Creek Road",
    "source_object_id": 108599193,
    "build_id": 3444080,
    "uuid": "{e87077fd-7af4-4ca2-ba8f-e7a2e143fe1f}",
    "occupancy_class": "Residential",
    "primary_occupancy": "Single Family Dwelling",
    "secondary_occupancy": "",
    "address": "5016 Battle Creek Road",
    "city": "South Pittsburg",
    "state": "Tennessee",
    "zip": "",
    "county": "Marion",
    "outbuilding": "",
    "height_m": null,
    "area_sqm": 70.68,
    "area_sqft": 659.3,
    "centroid_lng": -85.7362802,
    "centroid_lat": 35.09324414,
    "inside_aop_boundary": false,
    "production_date": "2019-06-06",
    "image_date": "2016-12-15",
    "image_name": "1040010026B1E200",
    "source_name": "ORNL",
    "validation_method": "Automated",
    "footprint_source": "FEMA USA Structures / ORNL",
    "source_item_url": "https://www.arcgis.com/home/item.html?id=e9fc147eaeae4dcaa4e9ad9802c7b9c6",
    "source_service_url": "https://services2.arcgis.com/FiaPA4ga0iQKduv3/arcgis/rest/services/USA_Structures_View/FeatureServer/0",
    "license_or_permission": "FEMA public data layer; no warranty; raw reference context",
    "publish_status": "raw_context",
    "confidence": "medium"
   },
   "geometry": {
    "type": "Polygon",
    "coordinates": [
     [
      [
       -85.7362141138782,
       35.0932698060222
      ],
      [
       -85.736210808078,
       35.0932252639759
      ],
      [
       -85.7363462937858,
       35.0932184672691
      ],
      [
       -85.736349602281,
       35.0932630107892
      ],
      [
       -85.7362141138782,
       35.0932698060222
      ]
     ]
    ]
   }
  },
  {
   "type": "Feature",
   "properties": {
    "kind": "building_footprint",
    "name": "5016 Battle Creek Road",
    "building_label": "5016 Battle Creek Road",
    "source_object_id": 108600791,
    "build_id": 3444229,
    "uuid": "{cc527af2-a090-49a4-ac8e-4c6127820948}",
    "occupancy_class": "Residential",
    "primary_occupancy": "Single Family Dwelling",
    "secondary_occupancy": "",
    "address": "5016 Battle Creek Road",
    "city": "South Pittsburg",
    "state": "Tennessee",
    "zip": "",
    "county": "Marion",
    "outbuilding": "",
    "height_m": null,
    "area_sqm": 87.11,
    "area_sqft": 906.5,
    "centroid_lng": -85.73630085,
    "centroid_lat": 35.09336718,
    "inside_aop_boundary": false,
    "production_date": "2019-06-06",
    "image_date": "2016-12-15",
    "image_name": "1040010026B1E200",
    "source_name": "ORNL",
    "validation_method": "Automated",
    "footprint_source": "FEMA USA Structures / ORNL",
    "source_item_url": "https://www.arcgis.com/home/item.html?id=e9fc147eaeae4dcaa4e9ad9802c7b9c6",
    "source_service_url": "https://services2.arcgis.com/FiaPA4ga0iQKduv3/arcgis/rest/services/USA_Structures_View/FeatureServer/0",
    "license_or_permission": "FEMA public data layer; no warranty; raw reference context",
    "publish_status": "raw_context",
    "confidence": "medium"
   },
   "geometry": {
    "type": "Polygon",
    "coordinates": [
     [
      [
       -85.7362189207633,
       35.0933700380327
      ],
      [
       -85.7363521121739,
       35.0933145692842
      ],
      [
       -85.7363827878442,
       35.093364329162
      ],
      [
       -85.736249597332,
       35.0934197971417
      ],
      [
       -85.7362189207633,
       35.0933700380327
      ]
     ]
    ]
   }
  },
  {
   "type": "Feature",
   "properties": {
    "kind": "building_footprint",
    "name": "502 Martin Gaines Road",
    "building_label": "502 Martin Gaines Road",
    "source_object_id": 108593121,
    "build_id": 3382147,
    "uuid": "{4d385c79-967d-4c08-963f-bfb12d171a3c}",
    "occupancy_class": "Residential",
    "primary_occupancy": "Manufactured Home",
    "secondary_occupancy": "",
    "address": "502 Martin Gaines Road",
    "city": "South Pittsburg",
    "state": "Tennessee",
    "zip": "37380",
    "county": "Marion",
    "outbuilding": "",
    "height_m": null,
    "area_sqm": 78.02,
    "area_sqft": 824.1,
    "centroid_lng": -85.73448783,
    "centroid_lat": 35.07907738,
    "inside_aop_boundary": false,
    "production_date": "2019-06-06",
    "image_date": "2016-12-15",
    "image_name": "1040010026B1E200",
    "source_name": "ORNL",
    "validation_method": "Automated",
    "footprint_source": "FEMA USA Structures / ORNL",
    "source_item_url": "https://www.arcgis.com/home/item.html?id=e9fc147eaeae4dcaa4e9ad9802c7b9c6",
    "source_service_url": "https://services2.arcgis.com/FiaPA4ga0iQKduv3/arcgis/rest/services/USA_Structures_View/FeatureServer/0",
    "license_or_permission": "FEMA public data layer; no warranty; raw reference context",
    "publish_status": "raw_context",
    "confidence": "medium"
   },
   "geometry": {
    "type": "Polygon",
    "coordinates": [
     [
      [
       -85.7344568717403,
       35.079020442936
      ],
      [
       -85.7345246666964,
       35.0790228622997
      ],
      [
       -85.734518781833,
       35.0791343227729
      ],
      [
       -85.7344509868768,
       35.0791319041476
      ],
      [
       -85.7344568717403,
       35.079020442936
      ]
     ]
    ]
   }
  },
  {
   "type": "Feature",
   "properties": {
    "kind": "building_footprint",
    "name": "5040 Battle Creek Road",
    "building_label": "5040 Battle Creek Road",
    "source_object_id": 108609422,
    "build_id": 3444945,
    "uuid": "{dfaee1a5-c07f-4b13-9690-bf59240c58eb}",
    "occupancy_class": "Residential",
    "primary_occupancy": "Single Family Dwelling",
    "secondary_occupancy": "",
    "address": "5040 Battle Creek Road",
    "city": "South Pittsburg",
    "state": "Tennessee",
    "zip": "",
    "county": "Marion",
    "outbuilding": "",
    "height_m": null,
    "area_sqm": 148.38,
    "area_sqft": 1384.5,
    "centroid_lng": -85.73610162,
    "centroid_lat": 35.09393919,
    "inside_aop_boundary": false,
    "production_date": "2019-06-06",
    "image_date": "2016-12-15",
    "image_name": "1040010026B1E200",
    "source_name": "ORNL",
    "validation_method": "Automated",
    "footprint_source": "FEMA USA Structures / ORNL",
    "source_item_url": "https://www.arcgis.com/home/item.html?id=e9fc147eaeae4dcaa4e9ad9802c7b9c6",
    "source_service_url": "https://services2.arcgis.com/FiaPA4ga0iQKduv3/arcgis/rest/services/USA_Structures_View/FeatureServer/0",
    "license_or_permission": "FEMA public data layer; no warranty; raw reference context",
    "publish_status": "raw_context",
    "confidence": "medium"
   },
   "geometry": {
    "type": "Polygon",
    "coordinates": [
     [
      [
       -85.7361375872975,
       35.0940188437728
      ],
      [
       -85.7360562430519,
       35.0940155332862
      ],
      [
       -85.736065645718,
       35.0938595330717
      ],
      [
       -85.7361469899636,
       35.0938628450346
      ],
      [
       -85.7361375872975,
       35.0940188437728
      ]
     ]
    ]
   }
  },
  {
   "type": "Feature",
   "properties": {
    "kind": "building_footprint",
    "name": "510 Martin Gaines Road",
    "building_label": "510 Martin Gaines Road",
    "source_object_id": 108600153,
    "build_id": 3381970,
    "uuid": "{1197c509-3b9b-4a86-9c91-d3bc6aea23b7}",
    "occupancy_class": "Residential",
    "primary_occupancy": "Single Family Dwelling",
    "secondary_occupancy": "",
    "address": "510 Martin Gaines Road",
    "city": "South Pittsburg",
    "state": "Tennessee",
    "zip": "37380",
    "county": "Marion",
    "outbuilding": "",
    "height_m": null,
    "area_sqm": 48.66,
    "area_sqft": 593.4,
    "centroid_lng": -85.73236873,
    "centroid_lat": 35.07897224,
    "inside_aop_boundary": false,
    "production_date": "2019-06-06",
    "image_date": "2016-12-15",
    "image_name": "1040010026B1E200",
    "source_name": "ORNL",
    "validation_method": "Automated",
    "footprint_source": "FEMA USA Structures / ORNL",
    "source_item_url": "https://www.arcgis.com/home/item.html?id=e9fc147eaeae4dcaa4e9ad9802c7b9c6",
    "source_service_url": "https://services2.arcgis.com/FiaPA4ga0iQKduv3/arcgis/rest/services/USA_Structures_View/FeatureServer/0",
    "license_or_permission": "FEMA public data layer; no warranty; raw reference context",
    "publish_status": "raw_context",
    "confidence": "medium"
   },
   "geometry": {
    "type": "Polygon",
    "coordinates": [
     [
      [
       -85.7324119612005,
       35.0790035051823
      ],
      [
       -85.7323306987016,
       35.0790077852001
      ],
      [
       -85.7323254920662,
       35.0789409817572
      ],
      [
       -85.7324067545651,
       35.0789367017359
      ],
      [
       -85.7324119612005,
       35.0790035051823
      ]
     ]
    ]
   }
  },
  {
   "type": "Feature",
   "properties": {
    "kind": "building_footprint",
    "name": "5158 Battle Creek Road",
    "building_label": "5158 Battle Creek Road",
    "source_object_id": 108593118,
    "build_id": 3446750,
    "uuid": "{d743ceb4-3f6a-4948-919e-215bda03457f}",
    "occupancy_class": "Residential",
    "primary_occupancy": "Single Family Dwelling",
    "secondary_occupancy": "",
    "address": "5158 Battle Creek Road",
    "city": "South Pittsburg",
    "state": "Tennessee",
    "zip": "",
    "county": "Marion",
    "outbuilding": "",
    "height_m": null,
    "area_sqm": 44.99,
    "area_sqft": 593.4,
    "centroid_lng": -85.73633802,
    "centroid_lat": 35.09564991,
    "inside_aop_boundary": false,
    "production_date": "2019-06-06",
    "image_date": "2016-12-15",
    "image_name": "1040010026B1E200",
    "source_name": "ORNL",
    "validation_method": "Automated",
    "footprint_source": "FEMA USA Structures / ORNL",
    "source_item_url": "https://www.arcgis.com/home/item.html?id=e9fc147eaeae4dcaa4e9ad9802c7b9c6",
    "source_service_url": "https://services2.arcgis.com/FiaPA4ga0iQKduv3/arcgis/rest/services/USA_Structures_View/FeatureServer/0",
    "license_or_permission": "FEMA public data layer; no warranty; raw reference context",
    "publish_status": "raw_context",
    "confidence": "medium"
   },
   "geometry": {
    "type": "Polygon",
    "coordinates": [
     [
      [
       -85.7363771068983,
       35.0956151448615
      ],
      [
       -85.7363803219687,
       35.0956820316682
      ],
      [
       -85.7362989399939,
       35.0956846739763
      ],
      [
       -85.7362957249235,
       35.0956177871718
      ],
      [
       -85.7363771068983,
       35.0956151448615
      ]
     ]
    ]
   }
  },
  {
   "type": "Feature",
   "properties": {
    "kind": "building_footprint",
    "name": "5158 Battle Creek Road",
    "building_label": "5158 Battle Creek Road",
    "source_object_id": 108610433,
    "build_id": 3446640,
    "uuid": "{e474830a-0ea1-4951-afd8-47a47e660106}",
    "occupancy_class": "Residential",
    "primary_occupancy": "Single Family Dwelling",
    "secondary_occupancy": "",
    "address": "5158 Battle Creek Road",
    "city": "South Pittsburg",
    "state": "Tennessee",
    "zip": "",
    "county": "Marion",
    "outbuilding": "",
    "height_m": null,
    "area_sqm": 254.95,
    "area_sqft": 2637.1,
    "centroid_lng": -85.7361681,
    "centroid_lat": 35.09550395,
    "inside_aop_boundary": false,
    "production_date": "2019-06-06",
    "image_date": "2016-12-15",
    "image_name": "1040010026B1E200",
    "source_name": "ORNL",
    "validation_method": "Automated",
    "footprint_source": "FEMA USA Structures / ORNL",
    "source_item_url": "https://www.arcgis.com/home/item.html?id=e9fc147eaeae4dcaa4e9ad9802c7b9c6",
    "source_service_url": "https://services2.arcgis.com/FiaPA4ga0iQKduv3/arcgis/rest/services/USA_Structures_View/FeatureServer/0",
    "license_or_permission": "FEMA public data layer; no warranty; raw reference context",
    "publish_status": "raw_context",
    "confidence": "medium"
   },
   "geometry": {
    "type": "Polygon",
    "coordinates": [
     [
      [
       -85.7362845382033,
       35.0954601399537
      ],
      [
       -85.7362670399198,
       35.0955707738805
      ],
      [
       -85.7360516634406,
       35.0955477633473
      ],
      [
       -85.736069161724,
       35.0954371301243
      ],
      [
       -85.7362845382033,
       35.0954601399537
      ]
     ]
    ]
   }
  },
  {
   "type": "Feature",
   "properties": {
    "kind": "building_footprint",
    "name": "5324 Battle Creek Road",
    "building_label": "5324 Battle Creek Road",
    "source_object_id": 108602209,
    "build_id": 3449129,
    "uuid": "{250722b1-a808-46a0-85bd-c2c1f4c5effd}",
    "occupancy_class": "Residential",
    "primary_occupancy": "Single Family Dwelling",
    "secondary_occupancy": "",
    "address": "5324 Battle Creek Road",
    "city": "South Pittsburg",
    "state": "Tennessee",
    "zip": "",
    "county": "Marion",
    "outbuilding": "",
    "height_m": null,
    "area_sqm": 225.44,
    "area_sqft": 2241.6,
    "centroid_lng": -85.73636336,
    "centroid_lat": 35.09789287,
    "inside_aop_boundary": false,
    "production_date": "2019-06-06",
    "image_date": "2016-12-15",
    "image_name": "1040010026B1E200",
    "source_name": "ORNL",
    "validation_method": "Automated",
    "footprint_source": "FEMA USA Structures / ORNL",
    "source_item_url": "https://www.arcgis.com/home/item.html?id=e9fc147eaeae4dcaa4e9ad9802c7b9c6",
    "source_service_url": "https://services2.arcgis.com/FiaPA4ga0iQKduv3/arcgis/rest/services/USA_Structures_View/FeatureServer/0",
    "license_or_permission": "FEMA public data layer; no warranty; raw reference context",
    "publish_status": "raw_context",
    "confidence": "medium"
   },
   "geometry": {
    "type": "Polygon",
    "coordinates": [
     [
      [
       -85.7363126752346,
       35.097796695299
      ],
      [
       -85.7364212195687,
       35.0977994690994
      ],
      [
       -85.7364140474194,
       35.0979890383591
      ],
      [
       -85.7363055012887,
       35.0979862638302
      ],
      [
       -85.7363126752346,
       35.097796695299
      ]
     ]
    ]
   }
  },
  {
   "type": "Feature",
   "properties": {
    "kind": "building_footprint",
    "name": "5324 Battle Creek Road",
    "building_label": "5324 Battle Creek Road",
    "source_object_id": 108606718,
    "build_id": 3449642,
    "uuid": "{ff7d7b3b-3527-49f1-9f73-44294a0afc4c}",
    "occupancy_class": "Residential",
    "primary_occupancy": "Single Family Dwelling",
    "secondary_occupancy": "",
    "address": "5324 Battle Creek Road",
    "city": "South Pittsburg",
    "state": "Tennessee",
    "zip": "",
    "county": "Marion",
    "outbuilding": "",
    "height_m": null,
    "area_sqm": 201.67,
    "area_sqft": 2109.7,
    "centroid_lng": -85.73620342,
    "centroid_lat": 35.09841213,
    "inside_aop_boundary": false,
    "production_date": "2019-06-06",
    "image_date": "2016-12-15",
    "image_name": "1040010026B1E200",
    "source_name": "ORNL",
    "validation_method": "Automated",
    "footprint_source": "FEMA USA Structures / ORNL",
    "source_item_url": "https://www.arcgis.com/home/item.html?id=e9fc147eaeae4dcaa4e9ad9802c7b9c6",
    "source_service_url": "https://services2.arcgis.com/FiaPA4ga0iQKduv3/arcgis/rest/services/USA_Structures_View/FeatureServer/0",
    "license_or_permission": "FEMA public data layer; no warranty; raw reference context",
    "publish_status": "raw_context",
    "confidence": "medium"
   },
   "geometry": {
    "type": "Polygon",
    "coordinates": [
     [
      [
       -85.7361487425767,
       35.0985012228571
      ],
      [
       -85.7361494998565,
       35.0983227197853
      ],
      [
       -85.7362580971912,
       35.0983230299433
      ],
      [
       -85.7362573408097,
       35.0985015337494
      ],
      [
       -85.7361487425767,
       35.0985012228571
      ]
     ]
    ]
   }
  },
  {
   "type": "Feature",
   "properties": {
    "kind": "building_footprint",
    "name": "535 Kelly Cove Road",
    "building_label": "535 Kelly Cove Road",
    "source_object_id": 108605071,
    "build_id": 3384627,
    "uuid": "{8cc0fdfb-5d18-46f2-9a94-7e92b48990fb}",
    "occupancy_class": "Agriculture",
    "primary_occupancy": "Agriculture",
    "secondary_occupancy": "",
    "address": "535 Kelly Cove Road",
    "city": "South Pittsburg",
    "state": "Tennessee",
    "zip": "37380",
    "county": "Marion",
    "outbuilding": "",
    "height_m": null,
    "area_sqm": 197.52,
    "area_sqft": 2373.4,
    "centroid_lng": -85.72755972,
    "centroid_lat": 35.08077422,
    "inside_aop_boundary": false,
    "production_date": "2019-06-06",
    "image_date": "2016-12-15",
    "image_name": "1040010026B1E200",
    "source_name": "ORNL",
    "validation_method": "Automated",
    "footprint_source": "FEMA USA Structures / ORNL",
    "source_item_url": "https://www.arcgis.com/home/item.html?id=e9fc147eaeae4dcaa4e9ad9802c7b9c6",
    "source_service_url": "https://services2.arcgis.com/FiaPA4ga0iQKduv3/arcgis/rest/services/USA_Structures_View/FeatureServer/0",
    "license_or_permission": "FEMA public data layer; no warranty; raw reference context",
    "publish_status": "raw_context",
    "confidence": "medium"
   },
   "geometry": {
    "type": "Polygon",
    "coordinates": [
     [
      [
       -85.7274651302721,
       35.0808282162231
      ],
      [
       -85.7274940362613,
       35.0806964633223
      ],
      [
       -85.7276543109793,
       35.0807202256732
      ],
      [
       -85.7276254049901,
       35.0808519778006
      ],
      [
       -85.7274651302721,
       35.0808282162231
      ]
     ]
    ]
   }
  },
  {
   "type": "Feature",
   "properties": {
    "kind": "building_footprint",
    "name": "5360 Sweetens Cove Road",
    "building_label": "5360 Sweetens Cove Road",
    "source_object_id": 108590450,
    "build_id": 3363662,
    "uuid": "{319806c7-6155-4e6c-83e2-df134d26391a}",
    "occupancy_class": "Residential",
    "primary_occupancy": "Single Family Dwelling",
    "secondary_occupancy": "",
    "address": "5360 Sweetens Cove Road",
    "city": "South Pittsburg",
    "state": "Tennessee",
    "zip": "",
    "county": "Marion",
    "outbuilding": "",
    "height_m": null,
    "area_sqm": 282.24,
    "area_sqft": 2769.0,
    "centroid_lng": -85.76820234,
    "centroid_lat": 35.0679332,
    "inside_aop_boundary": false,
    "production_date": "2019-06-06",
    "image_date": "2016-12-15",
    "image_name": "1040010026B1E200",
    "source_name": "ORNL",
    "validation_method": "Automated",
    "footprint_source": "FEMA USA Structures / ORNL",
    "source_item_url": "https://www.arcgis.com/home/item.html?id=e9fc147eaeae4dcaa4e9ad9802c7b9c6",
    "source_service_url": "https://services2.arcgis.com/FiaPA4ga0iQKduv3/arcgis/rest/services/USA_Structures_View/FeatureServer/0",
    "license_or_permission": "FEMA public data layer; no warranty; raw reference context",
    "publish_status": "raw_context",
    "confidence": "medium"
   },
   "geometry": {
    "type": "Polygon",
    "coordinates": [
     [
      [
       -85.7681037001017,
       35.0679964733461
      ],
      [
       -85.7681112046276,
       35.0678627351482
      ],
      [
       -85.7683009800195,
       35.0678699332063
      ],
      [
       -85.7682934763919,
       35.0680036706572
      ],
      [
       -85.7681037001017,
       35.0679964733461
      ]
     ]
    ]
   }
  },
  {
   "type": "Feature",
   "properties": {
    "kind": "building_footprint",
    "name": "5360 Sweetens Cove Road",
    "building_label": "5360 Sweetens Cove Road",
    "source_object_id": 108593545,
    "build_id": 3364095,
    "uuid": "{06905ff6-6658-479b-ae72-f88d4f10da1e}",
    "occupancy_class": "Residential",
    "primary_occupancy": "Single Family Dwelling",
    "secondary_occupancy": "",
    "address": "5360 Sweetens Cove Road",
    "city": "South Pittsburg",
    "state": "Tennessee",
    "zip": "",
    "county": "Marion",
    "outbuilding": "",
    "height_m": null,
    "area_sqm": 159.39,
    "area_sqft": 1862.5,
    "centroid_lng": -85.76893086,
    "centroid_lat": 35.06830142,
    "inside_aop_boundary": false,
    "production_date": "2019-06-06",
    "image_date": "2016-12-15",
    "image_name": "1040010026B1E200",
    "source_name": "ORNL",
    "validation_method": "Automated",
    "footprint_source": "FEMA USA Structures / ORNL",
    "source_item_url": "https://www.arcgis.com/home/item.html?id=e9fc147eaeae4dcaa4e9ad9802c7b9c6",
    "source_service_url": "https://services2.arcgis.com/FiaPA4ga0iQKduv3/arcgis/rest/services/USA_Structures_View/FeatureServer/0",
    "license_or_permission": "FEMA public data layer; no warranty; raw reference context",
    "publish_status": "raw_context",
    "confidence": "medium"
   },
   "geometry": {
    "type": "Polygon",
    "coordinates": [
     [
      [
       -85.7688449449583,
       35.0683564836985
      ],
      [
       -85.7688493170588,
       35.0683008163355
      ],
      [
       -85.7689170257767,
       35.0683044116691
      ],
      [
       -85.768922274633,
       35.0682376112273
      ],
      [
       -85.769030607863,
       35.0682433637654
      ],
      [
       -85.769020986008,
       35.0683658322944
      ],
      [
       -85.7688449449583,
       35.0683564836985
      ]
     ]
    ]
   }
  },
  {
   "type": "Feature",
   "properties": {
    "kind": "building_footprint",
    "name": "543 Fiery Gizzard Road",
    "building_label": "543 Fiery Gizzard Road",
    "source_object_id": 108611088,
    "build_id": 3469743,
    "uuid": "{49d76d85-7fef-4570-9e77-64547847abbc}",
    "occupancy_class": "Residential",
    "primary_occupancy": "Single Family Dwelling",
    "secondary_occupancy": "",
    "address": "543 Fiery Gizzard Road",
    "city": "South Pittsburg",
    "state": "Tennessee",
    "zip": "37380",
    "county": "Marion",
    "outbuilding": "",
    "height_m": null,
    "area_sqm": 192.41,
    "area_sqft": 2175.6,
    "centroid_lng": -85.73900437,
    "centroid_lat": 35.11690584,
    "inside_aop_boundary": false,
    "production_date": "2019-06-06",
    "image_date": "2016-12-15",
    "image_name": "1040010026B1E200",
    "source_name": "ORNL",
    "validation_method": "Automated",
    "footprint_source": "FEMA USA Structures / ORNL",
    "source_item_url": "https://www.arcgis.com/home/item.html?id=e9fc147eaeae4dcaa4e9ad9802c7b9c6",
    "source_service_url": "https://services2.arcgis.com/FiaPA4ga0iQKduv3/arcgis/rest/services/USA_Structures_View/FeatureServer/0",
    "license_or_permission": "FEMA public data layer; no warranty; raw reference context",
    "publish_status": "raw_context",
    "confidence": "medium"
   },
   "geometry": {
    "type": "Polygon",
    "coordinates": [
     [
      [
       -85.7390353439949,
       35.117030469255
      ],
      [
       -85.7389540482583,
       35.1170261331834
      ],
      [
       -85.7389733961729,
       35.1167812068534
      ],
      [
       -85.7390546919095,
       35.1167855422033
      ],
      [
       -85.7390353439949,
       35.117030469255
      ]
     ]
    ]
   }
  },
  {
   "type": "Feature",
   "properties": {
    "kind": "building_footprint",
    "name": "544 Fiery Gizzard Road",
    "building_label": "544 Fiery Gizzard Road",
    "source_object_id": 108611621,
    "build_id": 3468831,
    "uuid": "{26e2376c-473b-4590-949b-ed9a1084b3f6}",
    "occupancy_class": "Residential",
    "primary_occupancy": "Single Family Dwelling",
    "secondary_occupancy": "",
    "address": "544 Fiery Gizzard Road",
    "city": "South Pittsburg",
    "state": "Tennessee",
    "zip": "37380",
    "county": "Marion",
    "outbuilding": "",
    "height_m": null,
    "area_sqm": 316.54,
    "area_sqft": 3230.5,
    "centroid_lng": -85.73825673,
    "centroid_lat": 35.11625334,
    "inside_aop_boundary": false,
    "production_date": "2019-06-06",
    "image_date": "2016-12-15",
    "image_name": "1040010026B1E200",
    "source_name": "ORNL",
    "validation_method": "Automated",
    "footprint_source": "FEMA USA Structures / ORNL",
    "source_item_url": "https://www.arcgis.com/home/item.html?id=e9fc147eaeae4dcaa4e9ad9802c7b9c6",
    "source_service_url": "https://services2.arcgis.com/FiaPA4ga0iQKduv3/arcgis/rest/services/USA_Structures_View/FeatureServer/0",
    "license_or_permission": "FEMA public data layer; no warranty; raw reference context",
    "publish_status": "raw_context",
    "confidence": "medium"
   },
   "geometry": {
    "type": "Polygon",
    "coordinates": [
     [
      [
       -85.7382019337867,
       35.1161524883028
      ],
      [
       -85.738379466938,
       35.1162083096517
      ],
      [
       -85.7383115291497,
       35.1163541862553
      ],
      [
       -85.7381339959984,
       35.1162983628018
      ],
      [
       -85.7382019337867,
       35.1161524883028
      ]
     ]
    ]
   }
  },
  {
   "type": "Feature",
   "properties": {
    "kind": "building_footprint",
    "name": "545 Fiery Gizzard Road",
    "building_label": "545 Fiery Gizzard Road",
    "source_object_id": 108607909,
    "build_id": 3470167,
    "uuid": "{e878f740-862b-4bcd-abdb-a94cdbde8ae9}",
    "occupancy_class": "Residential",
    "primary_occupancy": "Single Family Dwelling",
    "secondary_occupancy": "",
    "address": "545 Fiery Gizzard Road",
    "city": "South Pittsburg",
    "state": "Tennessee",
    "zip": "37380",
    "county": "Marion",
    "outbuilding": "",
    "height_m": null,
    "area_sqm": 159.87,
    "area_sqft": 1648.2,
    "centroid_lng": -85.73895677,
    "centroid_lat": 35.11729964,
    "inside_aop_boundary": false,
    "production_date": "2019-06-06",
    "image_date": "2016-12-15",
    "image_name": "1040010026B1E200",
    "source_name": "ORNL",
    "validation_method": "Automated",
    "footprint_source": "FEMA USA Structures / ORNL",
    "source_item_url": "https://www.arcgis.com/home/item.html?id=e9fc147eaeae4dcaa4e9ad9802c7b9c6",
    "source_service_url": "https://services2.arcgis.com/FiaPA4ga0iQKduv3/arcgis/rest/services/USA_Structures_View/FeatureServer/0",
    "license_or_permission": "FEMA public data layer; no warranty; raw reference context",
    "publish_status": "raw_context",
    "confidence": "medium"
   },
   "geometry": {
    "type": "Polygon",
    "coordinates": [
     [
      [
       -85.7388864051174,
       35.1173533071776
      ],
      [
       -85.7388914563443,
       35.117241818849
      ],
      [
       -85.7390271405798,
       35.1172459690046
      ],
      [
       -85.7390220911495,
       35.1173574558579
      ],
      [
       -85.7388864051174,
       35.1173533071776
      ]
     ]
    ]
   }
  },
  {
   "type": "Feature",
   "properties": {
    "kind": "building_footprint",
    "name": "545 Fiery Gizzard Road",
    "building_label": "545 Fiery Gizzard Road",
    "source_object_id": 108613440,
    "build_id": 3470585,
    "uuid": "{dd97b4fe-736e-4228-86e3-ffbb61e569dc}",
    "occupancy_class": "Residential",
    "primary_occupancy": "Single Family Dwelling",
    "secondary_occupancy": "",
    "address": "545 Fiery Gizzard Road",
    "city": "South Pittsburg",
    "state": "Tennessee",
    "zip": "37380",
    "county": "Marion",
    "outbuilding": "",
    "height_m": null,
    "area_sqm": 106.58,
    "area_sqft": 1186.7,
    "centroid_lng": -85.73864689,
    "centroid_lat": 35.11757873,
    "inside_aop_boundary": false,
    "production_date": "2019-06-06",
    "image_date": "2016-12-15",
    "image_name": "1040010026B1E200",
    "source_name": "ORNL",
    "validation_method": "Automated",
    "footprint_source": "FEMA USA Structures / ORNL",
    "source_item_url": "https://www.arcgis.com/home/item.html?id=e9fc147eaeae4dcaa4e9ad9802c7b9c6",
    "source_service_url": "https://services2.arcgis.com/FiaPA4ga0iQKduv3/arcgis/rest/services/USA_Structures_View/FeatureServer/0",
    "license_or_permission": "FEMA public data layer; no warranty; raw reference context",
    "publish_status": "raw_context",
    "confidence": "medium"
   },
   "geometry": {
    "type": "Polygon",
    "coordinates": [
     [
      [
       -85.7387012282014,
       35.1175285472171
      ],
      [
       -85.7387011796924,
       35.1176289551436
      ],
      [
       -85.7385925563065,
       35.1176289191385
      ],
      [
       -85.7385926048156,
       35.1175285119468
      ],
      [
       -85.7387012282014,
       35.1175285472171
      ]
     ]
    ]
   }
  },
  {
   "type": "Feature",
   "properties": {
    "kind": "building_footprint",
    "name": "545 Kelly Cove Road",
    "building_label": "545 Kelly Cove Road",
    "source_object_id": 108591883,
    "build_id": 3385288,
    "uuid": "{54c13bd7-06d9-463a-8fa5-fde164fba33e}",
    "occupancy_class": "Residential",
    "primary_occupancy": "Single Family Dwelling",
    "secondary_occupancy": "",
    "address": "545 Kelly Cove Road",
    "city": "South Pittsburg",
    "state": "Tennessee",
    "zip": "37380",
    "county": "Marion",
    "outbuilding": "",
    "height_m": null,
    "area_sqm": 445.13,
    "area_sqft": 5043.6,
    "centroid_lng": -85.72823947,
    "centroid_lat": 35.08130613,
    "inside_aop_boundary": false,
    "production_date": "2019-06-06",
    "image_date": "2016-12-15",
    "image_name": "1040010026B1E200",
    "source_name": "ORNL",
    "validation_method": "Automated",
    "footprint_source": "FEMA USA Structures / ORNL",
    "source_item_url": "https://www.arcgis.com/home/item.html?id=e9fc147eaeae4dcaa4e9ad9802c7b9c6",
    "source_service_url": "https://services2.arcgis.com/FiaPA4ga0iQKduv3/arcgis/rest/services/USA_Structures_View/FeatureServer/0",
    "license_or_permission": "FEMA public data layer; no warranty; raw reference context",
    "publish_status": "raw_context",
    "confidence": "medium"
   },
   "geometry": {
    "type": "Polygon",
    "coordinates": [
     [
      [
       -85.7281480547039,
       35.0811902577259
      ],
      [
       -85.7283749880093,
       35.0812244932685
      ],
      [
       -85.7283308924069,
       35.0814220109923
      ],
      [
       -85.7281039591015,
       35.0813877777381
      ],
      [
       -85.7281480547039,
       35.0811902577259
      ]
     ]
    ]
   }
  },
  {
   "type": "Feature",
   "properties": {
    "kind": "building_footprint",
    "name": "5462 Sweetens Cove Road",
    "building_label": "5462 Sweetens Cove Road",
    "source_object_id": 108596718,
    "build_id": 3364338,
    "uuid": "{ab88eb2f-d01c-4039-93f6-11dc867df43a}",
    "occupancy_class": "Residential",
    "primary_occupancy": "Single Family Dwelling",
    "secondary_occupancy": "",
    "address": "5462 Sweetens Cove Road",
    "city": "South Pittsburg",
    "state": "Tennessee",
    "zip": "",
    "county": "Marion",
    "outbuilding": "",
    "height_m": null,
    "area_sqm": 184.28,
    "area_sqft": 1977.9,
    "centroid_lng": -85.77023892,
    "centroid_lat": 35.06847673,
    "inside_aop_boundary": false,
    "production_date": "2019-06-06",
    "image_date": "2016-12-15",
    "image_name": "1040010026B1E200",
    "source_name": "ORNL",
    "validation_method": "Automated",
    "footprint_source": "FEMA USA Structures / ORNL",
    "source_item_url": "https://www.arcgis.com/home/item.html?id=e9fc147eaeae4dcaa4e9ad9802c7b9c6",
    "source_service_url": "https://services2.arcgis.com/FiaPA4ga0iQKduv3/arcgis/rest/services/USA_Structures_View/FeatureServer/0",
    "license_or_permission": "FEMA public data layer; no warranty; raw reference context",
    "publish_status": "raw_context",
    "confidence": "medium"
   },
   "geometry": {
    "type": "Polygon",
    "coordinates": [
     [
      [
       -85.7701894148165,
       35.0683996850106
      ],
      [
       -85.7703221696459,
       35.0684227987839
      ],
      [
       -85.7702884343137,
       35.0685537737683
      ],
      [
       -85.7701556785861,
       35.0685306607673
      ],
      [
       -85.7701894148165,
       35.0683996850106
      ]
     ]
    ]
   }
  },
  {
   "type": "Feature",
   "properties": {
    "kind": "building_footprint",
    "name": "5474 Battle Creek Road",
    "building_label": "5474 Battle Creek Road",
    "source_object_id": 108601658,
    "build_id": 3451214,
    "uuid": "{7b062802-364b-4fe7-842e-c5accdaec85f}",
    "occupancy_class": "Residential",
    "primary_occupancy": "Single Family Dwelling",
    "secondary_occupancy": "",
    "address": "5474 Battle Creek Road",
    "city": "South Pittsburg",
    "state": "Tennessee",
    "zip": "",
    "county": "Marion",
    "outbuilding": "",
    "height_m": null,
    "area_sqm": 162.42,
    "area_sqft": 1582.3,
    "centroid_lng": -85.73630556,
    "centroid_lat": 35.10010437,
    "inside_aop_boundary": false,
    "production_date": "2019-06-06",
    "image_date": "2016-12-15",
    "image_name": "1040010026B1E200",
    "source_name": "ORNL",
    "validation_method": "Automated",
    "footprint_source": "FEMA USA Structures / ORNL",
    "source_item_url": "https://www.arcgis.com/home/item.html?id=e9fc147eaeae4dcaa4e9ad9802c7b9c6",
    "source_service_url": "https://services2.arcgis.com/FiaPA4ga0iQKduv3/arcgis/rest/services/USA_Structures_View/FeatureServer/0",
    "license_or_permission": "FEMA public data layer; no warranty; raw reference context",
    "publish_status": "raw_context",
    "confidence": "medium"
   },
   "geometry": {
    "type": "Polygon",
    "coordinates": [
     [
      [
       -85.7362212608746,
       35.100063481973
      ],
      [
       -85.7363839179248,
       35.1000561471135
      ],
      [
       -85.7363898665686,
       35.1001452648762
      ],
      [
       -85.7362272113151,
       35.1001525989926
      ],
      [
       -85.7362212608746,
       35.100063481973
      ]
     ]
    ]
   }
  },
  {
   "type": "Feature",
   "properties": {
    "kind": "building_footprint",
    "name": "5474 Battle Creek Road",
    "building_label": "5474 Battle Creek Road",
    "source_object_id": 108601748,
    "build_id": 3451246,
    "uuid": "{8cda8b57-9eb6-4412-b0d8-b47ad6841720}",
    "occupancy_class": "Residential",
    "primary_occupancy": "Single Family Dwelling",
    "secondary_occupancy": "",
    "address": "5474 Battle Creek Road",
    "city": "South Pittsburg",
    "state": "Tennessee",
    "zip": "",
    "county": "Marion",
    "outbuilding": "",
    "height_m": null,
    "area_sqm": 97.64,
    "area_sqft": 988.9,
    "centroid_lng": -85.73648145,
    "centroid_lat": 35.10015676,
    "inside_aop_boundary": false,
    "production_date": "2019-06-06",
    "image_date": "2016-12-15",
    "image_name": "1040010026B1E200",
    "source_name": "ORNL",
    "validation_method": "Automated",
    "footprint_source": "FEMA USA Structures / ORNL",
    "source_item_url": "https://www.arcgis.com/home/item.html?id=e9fc147eaeae4dcaa4e9ad9802c7b9c6",
    "source_service_url": "https://services2.arcgis.com/FiaPA4ga0iQKduv3/arcgis/rest/services/USA_Structures_View/FeatureServer/0",
    "license_or_permission": "FEMA public data layer; no warranty; raw reference context",
    "publish_status": "raw_context",
    "confidence": "medium"
   },
   "geometry": {
    "type": "Polygon",
    "coordinates": [
     [
      [
       -85.7364121079568,
       35.1001881296504
      ],
      [
       -85.7364151406692,
       35.100121237721
      ],
      [
       -85.7365507970568,
       35.1001253902183
      ],
      [
       -85.7365477661411,
       35.1001922828793
      ],
      [
       -85.7364121079568,
       35.1001881296504
      ]
     ]
    ]
   }
  },
  {
   "type": "Feature",
   "properties": {
    "kind": "building_footprint",
    "name": "5483 Battle Creek Road",
    "building_label": "5483 Battle Creek Road",
    "source_object_id": 108604577,
    "build_id": 3451401,
    "uuid": "{d67b7671-d4b2-4952-b9c7-ba130dfb6bcc}",
    "occupancy_class": "Assembly",
    "primary_occupancy": "Religious",
    "secondary_occupancy": "",
    "address": "5483 Battle Creek Road",
    "city": "South Pittsburg",
    "state": "Tennessee",
    "zip": "",
    "county": "Marion",
    "outbuilding": "",
    "height_m": null,
    "area_sqm": 684.29,
    "area_sqft": 7384.1,
    "centroid_lng": -85.73694637,
    "centroid_lat": 35.10021836,
    "inside_aop_boundary": false,
    "production_date": "2019-06-06",
    "image_date": "2016-12-15",
    "image_name": "1040010026B1E200",
    "source_name": "ORNL",
    "validation_method": "Automated",
    "footprint_source": "FEMA USA Structures / ORNL",
    "source_item_url": "https://www.arcgis.com/home/item.html?id=e9fc147eaeae4dcaa4e9ad9802c7b9c6",
    "source_service_url": "https://services2.arcgis.com/FiaPA4ga0iQKduv3/arcgis/rest/services/USA_Structures_View/FeatureServer/0",
    "license_or_permission": "FEMA public data layer; no warranty; raw reference context",
    "publish_status": "raw_context",
    "confidence": "medium"
   },
   "geometry": {
    "type": "Polygon",
    "coordinates": [
     [
      [
       -85.7369549239503,
       35.1004059500886
      ],
      [
       -85.7368436541277,
       35.1002793271883
      ],
      [
       -85.7369316971104,
       35.1002270719508
      ],
      [
       -85.7368204272877,
       35.1001004487726
      ],
      [
       -85.7369524913125,
       35.1000220679368
      ],
      [
       -85.7371750291612,
       35.10027531434
      ],
      [
       -85.7369549239503,
       35.1004059500886
      ]
     ]
    ]
   }
  },
  {
   "type": "Feature",
   "properties": {
    "kind": "building_footprint",
    "name": "5580 Sweetens Cove Road",
    "building_label": "5580 Sweetens Cove Road",
    "source_object_id": 108588611,
    "build_id": 3365992,
    "uuid": "{61859592-a432-4b4f-a6dd-812ab4164cc2}",
    "occupancy_class": "Residential",
    "primary_occupancy": "Single Family Dwelling",
    "secondary_occupancy": "",
    "address": "5580 Sweetens Cove Road",
    "city": "South Pittsburg",
    "state": "Tennessee",
    "zip": "37380",
    "county": "Marion",
    "outbuilding": "",
    "height_m": null,
    "area_sqm": 99.08,
    "area_sqft": 988.9,
    "centroid_lng": -85.77186617,
    "centroid_lat": 35.06977958,
    "inside_aop_boundary": false,
    "production_date": "2019-06-06",
    "image_date": "2016-12-15",
    "image_name": "1040010026B1E200",
    "source_name": "ORNL",
    "validation_method": "Automated",
    "footprint_source": "FEMA USA Structures / ORNL",
    "source_item_url": "https://www.arcgis.com/home/item.html?id=e9fc147eaeae4dcaa4e9ad9802c7b9c6",
    "source_service_url": "https://services2.arcgis.com/FiaPA4ga0iQKduv3/arcgis/rest/services/USA_Structures_View/FeatureServer/0",
    "license_or_permission": "FEMA public data layer; no warranty; raw reference context",
    "publish_status": "raw_context",
    "confidence": "medium"
   },
   "geometry": {
    "type": "Polygon",
    "coordinates": [
     [
      [
       -85.7718644350549,
       35.069714537082
      ],
      [
       -85.771935153129,
       35.069747712828
      ],
      [
       -85.7718678989586,
       35.0698446137504
      ],
      [
       -85.7717971808845,
       35.069811438779
      ],
      [
       -85.7718644350549,
       35.069714537082
      ]
     ]
    ]
   }
  },
  {
   "type": "Feature",
   "properties": {
    "kind": "building_footprint",
    "name": "5631 Battle Creek Road",
    "building_label": "5631 Battle Creek Road",
    "source_object_id": 108599940,
    "build_id": 3453221,
    "uuid": "{41477120-db07-4d79-8f55-c26bfc042892}",
    "occupancy_class": "Agriculture",
    "primary_occupancy": "Agriculture",
    "secondary_occupancy": "",
    "address": "5631 Battle Creek Road",
    "city": "South Pittsburg",
    "state": "Tennessee",
    "zip": "37380",
    "county": "Marion",
    "outbuilding": "",
    "height_m": null,
    "area_sqm": 55.2,
    "area_sqft": 527.4,
    "centroid_lng": -85.73760033,
    "centroid_lat": 35.10243378,
    "inside_aop_boundary": false,
    "production_date": "2019-06-06",
    "image_date": "2016-12-15",
    "image_name": "1040010026B1E200",
    "source_name": "ORNL",
    "validation_method": "Automated",
    "footprint_source": "FEMA USA Structures / ORNL",
    "source_item_url": "https://www.arcgis.com/home/item.html?id=e9fc147eaeae4dcaa4e9ad9802c7b9c6",
    "source_service_url": "https://services2.arcgis.com/FiaPA4ga0iQKduv3/arcgis/rest/services/USA_Structures_View/FeatureServer/0",
    "license_or_permission": "FEMA public data layer; no warranty; raw reference context",
    "publish_status": "raw_context",
    "confidence": "medium"
   },
   "geometry": {
    "type": "Polygon",
    "coordinates": [
     [
      [
       -85.7376156653845,
       35.1023855072843
      ],
      [
       -85.7376381160801,
       35.1024728307312
      ],
      [
       -85.7375849870193,
       35.1024820563585
      ],
      [
       -85.7375625363237,
       35.1023947321865
      ],
      [
       -85.7376156653845,
       35.1023855072843
      ]
     ]
    ]
   }
  },
  {
   "type": "Feature",
   "properties": {
    "kind": "building_footprint",
    "name": "5631 Battle Creek Road",
    "building_label": "5631 Battle Creek Road",
    "source_object_id": 108601375,
    "build_id": 3453429,
    "uuid": "{045b7e16-78f6-4aab-b84e-df90f2d881f4}",
    "occupancy_class": "Agriculture",
    "primary_occupancy": "Agriculture",
    "secondary_occupancy": "",
    "address": "5631 Battle Creek Road",
    "city": "South Pittsburg",
    "state": "Tennessee",
    "zip": "37380",
    "county": "Marion",
    "outbuilding": "",
    "height_m": null,
    "area_sqm": 142.47,
    "area_sqft": 1648.2,
    "centroid_lng": -85.73711852,
    "centroid_lat": 35.1025625,
    "inside_aop_boundary": false,
    "production_date": "2019-06-06",
    "image_date": "2016-12-15",
    "image_name": "1040010026B1E200",
    "source_name": "ORNL",
    "validation_method": "Automated",
    "footprint_source": "FEMA USA Structures / ORNL",
    "source_item_url": "https://www.arcgis.com/home/item.html?id=e9fc147eaeae4dcaa4e9ad9802c7b9c6",
    "source_service_url": "https://services2.arcgis.com/FiaPA4ga0iQKduv3/arcgis/rest/services/USA_Structures_View/FeatureServer/0",
    "license_or_permission": "FEMA public data layer; no warranty; raw reference context",
    "publish_status": "raw_context",
    "confidence": "medium"
   },
   "geometry": {
    "type": "Polygon",
    "coordinates": [
     [
      [
       -85.7371834481721,
       35.1025043990845
      ],
      [
       -85.7371892216444,
       35.1026158627457
      ],
      [
       -85.7370535904096,
       35.1026206082067
      ],
      [
       -85.7370478160389,
       35.1025091438171
      ],
      [
       -85.7371834481721,
       35.1025043990845
      ]
     ]
    ]
   }
  },
  {
   "type": "Feature",
   "properties": {
    "kind": "building_footprint",
    "name": "5631 Battle Creek Road",
    "building_label": "5631 Battle Creek Road",
    "source_object_id": 108604341,
    "build_id": 3453943,
    "uuid": "{35b7a40c-3cc6-44ea-ab8e-3d817672945d}",
    "occupancy_class": "Agriculture",
    "primary_occupancy": "Agriculture",
    "secondary_occupancy": "",
    "address": "5631 Battle Creek Road",
    "city": "South Pittsburg",
    "state": "Tennessee",
    "zip": "37380",
    "county": "Marion",
    "outbuilding": "",
    "height_m": null,
    "area_sqm": 1942.79,
    "area_sqft": 20850.0,
    "centroid_lng": -85.73758716,
    "centroid_lat": 35.10298369,
    "inside_aop_boundary": false,
    "production_date": "2019-06-06",
    "image_date": "2016-12-15",
    "image_name": "1040010026B1E200",
    "source_name": "ORNL",
    "validation_method": "Automated",
    "footprint_source": "FEMA USA Structures / ORNL",
    "source_item_url": "https://www.arcgis.com/home/item.html?id=e9fc147eaeae4dcaa4e9ad9802c7b9c6",
    "source_service_url": "https://services2.arcgis.com/FiaPA4ga0iQKduv3/arcgis/rest/services/USA_Structures_View/FeatureServer/0",
    "license_or_permission": "FEMA public data layer; no warranty; raw reference context",
    "publish_status": "raw_context",
    "confidence": "medium"
   },
   "geometry": {
    "type": "Polygon",
    "coordinates": [
     [
      [
       -85.7376501409285,
       35.1031661712288
      ],
      [
       -85.7375200954181,
       35.1031981861495
      ],
      [
       -85.7374850341725,
       35.1031020002433
      ],
      [
       -85.7373940006983,
       35.1031244111477
      ],
      [
       -85.737269340588,
       35.102782418194
      ],
      [
       -85.7378545426899,
       35.1026383487469
      ],
      [
       -85.7379441460463,
       35.1028841561417
      ],
      [
       -85.7375800184374,
       35.1029737992272
      ],
      [
       -85.7376501409285,
       35.1031661712288
      ]
     ],
     [
      [
       -85.7377439205526,
       35.1028402793156
      ],
      [
       -85.7376919027077,
       35.1028530840137
      ],
      [
       -85.7376996946945,
       35.1028744587346
      ],
      [
       -85.7377517134377,
       35.1028616533049
      ],
      [
       -85.7377439205526,
       35.1028402793156
      ]
     ],
     [
      [
       -85.7376373057997,
       35.1028199401035
      ],
      [
       -85.7377023285549,
       35.1028039333053
      ],
      [
       -85.7376984325615,
       35.1027932452014
      ],
      [
       -85.7376334098063,
       35.1028092520016
      ],
      [
       -85.7376373057997,
       35.1028199401035
      ]
     ]
    ]
   }
  },
  {
   "type": "Feature",
   "properties": {
    "kind": "building_footprint",
    "name": "5631 Battle Creek Road",
    "building_label": "5631 Battle Creek Road",
    "source_object_id": 108605672,
    "build_id": 3454065,
    "uuid": "{360395c5-c4dc-44cb-b680-c98cb1962da9}",
    "occupancy_class": "Agriculture",
    "primary_occupancy": "Agriculture",
    "secondary_occupancy": "",
    "address": "5631 Battle Creek Road",
    "city": "South Pittsburg",
    "state": "Tennessee",
    "zip": "37380",
    "county": "Marion",
    "outbuilding": "",
    "height_m": null,
    "area_sqm": 83.76,
    "area_sqft": 890.0,
    "centroid_lng": -85.7369644,
    "centroid_lat": 35.10327392,
    "inside_aop_boundary": false,
    "production_date": "2019-06-06",
    "image_date": "2016-12-15",
    "image_name": "1040010026B1E200",
    "source_name": "ORNL",
    "validation_method": "Automated",
    "footprint_source": "FEMA USA Structures / ORNL",
    "source_item_url": "https://www.arcgis.com/home/item.html?id=e9fc147eaeae4dcaa4e9ad9802c7b9c6",
    "source_service_url": "https://services2.arcgis.com/FiaPA4ga0iQKduv3/arcgis/rest/services/USA_Structures_View/FeatureServer/0",
    "license_or_permission": "FEMA public data layer; no warranty; raw reference context",
    "publish_status": "raw_context",
    "confidence": "medium"
   },
   "geometry": {
    "type": "Polygon",
    "coordinates": [
     [
      [
       -85.7370216553012,
       35.1033116963674
      ],
      [
       -85.7369439950466,
       35.1033318862667
      ],
      [
       -85.7369071425604,
       35.1032361539684
      ],
      [
       -85.736984802815,
       35.1032159633104
      ],
      [
       -85.7370216553012,
       35.1033116963674
      ]
     ]
    ]
   }
  },
  {
   "type": "Feature",
   "properties": {
    "kind": "building_footprint",
    "name": "5631 Battle Creek Road",
    "building_label": "5631 Battle Creek Road",
    "source_object_id": 108609432,
    "build_id": 3453068,
    "uuid": "{aff930b4-b35d-4a81-89cc-a2d42c99ce72}",
    "occupancy_class": "Agriculture",
    "primary_occupancy": "Agriculture",
    "secondary_occupancy": "",
    "address": "5631 Battle Creek Road",
    "city": "South Pittsburg",
    "state": "Tennessee",
    "zip": "37380",
    "county": "Marion",
    "outbuilding": "",
    "height_m": null,
    "area_sqm": 62.86,
    "area_sqft": 791.1,
    "centroid_lng": -85.73724373,
    "centroid_lat": 35.10226746,
    "inside_aop_boundary": false,
    "production_date": "2019-06-06",
    "image_date": "2016-12-15",
    "image_name": "1040010026B1E200",
    "source_name": "ORNL",
    "validation_method": "Automated",
    "footprint_source": "FEMA USA Structures / ORNL",
    "source_item_url": "https://www.arcgis.com/home/item.html?id=e9fc147eaeae4dcaa4e9ad9802c7b9c6",
    "source_service_url": "https://services2.arcgis.com/FiaPA4ga0iQKduv3/arcgis/rest/services/USA_Structures_View/FeatureServer/0",
    "license_or_permission": "FEMA public data layer; no warranty; raw reference context",
    "publish_status": "raw_context",
    "confidence": "medium"
   },
   "geometry": {
    "type": "Polygon",
    "coordinates": [
     [
      [
       -85.7371977807924,
       35.1023085169388
      ],
      [
       -85.737182903793,
       35.1022427041657
      ],
      [
       -85.7372896802426,
       35.1022264032796
      ],
      [
       -85.7373045563438,
       35.102292215331
      ],
      [
       -85.7371977807924,
       35.1023085169388
      ]
     ]
    ]
   }
  },
  {
   "type": "Feature",
   "properties": {
    "kind": "building_footprint",
    "name": "564 Kelly Cove Road",
    "building_label": "564 Kelly Cove Road",
    "source_object_id": 108598728,
    "build_id": 3381872,
    "uuid": "{02ee62a4-5dc0-48a8-8e96-eda9e1cb7ed6}",
    "occupancy_class": "Residential",
    "primary_occupancy": "Single Family Dwelling",
    "secondary_occupancy": "",
    "address": "564 Kelly Cove Road",
    "city": "South Pittsburg",
    "state": "Tennessee",
    "zip": "37380",
    "county": "Marion",
    "outbuilding": "",
    "height_m": null,
    "area_sqm": 308.88,
    "area_sqft": 3296.4,
    "centroid_lng": -85.72965524,
    "centroid_lat": 35.07881347,
    "inside_aop_boundary": false,
    "production_date": "2019-06-06",
    "image_date": "2016-12-15",
    "image_name": "1040010026B1E200",
    "source_name": "ORNL",
    "validation_method": "Automated",
    "footprint_source": "FEMA USA Structures / ORNL",
    "source_item_url": "https://www.arcgis.com/home/item.html?id=e9fc147eaeae4dcaa4e9ad9802c7b9c6",
    "source_service_url": "https://services2.arcgis.com/FiaPA4ga0iQKduv3/arcgis/rest/services/USA_Structures_View/FeatureServer/0",
    "license_or_permission": "FEMA public data layer; no warranty; raw reference context",
    "publish_status": "raw_context",
    "confidence": "medium"
   },
   "geometry": {
    "type": "Polygon",
    "coordinates": [
     [
      [
       -85.7295357038828,
       35.0787366498209
      ],
      [
       -85.7298017291744,
       35.0787809549757
      ],
      [
       -85.7297747824108,
       35.0788902992922
      ],
      [
       -85.7295087562209,
       35.0788459927264
      ],
      [
       -85.7295357038828,
       35.0787366498209
      ]
     ]
    ]
   }
  },
  {
   "type": "Feature",
   "properties": {
    "kind": "building_footprint",
    "name": "5700 Sweetens Cove Road",
    "building_label": "5700 Sweetens Cove Road",
    "source_object_id": 108597594,
    "build_id": 3369557,
    "uuid": "{9678565c-1533-4dfa-be9e-db0632dc8486}",
    "occupancy_class": "Agriculture",
    "primary_occupancy": "Agriculture",
    "secondary_occupancy": "",
    "address": "5700 Sweetens Cove Road",
    "city": "South Pittsburg",
    "state": "Tennessee",
    "zip": "37380",
    "county": "Marion",
    "outbuilding": "",
    "height_m": null,
    "area_sqm": 312.88,
    "area_sqft": 3461.3,
    "centroid_lng": -85.77392949,
    "centroid_lat": 35.07185675,
    "inside_aop_boundary": false,
    "production_date": "2019-06-06",
    "image_date": "2016-12-15",
    "image_name": "1040010026B1E200",
    "source_name": "ORNL",
    "validation_method": "Automated",
    "footprint_source": "FEMA USA Structures / ORNL",
    "source_item_url": "https://www.arcgis.com/home/item.html?id=e9fc147eaeae4dcaa4e9ad9802c7b9c6",
    "source_service_url": "https://services2.arcgis.com/FiaPA4ga0iQKduv3/arcgis/rest/services/USA_Structures_View/FeatureServer/0",
    "license_or_permission": "FEMA public data layer; no warranty; raw reference context",
    "publish_status": "raw_context",
    "confidence": "medium"
   },
   "geometry": {
    "type": "Polygon",
    "coordinates": [
     [
      [
       -85.7740665687356,
       35.0718367562862
      ],
      [
       -85.7739443044322,
       35.0719705548763
      ],
      [
       -85.7737924047075,
       35.0718767399483
      ],
      [
       -85.773914669011,
       35.071742939734
      ],
      [
       -85.7740665687356,
       35.0718367562862
      ]
     ]
    ]
   }
  },
  {
   "type": "Feature",
   "properties": {
    "kind": "building_footprint",
    "name": "5713 Sweetens Cove Road",
    "building_label": "5713 Sweetens Cove Road",
    "source_object_id": 108593410,
    "build_id": 3363974,
    "uuid": "{c48e8b56-43f3-4f93-a4b8-7b9549b54572}",
    "occupancy_class": "Residential",
    "primary_occupancy": "Single Family Dwelling",
    "secondary_occupancy": "",
    "address": "5713 Sweetens Cove Road",
    "city": "South Pittsburg",
    "state": "Tennessee",
    "zip": "",
    "county": "Marion",
    "outbuilding": "",
    "height_m": null,
    "area_sqm": 235.49,
    "area_sqft": 2373.5,
    "centroid_lng": -85.77428761,
    "centroid_lat": 35.06821676,
    "inside_aop_boundary": false,
    "production_date": "2019-06-06",
    "image_date": "2016-12-15",
    "image_name": "1040010026B1E200",
    "source_name": "ORNL",
    "validation_method": "Automated",
    "footprint_source": "FEMA USA Structures / ORNL",
    "source_item_url": "https://www.arcgis.com/home/item.html?id=e9fc147eaeae4dcaa4e9ad9802c7b9c6",
    "source_service_url": "https://services2.arcgis.com/FiaPA4ga0iQKduv3/arcgis/rest/services/USA_Structures_View/FeatureServer/0",
    "license_or_permission": "FEMA public data layer; no warranty; raw reference context",
    "publish_status": "raw_context",
    "confidence": "medium"
   },
   "geometry": {
    "type": "Polygon",
    "coordinates": [
     [
      [
       -85.7742455661408,
       35.0681124537196
      ],
      [
       -85.7743536020285,
       35.0681212038551
      ],
      [
       -85.7743296547396,
       35.0683210568116
      ],
      [
       -85.7742216179537,
       35.0683123066975
      ],
      [
       -85.7742455661408,
       35.0681124537196
      ]
     ]
    ]
   }
  },
  {
   "type": "Feature",
   "properties": {
    "kind": "building_footprint",
    "name": "5713 Sweetens Cove Road",
    "building_label": "5713 Sweetens Cove Road",
    "source_object_id": 108593493,
    "build_id": 3364047,
    "uuid": "{5d3e9470-d895-4235-8fb4-fe549395d01d}",
    "occupancy_class": "Residential",
    "primary_occupancy": "Single Family Dwelling",
    "secondary_occupancy": "",
    "address": "5713 Sweetens Cove Road",
    "city": "South Pittsburg",
    "state": "Tennessee",
    "zip": "",
    "county": "Marion",
    "outbuilding": "",
    "height_m": null,
    "area_sqm": 104.03,
    "area_sqft": 1054.9,
    "centroid_lng": -85.77516069,
    "centroid_lat": 35.06834515,
    "inside_aop_boundary": false,
    "production_date": "2019-06-06",
    "image_date": "2016-12-15",
    "image_name": "1040010026B1E200",
    "source_name": "ORNL",
    "validation_method": "Automated",
    "footprint_source": "FEMA USA Structures / ORNL",
    "source_item_url": "https://www.arcgis.com/home/item.html?id=e9fc147eaeae4dcaa4e9ad9802c7b9c6",
    "source_service_url": "https://services2.arcgis.com/FiaPA4ga0iQKduv3/arcgis/rest/services/USA_Structures_View/FeatureServer/0",
    "license_or_permission": "FEMA public data layer; no warranty; raw reference context",
    "publish_status": "raw_context",
    "confidence": "medium"
   },
   "geometry": {
    "type": "Polygon",
    "coordinates": [
     [
      [
       -85.7752148007217,
       35.0683899158606
      ],
      [
       -85.7751062420145,
       35.0683896408804
      ],
      [
       -85.7751065770861,
       35.0683003876893
      ],
      [
       -85.7752151357933,
       35.0683006619346
      ],
      [
       -85.7752148007217,
       35.0683899158606
      ]
     ]
    ]
   }
  },
  {
   "type": "Feature",
   "properties": {
    "kind": "building_footprint",
    "name": "5730 Battle Creek Road",
    "building_label": "5730 Battle Creek Road",
    "source_object_id": 108603042,
    "build_id": 3455298,
    "uuid": "{9e572242-0031-4d6b-908a-3ac386e82248}",
    "occupancy_class": "Agriculture",
    "primary_occupancy": "Agriculture",
    "secondary_occupancy": "",
    "address": "5730 Battle Creek Road",
    "city": "South Pittsburg",
    "state": "Tennessee",
    "zip": "37380",
    "county": "Marion",
    "outbuilding": "",
    "height_m": null,
    "area_sqm": 245.06,
    "area_sqft": 2637.2,
    "centroid_lng": -85.735483,
    "centroid_lat": 35.10456758,
    "inside_aop_boundary": false,
    "production_date": "2019-06-06",
    "image_date": "2016-12-15",
    "image_name": "1040010026B1E200",
    "source_name": "ORNL",
    "validation_method": "Automated",
    "footprint_source": "FEMA USA Structures / ORNL",
    "source_item_url": "https://www.arcgis.com/home/item.html?id=e9fc147eaeae4dcaa4e9ad9802c7b9c6",
    "source_service_url": "https://services2.arcgis.com/FiaPA4ga0iQKduv3/arcgis/rest/services/USA_Structures_View/FeatureServer/0",
    "license_or_permission": "FEMA public data layer; no warranty; raw reference context",
    "publish_status": "raw_context",
    "confidence": "medium"
   },
   "geometry": {
    "type": "Polygon",
    "coordinates": [
     [
      [
       -85.7355317230457,
       35.104470244703
      ],
      [
       -85.7355681111029,
       35.1046462260509
      ],
      [
       -85.7354342720071,
       35.1046649156596
      ],
      [
       -85.7353978830515,
       35.104488935087
      ],
      [
       -85.7355317230457,
       35.104470244703
      ]
     ]
    ]
   }
  },
  {
   "type": "Feature",
   "properties": {
    "kind": "building_footprint",
    "name": "5730 Battle Creek Road",
    "building_label": "5730 Battle Creek Road",
    "source_object_id": 108611497,
    "build_id": 3454969,
    "uuid": "{dfda66c1-2d92-4a6e-8efc-15ba252c3f31}",
    "occupancy_class": "Agriculture",
    "primary_occupancy": "Agriculture",
    "secondary_occupancy": "",
    "address": "5730 Battle Creek Road",
    "city": "South Pittsburg",
    "state": "Tennessee",
    "zip": "37380",
    "county": "Marion",
    "outbuilding": "",
    "height_m": null,
    "area_sqm": 156.99,
    "area_sqft": 1582.3,
    "centroid_lng": -85.73617391,
    "centroid_lat": 35.10423154,
    "inside_aop_boundary": false,
    "production_date": "2019-06-06",
    "image_date": "2016-12-15",
    "image_name": "1040010026B1E200",
    "source_name": "ORNL",
    "validation_method": "Automated",
    "footprint_source": "FEMA USA Structures / ORNL",
    "source_item_url": "https://www.arcgis.com/home/item.html?id=e9fc147eaeae4dcaa4e9ad9802c7b9c6",
    "source_service_url": "https://services2.arcgis.com/FiaPA4ga0iQKduv3/arcgis/rest/services/USA_Structures_View/FeatureServer/0",
    "license_or_permission": "FEMA public data layer; no warranty; raw reference context",
    "publish_status": "raw_context",
    "confidence": "medium"
   },
   "geometry": {
    "type": "Polygon",
    "coordinates": [
     [
      [
       -85.7362608298663,
       35.1042685482016
      ],
      [
       -85.7360989067397,
       35.1042832502331
      ],
      [
       -85.736086980706,
       35.1041945382596
      ],
      [
       -85.7362489038326,
       35.1041798369471
      ],
      [
       -85.7362608298663,
       35.1042685482016
      ]
     ]
    ]
   }
  },
  {
   "type": "Feature",
   "properties": {
    "kind": "building_footprint",
    "name": "5739 Battle Creek Road",
    "building_label": "5739 Battle Creek Road",
    "source_object_id": 108605621,
    "build_id": 3454034,
    "uuid": "{170cd08d-2e0b-47df-9b5e-e7280527da3a}",
    "occupancy_class": "Agriculture",
    "primary_occupancy": "Agriculture",
    "secondary_occupancy": "",
    "address": "5739 Battle Creek Road",
    "city": "South Pittsburg",
    "state": "Tennessee",
    "zip": "37380",
    "county": "Marion",
    "outbuilding": "",
    "height_m": null,
    "area_sqm": 159.87,
    "area_sqft": 1730.6,
    "centroid_lng": -85.73833936,
    "centroid_lat": 35.10325549,
    "inside_aop_boundary": false,
    "production_date": "2019-06-06",
    "image_date": "2016-12-15",
    "image_name": "1040010026B1E200",
    "source_name": "ORNL",
    "validation_method": "Automated",
    "footprint_source": "FEMA USA Structures / ORNL",
    "source_item_url": "https://www.arcgis.com/home/item.html?id=e9fc147eaeae4dcaa4e9ad9802c7b9c6",
    "source_service_url": "https://services2.arcgis.com/FiaPA4ga0iQKduv3/arcgis/rest/services/USA_Structures_View/FeatureServer/0",
    "license_or_permission": "FEMA public data layer; no warranty; raw reference context",
    "publish_status": "raw_context",
    "confidence": "medium"
   },
   "geometry": {
    "type": "Polygon",
    "coordinates": [
     [
      [
       -85.7382313958331,
       35.1032299181107
      ],
      [
       -85.738432553778,
       35.1032039060905
      ],
      [
       -85.7384473256746,
       35.1032810521298
      ],
      [
       -85.7382461677296,
       35.1033070648602
      ],
      [
       -85.7382313958331,
       35.1032299181107
      ]
     ]
    ]
   }
  },
  {
   "type": "Feature",
   "properties": {
    "kind": "building_footprint",
    "name": "5739 Battle Creek Road",
    "building_label": "5739 Battle Creek Road",
    "source_object_id": 108605718,
    "build_id": 3454126,
    "uuid": "{bb8cb633-381c-4072-b39a-66794f75d377}",
    "occupancy_class": "Agriculture",
    "primary_occupancy": "Agriculture",
    "secondary_occupancy": "",
    "address": "5739 Battle Creek Road",
    "city": "South Pittsburg",
    "state": "Tennessee",
    "zip": "37380",
    "county": "Marion",
    "outbuilding": "",
    "height_m": null,
    "area_sqm": 247.3,
    "area_sqft": 3032.7,
    "centroid_lng": -85.73785812,
    "centroid_lat": 35.10332074,
    "inside_aop_boundary": false,
    "production_date": "2019-06-06",
    "image_date": "2016-12-15",
    "image_name": "1040010026B1E200",
    "source_name": "ORNL",
    "validation_method": "Automated",
    "footprint_source": "FEMA USA Structures / ORNL",
    "source_item_url": "https://www.arcgis.com/home/item.html?id=e9fc147eaeae4dcaa4e9ad9802c7b9c6",
    "source_service_url": "https://services2.arcgis.com/FiaPA4ga0iQKduv3/arcgis/rest/services/USA_Structures_View/FeatureServer/0",
    "license_or_permission": "FEMA public data layer; no warranty; raw reference context",
    "publish_status": "raw_context",
    "confidence": "medium"
   },
   "geometry": {
    "type": "Polygon",
    "coordinates": [
     [
      [
       -85.7380059977485,
       35.103260044244
      ],
      [
       -85.7380199099573,
       35.1033485610091
      ],
      [
       -85.7377102436109,
       35.1033814327819
      ],
      [
       -85.7376963323004,
       35.1032929160525
      ],
      [
       -85.7380059977485,
       35.103260044244
      ]
     ]
    ]
   }
  },
  {
   "type": "Feature",
   "properties": {
    "kind": "building_footprint",
    "name": "5739 Battle Creek Road",
    "building_label": "5739 Battle Creek Road",
    "source_object_id": 108607279,
    "build_id": 3454432,
    "uuid": "{82e8f5cd-10ee-4e79-a354-8a95ade1684a}",
    "occupancy_class": "Agriculture",
    "primary_occupancy": "Agriculture",
    "secondary_occupancy": "",
    "address": "5739 Battle Creek Road",
    "city": "South Pittsburg",
    "state": "Tennessee",
    "zip": "37380",
    "county": "Marion",
    "outbuilding": "",
    "height_m": null,
    "area_sqm": 444.49,
    "area_sqft": 4746.9,
    "centroid_lng": -85.73788548,
    "centroid_lat": 35.10358307,
    "inside_aop_boundary": false,
    "production_date": "2019-06-06",
    "image_date": "2016-12-15",
    "image_name": "1040010026B1E200",
    "source_name": "ORNL",
    "validation_method": "Automated",
    "footprint_source": "FEMA USA Structures / ORNL",
    "source_item_url": "https://www.arcgis.com/home/item.html?id=e9fc147eaeae4dcaa4e9ad9802c7b9c6",
    "source_service_url": "https://services2.arcgis.com/FiaPA4ga0iQKduv3/arcgis/rest/services/USA_Structures_View/FeatureServer/0",
    "license_or_permission": "FEMA public data layer; no warranty; raw reference context",
    "publish_status": "raw_context",
    "confidence": "medium"
   },
   "geometry": {
    "type": "Polygon",
    "coordinates": [
     [
      [
       -85.7380210481228,
       35.1036581400016
      ],
      [
       -85.7378106528018,
       35.1037025073161
      ],
      [
       -85.7377499186037,
       35.1035079913349
      ],
      [
       -85.7379603139247,
       35.1034636246495
      ],
      [
       -85.7380210481228,
       35.1036581400016
      ]
     ]
    ]
   }
  },
  {
   "type": "Feature",
   "properties": {
    "kind": "building_footprint",
    "name": "574 Kelly Cove Road",
    "building_label": "574 Kelly Cove Road",
    "source_object_id": 108600051,
    "build_id": 3381931,
    "uuid": "{a63c58b0-eff3-4af7-b146-4c29c4a5b185}",
    "occupancy_class": "Residential",
    "primary_occupancy": "Manufactured Home",
    "secondary_occupancy": "",
    "address": "574 Kelly Cove Road",
    "city": "South Pittsburg",
    "state": "Tennessee",
    "zip": "37380",
    "county": "Marion",
    "outbuilding": "",
    "height_m": null,
    "area_sqm": 141.68,
    "area_sqft": 1318.6,
    "centroid_lng": -85.72909447,
    "centroid_lat": 35.07882573,
    "inside_aop_boundary": false,
    "production_date": "2019-06-06",
    "image_date": "2016-12-15",
    "image_name": "1040010026B1E200",
    "source_name": "ORNL",
    "validation_method": "Automated",
    "footprint_source": "FEMA USA Structures / ORNL",
    "source_item_url": "https://www.arcgis.com/home/item.html?id=e9fc147eaeae4dcaa4e9ad9802c7b9c6",
    "source_service_url": "https://services2.arcgis.com/FiaPA4ga0iQKduv3/arcgis/rest/services/USA_Structures_View/FeatureServer/0",
    "license_or_permission": "FEMA public data layer; no warranty; raw reference context",
    "publish_status": "raw_context",
    "confidence": "medium"
   },
   "geometry": {
    "type": "Polygon",
    "coordinates": [
     [
      [
       -85.7291252833924,
       35.0789366510108
      ],
      [
       -85.7290710170644,
       35.0789378632669
      ],
      [
       -85.7290636526757,
       35.0787148137157
      ],
      [
       -85.7291179190037,
       35.0787136036617
      ],
      [
       -85.7291252833924,
       35.0789366510108
      ]
     ]
    ]
   }
  },
  {
   "type": "Feature",
   "properties": {
    "kind": "building_footprint",
    "name": "5835 Battle Creek Road",
    "building_label": "5835 Battle Creek Road",
    "source_object_id": 108604668,
    "build_id": 3455836,
    "uuid": "{f1b235ee-d47d-4045-99ef-8feb4ebd43ad}",
    "occupancy_class": "Residential",
    "primary_occupancy": "Single Family Dwelling",
    "secondary_occupancy": "",
    "address": "5835 Battle Creek Road",
    "city": "South Pittsburg",
    "state": "Tennessee",
    "zip": "37380",
    "county": "Marion",
    "outbuilding": "",
    "height_m": null,
    "area_sqm": 120.62,
    "area_sqft": 1120.8,
    "centroid_lng": -85.73763846,
    "centroid_lat": 35.10510389,
    "inside_aop_boundary": false,
    "production_date": "2019-06-06",
    "image_date": "2016-12-15",
    "image_name": "1040010026B1E200",
    "source_name": "ORNL",
    "validation_method": "Automated",
    "footprint_source": "FEMA USA Structures / ORNL",
    "source_item_url": "https://www.arcgis.com/home/item.html?id=e9fc147eaeae4dcaa4e9ad9802c7b9c6",
    "source_service_url": "https://services2.arcgis.com/FiaPA4ga0iQKduv3/arcgis/rest/services/USA_Structures_View/FeatureServer/0",
    "license_or_permission": "FEMA public data layer; no warranty; raw reference context",
    "publish_status": "raw_context",
    "confidence": "medium"
   },
   "geometry": {
    "type": "Polygon",
    "coordinates": [
     [
      [
       -85.7376573768581,
       35.1050408330305
      ],
      [
       -85.7376202800301,
       35.1051004262026
      ],
      [
       -85.7377048833636,
       35.1051359936541
      ],
      [
       -85.7376739669448,
       35.1051856551883
      ],
      [
       -85.7375531058098,
       35.1051348442547
      ],
      [
       -85.7376211190566,
       35.1050255887713
      ],
      [
       -85.7376573768581,
       35.1050408330305
      ]
     ]
    ]
   }
  },
  {
   "type": "Feature",
   "properties": {
    "kind": "building_footprint",
    "name": "5835 Battle Creek Road",
    "building_label": "5835 Battle Creek Road",
    "source_object_id": 108605851,
    "build_id": 3455913,
    "uuid": "{717213df-9984-432e-ad06-66c12cdcb34f}",
    "occupancy_class": "Residential",
    "primary_occupancy": "Single Family Dwelling",
    "secondary_occupancy": "",
    "address": "5835 Battle Creek Road",
    "city": "South Pittsburg",
    "state": "Tennessee",
    "zip": "37380",
    "county": "Marion",
    "outbuilding": "",
    "height_m": null,
    "area_sqm": 100.67,
    "area_sqft": 1186.7,
    "centroid_lng": -85.7377717,
    "centroid_lat": 35.10518408,
    "inside_aop_boundary": false,
    "production_date": "2019-06-06",
    "image_date": "2016-12-15",
    "image_name": "1040010026B1E200",
    "source_name": "ORNL",
    "validation_method": "Automated",
    "footprint_source": "FEMA USA Structures / ORNL",
    "source_item_url": "https://www.arcgis.com/home/item.html?id=e9fc147eaeae4dcaa4e9ad9802c7b9c6",
    "source_service_url": "https://services2.arcgis.com/FiaPA4ga0iQKduv3/arcgis/rest/services/USA_Structures_View/FeatureServer/0",
    "license_or_permission": "FEMA public data layer; no warranty; raw reference context",
    "publish_status": "raw_context",
    "confidence": "medium"
   },
   "geometry": {
    "type": "Polygon",
    "coordinates": [
     [
      [
       -85.7378029740027,
       35.1051137927521
      ],
      [
       -85.7378213634149,
       35.1052468150808
      ],
      [
       -85.7377404279028,
       35.1052543721506
      ],
      [
       -85.7377220402872,
       35.1051213490994
      ],
      [
       -85.7378029740027,
       35.1051137927521
      ]
     ]
    ]
   }
  },
  {
   "type": "Feature",
   "properties": {
    "kind": "building_footprint",
    "name": "5898 Battle Creek Road",
    "building_label": "5898 Battle Creek Road",
    "source_object_id": 108607591,
    "build_id": 3456360,
    "uuid": "{503db90f-6bf7-4716-8918-a8e692add643}",
    "occupancy_class": "Residential",
    "primary_occupancy": "Single Family Dwelling",
    "secondary_occupancy": "",
    "address": "5898 Battle Creek Road",
    "city": "South Pittsburg",
    "state": "Tennessee",
    "zip": "37380",
    "county": "Marion",
    "outbuilding": "",
    "height_m": null,
    "area_sqm": 43.87,
    "area_sqft": 593.4,
    "centroid_lng": -85.73558882,
    "centroid_lat": 35.10561001,
    "inside_aop_boundary": false,
    "production_date": "2019-06-06",
    "image_date": "2016-12-15",
    "image_name": "1040010026B1E200",
    "source_name": "ORNL",
    "validation_method": "Automated",
    "footprint_source": "FEMA USA Structures / ORNL",
    "source_item_url": "https://www.arcgis.com/home/item.html?id=e9fc147eaeae4dcaa4e9ad9802c7b9c6",
    "source_service_url": "https://services2.arcgis.com/FiaPA4ga0iQKduv3/arcgis/rest/services/USA_Structures_View/FeatureServer/0",
    "license_or_permission": "FEMA public data layer; no warranty; raw reference context",
    "publish_status": "raw_context",
    "confidence": "medium"
   },
   "geometry": {
    "type": "Polygon",
    "coordinates": [
     [
      [
       -85.7356324196975,
       35.1056409451387
      ],
      [
       -85.7355511832497,
       35.1056458410792
      ],
      [
       -85.7355452247244,
       35.1055790822368
      ],
      [
       -85.7356264620705,
       35.1055741862922
      ],
      [
       -85.7356324196975,
       35.1056409451387
      ]
     ]
    ]
   }
  },
  {
   "type": "Feature",
   "properties": {
    "kind": "building_footprint",
    "name": "5898 Battle Creek Road",
    "building_label": "5898 Battle Creek Road",
    "source_object_id": 108610367,
    "build_id": 3456851,
    "uuid": "{dfc9287b-eb6a-4ac7-aef4-3fd89914464a}",
    "occupancy_class": "Residential",
    "primary_occupancy": "Single Family Dwelling",
    "secondary_occupancy": "",
    "address": "5898 Battle Creek Road",
    "city": "South Pittsburg",
    "state": "Tennessee",
    "zip": "37380",
    "county": "Marion",
    "outbuilding": "",
    "height_m": null,
    "area_sqm": 76.42,
    "area_sqft": 791.1,
    "centroid_lng": -85.73693134,
    "centroid_lat": 35.10609844,
    "inside_aop_boundary": false,
    "production_date": "2019-06-06",
    "image_date": "2016-12-15",
    "image_name": "1040010026B1E200",
    "source_name": "ORNL",
    "validation_method": "Automated",
    "footprint_source": "FEMA USA Structures / ORNL",
    "source_item_url": "https://www.arcgis.com/home/item.html?id=e9fc147eaeae4dcaa4e9ad9802c7b9c6",
    "source_service_url": "https://services2.arcgis.com/FiaPA4ga0iQKduv3/arcgis/rest/services/USA_Structures_View/FeatureServer/0",
    "license_or_permission": "FEMA public data layer; no warranty; raw reference context",
    "publish_status": "raw_context",
    "confidence": "medium"
   },
   "geometry": {
    "type": "Polygon",
    "coordinates": [
     [
      [
       -85.7368767399779,
       35.1060652961292
      ],
      [
       -85.7369547712367,
       35.106046087266
      ],
      [
       -85.7369859373872,
       35.1061315857065
      ],
      [
       -85.7369079070267,
       35.1061507938146
      ],
      [
       -85.7368767399779,
       35.1060652961292
      ]
     ]
    ]
   }
  },
  {
   "type": "Feature",
   "properties": {
    "kind": "building_footprint",
    "name": "5898 Battle Creek Road",
    "building_label": "5898 Battle Creek Road",
    "source_object_id": 108610416,
    "build_id": 3456890,
    "uuid": "{d48b1358-042d-450b-8554-dbbadcd5ae9d}",
    "occupancy_class": "Residential",
    "primary_occupancy": "Single Family Dwelling",
    "secondary_occupancy": "",
    "address": "5898 Battle Creek Road",
    "city": "South Pittsburg",
    "state": "Tennessee",
    "zip": "37380",
    "county": "Marion",
    "outbuilding": "",
    "height_m": null,
    "area_sqm": 82.8,
    "area_sqft": 807.6,
    "centroid_lng": -85.73705219,
    "centroid_lat": 35.10613612,
    "inside_aop_boundary": false,
    "production_date": "2019-06-06",
    "image_date": "2016-12-15",
    "image_name": "1040010026B1E200",
    "source_name": "ORNL",
    "validation_method": "Automated",
    "footprint_source": "FEMA USA Structures / ORNL",
    "source_item_url": "https://www.arcgis.com/home/item.html?id=e9fc147eaeae4dcaa4e9ad9802c7b9c6",
    "source_service_url": "https://services2.arcgis.com/FiaPA4ga0iQKduv3/arcgis/rest/services/USA_Structures_View/FeatureServer/0",
    "license_or_permission": "FEMA public data layer; no warranty; raw reference context",
    "publish_status": "raw_context",
    "confidence": "medium"
   },
   "geometry": {
    "type": "Polygon",
    "coordinates": [
     [
      [
       -85.7371004447382,
       35.1060976957345
      ],
      [
       -85.7370989499415,
       35.1061757811777
      ],
      [
       -85.7370039288457,
       35.1061745516888
      ],
      [
       -85.737005425439,
       35.1060964662444
      ],
      [
       -85.7371004447382,
       35.1060976957345
      ]
     ]
    ]
   }
  },
  {
   "type": "Feature",
   "properties": {
    "kind": "building_footprint",
    "name": "5898 Battle Creek Road",
    "building_label": "5898 Battle Creek Road",
    "source_object_id": 108611571,
    "build_id": 3456930,
    "uuid": "{b8414c39-d9a3-492a-be13-728f99827f96}",
    "occupancy_class": "Residential",
    "primary_occupancy": "Single Family Dwelling",
    "secondary_occupancy": "",
    "address": "5898 Battle Creek Road",
    "city": "South Pittsburg",
    "state": "Tennessee",
    "zip": "37380",
    "county": "Marion",
    "outbuilding": "",
    "height_m": null,
    "area_sqm": 179.17,
    "area_sqft": 1977.9,
    "centroid_lng": -85.73726837,
    "centroid_lat": 35.10616408,
    "inside_aop_boundary": false,
    "production_date": "2019-06-06",
    "image_date": "2016-12-15",
    "image_name": "1040010026B1E200",
    "source_name": "ORNL",
    "validation_method": "Automated",
    "footprint_source": "FEMA USA Structures / ORNL",
    "source_item_url": "https://www.arcgis.com/home/item.html?id=e9fc147eaeae4dcaa4e9ad9802c7b9c6",
    "source_service_url": "https://services2.arcgis.com/FiaPA4ga0iQKduv3/arcgis/rest/services/USA_Structures_View/FeatureServer/0",
    "license_or_permission": "FEMA public data layer; no warranty; raw reference context",
    "publish_status": "raw_context",
    "confidence": "medium"
   },
   "geometry": {
    "type": "Polygon",
    "coordinates": [
     [
      [
       -85.7373182601434,
       35.1060871976671
      ],
      [
       -85.7373693922494,
       35.1061905482713
      ],
      [
       -85.73721847618,
       35.1062409712545
      ],
      [
       -85.737167344074,
       35.106137622184
      ],
      [
       -85.7373182601434,
       35.1060871976671
      ]
     ]
    ]
   }
  },
  {
   "type": "Feature",
   "properties": {
    "kind": "building_footprint",
    "name": "590 Kelly Cove Road",
    "building_label": "590 Kelly Cove Road",
    "source_object_id": 108593930,
    "build_id": 3381528,
    "uuid": "{1b333573-88c0-49a7-83f3-a05e1300c28c}",
    "occupancy_class": "Residential",
    "primary_occupancy": "Manufactured Home",
    "secondary_occupancy": "",
    "address": "590 Kelly Cove Road",
    "city": "South Pittsburg",
    "state": "Tennessee",
    "zip": "37380",
    "county": "Marion",
    "outbuilding": "",
    "height_m": null,
    "area_sqm": 148.38,
    "area_sqft": 1615.3,
    "centroid_lng": -85.72892657,
    "centroid_lat": 35.07860353,
    "inside_aop_boundary": false,
    "production_date": "2019-06-06",
    "image_date": "2016-12-15",
    "image_name": "1040010026B1E200",
    "source_name": "ORNL",
    "validation_method": "Automated",
    "footprint_source": "FEMA USA Structures / ORNL",
    "source_item_url": "https://www.arcgis.com/home/item.html?id=e9fc147eaeae4dcaa4e9ad9802c7b9c6",
    "source_service_url": "https://services2.arcgis.com/FiaPA4ga0iQKduv3/arcgis/rest/services/USA_Structures_View/FeatureServer/0",
    "license_or_permission": "FEMA public data layer; no warranty; raw reference context",
    "publish_status": "raw_context",
    "confidence": "medium"
   },
   "geometry": {
    "type": "Polygon",
    "coordinates": [
     [
      [
       -85.7290120166149,
       35.0786553916621
      ],
      [
       -85.7288248301676,
       35.078628615334
      ],
      [
       -85.7288411157254,
       35.0785516753372
      ],
      [
       -85.729028303071,
       35.0785784516905
      ],
      [
       -85.7290120166149,
       35.0786553916621
      ]
     ]
    ]
   }
  },
  {
   "type": "Feature",
   "properties": {
    "kind": "building_footprint",
    "name": "5938 Battle Creek Road",
    "building_label": "5938 Battle Creek Road",
    "source_object_id": 108606845,
    "build_id": 3457903,
    "uuid": "{56c22276-411b-4670-aeed-46fc9d5f03b1}",
    "occupancy_class": "Residential",
    "primary_occupancy": "Single Family Dwelling",
    "secondary_occupancy": "",
    "address": "5938 Battle Creek Road",
    "city": "South Pittsburg",
    "state": "Tennessee",
    "zip": "",
    "county": "Marion",
    "outbuilding": "",
    "height_m": null,
    "area_sqm": 231.02,
    "area_sqft": 2637.2,
    "centroid_lng": -85.7367387,
    "centroid_lat": 35.10704352,
    "inside_aop_boundary": false,
    "production_date": "2019-06-06",
    "image_date": "2016-12-15",
    "image_name": "1040010026B1E200",
    "source_name": "ORNL",
    "validation_method": "Automated",
    "footprint_source": "FEMA USA Structures / ORNL",
    "source_item_url": "https://www.arcgis.com/home/item.html?id=e9fc147eaeae4dcaa4e9ad9802c7b9c6",
    "source_service_url": "https://services2.arcgis.com/FiaPA4ga0iQKduv3/arcgis/rest/services/USA_Structures_View/FeatureServer/0",
    "license_or_permission": "FEMA public data layer; no warranty; raw reference context",
    "publish_status": "raw_context",
    "confidence": "medium"
   },
   "geometry": {
    "type": "Polygon",
    "coordinates": [
     [
      [
       -85.7366586308235,
       35.1069429808431
      ],
      [
       -85.7367650973544,
       35.1069253360411
      ],
      [
       -85.7368187761842,
       35.107144062236
      ],
      [
       -85.7367123096533,
       35.1071617069906
      ],
      [
       -85.7366586308235,
       35.1069429808431
      ]
     ]
    ]
   }
  },
  {
   "type": "Feature",
   "properties": {
    "kind": "building_footprint",
    "name": "594 Kelly Cove Road",
    "building_label": "594 Kelly Cove Road",
    "source_object_id": 108593592,
    "build_id": 3381389,
    "uuid": "{c3b62283-c77d-465e-a08b-00887551e23b}",
    "occupancy_class": "Residential",
    "primary_occupancy": "Manufactured Home",
    "secondary_occupancy": "",
    "address": "594 Kelly Cove Road",
    "city": "South Pittsburg",
    "state": "Tennessee",
    "zip": "37380",
    "county": "Marion",
    "outbuilding": "",
    "height_m": null,
    "area_sqm": 46.43,
    "area_sqft": 593.4,
    "centroid_lng": -85.72916288,
    "centroid_lat": 35.07853162,
    "inside_aop_boundary": false,
    "production_date": "2019-06-06",
    "image_date": "2016-12-15",
    "image_name": "1040010026B1E200",
    "source_name": "ORNL",
    "validation_method": "Automated",
    "footprint_source": "FEMA USA Structures / ORNL",
    "source_item_url": "https://www.arcgis.com/home/item.html?id=e9fc147eaeae4dcaa4e9ad9802c7b9c6",
    "source_service_url": "https://services2.arcgis.com/FiaPA4ga0iQKduv3/arcgis/rest/services/USA_Structures_View/FeatureServer/0",
    "license_or_permission": "FEMA public data layer; no warranty; raw reference context",
    "publish_status": "raw_context",
    "confidence": "medium"
   },
   "geometry": {
    "type": "Polygon",
    "coordinates": [
     [
      [
       -85.7292021737909,
       35.0785662136565
      ],
      [
       -85.7291207927143,
       35.0785639236655
      ],
      [
       -85.7291235792883,
       35.0784970242897
      ],
      [
       -85.7292049603649,
       35.0784993142825
      ],
      [
       -85.7292021737909,
       35.0785662136565
      ]
     ]
    ]
   }
  },
  {
   "type": "Feature",
   "properties": {
    "kind": "building_footprint",
    "name": "594 Kelly Cove Road",
    "building_label": "594 Kelly Cove Road",
    "source_object_id": 108593762,
    "build_id": 3381455,
    "uuid": "{655bdaa8-7e4d-4f95-bf81-8371483f75eb}",
    "occupancy_class": "Residential",
    "primary_occupancy": "Manufactured Home",
    "secondary_occupancy": "",
    "address": "594 Kelly Cove Road",
    "city": "South Pittsburg",
    "state": "Tennessee",
    "zip": "37380",
    "county": "Marion",
    "outbuilding": "",
    "height_m": null,
    "area_sqm": 45.47,
    "area_sqft": 494.5,
    "centroid_lng": -85.72876451,
    "centroid_lat": 35.07856452,
    "inside_aop_boundary": false,
    "production_date": "2019-06-06",
    "image_date": "2016-12-15",
    "image_name": "1040010026B1E200",
    "source_name": "ORNL",
    "validation_method": "Automated",
    "footprint_source": "FEMA USA Structures / ORNL",
    "source_item_url": "https://www.arcgis.com/home/item.html?id=e9fc147eaeae4dcaa4e9ad9802c7b9c6",
    "source_service_url": "https://services2.arcgis.com/FiaPA4ga0iQKduv3/arcgis/rest/services/USA_Structures_View/FeatureServer/0",
    "license_or_permission": "FEMA public data layer; no warranty; raw reference context",
    "publish_status": "raw_context",
    "confidence": "medium"
   },
   "geometry": {
    "type": "Polygon",
    "coordinates": [
     [
      [
       -85.7287261690982,
       35.0785946021875
      ],
      [
       -85.7287354316271,
       35.0785280968772
      ],
      [
       -85.7288028492909,
       35.0785344426911
      ],
      [
       -85.7287935858637,
       35.078600947261
      ],
      [
       -85.7287261690982,
       35.0785946021875
      ]
     ]
    ]
   }
  },
  {
   "type": "Feature",
   "properties": {
    "kind": "building_footprint",
    "name": "5960 Sweetens Cove Road",
    "building_label": "5960 Sweetens Cove Road",
    "source_object_id": 108585566,
    "build_id": 3366462,
    "uuid": "{bcd6b957-311e-4393-870f-5173ec56ce32}",
    "occupancy_class": "Residential",
    "primary_occupancy": "Single Family Dwelling",
    "secondary_occupancy": "",
    "address": "5960 Sweetens Cove Road",
    "city": "South Pittsburg",
    "state": "Tennessee",
    "zip": "",
    "county": "Marion",
    "outbuilding": "",
    "height_m": null,
    "area_sqm": 494.44,
    "area_sqft": 5538.0,
    "centroid_lng": -85.77793025,
    "centroid_lat": 35.07012498,
    "inside_aop_boundary": false,
    "production_date": "2019-06-06",
    "image_date": "2016-12-15",
    "image_name": "1040010026B1E200",
    "source_name": "ORNL",
    "validation_method": "Automated",
    "footprint_source": "FEMA USA Structures / ORNL",
    "source_item_url": "https://www.arcgis.com/home/item.html?id=e9fc147eaeae4dcaa4e9ad9802c7b9c6",
    "source_service_url": "https://services2.arcgis.com/FiaPA4ga0iQKduv3/arcgis/rest/services/USA_Structures_View/FeatureServer/0",
    "license_or_permission": "FEMA public data layer; no warranty; raw reference context",
    "publish_status": "raw_context",
    "confidence": "medium"
   },
   "geometry": {
    "type": "Polygon",
    "coordinates": [
     [
      [
       -85.7777473617134,
       35.0701625816615
      ],
      [
       -85.7779804619532,
       35.0699755820418
      ],
      [
       -85.778113144019,
       35.0700873732265
      ],
      [
       -85.7778800437792,
       35.0702743733252
      ],
      [
       -85.7777473617134,
       35.0701625816615
      ]
     ]
    ]
   }
  },
  {
   "type": "Feature",
   "properties": {
    "kind": "building_footprint",
    "name": "5960 Sweetens Cove Road",
    "building_label": "5960 Sweetens Cove Road",
    "source_object_id": 108587449,
    "build_id": 3366741,
    "uuid": "{9360d1a8-edd8-4867-a8ca-d3f929867876}",
    "occupancy_class": "Residential",
    "primary_occupancy": "Single Family Dwelling",
    "secondary_occupancy": "",
    "address": "5960 Sweetens Cove Road",
    "city": "South Pittsburg",
    "state": "Tennessee",
    "zip": "",
    "county": "Marion",
    "outbuilding": "",
    "height_m": null,
    "area_sqm": 71.64,
    "area_sqft": 692.2,
    "centroid_lng": -85.77790565,
    "centroid_lat": 35.07037954,
    "inside_aop_boundary": false,
    "production_date": "2019-06-06",
    "image_date": "2016-12-15",
    "image_name": "1040010026B1E200",
    "source_name": "ORNL",
    "validation_method": "Automated",
    "footprint_source": "FEMA USA Structures / ORNL",
    "source_item_url": "https://www.arcgis.com/home/item.html?id=e9fc147eaeae4dcaa4e9ad9802c7b9c6",
    "source_service_url": "https://services2.arcgis.com/FiaPA4ga0iQKduv3/arcgis/rest/services/USA_Structures_View/FeatureServer/0",
    "license_or_permission": "FEMA public data layer; no warranty; raw reference context",
    "publish_status": "raw_context",
    "confidence": "medium"
   },
   "geometry": {
    "type": "Polygon",
    "coordinates": [
     [
      [
       -85.7778441497954,
       35.0703889557433
      ],
      [
       -85.7778849306143,
       35.0703310171899
      ],
      [
       -85.7779671480224,
       35.070370134026
      ],
      [
       -85.7779263672034,
       35.0704280710812
      ],
      [
       -85.7778441497954,
       35.0703889557433
      ]
     ]
    ]
   }
  },
  {
   "type": "Feature",
   "properties": {
    "kind": "building_footprint",
    "name": "5960 Sweetens Cove Road",
    "building_label": "5960 Sweetens Cove Road",
    "source_object_id": 108587784,
    "build_id": 3367059,
    "uuid": "{b48300c9-f712-492f-a20b-75253f668963}",
    "occupancy_class": "Residential",
    "primary_occupancy": "Single Family Dwelling",
    "secondary_occupancy": "",
    "address": "5960 Sweetens Cove Road",
    "city": "South Pittsburg",
    "state": "Tennessee",
    "zip": "",
    "county": "Marion",
    "outbuilding": "",
    "height_m": null,
    "area_sqm": 132.27,
    "area_sqft": 1318.6,
    "centroid_lng": -85.77762009,
    "centroid_lat": 35.0705086,
    "inside_aop_boundary": false,
    "production_date": "2019-06-06",
    "image_date": "2016-12-15",
    "image_name": "1040010026B1E200",
    "source_name": "ORNL",
    "validation_method": "Automated",
    "footprint_source": "FEMA USA Structures / ORNL",
    "source_item_url": "https://www.arcgis.com/home/item.html?id=e9fc147eaeae4dcaa4e9ad9802c7b9c6",
    "source_service_url": "https://services2.arcgis.com/FiaPA4ga0iQKduv3/arcgis/rest/services/USA_Structures_View/FeatureServer/0",
    "license_or_permission": "FEMA public data layer; no warranty; raw reference context",
    "publish_status": "raw_context",
    "confidence": "medium"
   },
   "geometry": {
    "type": "Polygon",
    "coordinates": [
     [
      [
       -85.7776094316897,
       35.0705794952428
      ],
      [
       -85.7775336138797,
       35.0705156147598
      ],
      [
       -85.77763073883,
       35.0704376980893
      ],
      [
       -85.7777065566399,
       35.0705015786333
      ],
      [
       -85.7776094316897,
       35.0705794952428
      ]
     ]
    ]
   }
  },
  {
   "type": "Feature",
   "properties": {
    "kind": "building_footprint",
    "name": "5964 Sweetens Cove Road",
    "building_label": "5964 Sweetens Cove Road",
    "source_object_id": 108585717,
    "build_id": 3366540,
    "uuid": "{e47b0477-948d-4943-bb4c-366728ce4114}",
    "occupancy_class": "Residential",
    "primary_occupancy": "Single Family Dwelling",
    "secondary_occupancy": "",
    "address": "5964 Sweetens Cove Road",
    "city": "South Pittsburg",
    "state": "Tennessee",
    "zip": "",
    "county": "Marion",
    "outbuilding": "",
    "height_m": null,
    "area_sqm": 98.6,
    "area_sqft": 988.9,
    "centroid_lng": -85.77821923,
    "centroid_lat": 35.07025556,
    "inside_aop_boundary": false,
    "production_date": "2019-06-06",
    "image_date": "2016-12-15",
    "image_name": "1040010026B1E200",
    "source_name": "ORNL",
    "validation_method": "Automated",
    "footprint_source": "FEMA USA Structures / ORNL",
    "source_item_url": "https://www.arcgis.com/home/item.html?id=e9fc147eaeae4dcaa4e9ad9802c7b9c6",
    "source_service_url": "https://services2.arcgis.com/FiaPA4ga0iQKduv3/arcgis/rest/services/USA_Structures_View/FeatureServer/0",
    "license_or_permission": "FEMA public data layer; no warranty; raw reference context",
    "publish_status": "raw_context",
    "confidence": "medium"
   },
   "geometry": {
    "type": "Polygon",
    "coordinates": [
     [
      [
       -85.778141263084,
       35.0702444680721
      ],
      [
       -85.7781944442471,
       35.0701937802054
      ],
      [
       -85.7782972016342,
       35.0702666512642
      ],
      [
       -85.7782440195727,
       35.0703173398209
      ],
      [
       -85.778141263084,
       35.0702444680721
      ]
     ]
    ]
   }
  },
  {
   "type": "Feature",
   "properties": {
    "kind": "building_footprint",
    "name": "5964 Sweetens Cove Road",
    "building_label": "5964 Sweetens Cove Road",
    "source_object_id": 108589531,
    "build_id": 3367340,
    "uuid": "{5c980c0c-ba77-44ea-a47c-7dde28f8cda5}",
    "occupancy_class": "Residential",
    "primary_occupancy": "Single Family Dwelling",
    "secondary_occupancy": "",
    "address": "5964 Sweetens Cove Road",
    "city": "South Pittsburg",
    "state": "Tennessee",
    "zip": "",
    "county": "Marion",
    "outbuilding": "",
    "height_m": null,
    "area_sqm": 134.66,
    "area_sqft": 1318.6,
    "centroid_lng": -85.77821845,
    "centroid_lat": 35.070643,
    "inside_aop_boundary": false,
    "production_date": "2019-06-06",
    "image_date": "2016-12-15",
    "image_name": "1040010026B1E200",
    "source_name": "ORNL",
    "validation_method": "Automated",
    "footprint_source": "FEMA USA Structures / ORNL",
    "source_item_url": "https://www.arcgis.com/home/item.html?id=e9fc147eaeae4dcaa4e9ad9802c7b9c6",
    "source_service_url": "https://services2.arcgis.com/FiaPA4ga0iQKduv3/arcgis/rest/services/USA_Structures_View/FeatureServer/0",
    "license_or_permission": "FEMA public data layer; no warranty; raw reference context",
    "publish_status": "raw_context",
    "confidence": "medium"
   },
   "geometry": {
    "type": "Polygon",
    "coordinates": [
     [
      [
       -85.7782555871786,
       35.0707075876433
      ],
      [
       -85.7781499623692,
       35.0706869669147
      ],
      [
       -85.7781813153693,
       35.0705784188785
      ],
      [
       -85.7782869401787,
       35.0705990396345
      ],
      [
       -85.7782555871786,
       35.0707075876433
      ]
     ]
    ]
   }
  },
  {
   "type": "Feature",
   "properties": {
    "kind": "building_footprint",
    "name": "5964 Sweetens Cove Road",
    "building_label": "5964 Sweetens Cove Road",
    "source_object_id": 108591176,
    "build_id": 3368697,
    "uuid": "{f134409f-bc31-4760-b99b-f8c1c79cda90}",
    "occupancy_class": "Residential",
    "primary_occupancy": "Single Family Dwelling",
    "secondary_occupancy": "",
    "address": "5964 Sweetens Cove Road",
    "city": "South Pittsburg",
    "state": "Tennessee",
    "zip": "",
    "county": "Marion",
    "outbuilding": "",
    "height_m": null,
    "area_sqm": 267.72,
    "area_sqft": 3164.6,
    "centroid_lng": -85.77768894,
    "centroid_lat": 35.07139594,
    "inside_aop_boundary": false,
    "production_date": "2019-06-06",
    "image_date": "2016-12-15",
    "image_name": "1040010026B1E200",
    "source_name": "ORNL",
    "validation_method": "Automated",
    "footprint_source": "FEMA USA Structures / ORNL",
    "source_item_url": "https://www.arcgis.com/home/item.html?id=e9fc147eaeae4dcaa4e9ad9802c7b9c6",
    "source_service_url": "https://services2.arcgis.com/FiaPA4ga0iQKduv3/arcgis/rest/services/USA_Structures_View/FeatureServer/0",
    "license_or_permission": "FEMA public data layer; no warranty; raw reference context",
    "publish_status": "raw_context",
    "confidence": "medium"
   },
   "geometry": {
    "type": "Polygon",
    "coordinates": [
     [
      [
       -85.7775639257324,
       35.0714393477348
      ],
      [
       -85.7776732560923,
       35.0712851217932
      ],
      [
       -85.7778139502321,
       35.0713525336448
      ],
      [
       -85.7777046216688,
       35.0715067609294
      ],
      [
       -85.7775639257324,
       35.0714393477348
      ]
     ]
    ]
   }
  },
  {
   "type": "Feature",
   "properties": {
    "kind": "building_footprint",
    "name": "5964 Sweetens Cove Road",
    "building_label": "5964 Sweetens Cove Road",
    "source_object_id": 108592495,
    "build_id": 3367684,
    "uuid": "{5dbffdde-35ac-4430-87ec-68c30e789547}",
    "occupancy_class": "Residential",
    "primary_occupancy": "Single Family Dwelling",
    "secondary_occupancy": "",
    "address": "5964 Sweetens Cove Road",
    "city": "South Pittsburg",
    "state": "Tennessee",
    "zip": "",
    "county": "Marion",
    "outbuilding": "",
    "height_m": null,
    "area_sqm": 191.94,
    "area_sqft": 2076.8,
    "centroid_lng": -85.77833792,
    "centroid_lat": 35.07082141,
    "inside_aop_boundary": false,
    "production_date": "2019-06-06",
    "image_date": "2016-12-15",
    "image_name": "1040010026B1E200",
    "source_name": "ORNL",
    "validation_method": "Automated",
    "footprint_source": "FEMA USA Structures / ORNL",
    "source_item_url": "https://www.arcgis.com/home/item.html?id=e9fc147eaeae4dcaa4e9ad9802c7b9c6",
    "source_service_url": "https://services2.arcgis.com/FiaPA4ga0iQKduv3/arcgis/rest/services/USA_Structures_View/FeatureServer/0",
    "license_or_permission": "FEMA public data layer; no warranty; raw reference context",
    "publish_status": "raw_context",
    "confidence": "medium"
   },
   "geometry": {
    "type": "Polygon",
    "coordinates": [
     [
      [
       -85.7784269893281,
       35.0707643370789
      ],
      [
       -85.778364086597,
       35.0709117213261
      ],
      [
       -85.7782488426275,
       35.0708784762074
      ],
      [
       -85.778311743562,
       35.0707310919002
      ],
      [
       -85.7784269893281,
       35.0707643370789
      ]
     ]
    ]
   }
  },
  {
   "type": "Feature",
   "properties": {
    "kind": "building_footprint",
    "name": "6005 Jackson Point Road",
    "building_label": "6005 Jackson Point Road",
    "source_object_id": 108600338,
    "build_id": 3445894,
    "uuid": "{876a2a79-60bc-4b65-a766-c0e8e9b56fbf}",
    "occupancy_class": "Residential",
    "primary_occupancy": "Single Family Dwelling",
    "secondary_occupancy": "",
    "address": "6005 Jackson Point Road",
    "city": "Sewanee",
    "state": "Tennessee",
    "zip": "37375",
    "county": "Marion",
    "outbuilding": "",
    "height_m": null,
    "area_sqm": 336.01,
    "area_sqft": 3840.4,
    "centroid_lng": -85.76211832,
    "centroid_lat": 35.09504176,
    "inside_aop_boundary": false,
    "production_date": "2019-06-06",
    "image_date": "2016-12-15",
    "image_name": "1040010026B1E200",
    "source_name": "ORNL",
    "validation_method": "Automated",
    "footprint_source": "FEMA USA Structures / ORNL",
    "source_item_url": "https://www.arcgis.com/home/item.html?id=e9fc147eaeae4dcaa4e9ad9802c7b9c6",
    "source_service_url": "https://services2.arcgis.com/FiaPA4ga0iQKduv3/arcgis/rest/services/USA_Structures_View/FeatureServer/0",
    "license_or_permission": "FEMA public data layer; no warranty; raw reference context",
    "publish_status": "raw_context",
    "confidence": "medium"
   },
   "geometry": {
    "type": "Polygon",
    "coordinates": [
     [
      [
       -85.7620128511841,
       35.0951005218761
      ],
      [
       -85.7619514630126,
       35.0950409118387
      ],
      [
       -85.7621483234172,
       35.0949039641136
      ],
      [
       -85.7622974096184,
       35.09504872931
      ],
      [
       -85.7621937997301,
       35.0951208078892
      ],
      [
       -85.7621061017005,
       35.0950356521707
      ],
      [
       -85.7620128511841,
       35.0951005218761
      ]
     ]
    ]
   }
  },
  {
   "type": "Feature",
   "properties": {
    "kind": "building_footprint",
    "name": "6028 Sweetens Cove Road",
    "building_label": "6028 Sweetens Cove Road",
    "source_object_id": 108594316,
    "build_id": 3369070,
    "uuid": "{dfa25387-a937-4bf5-aa65-5855b5cb52af}",
    "occupancy_class": "Government",
    "primary_occupancy": "Emergency Response",
    "secondary_occupancy": "",
    "address": "6028 Sweetens Cove Road",
    "city": "South Pittsburg",
    "state": "Tennessee",
    "zip": "",
    "county": "Marion",
    "outbuilding": "",
    "height_m": null,
    "area_sqm": 165.45,
    "area_sqft": 1615.3,
    "centroid_lng": -85.77929672,
    "centroid_lat": 35.07166134,
    "inside_aop_boundary": false,
    "production_date": "2019-06-06",
    "image_date": "2016-12-15",
    "image_name": "1040010026B1E200",
    "source_name": "ORNL",
    "validation_method": "Automated",
    "footprint_source": "FEMA USA Structures / ORNL",
    "source_item_url": "https://www.arcgis.com/home/item.html?id=e9fc147eaeae4dcaa4e9ad9802c7b9c6",
    "source_service_url": "https://services2.arcgis.com/FiaPA4ga0iQKduv3/arcgis/rest/services/USA_Structures_View/FeatureServer/0",
    "license_or_permission": "FEMA public data layer; no warranty; raw reference context",
    "publish_status": "raw_context",
    "confidence": "medium"
   },
   "geometry": {
    "type": "Polygon",
    "coordinates": [
     [
      [
       -85.7793458850154,
       35.0717387328562
      ],
      [
       -85.7791919056909,
       35.0716472387258
      ],
      [
       -85.7792475509328,
       35.0715839443076
      ],
      [
       -85.7794015302574,
       35.0716754377739
      ],
      [
       -85.7793458850154,
       35.0717387328562
      ]
     ]
    ]
   }
  },
  {
   "type": "Feature",
   "properties": {
    "kind": "building_footprint",
    "name": "6051 Jackson Point Road",
    "building_label": "6051 Jackson Point Road",
    "source_object_id": 108607982,
    "build_id": 3444816,
    "uuid": "{13e317cb-c969-4f38-96cd-303f762f8b59}",
    "occupancy_class": "Residential",
    "primary_occupancy": "Single Family Dwelling",
    "secondary_occupancy": "",
    "address": "6051 Jackson Point Road",
    "city": "Sewanee",
    "state": "Tennessee",
    "zip": "37375",
    "county": "Marion",
    "outbuilding": "",
    "height_m": null,
    "area_sqm": 278.57,
    "area_sqft": 3230.5,
    "centroid_lng": -85.76216963,
    "centroid_lat": 35.094078,
    "inside_aop_boundary": false,
    "production_date": "2019-06-06",
    "image_date": "2016-12-15",
    "image_name": "1040010026B1E200",
    "source_name": "ORNL",
    "validation_method": "Automated",
    "footprint_source": "FEMA USA Structures / ORNL",
    "source_item_url": "https://www.arcgis.com/home/item.html?id=e9fc147eaeae4dcaa4e9ad9802c7b9c6",
    "source_service_url": "https://services2.arcgis.com/FiaPA4ga0iQKduv3/arcgis/rest/services/USA_Structures_View/FeatureServer/0",
    "license_or_permission": "FEMA public data layer; no warranty; raw reference context",
    "publish_status": "raw_context",
    "confidence": "medium"
   },
   "geometry": {
    "type": "Polygon",
    "coordinates": [
     [
      [
       -85.7620365810807,
       35.0940935222564
      ],
      [
       -85.7621507443769,
       35.093968655048
      ],
      [
       -85.7623026692544,
       35.0940624849984
      ],
      [
       -85.7621885059581,
       35.0941873527981
      ],
      [
       -85.7620365810807,
       35.0940935222564
      ]
     ]
    ]
   }
  },
  {
   "type": "Feature",
   "properties": {
    "kind": "building_footprint",
    "name": "6075 Sweetens Cove Road",
    "building_label": "6075 Sweetens Cove Road",
    "source_object_id": 108592697,
    "build_id": 3367815,
    "uuid": "{bff7969b-ee24-4ae8-a49a-dea360032638}",
    "occupancy_class": "Assembly",
    "primary_occupancy": "Religious",
    "secondary_occupancy": "",
    "address": "6075 Sweetens Cove Road",
    "city": "South Pittsburg",
    "state": "Tennessee",
    "zip": "",
    "county": "Marion",
    "outbuilding": "",
    "height_m": null,
    "area_sqm": 243.15,
    "area_sqft": 2637.2,
    "centroid_lng": -85.77982907,
    "centroid_lat": 35.07093251,
    "inside_aop_boundary": false,
    "production_date": "2019-06-06",
    "image_date": "2016-12-15",
    "image_name": "1040010026B1E200",
    "source_name": "ORNL",
    "validation_method": "Automated",
    "footprint_source": "FEMA USA Structures / ORNL",
    "source_item_url": "https://www.arcgis.com/home/item.html?id=e9fc147eaeae4dcaa4e9ad9802c7b9c6",
    "source_service_url": "https://services2.arcgis.com/FiaPA4ga0iQKduv3/arcgis/rest/services/USA_Structures_View/FeatureServer/0",
    "license_or_permission": "FEMA public data layer; no warranty; raw reference context",
    "publish_status": "raw_context",
    "confidence": "medium"
   },
   "geometry": {
    "type": "Polygon",
    "coordinates": [
     [
      [
       -85.7799490588129,
       35.0708958097249
      ],
      [
       -85.7799217733845,
       35.0710050977032
      ],
      [
       -85.7797090810713,
       35.0709692051025
      ],
      [
       -85.7797363682963,
       35.0708599170761
      ],
      [
       -85.7799490588129,
       35.0708958097249
      ]
     ]
    ]
   }
  },
  {
   "type": "Feature",
   "properties": {
    "kind": "building_footprint",
    "name": "6090 Sweetens Cove Road",
    "building_label": "6090 Sweetens Cove Road",
    "source_object_id": 108597696,
    "build_id": 3369630,
    "uuid": "{8c17363f-dfac-426f-bdab-5efece16ce93}",
    "occupancy_class": "Assembly",
    "primary_occupancy": "Community Center",
    "secondary_occupancy": "",
    "address": "6090 Sweetens Cove Road",
    "city": "South Pittsburg",
    "state": "Tennessee",
    "zip": "",
    "county": "Marion",
    "outbuilding": "",
    "height_m": null,
    "area_sqm": 304.58,
    "area_sqft": 3461.3,
    "centroid_lng": -85.77991807,
    "centroid_lat": 35.07194099,
    "inside_aop_boundary": false,
    "production_date": "2019-06-06",
    "image_date": "2016-12-15",
    "image_name": "1040010026B1E200",
    "source_name": "ORNL",
    "validation_method": "Automated",
    "footprint_source": "FEMA USA Structures / ORNL",
    "source_item_url": "https://www.arcgis.com/home/item.html?id=e9fc147eaeae4dcaa4e9ad9802c7b9c6",
    "source_service_url": "https://services2.arcgis.com/FiaPA4ga0iQKduv3/arcgis/rest/services/USA_Structures_View/FeatureServer/0",
    "license_or_permission": "FEMA public data layer; no warranty; raw reference context",
    "publish_status": "raw_context",
    "confidence": "medium"
   },
   "geometry": {
    "type": "Polygon",
    "coordinates": [
     [
      [
       -85.779762497593,
       35.071919146106
      ],
      [
       -85.7798406348531,
       35.071827929352
      ],
      [
       -85.7800736371765,
       35.0719628292997
      ],
      [
       -85.7799955008148,
       35.0720540466381
      ],
      [
       -85.779762497593,
       35.071919146106
      ]
     ]
    ]
   }
  },
  {
   "type": "Feature",
   "properties": {
    "kind": "building_footprint",
    "name": "6094 Sweetens Cove Road",
    "building_label": "6094 Sweetens Cove Road",
    "source_object_id": 108596667,
    "build_id": 3371149,
    "uuid": "{f6e058e4-cc0e-4222-86a0-2f8797cc1c24}",
    "occupancy_class": "Agriculture",
    "primary_occupancy": "Agriculture",
    "secondary_occupancy": "",
    "address": "6094 Sweetens Cove Road",
    "city": "South Pittsburg",
    "state": "Tennessee",
    "zip": "37380",
    "county": "Marion",
    "outbuilding": "",
    "height_m": null,
    "area_sqm": 152.05,
    "area_sqft": 1714.1,
    "centroid_lng": -85.78073031,
    "centroid_lat": 35.07281565,
    "inside_aop_boundary": false,
    "production_date": "2019-06-06",
    "image_date": "2016-12-15",
    "image_name": "1040010026B1E200",
    "source_name": "ORNL",
    "validation_method": "Automated",
    "footprint_source": "FEMA USA Structures / ORNL",
    "source_item_url": "https://www.arcgis.com/home/item.html?id=e9fc147eaeae4dcaa4e9ad9802c7b9c6",
    "source_service_url": "https://services2.arcgis.com/FiaPA4ga0iQKduv3/arcgis/rest/services/USA_Structures_View/FeatureServer/0",
    "license_or_permission": "FEMA public data layer; no warranty; raw reference context",
    "publish_status": "raw_context",
    "confidence": "medium"
   },
   "geometry": {
    "type": "Polygon",
    "coordinates": [
     [
      [
       -85.7806948707045,
       35.0727356406545
      ],
      [
       -85.7808012186577,
       35.0727535862008
      ],
      [
       -85.7807657468821,
       35.0728956616477
      ],
      [
       -85.7806593998272,
       35.0728777161326
      ],
      [
       -85.7806948707045,
       35.0727356406545
      ]
     ]
    ]
   }
  },
  {
   "type": "Feature",
   "properties": {
    "kind": "building_footprint",
    "name": "6094 Sweetens Cove Road",
    "building_label": "6094 Sweetens Cove Road",
    "source_object_id": 108596801,
    "build_id": 3371221,
    "uuid": "{7fb469e6-e4f9-4a2f-9fc6-530ca6f74148}",
    "occupancy_class": "Agriculture",
    "primary_occupancy": "Agriculture",
    "secondary_occupancy": "",
    "address": "6094 Sweetens Cove Road",
    "city": "South Pittsburg",
    "state": "Tennessee",
    "zip": "37380",
    "county": "Marion",
    "outbuilding": "",
    "height_m": null,
    "area_sqm": 77.54,
    "area_sqft": 923.0,
    "centroid_lng": -85.78027982,
    "centroid_lat": 35.07290541,
    "inside_aop_boundary": false,
    "production_date": "2019-06-06",
    "image_date": "2016-12-15",
    "image_name": "1040010026B1E200",
    "source_name": "ORNL",
    "validation_method": "Automated",
    "footprint_source": "FEMA USA Structures / ORNL",
    "source_item_url": "https://www.arcgis.com/home/item.html?id=e9fc147eaeae4dcaa4e9ad9802c7b9c6",
    "source_service_url": "https://services2.arcgis.com/FiaPA4ga0iQKduv3/arcgis/rest/services/USA_Structures_View/FeatureServer/0",
    "license_or_permission": "FEMA public data layer; no warranty; raw reference context",
    "publish_status": "raw_context",
    "confidence": "medium"
   },
   "geometry": {
    "type": "Polygon",
    "coordinates": [
     [
      [
       -85.7803192141173,
       35.0729550820142
      ],
      [
       -85.780225163202,
       35.0729441010643
      ],
      [
       -85.7802404300703,
       35.0728557328897
      ],
      [
       -85.7803344809856,
       35.0728667160571
      ],
      [
       -85.7803192141173,
       35.0729550820142
      ]
     ]
    ]
   }
  },
  {
   "type": "Feature",
   "properties": {
    "kind": "building_footprint",
    "name": "6094 Sweetens Cove Road",
    "building_label": "6094 Sweetens Cove Road",
    "source_object_id": 108596876,
    "build_id": 3371320,
    "uuid": "{b55d213e-d292-46bf-ab8b-b054e9cf087f}",
    "occupancy_class": "Agriculture",
    "primary_occupancy": "Agriculture",
    "secondary_occupancy": "",
    "address": "6094 Sweetens Cove Road",
    "city": "South Pittsburg",
    "state": "Tennessee",
    "zip": "37380",
    "county": "Marion",
    "outbuilding": "",
    "height_m": null,
    "area_sqm": 42.28,
    "area_sqft": 527.4,
    "centroid_lng": -85.78076517,
    "centroid_lat": 35.07298776,
    "inside_aop_boundary": false,
    "production_date": "2019-06-06",
    "image_date": "2016-12-15",
    "image_name": "1040010026B1E200",
    "source_name": "ORNL",
    "validation_method": "Automated",
    "footprint_source": "FEMA USA Structures / ORNL",
    "source_item_url": "https://www.arcgis.com/home/item.html?id=e9fc147eaeae4dcaa4e9ad9802c7b9c6",
    "source_service_url": "https://services2.arcgis.com/FiaPA4ga0iQKduv3/arcgis/rest/services/USA_Structures_View/FeatureServer/0",
    "license_or_permission": "FEMA public data layer; no warranty; raw reference context",
    "publish_status": "raw_context",
    "confidence": "medium"
   },
   "geometry": {
    "type": "Polygon",
    "coordinates": [
     [
      [
       -85.7807996762504,
       35.0729467161715
      ],
      [
       -85.7807844111788,
       35.0730350827773
      ],
      [
       -85.7807306676703,
       35.0730288071148
      ],
      [
       -85.7807459327419,
       35.0729404412375
      ],
      [
       -85.7807996762504,
       35.0729467161715
      ]
     ]
    ]
   }
  },
  {
   "type": "Feature",
   "properties": {
    "kind": "building_footprint",
    "name": "620 Fish Trap Road",
    "building_label": "620 Fish Trap Road",
    "source_object_id": 108599768,
    "build_id": 3371650,
    "uuid": "{2106051a-de96-4f3f-8d0d-c4f8a7a97c02}",
    "occupancy_class": "Unclassified",
    "primary_occupancy": "Unclassified",
    "secondary_occupancy": "",
    "address": "620 Fish Trap Road",
    "city": "South Pittsburg",
    "state": "Tennessee",
    "zip": "37380",
    "county": "Marion",
    "outbuilding": "",
    "height_m": null,
    "area_sqm": 85.68,
    "area_sqft": 988.9,
    "centroid_lng": -85.74392405,
    "centroid_lat": 35.07281777,
    "inside_aop_boundary": false,
    "production_date": "2019-06-06",
    "image_date": "2016-12-15",
    "image_name": "1040010026B1E200",
    "source_name": "ORNL",
    "validation_method": "Automated",
    "footprint_source": "FEMA USA Structures / ORNL",
    "source_item_url": "https://www.arcgis.com/home/item.html?id=e9fc147eaeae4dcaa4e9ad9802c7b9c6",
    "source_service_url": "https://services2.arcgis.com/FiaPA4ga0iQKduv3/arcgis/rest/services/USA_Structures_View/FeatureServer/0",
    "license_or_permission": "FEMA public data layer; no warranty; raw reference context",
    "publish_status": "raw_context",
    "confidence": "medium"
   },
   "geometry": {
    "type": "Polygon",
    "coordinates": [
     [
      [
       -85.7438449446874,
       35.0728193727796
      ],
      [
       -85.7438851029738,
       35.0727611411357
      ],
      [
       -85.7440031559752,
       35.0728161628905
      ],
      [
       -85.743962998587,
       35.0728743952304
      ],
      [
       -85.7438449446874,
       35.0728193727796
      ]
     ]
    ]
   }
  },
  {
   "type": "Feature",
   "properties": {
    "kind": "building_footprint",
    "name": "6200 Sweetens Cove Road",
    "building_label": "6200 Sweetens Cove Road",
    "source_object_id": 108590256,
    "build_id": 3370187,
    "uuid": "{f17e0165-ff61-4a80-ba94-577fa4de54ee}",
    "occupancy_class": "Residential",
    "primary_occupancy": "Single Family Dwelling",
    "secondary_occupancy": "",
    "address": "6200 Sweetens Cove Road",
    "city": "South Pittsburg",
    "state": "Tennessee",
    "zip": "",
    "county": "Marion",
    "outbuilding": "",
    "height_m": null,
    "area_sqm": 411.16,
    "area_sqft": 4549.1,
    "centroid_lng": -85.78114369,
    "centroid_lat": 35.07223794,
    "inside_aop_boundary": false,
    "production_date": "2019-06-06",
    "image_date": "2016-12-15",
    "image_name": "1040010026B1E200",
    "source_name": "ORNL",
    "validation_method": "Automated",
    "footprint_source": "FEMA USA Structures / ORNL",
    "source_item_url": "https://www.arcgis.com/home/item.html?id=e9fc147eaeae4dcaa4e9ad9802c7b9c6",
    "source_service_url": "https://services2.arcgis.com/FiaPA4ga0iQKduv3/arcgis/rest/services/USA_Structures_View/FeatureServer/0",
    "license_or_permission": "FEMA public data layer; no warranty; raw reference context",
    "publish_status": "raw_context",
    "confidence": "medium"
   },
   "geometry": {
    "type": "Polygon",
    "coordinates": [
     [
      [
       -85.7810577047393,
       35.0720763153577
      ],
      [
       -85.7811775660494,
       35.0720955976569
      ],
      [
       -85.7811436887834,
       35.0722379352476
      ],
      [
       -85.781303503564,
       35.0722636446828
      ],
      [
       -85.7812800503486,
       35.0723621858022
      ],
      [
       -85.7810802803007,
       35.0723300499647
      ],
      [
       -85.7810933103639,
       35.0722753043197
      ],
      [
       -85.7810134016262,
       35.0722624499725
      ],
      [
       -85.7810577047393,
       35.0720763153577
      ]
     ]
    ]
   }
  },
  {
   "type": "Feature",
   "properties": {
    "kind": "building_footprint",
    "name": "6204 Sweetens Cove Road",
    "building_label": "6204 Sweetens Cove Road",
    "source_object_id": 108594973,
    "build_id": 3370891,
    "uuid": "{02f3fb14-8d6e-42b0-a98c-f6a0d013e632}",
    "occupancy_class": "Residential",
    "primary_occupancy": "Manufactured Home",
    "secondary_occupancy": "",
    "address": "6204 Sweetens Cove Road",
    "city": "South Pittsburg",
    "state": "Tennessee",
    "zip": "37380",
    "county": "Marion",
    "outbuilding": "",
    "height_m": null,
    "area_sqm": 221.77,
    "area_sqft": 2637.1,
    "centroid_lng": -85.78106618,
    "centroid_lat": 35.07268668,
    "inside_aop_boundary": false,
    "production_date": "2019-06-06",
    "image_date": "2016-12-15",
    "image_name": "1040010026B1E200",
    "source_name": "ORNL",
    "validation_method": "Automated",
    "footprint_source": "FEMA USA Structures / ORNL",
    "source_item_url": "https://www.arcgis.com/home/item.html?id=e9fc147eaeae4dcaa4e9ad9802c7b9c6",
    "source_service_url": "https://services2.arcgis.com/FiaPA4ga0iQKduv3/arcgis/rest/services/USA_Structures_View/FeatureServer/0",
    "license_or_permission": "FEMA public data layer; no warranty; raw reference context",
    "publish_status": "raw_context",
    "confidence": "medium"
   },
   "geometry": {
    "type": "Polygon",
    "coordinates": [
     [
      [
       -85.7811561367383,
       35.072761568288
      ],
      [
       -85.7809448799329,
       35.0727203308044
      ],
      [
       -85.7809762293397,
       35.0726117832671
      ],
      [
       -85.7811874861451,
       35.0726530193351
      ],
      [
       -85.7811561367383,
       35.072761568288
      ]
     ]
    ]
   }
  },
  {
   "type": "Feature",
   "properties": {
    "kind": "building_footprint",
    "name": "6204 Sweetens Cove Road",
    "building_label": "6204 Sweetens Cove Road",
    "source_object_id": 108595087,
    "build_id": 3370938,
    "uuid": "{080c72e5-dc18-4fc2-b754-a13332eec757}",
    "occupancy_class": "Residential",
    "primary_occupancy": "Manufactured Home",
    "secondary_occupancy": "",
    "address": "6204 Sweetens Cove Road",
    "city": "South Pittsburg",
    "state": "Tennessee",
    "zip": "37380",
    "county": "Marion",
    "outbuilding": "",
    "height_m": null,
    "area_sqm": 51.69,
    "area_sqft": 593.4,
    "centroid_lng": -85.78130126,
    "centroid_lat": 35.07274514,
    "inside_aop_boundary": false,
    "production_date": "2019-06-06",
    "image_date": "2016-12-15",
    "image_name": "1040010026B1E200",
    "source_name": "ORNL",
    "validation_method": "Automated",
    "footprint_source": "FEMA USA Structures / ORNL",
    "source_item_url": "https://www.arcgis.com/home/item.html?id=e9fc147eaeae4dcaa4e9ad9802c7b9c6",
    "source_service_url": "https://services2.arcgis.com/FiaPA4ga0iQKduv3/arcgis/rest/services/USA_Structures_View/FeatureServer/0",
    "license_or_permission": "FEMA public data layer; no warranty; raw reference context",
    "publish_status": "raw_context",
    "confidence": "medium"
   },
   "geometry": {
    "type": "Polygon",
    "coordinates": [
     [
      [
       -85.7813383312476,
       35.0727813606552
      ],
      [
       -85.7812572070892,
       35.0727756202002
      ],
      [
       -85.7812641887956,
       35.0727089270816
      ],
      [
       -85.781345312954,
       35.0727146668061
      ],
      [
       -85.7813383312476,
       35.0727813606552
      ]
     ]
    ]
   }
  },
  {
   "type": "Feature",
   "properties": {
    "kind": "building_footprint",
    "name": "6330 Sweetens Cove Road",
    "building_label": "6330 Sweetens Cove Road",
    "source_object_id": 108599808,
    "build_id": 3375545,
    "uuid": "{c6479ce4-3603-4cfb-bedf-5d32042fd92e}",
    "occupancy_class": "Residential",
    "primary_occupancy": "Single Family Dwelling",
    "secondary_occupancy": "",
    "address": "6330 Sweetens Cove Road",
    "city": "South Pittsburg",
    "state": "Tennessee",
    "zip": "37380",
    "county": "Marion",
    "outbuilding": "",
    "height_m": null,
    "area_sqm": 525.08,
    "area_sqft": 5538.0,
    "centroid_lng": -85.78086386,
    "centroid_lat": 35.0753097,
    "inside_aop_boundary": false,
    "production_date": "2019-06-06",
    "image_date": "2016-12-15",
    "image_name": "1040010026B1E200",
    "source_name": "ORNL",
    "validation_method": "Automated",
    "footprint_source": "FEMA USA Structures / ORNL",
    "source_item_url": "https://www.arcgis.com/home/item.html?id=e9fc147eaeae4dcaa4e9ad9802c7b9c6",
    "source_service_url": "https://services2.arcgis.com/FiaPA4ga0iQKduv3/arcgis/rest/services/USA_Structures_View/FeatureServer/0",
    "license_or_permission": "FEMA public data layer; no warranty; raw reference context",
    "publish_status": "raw_context",
    "confidence": "medium"
   },
   "geometry": {
    "type": "Polygon",
    "coordinates": [
     [
      [
       -85.7808557320224,
       35.0751625839188
      ],
      [
       -85.7810385580474,
       35.0753423110292
      ],
      [
       -85.7808719888341,
       35.0754568253119
      ],
      [
       -85.7806891628092,
       35.0752770991889
      ],
      [
       -85.7808557320224,
       35.0751625839188
      ]
     ]
    ]
   }
  },
  {
   "type": "Feature",
   "properties": {
    "kind": "building_footprint",
    "name": "638 Kelly Cove Road",
    "building_label": "638 Kelly Cove Road",
    "source_object_id": 108592315,
    "build_id": 3381348,
    "uuid": "{034fc3dc-bf24-42ec-a78c-9b6764fa0ace}",
    "occupancy_class": "Residential",
    "primary_occupancy": "Manufactured Home",
    "secondary_occupancy": "",
    "address": "638 Kelly Cove Road",
    "city": "South Pittsburg",
    "state": "Tennessee",
    "zip": "37380",
    "county": "Marion",
    "outbuilding": "",
    "height_m": null,
    "area_sqm": 194.01,
    "area_sqft": 1977.9,
    "centroid_lng": -85.72855207,
    "centroid_lat": 35.07846551,
    "inside_aop_boundary": false,
    "production_date": "2019-06-06",
    "image_date": "2016-12-15",
    "image_name": "1040010026B1E200",
    "source_name": "ORNL",
    "validation_method": "Automated",
    "footprint_source": "FEMA USA Structures / ORNL",
    "source_item_url": "https://www.arcgis.com/home/item.html?id=e9fc147eaeae4dcaa4e9ad9802c7b9c6",
    "source_service_url": "https://services2.arcgis.com/FiaPA4ga0iQKduv3/arcgis/rest/services/USA_Structures_View/FeatureServer/0",
    "license_or_permission": "FEMA public data layer; no warranty; raw reference context",
    "publish_status": "raw_context",
    "confidence": "medium"
   },
   "geometry": {
    "type": "Polygon",
    "coordinates": [
     [
      [
       -85.7286441169802,
       35.0785226626488
      ],
      [
       -85.7284430479684,
       35.0784965060088
      ],
      [
       -85.7284600180425,
       35.0784083511597
      ],
      [
       -85.7286610870542,
       35.078434507828
      ],
      [
       -85.7286441169802,
       35.0785226626488
      ]
     ]
    ]
   }
  },
  {
   "type": "Feature",
   "properties": {
    "kind": "building_footprint",
    "name": "644 Kelly Cove Road",
    "building_label": "644 Kelly Cove Road",
    "source_object_id": 108598730,
    "build_id": 3376547,
    "uuid": "{448998cd-9e81-4ff0-8fc7-a320c6cf48d9}",
    "occupancy_class": "Residential",
    "primary_occupancy": "Manufactured Home",
    "secondary_occupancy": "",
    "address": "644 Kelly Cove Road",
    "city": "South Pittsburg",
    "state": "Tennessee",
    "zip": "37380",
    "county": "Marion",
    "outbuilding": "",
    "height_m": null,
    "area_sqm": 198.63,
    "area_sqft": 2175.7,
    "centroid_lng": -85.7273879,
    "centroid_lat": 35.07544901,
    "inside_aop_boundary": false,
    "production_date": "2019-06-06",
    "image_date": "2016-12-15",
    "image_name": "1040010026B1E200",
    "source_name": "ORNL",
    "validation_method": "Automated",
    "footprint_source": "FEMA USA Structures / ORNL",
    "source_item_url": "https://www.arcgis.com/home/item.html?id=e9fc147eaeae4dcaa4e9ad9802c7b9c6",
    "source_service_url": "https://services2.arcgis.com/FiaPA4ga0iQKduv3/arcgis/rest/services/USA_Structures_View/FeatureServer/0",
    "license_or_permission": "FEMA public data layer; no warranty; raw reference context",
    "publish_status": "raw_context",
    "confidence": "medium"
   },
   "geometry": {
    "type": "Polygon",
    "coordinates": [
     [
      [
       -85.7274981325789,
       35.0754431671814
      ],
      [
       -85.7273854209603,
       35.075539798883
      ],
      [
       -85.7272776734318,
       35.0754548616525
      ],
      [
       -85.7273903841522,
       35.0753582298504
      ],
      [
       -85.7274981325789,
       35.0754431671814
      ]
     ]
    ]
   }
  },
  {
   "type": "Feature",
   "properties": {
    "kind": "building_footprint",
    "name": "664 Kelly Cove Road",
    "building_label": "664 Kelly Cove Road",
    "source_object_id": 108598508,
    "build_id": 3381040,
    "uuid": "{b0133a40-571a-4da4-a8af-0a93e9dacd9c}",
    "occupancy_class": "Residential",
    "primary_occupancy": "Manufactured Home",
    "secondary_occupancy": "",
    "address": "664 Kelly Cove Road",
    "city": "South Pittsburg",
    "state": "Tennessee",
    "zip": "37380",
    "county": "Marion",
    "outbuilding": "",
    "height_m": null,
    "area_sqm": 85.84,
    "area_sqft": 923.0,
    "centroid_lng": -85.72746319,
    "centroid_lat": 35.07826524,
    "inside_aop_boundary": false,
    "production_date": "2019-06-06",
    "image_date": "2016-12-15",
    "image_name": "1040010026B1E200",
    "source_name": "ORNL",
    "validation_method": "Automated",
    "footprint_source": "FEMA USA Structures / ORNL",
    "source_item_url": "https://www.arcgis.com/home/item.html?id=e9fc147eaeae4dcaa4e9ad9802c7b9c6",
    "source_service_url": "https://services2.arcgis.com/FiaPA4ga0iQKduv3/arcgis/rest/services/USA_Structures_View/FeatureServer/0",
    "license_or_permission": "FEMA public data layer; no warranty; raw reference context",
    "publish_status": "raw_context",
    "confidence": "medium"
   },
   "geometry": {
    "type": "Polygon",
    "coordinates": [
     [
      [
       -85.7274159843412,
       35.0782203992984
      ],
      [
       -85.7275235153756,
       35.0782327248675
      ],
      [
       -85.7275103945826,
       35.0783100717041
      ],
      [
       -85.7274028644464,
       35.0782977461467
      ],
      [
       -85.7274159843412,
       35.0782203992984
      ]
     ]
    ]
   }
  },
  {
   "type": "Feature",
   "properties": {
    "kind": "building_footprint",
    "name": "665 Ellis Cove Road",
    "building_label": "665 Ellis Cove Road",
    "source_object_id": 108595436,
    "build_id": 3392781,
    "uuid": "{e12d8983-8f87-41b8-825a-67c6de2212cb}",
    "occupancy_class": "Residential",
    "primary_occupancy": "Single Family Dwelling",
    "secondary_occupancy": "",
    "address": "665 Ellis Cove Road",
    "city": "South Pittsburg",
    "state": "Tennessee",
    "zip": "37380",
    "county": "Marion",
    "outbuilding": "",
    "height_m": null,
    "area_sqm": 123.49,
    "area_sqft": 1186.7,
    "centroid_lng": -85.74561938,
    "centroid_lat": 35.08722305,
    "inside_aop_boundary": true,
    "production_date": "2019-06-06",
    "image_date": "2016-12-15",
    "image_name": "1040010026B1E200",
    "source_name": "ORNL",
    "validation_method": "Automated",
    "footprint_source": "FEMA USA Structures / ORNL",
    "source_item_url": "https://www.arcgis.com/home/item.html?id=e9fc147eaeae4dcaa4e9ad9802c7b9c6",
    "source_service_url": "https://services2.arcgis.com/FiaPA4ga0iQKduv3/arcgis/rest/services/USA_Structures_View/FeatureServer/0",
    "license_or_permission": "FEMA public data layer; no warranty; raw reference context",
    "publish_status": "raw_context",
    "confidence": "medium"
   },
   "geometry": {
    "type": "Polygon",
    "coordinates": [
     [
      [
       -85.7455333722813,
       35.0871984868061
      ],
      [
       -85.7455916783331,
       35.0871517531338
      ],
      [
       -85.7457053888784,
       35.0872476042881
      ],
      [
       -85.7456470837249,
       35.0872943379055
      ],
      [
       -85.7455333722813,
       35.0871984868061
      ]
     ]
    ]
   }
  },
  {
   "type": "Feature",
   "properties": {
    "kind": "building_footprint",
    "name": "674 Fiery Gizzard Road",
    "building_label": "674 Fiery Gizzard Road",
    "source_object_id": 108610561,
    "build_id": 3470319,
    "uuid": "{7ddb46e3-aa25-4166-b736-75b2b20c7de3}",
    "occupancy_class": "Residential",
    "primary_occupancy": "Single Family Dwelling",
    "secondary_occupancy": "",
    "address": "674 Fiery Gizzard Road",
    "city": "South Pittsburg",
    "state": "Tennessee",
    "zip": "37380",
    "county": "Marion",
    "outbuilding": "",
    "height_m": null,
    "area_sqm": 295.8,
    "area_sqft": 3164.6,
    "centroid_lng": -85.73798988,
    "centroid_lat": 35.11736882,
    "inside_aop_boundary": false,
    "production_date": "2019-06-06",
    "image_date": "2016-12-15",
    "image_name": "1040010026B1E200",
    "source_name": "ORNL",
    "validation_method": "Automated",
    "footprint_source": "FEMA USA Structures / ORNL",
    "source_item_url": "https://www.arcgis.com/home/item.html?id=e9fc147eaeae4dcaa4e9ad9802c7b9c6",
    "source_service_url": "https://services2.arcgis.com/FiaPA4ga0iQKduv3/arcgis/rest/services/USA_Structures_View/FeatureServer/0",
    "license_or_permission": "FEMA public data layer; no warranty; raw reference context",
    "publish_status": "raw_context",
    "confidence": "medium"
   },
   "geometry": {
    "type": "Polygon",
    "coordinates": [
     [
      [
       -85.7380816448786,
       35.1172865880526
      ],
      [
       -85.7380602649748,
       35.1174642258845
      ],
      [
       -85.7378981199644,
       35.117451050204
      ],
      [
       -85.7379195007664,
       35.1172734130782
      ],
      [
       -85.7380816448786,
       35.1172865880526
      ]
     ]
    ]
   }
  },
  {
   "type": "Feature",
   "properties": {
    "kind": "building_footprint",
    "name": "7363 Battle Creek Road",
    "building_label": "7363 Battle Creek Road",
    "source_object_id": 108603956,
    "build_id": 3469042,
    "uuid": "{310a2bea-585d-4e9f-9587-b7ebd074c251}",
    "occupancy_class": "Residential",
    "primary_occupancy": "Single Family Dwelling",
    "secondary_occupancy": "",
    "address": "7363 Battle Creek Road",
    "city": "South Pittsburg",
    "state": "Tennessee",
    "zip": "37380",
    "county": "Marion",
    "outbuilding": "",
    "height_m": null,
    "area_sqm": 352.44,
    "area_sqft": 3790.9,
    "centroid_lng": -85.7587518,
    "centroid_lat": 35.11659695,
    "inside_aop_boundary": false,
    "production_date": "2019-06-06",
    "image_date": "2016-12-15",
    "image_name": "1040010026B1E200",
    "source_name": "ORNL",
    "validation_method": "Automated",
    "footprint_source": "FEMA USA Structures / ORNL",
    "source_item_url": "https://www.arcgis.com/home/item.html?id=e9fc147eaeae4dcaa4e9ad9802c7b9c6",
    "source_service_url": "https://services2.arcgis.com/FiaPA4ga0iQKduv3/arcgis/rest/services/USA_Structures_View/FeatureServer/0",
    "license_or_permission": "FEMA public data layer; no warranty; raw reference context",
    "publish_status": "raw_context",
    "confidence": "medium"
   },
   "geometry": {
    "type": "Polygon",
    "coordinates": [
     [
      [
       -85.7586431322128,
       35.1164892447593
      ],
      [
       -85.7587735442359,
       35.1164581932491
      ],
      [
       -85.7588604661211,
       35.1167046533549
      ],
      [
       -85.7587300531997,
       35.1167357062407
      ],
      [
       -85.7586431322128,
       35.1164892447593
      ]
     ]
    ]
   }
  },
  {
   "type": "Feature",
   "properties": {
    "kind": "building_footprint",
    "name": "740 Kelly Cove Road",
    "building_label": "740 Kelly Cove Road",
    "source_object_id": 108592092,
    "build_id": 3381240,
    "uuid": "{fc33a7fd-a21d-486c-bef2-8d3431a2cfdf}",
    "occupancy_class": "Residential",
    "primary_occupancy": "Single Family Dwelling",
    "secondary_occupancy": "",
    "address": "740 Kelly Cove Road",
    "city": "South Pittsburg",
    "state": "Tennessee",
    "zip": "37380",
    "county": "Marion",
    "outbuilding": "",
    "height_m": null,
    "area_sqm": 340.95,
    "area_sqft": 3626.1,
    "centroid_lng": -85.72581922,
    "centroid_lat": 35.07836936,
    "inside_aop_boundary": false,
    "production_date": "2019-06-06",
    "image_date": "2016-12-15",
    "image_name": "1040010026B1E200",
    "source_name": "ORNL",
    "validation_method": "Automated",
    "footprint_source": "FEMA USA Structures / ORNL",
    "source_item_url": "https://www.arcgis.com/home/item.html?id=e9fc147eaeae4dcaa4e9ad9802c7b9c6",
    "source_service_url": "https://services2.arcgis.com/FiaPA4ga0iQKduv3/arcgis/rest/services/USA_Structures_View/FeatureServer/0",
    "license_or_permission": "FEMA public data layer; no warranty; raw reference context",
    "publish_status": "raw_context",
    "confidence": "medium"
   },
   "geometry": {
    "type": "Polygon",
    "coordinates": [
     [
      [
       -85.7256720498458,
       35.0784288140851
      ],
      [
       -85.7256679571214,
       35.0783172997171
      ],
      [
       -85.7259663918318,
       35.0783098960028
      ],
      [
       -85.7259704863529,
       35.0784214111161
      ],
      [
       -85.7256720498458,
       35.0784288140851
      ]
     ]
    ]
   }
  },
  {
   "type": "Feature",
   "properties": {
    "kind": "building_footprint",
    "name": "740 Kelly Cove Road",
    "building_label": "740 Kelly Cove Road",
    "source_object_id": 108595176,
    "build_id": 3380733,
    "uuid": "{2bb3bcd4-f77f-4d5c-b515-5af944f3f474}",
    "occupancy_class": "Residential",
    "primary_occupancy": "Single Family Dwelling",
    "secondary_occupancy": "",
    "address": "740 Kelly Cove Road",
    "city": "South Pittsburg",
    "state": "Tennessee",
    "zip": "37380",
    "county": "Marion",
    "outbuilding": "",
    "height_m": null,
    "area_sqm": 114.55,
    "area_sqft": 1318.6,
    "centroid_lng": -85.72603456,
    "centroid_lat": 35.07804373,
    "inside_aop_boundary": false,
    "production_date": "2019-06-06",
    "image_date": "2016-12-15",
    "image_name": "1040010026B1E200",
    "source_name": "ORNL",
    "validation_method": "Automated",
    "footprint_source": "FEMA USA Structures / ORNL",
    "source_item_url": "https://www.arcgis.com/home/item.html?id=e9fc147eaeae4dcaa4e9ad9802c7b9c6",
    "source_service_url": "https://services2.arcgis.com/FiaPA4ga0iQKduv3/arcgis/rest/services/USA_Structures_View/FeatureServer/0",
    "license_or_permission": "FEMA public data layer; no warranty; raw reference context",
    "publish_status": "raw_context",
    "confidence": "medium"
   },
   "geometry": {
    "type": "Polygon",
    "coordinates": [
     [
      [
       -85.7259847938204,
       35.0779851699472
      ],
      [
       -85.7260931369319,
       35.0779909622318
      ],
      [
       -85.7260843298488,
       35.078102291787
      ],
      [
       -85.7259759894323,
       35.0780965002455
      ],
      [
       -85.7259847938204,
       35.0779851699472
      ]
     ]
    ]
   }
  },
  {
   "type": "Feature",
   "properties": {
    "kind": "building_footprint",
    "name": "740 Kelly Cove Road",
    "building_label": "740 Kelly Cove Road",
    "source_object_id": 108596618,
    "build_id": 3380771,
    "uuid": "{7d15a884-9fd0-4175-a3c9-5ca0c84c6836}",
    "occupancy_class": "Residential",
    "primary_occupancy": "Single Family Dwelling",
    "secondary_occupancy": "",
    "address": "740 Kelly Cove Road",
    "city": "South Pittsburg",
    "state": "Tennessee",
    "zip": "37380",
    "county": "Marion",
    "outbuilding": "",
    "height_m": null,
    "area_sqm": 57.44,
    "area_sqft": 692.3,
    "centroid_lng": -85.72589471,
    "centroid_lat": 35.0780779,
    "inside_aop_boundary": false,
    "production_date": "2019-06-06",
    "image_date": "2016-12-15",
    "image_name": "1040010026B1E200",
    "source_name": "ORNL",
    "validation_method": "Automated",
    "footprint_source": "FEMA USA Structures / ORNL",
    "source_item_url": "https://www.arcgis.com/home/item.html?id=e9fc147eaeae4dcaa4e9ad9802c7b9c6",
    "source_service_url": "https://services2.arcgis.com/FiaPA4ga0iQKduv3/arcgis/rest/services/USA_Structures_View/FeatureServer/0",
    "license_or_permission": "FEMA public data layer; no warranty; raw reference context",
    "publish_status": "raw_context",
    "confidence": "medium"
   },
   "geometry": {
    "type": "Polygon",
    "coordinates": [
     [
      [
       -85.7259345618263,
       35.0780382591346
      ],
      [
       -85.7259362641338,
       35.0781163420443
      ],
      [
       -85.725854848023,
       35.0781175403448
      ],
      [
       -85.7258531484105,
       35.0780394559658
      ],
      [
       -85.7259345618263,
       35.0780382591346
      ]
     ]
    ]
   }
  },
  {
   "type": "Feature",
   "properties": {
    "kind": "building_footprint",
    "name": "790 Tate Cove Road",
    "building_label": "790 Tate Cove Road",
    "source_object_id": 108601479,
    "build_id": 3461831,
    "uuid": "{6de2c70d-4207-4416-86f4-af9cc5c74da5}",
    "occupancy_class": "Residential",
    "primary_occupancy": "Single Family Dwelling",
    "secondary_occupancy": "",
    "address": "790 Tate Cove Road",
    "city": "South Pittsburg",
    "state": "Tennessee",
    "zip": "",
    "county": "Marion",
    "outbuilding": "",
    "height_m": null,
    "area_sqm": 138.49,
    "area_sqft": 1384.5,
    "centroid_lng": -85.76618314,
    "centroid_lat": 35.11119132,
    "inside_aop_boundary": false,
    "production_date": "2019-06-06",
    "image_date": "2016-12-15",
    "image_name": "1040010026B1E200",
    "source_name": "ORNL",
    "validation_method": "Automated",
    "footprint_source": "FEMA USA Structures / ORNL",
    "source_item_url": "https://www.arcgis.com/home/item.html?id=e9fc147eaeae4dcaa4e9ad9802c7b9c6",
    "source_service_url": "https://services2.arcgis.com/FiaPA4ga0iQKduv3/arcgis/rest/services/USA_Structures_View/FeatureServer/0",
    "license_or_permission": "FEMA public data layer; no warranty; raw reference context",
    "publish_status": "raw_context",
    "confidence": "medium"
   },
   "geometry": {
    "type": "Polygon",
    "coordinates": [
     [
      [
       -85.7661051812581,
       35.1112349298056
      ],
      [
       -85.7661753082408,
       35.1111140879394
      ],
      [
       -85.7662610919606,
       35.1111477031938
      ],
      [
       -85.7661909649779,
       35.1112685450102
      ],
      [
       -85.7661051812581,
       35.1112349298056
      ]
     ]
    ]
   }
  },
  {
   "type": "Feature",
   "properties": {
    "kind": "building_footprint",
    "name": "790 Tate Cove Road",
    "building_label": "790 Tate Cove Road",
    "source_object_id": 108610069,
    "build_id": 3461657,
    "uuid": "{4edd7d27-d944-409e-aaaf-aac33e859a4d}",
    "occupancy_class": "Residential",
    "primary_occupancy": "Single Family Dwelling",
    "secondary_occupancy": "",
    "address": "790 Tate Cove Road",
    "city": "South Pittsburg",
    "state": "Tennessee",
    "zip": "",
    "county": "Marion",
    "outbuilding": "",
    "height_m": null,
    "area_sqm": 75.63,
    "area_sqft": 791.1,
    "centroid_lng": -85.76641416,
    "centroid_lat": 35.11106675,
    "inside_aop_boundary": false,
    "production_date": "2019-06-06",
    "image_date": "2016-12-15",
    "image_name": "1040010026B1E200",
    "source_name": "ORNL",
    "validation_method": "Automated",
    "footprint_source": "FEMA USA Structures / ORNL",
    "source_item_url": "https://www.arcgis.com/home/item.html?id=e9fc147eaeae4dcaa4e9ad9802c7b9c6",
    "source_service_url": "https://services2.arcgis.com/FiaPA4ga0iQKduv3/arcgis/rest/services/USA_Structures_View/FeatureServer/0",
    "license_or_permission": "FEMA public data layer; no warranty; raw reference context",
    "publish_status": "raw_context",
    "confidence": "medium"
   },
   "geometry": {
    "type": "Polygon",
    "coordinates": [
     [
      [
       -85.7663700998253,
       35.1110243068355
      ],
      [
       -85.7664760740794,
       35.1110438731355
      ],
      [
       -85.7664582173682,
       35.1111091842439
      ],
      [
       -85.7663522431141,
       35.1110896179596
      ],
      [
       -85.7663700998253,
       35.1110243068355
      ]
     ]
    ]
   }
  },
  {
   "type": "Feature",
   "properties": {
    "kind": "building_footprint",
    "name": "815 Kelly Cove Road",
    "building_label": "815 Kelly Cove Road",
    "source_object_id": 108594661,
    "build_id": 3382353,
    "uuid": "{08dcdeb9-8035-4e3a-9aeb-c74fe81244d3}",
    "occupancy_class": "Residential",
    "primary_occupancy": "Single Family Dwelling",
    "secondary_occupancy": "",
    "address": "815 Kelly Cove Road",
    "city": "South Pittsburg",
    "state": "Tennessee",
    "zip": "37380",
    "county": "Marion",
    "outbuilding": "",
    "height_m": null,
    "area_sqm": 67.97,
    "area_sqft": 791.2,
    "centroid_lng": -85.72487554,
    "centroid_lat": 35.07913078,
    "inside_aop_boundary": false,
    "production_date": "2019-06-06",
    "image_date": "2016-12-15",
    "image_name": "1040010026B1E200",
    "source_name": "ORNL",
    "validation_method": "Automated",
    "footprint_source": "FEMA USA Structures / ORNL",
    "source_item_url": "https://www.arcgis.com/home/item.html?id=e9fc147eaeae4dcaa4e9ad9802c7b9c6",
    "source_service_url": "https://services2.arcgis.com/FiaPA4ga0iQKduv3/arcgis/rest/services/USA_Structures_View/FeatureServer/0",
    "license_or_permission": "FEMA public data layer; no warranty; raw reference context",
    "publish_status": "raw_context",
    "confidence": "medium"
   },
   "geometry": {
    "type": "Polygon",
    "coordinates": [
     [
      [
       -85.7248191812302,
       35.0791618539282
      ],
      [
       -85.7248234688891,
       35.079095007973
      ],
      [
       -85.724931890154,
       35.0790997070185
      ],
      [
       -85.7249276042918,
       35.0791665537049
      ],
      [
       -85.7248191812302,
       35.0791618539282
      ]
     ]
    ]
   }
  },
  {
   "type": "Feature",
   "properties": {
    "kind": "building_footprint",
    "name": "880 Ellis Cove Road",
    "building_label": "880 Ellis Cove Road",
    "source_object_id": 108601897,
    "build_id": 3396032,
    "uuid": "{a006e803-c2e4-4a1d-94b2-5c17128eae20}",
    "occupancy_class": "Residential",
    "primary_occupancy": "Single Family Dwelling",
    "secondary_occupancy": "",
    "address": "880 Ellis Cove Road",
    "city": "South Pittsburg",
    "state": "Tennessee",
    "zip": "37380",
    "county": "Marion",
    "outbuilding": "",
    "height_m": null,
    "area_sqm": 70.2,
    "area_sqft": 692.3,
    "centroid_lng": -85.74609062,
    "centroid_lat": 35.08939468,
    "inside_aop_boundary": true,
    "production_date": "2019-06-06",
    "image_date": "2016-12-15",
    "image_name": "1040010026B1E200",
    "source_name": "ORNL",
    "validation_method": "Automated",
    "footprint_source": "FEMA USA Structures / ORNL",
    "source_item_url": "https://www.arcgis.com/home/item.html?id=e9fc147eaeae4dcaa4e9ad9802c7b9c6",
    "source_service_url": "https://services2.arcgis.com/FiaPA4ga0iQKduv3/arcgis/rest/services/USA_Structures_View/FeatureServer/0",
    "license_or_permission": "FEMA public data layer; no warranty; raw reference context",
    "publish_status": "raw_context",
    "confidence": "medium"
   },
   "geometry": {
    "type": "Polygon",
    "coordinates": [
     [
      [
       -85.7461336103845,
       35.0894320453525
      ],
      [
       -85.7460522670372,
       35.0894353089818
      ],
      [
       -85.7460476344253,
       35.0893573060009
      ],
      [
       -85.7461289768742,
       35.0893540416335
      ],
      [
       -85.7461336103845,
       35.0894320453525
      ]
     ]
    ]
   }
  },
  {
   "type": "Feature",
   "properties": {
    "kind": "building_footprint",
    "name": "889 Ellis Cove Road",
    "building_label": "889 Ellis Cove Road",
    "source_object_id": 108598866,
    "build_id": 3395651,
    "uuid": "{108a5d22-3512-4436-8072-db501f06ca71}",
    "occupancy_class": "Residential",
    "primary_occupancy": "Single Family Dwelling",
    "secondary_occupancy": "",
    "address": "889 Ellis Cove Road",
    "city": "South Pittsburg",
    "state": "Tennessee",
    "zip": "37380",
    "county": "Marion",
    "outbuilding": "",
    "height_m": null,
    "area_sqm": 338.88,
    "area_sqft": 3626.1,
    "centroid_lng": -85.7467172,
    "centroid_lat": 35.08903141,
    "inside_aop_boundary": false,
    "production_date": "2019-06-06",
    "image_date": "2016-12-15",
    "image_name": "1040010026B1E200",
    "source_name": "ORNL",
    "validation_method": "Automated",
    "footprint_source": "FEMA USA Structures / ORNL",
    "source_item_url": "https://www.arcgis.com/home/item.html?id=e9fc147eaeae4dcaa4e9ad9802c7b9c6",
    "source_service_url": "https://services2.arcgis.com/FiaPA4ga0iQKduv3/arcgis/rest/services/USA_Structures_View/FeatureServer/0",
    "license_or_permission": "FEMA public data layer; no warranty; raw reference context",
    "publish_status": "raw_context",
    "confidence": "medium"
   },
   "geometry": {
    "type": "Polygon",
    "coordinates": [
     [
      [
       -85.7465657494435,
       35.0890581619407
      ],
      [
       -85.7467708132633,
       35.0889119527495
      ],
      [
       -85.7468686478826,
       35.0890046580029
      ],
      [
       -85.7466635831644,
       35.0891508670279
      ],
      [
       -85.7465657494435,
       35.0890581619407
      ]
     ]
    ]
   }
  },
  {
   "type": "Feature",
   "properties": {
    "kind": "building_footprint",
    "name": "921 Kelly Cove Road",
    "building_label": "921 Kelly Cove Road",
    "source_object_id": 108599624,
    "build_id": 3382904,
    "uuid": "{b4be0b40-7884-4232-974f-793a3a70d592}",
    "occupancy_class": "Residential",
    "primary_occupancy": "Manufactured Home",
    "secondary_occupancy": "",
    "address": "921 Kelly Cove Road",
    "city": "South Pittsburg",
    "state": "Tennessee",
    "zip": "37380",
    "county": "Marion",
    "outbuilding": "",
    "height_m": null,
    "area_sqm": 123.49,
    "area_sqft": 1384.5,
    "centroid_lng": -85.72340847,
    "centroid_lat": 35.07942786,
    "inside_aop_boundary": false,
    "production_date": "2019-06-06",
    "image_date": "2016-12-15",
    "image_name": "1040010026B1E200",
    "source_name": "ORNL",
    "validation_method": "Automated",
    "footprint_source": "FEMA USA Structures / ORNL",
    "source_item_url": "https://www.arcgis.com/home/item.html?id=e9fc147eaeae4dcaa4e9ad9802c7b9c6",
    "source_service_url": "https://services2.arcgis.com/FiaPA4ga0iQKduv3/arcgis/rest/services/USA_Structures_View/FeatureServer/0",
    "license_or_permission": "FEMA public data layer; no warranty; raw reference context",
    "publish_status": "raw_context",
    "confidence": "medium"
   },
   "geometry": {
    "type": "Polygon",
    "coordinates": [
     [
      [
       -85.7233187108381,
       35.0794041593049
      ],
      [
       -85.7234777395929,
       35.0793752968887
      ],
      [
       -85.723498220283,
       35.0794515568381
      ],
      [
       -85.7233391924266,
       35.0794804192272
      ],
      [
       -85.7233187108381,
       35.0794041593049
      ]
     ]
    ]
   }
  },
  {
   "type": "Feature",
   "properties": {
    "kind": "building_footprint",
    "name": "955 Kelly Cove Road",
    "building_label": "955 Kelly Cove Road",
    "source_object_id": 108606612,
    "build_id": 3384718,
    "uuid": "{91a7e8af-a0f9-44ab-896b-fa833835acae}",
    "occupancy_class": "Residential",
    "primary_occupancy": "Single Family Dwelling",
    "secondary_occupancy": "",
    "address": "955 Kelly Cove Road",
    "city": "South Pittsburg",
    "state": "Tennessee",
    "zip": "37380",
    "county": "Marion",
    "outbuilding": "",
    "height_m": null,
    "area_sqm": 57.76,
    "area_sqft": 576.9,
    "centroid_lng": -85.72269844,
    "centroid_lat": 35.08084203,
    "inside_aop_boundary": false,
    "production_date": "2019-06-06",
    "image_date": "2016-12-15",
    "image_name": "1040010026B1E200",
    "source_name": "ORNL",
    "validation_method": "Automated",
    "footprint_source": "FEMA USA Structures / ORNL",
    "source_item_url": "https://www.arcgis.com/home/item.html?id=e9fc147eaeae4dcaa4e9ad9802c7b9c6",
    "source_service_url": "https://services2.arcgis.com/FiaPA4ga0iQKduv3/arcgis/rest/services/USA_Structures_View/FeatureServer/0",
    "license_or_permission": "FEMA public data layer; no warranty; raw reference context",
    "publish_status": "raw_context",
    "confidence": "medium"
   },
   "geometry": {
    "type": "Polygon",
    "coordinates": [
     [
      [
       -85.7227486893662,
       35.0808176178649
      ],
      [
       -85.7227428305539,
       35.0808731921499
      ],
      [
       -85.7226481831572,
       35.0808664488133
      ],
      [
       -85.7226540410712,
       35.0808108752588
      ],
      [
       -85.7227486893662,
       35.0808176178649
      ]
     ]
    ]
   }
  },
  {
   "type": "Feature",
   "properties": {
    "kind": "building_footprint",
    "name": "996 Kelly Cove Road",
    "building_label": "996 Kelly Cove Road",
    "source_object_id": 108594652,
    "build_id": 3382343,
    "uuid": "{e631b4b8-17bb-4bcf-8341-729c47057c9d}",
    "occupancy_class": "Unclassified",
    "primary_occupancy": "Unclassified",
    "secondary_occupancy": "",
    "address": "996 Kelly Cove Road",
    "city": "South Pittsburg",
    "state": "Tennessee",
    "zip": "37380",
    "county": "Marion",
    "outbuilding": "",
    "height_m": null,
    "area_sqm": 123.49,
    "area_sqft": 1186.7,
    "centroid_lng": -85.72181148,
    "centroid_lat": 35.07905228,
    "inside_aop_boundary": false,
    "production_date": "2019-06-06",
    "image_date": "2016-12-15",
    "image_name": "1040010026B1E200",
    "source_name": "ORNL",
    "validation_method": "Automated",
    "footprint_source": "FEMA USA Structures / ORNL",
    "source_item_url": "https://www.arcgis.com/home/item.html?id=e9fc147eaeae4dcaa4e9ad9802c7b9c6",
    "source_service_url": "https://services2.arcgis.com/FiaPA4ga0iQKduv3/arcgis/rest/services/USA_Structures_View/FeatureServer/0",
    "license_or_permission": "FEMA public data layer; no warranty; raw reference context",
    "publish_status": "raw_context",
    "confidence": "medium"
   },
   "geometry": {
    "type": "Polygon",
    "coordinates": [
     [
      [
       -85.7218140821445,
       35.0789774699955
      ],
      [
       -85.7218827260087,
       35.0790988740995
      ],
      [
       -85.721808883594,
       35.0791270889511
      ],
      [
       -85.7217402388316,
       35.0790056848891
      ],
      [
       -85.7218140821445,
       35.0789774699955
      ]
     ]
    ]
   }
  },
  {
   "type": "Feature",
   "properties": {
    "kind": "building_footprint",
    "name": "",
    "building_label": "Agriculture structure",
    "source_object_id": 108596767,
    "build_id": 3371210,
    "uuid": "{9f993c43-d31f-4284-bb74-13c4a8061293}",
    "occupancy_class": "Agriculture",
    "primary_occupancy": "Agriculture",
    "secondary_occupancy": "",
    "address": "",
    "city": "",
    "state": "Tennessee",
    "zip": "",
    "county": "Marion",
    "outbuilding": "",
    "height_m": null,
    "area_sqm": 401.27,
    "area_sqft": 4746.9,
    "centroid_lng": -85.77463364,
    "centroid_lat": 35.07273824,
    "inside_aop_boundary": false,
    "production_date": "2019-06-06",
    "image_date": "2016-12-15",
    "image_name": "1040010026B1E200",
    "source_name": "ORNL",
    "validation_method": "Automated",
    "footprint_source": "FEMA USA Structures / ORNL",
    "source_item_url": "https://www.arcgis.com/home/item.html?id=e9fc147eaeae4dcaa4e9ad9802c7b9c6",
    "source_service_url": "https://services2.arcgis.com/FiaPA4ga0iQKduv3/arcgis/rest/services/USA_Structures_View/FeatureServer/0",
    "license_or_permission": "FEMA public data layer; no warranty; raw reference context",
    "publish_status": "raw_context",
    "confidence": "medium"
   },
   "geometry": {
    "type": "Polygon",
    "coordinates": [
     [
      [
       -85.7746331496601,
       35.0725885589292
      ],
      [
       -85.7747795813396,
       35.0728277320186
      ],
      [
       -85.7746341207389,
       35.072887922925
      ],
      [
       -85.7744876899577,
       35.0726487522176
      ],
      [
       -85.7746331496601,
       35.0725885589292
      ]
     ]
    ]
   }
  },
  {
   "type": "Feature",
   "properties": {
    "kind": "building_footprint",
    "name": "",
    "building_label": "Agriculture structure",
    "source_object_id": 108604339,
    "build_id": 3453920,
    "uuid": "{1883f2ee-b11e-4858-b254-b5bb55869175}",
    "occupancy_class": "Agriculture",
    "primary_occupancy": "Agriculture",
    "secondary_occupancy": "",
    "address": "",
    "city": "",
    "state": "Tennessee",
    "zip": "",
    "county": "Marion",
    "outbuilding": "",
    "height_m": null,
    "area_sqm": 45.63,
    "area_sqft": 494.5,
    "centroid_lng": -85.72936796,
    "centroid_lat": 35.10305094,
    "inside_aop_boundary": false,
    "production_date": "2019-06-06",
    "image_date": "2016-12-15",
    "image_name": "1040010026B1E200",
    "source_name": "ORNL",
    "validation_method": "Automated",
    "footprint_source": "FEMA USA Structures / ORNL",
    "source_item_url": "https://www.arcgis.com/home/item.html?id=e9fc147eaeae4dcaa4e9ad9802c7b9c6",
    "source_service_url": "https://services2.arcgis.com/FiaPA4ga0iQKduv3/arcgis/rest/services/USA_Structures_View/FeatureServer/0",
    "license_or_permission": "FEMA public data layer; no warranty; raw reference context",
    "publish_status": "raw_context",
    "confidence": "medium"
   },
   "geometry": {
    "type": "Polygon",
    "coordinates": [
     [
      [
       -85.7293154405684,
       35.1030449793313
      ],
      [
       -85.7293656177652,
       35.1030074112249
      ],
      [
       -85.7294204742864,
       35.1030568932635
      ],
      [
       -85.7293702979879,
       35.1030944598772
      ],
      [
       -85.7293154405684,
       35.1030449793313
      ]
     ]
    ]
   }
  },
  {
   "type": "Feature",
   "properties": {
    "kind": "building_footprint",
    "name": "",
    "building_label": "Agriculture structure",
    "source_object_id": 108609388,
    "build_id": 3384904,
    "uuid": "{ad9d203c-8ec2-4083-9c2e-cfea4db44882}",
    "occupancy_class": "Agriculture",
    "primary_occupancy": "Agriculture",
    "secondary_occupancy": "",
    "address": "",
    "city": "",
    "state": "Tennessee",
    "zip": "",
    "county": "Marion",
    "outbuilding": "",
    "height_m": null,
    "area_sqm": 381.63,
    "area_sqft": 4153.5,
    "centroid_lng": -85.71895097,
    "centroid_lat": 35.08091506,
    "inside_aop_boundary": false,
    "production_date": "2019-06-06",
    "image_date": "2016-12-15",
    "image_name": "1040010026B1E200",
    "source_name": "ORNL",
    "validation_method": "Automated",
    "footprint_source": "FEMA USA Structures / ORNL",
    "source_item_url": "https://www.arcgis.com/home/item.html?id=e9fc147eaeae4dcaa4e9ad9802c7b9c6",
    "source_service_url": "https://services2.arcgis.com/FiaPA4ga0iQKduv3/arcgis/rest/services/USA_Structures_View/FeatureServer/0",
    "license_or_permission": "FEMA public data layer; no warranty; raw reference context",
    "publish_status": "raw_context",
    "confidence": "medium"
   },
   "geometry": {
    "type": "Polygon",
    "coordinates": [
     [
      [
       -85.7188430166318,
       35.0810166847524
      ],
      [
       -85.7187896540089,
       35.0808901971473
      ],
      [
       -85.7190589267103,
       35.0808134313035
      ],
      [
       -85.7191122902314,
       35.0809399182925
      ],
      [
       -85.7188430166318,
       35.0810166847524
      ]
     ]
    ]
   }
  },
  {
   "type": "Feature",
   "properties": {
    "kind": "building_footprint",
    "name": "",
    "building_label": "Agriculture structure",
    "source_object_id": 108609476,
    "build_id": 3449861,
    "uuid": "{7eb6c1dd-4561-4163-af0e-c73ccbaa46c5}",
    "occupancy_class": "Agriculture",
    "primary_occupancy": "Agriculture",
    "secondary_occupancy": "",
    "address": "",
    "city": "",
    "state": "Tennessee",
    "zip": "",
    "county": "Marion",
    "outbuilding": "",
    "height_m": null,
    "area_sqm": 128.91,
    "area_sqft": 1318.6,
    "centroid_lng": -85.73557291,
    "centroid_lat": 35.09869922,
    "inside_aop_boundary": false,
    "production_date": "2019-06-06",
    "image_date": "2016-12-15",
    "image_name": "1040010026B1E200",
    "source_name": "ORNL",
    "validation_method": "Automated",
    "footprint_source": "FEMA USA Structures / ORNL",
    "source_item_url": "https://www.arcgis.com/home/item.html?id=e9fc147eaeae4dcaa4e9ad9802c7b9c6",
    "source_service_url": "https://services2.arcgis.com/FiaPA4ga0iQKduv3/arcgis/rest/services/USA_Structures_View/FeatureServer/0",
    "license_or_permission": "FEMA public data layer; no warranty; raw reference context",
    "publish_status": "raw_context",
    "confidence": "medium"
   },
   "geometry": {
    "type": "Polygon",
    "coordinates": [
     [
      [
       -85.7356257721644,
       35.0986425089399
      ],
      [
       -85.7356286306036,
       35.0987540491734
      ],
      [
       -85.7355200566251,
       35.0987559292205
      ],
      [
       -85.7355171981859,
       35.0986443882547
      ],
      [
       -85.7356257721644,
       35.0986425089399
      ]
     ]
    ]
   }
  },
  {
   "type": "Feature",
   "properties": {
    "kind": "building_footprint",
    "name": "",
    "building_label": "Agriculture structure",
    "source_object_id": 108611107,
    "build_id": 3458660,
    "uuid": "{eb9367b0-6428-4ab8-92fa-797169652ada}",
    "occupancy_class": "Agriculture",
    "primary_occupancy": "Agriculture",
    "secondary_occupancy": "",
    "address": "",
    "city": "",
    "state": "Tennessee",
    "zip": "",
    "county": "Marion",
    "outbuilding": "",
    "height_m": null,
    "area_sqm": 149.49,
    "area_sqft": 1648.2,
    "centroid_lng": -85.73761481,
    "centroid_lat": 35.10793199,
    "inside_aop_boundary": false,
    "production_date": "2019-06-06",
    "image_date": "2016-12-15",
    "image_name": "1040010026B1E200",
    "source_name": "ORNL",
    "validation_method": "Automated",
    "footprint_source": "FEMA USA Structures / ORNL",
    "source_item_url": "https://www.arcgis.com/home/item.html?id=e9fc147eaeae4dcaa4e9ad9802c7b9c6",
    "source_service_url": "https://services2.arcgis.com/FiaPA4ga0iQKduv3/arcgis/rest/services/USA_Structures_View/FeatureServer/0",
    "license_or_permission": "FEMA public data layer; no warranty; raw reference context",
    "publish_status": "raw_context",
    "confidence": "medium"
   },
   "geometry": {
    "type": "Polygon",
    "coordinates": [
     [
      [
       -85.7376990371277,
       35.1079698429476
      ],
      [
       -85.7375687472755,
       35.1080012019346
      ],
      [
       -85.7375305868423,
       35.1078941351072
      ],
      [
       -85.7376608757961,
       35.107862776079
      ],
      [
       -85.7376990371277,
       35.1079698429476
      ]
     ]
    ]
   }
  },
  {
   "type": "Feature",
   "properties": {
    "kind": "building_footprint",
    "name": "",
    "building_label": "Manufactured Home structure",
    "source_object_id": 108603588,
    "build_id": 3452177,
    "uuid": "{9da6f716-65f5-4552-8366-e1a0e60a990b}",
    "occupancy_class": "Residential",
    "primary_occupancy": "Manufactured Home",
    "secondary_occupancy": "",
    "address": "",
    "city": "",
    "state": "Tennessee",
    "zip": "",
    "county": "Marion",
    "outbuilding": "",
    "height_m": null,
    "area_sqm": 134.66,
    "area_sqft": 1582.3,
    "centroid_lng": -85.73646382,
    "centroid_lat": 35.1013421,
    "inside_aop_boundary": false,
    "production_date": "2019-06-06",
    "image_date": "2016-12-15",
    "image_name": "1040010026B1E200",
    "source_name": "ORNL",
    "validation_method": "Automated",
    "footprint_source": "FEMA USA Structures / ORNL",
    "source_item_url": "https://www.arcgis.com/home/item.html?id=e9fc147eaeae4dcaa4e9ad9802c7b9c6",
    "source_service_url": "https://services2.arcgis.com/FiaPA4ga0iQKduv3/arcgis/rest/services/USA_Structures_View/FeatureServer/0",
    "license_or_permission": "FEMA public data layer; no warranty; raw reference context",
    "publish_status": "raw_context",
    "confidence": "medium"
   },
   "geometry": {
    "type": "Polygon",
    "coordinates": [
     [
      [
       -85.7365185888606,
       35.1014087869288
      ],
      [
       -85.736409988831,
       35.1014092977147
      ],
      [
       -85.736409057278,
       35.1012754232019
      ],
      [
       -85.7365176573077,
       35.1012749116802
      ],
      [
       -85.7365185888606,
       35.1014087869288
      ]
     ]
    ]
   }
  },
  {
   "type": "Feature",
   "properties": {
    "kind": "building_footprint",
    "name": "",
    "building_label": "Manufactured Home structure",
    "source_object_id": 108606685,
    "build_id": 3452576,
    "uuid": "{12428e6c-1597-4ad6-8d6d-9cbef2088f89}",
    "occupancy_class": "Residential",
    "primary_occupancy": "Manufactured Home",
    "secondary_occupancy": "",
    "address": "",
    "city": "",
    "state": "Tennessee",
    "zip": "",
    "county": "Marion",
    "outbuilding": "",
    "height_m": null,
    "area_sqm": 102.27,
    "area_sqft": 1186.7,
    "centroid_lng": -85.73649745,
    "centroid_lat": 35.10177773,
    "inside_aop_boundary": false,
    "production_date": "2019-06-06",
    "image_date": "2016-12-15",
    "image_name": "1040010026B1E200",
    "source_name": "ORNL",
    "validation_method": "Automated",
    "footprint_source": "FEMA USA Structures / ORNL",
    "source_item_url": "https://www.arcgis.com/home/item.html?id=e9fc147eaeae4dcaa4e9ad9802c7b9c6",
    "source_service_url": "https://services2.arcgis.com/FiaPA4ga0iQKduv3/arcgis/rest/services/USA_Structures_View/FeatureServer/0",
    "license_or_permission": "FEMA public data layer; no warranty; raw reference context",
    "publish_status": "raw_context",
    "confidence": "medium"
   },
   "geometry": {
    "type": "Polygon",
    "coordinates": [
     [
      [
       -85.7364635481849,
       35.1018767477545
      ],
      [
       -85.7364771361019,
       35.1016762398502
      ],
      [
       -85.7365313530225,
       35.1016787217468
      ],
      [
       -85.7365177660038,
       35.1018792289102
      ],
      [
       -85.7364635481849,
       35.1018767477545
      ]
     ]
    ]
   }
  },
  {
   "type": "Feature",
   "properties": {
    "kind": "building_footprint",
    "name": "",
    "building_label": "Manufactured Home structure",
    "source_object_id": 108608170,
    "build_id": 3452973,
    "uuid": "{f1e0057e-9ab4-4d0b-a97e-12ab4c24baa1}",
    "occupancy_class": "Residential",
    "primary_occupancy": "Manufactured Home",
    "secondary_occupancy": "",
    "address": "",
    "city": "",
    "state": "Tennessee",
    "zip": "",
    "county": "Marion",
    "outbuilding": "",
    "height_m": null,
    "area_sqm": 116.15,
    "area_sqft": 1186.7,
    "centroid_lng": -85.73652084,
    "centroid_lat": 35.10211739,
    "inside_aop_boundary": false,
    "production_date": "2019-06-06",
    "image_date": "2016-12-15",
    "image_name": "1040010026B1E200",
    "source_name": "ORNL",
    "validation_method": "Automated",
    "footprint_source": "FEMA USA Structures / ORNL",
    "source_item_url": "https://www.arcgis.com/home/item.html?id=e9fc147eaeae4dcaa4e9ad9802c7b9c6",
    "source_service_url": "https://services2.arcgis.com/FiaPA4ga0iQKduv3/arcgis/rest/services/USA_Structures_View/FeatureServer/0",
    "license_or_permission": "FEMA public data layer; no warranty; raw reference context",
    "publish_status": "raw_context",
    "confidence": "medium"
   },
   "geometry": {
    "type": "Polygon",
    "coordinates": [
     [
      [
       -85.7365110897246,
       35.1022199380445
      ],
      [
       -85.7364768189966,
       35.1020211059084
      ],
      [
       -85.7365305840646,
       35.1020148479097
      ],
      [
       -85.7365648547927,
       35.102213680061
      ],
      [
       -85.7365110897246,
       35.1022199380445
      ]
     ]
    ]
   }
  },
  {
   "type": "Feature",
   "properties": {
    "kind": "building_footprint",
    "name": "",
    "building_label": "Manufactured Home structure",
    "source_object_id": 108608916,
    "build_id": 3451860,
    "uuid": "{21ed11dc-cc16-4533-8a6f-89cc05109d12}",
    "occupancy_class": "Residential",
    "primary_occupancy": "Manufactured Home",
    "secondary_occupancy": "",
    "address": "",
    "city": "",
    "state": "Tennessee",
    "zip": "",
    "county": "Marion",
    "outbuilding": "",
    "height_m": null,
    "area_sqm": 144.71,
    "area_sqft": 1384.5,
    "centroid_lng": -85.73643883,
    "centroid_lat": 35.10090759,
    "inside_aop_boundary": false,
    "production_date": "2019-06-06",
    "image_date": "2016-12-15",
    "image_name": "1040010026B1E200",
    "source_name": "ORNL",
    "validation_method": "Automated",
    "footprint_source": "FEMA USA Structures / ORNL",
    "source_item_url": "https://www.arcgis.com/home/item.html?id=e9fc147eaeae4dcaa4e9ad9802c7b9c6",
    "source_service_url": "https://services2.arcgis.com/FiaPA4ga0iQKduv3/arcgis/rest/services/USA_Structures_View/FeatureServer/0",
    "license_or_permission": "FEMA public data layer; no warranty; raw reference context",
    "publish_status": "raw_context",
    "confidence": "medium"
   },
   "geometry": {
    "type": "Polygon",
    "coordinates": [
     [
      [
       -85.7363926756005,
       35.1008315601071
      ],
      [
       -85.7364739911,
       35.1008276891312
      ],
      [
       -85.7364849846825,
       35.1009836179527
      ],
      [
       -85.7364036709796,
       35.1009874896562
      ],
      [
       -85.7363926756005,
       35.1008315601071
      ]
     ]
    ]
   }
  },
  {
   "type": "Feature",
   "properties": {
    "kind": "building_footprint",
    "name": "",
    "building_label": "Single Family Dwelling structure",
    "source_object_id": 108585907,
    "build_id": 3367989,
    "uuid": "{e90a743d-388a-4119-9d12-2e3c1c8f5923}",
    "occupancy_class": "Residential",
    "primary_occupancy": "Single Family Dwelling",
    "secondary_occupancy": "",
    "address": "",
    "city": "",
    "state": "Tennessee",
    "zip": "",
    "county": "Marion",
    "outbuilding": "",
    "height_m": null,
    "area_sqm": 439.07,
    "area_sqft": 4944.7,
    "centroid_lng": -85.73208291,
    "centroid_lat": 35.07049961,
    "inside_aop_boundary": false,
    "production_date": "2019-06-06",
    "image_date": "2016-12-15",
    "image_name": "1040010026B1E200",
    "source_name": "ORNL",
    "validation_method": "Automated",
    "footprint_source": "FEMA USA Structures / ORNL",
    "source_item_url": "https://www.arcgis.com/home/item.html?id=e9fc147eaeae4dcaa4e9ad9802c7b9c6",
    "source_service_url": "https://services2.arcgis.com/FiaPA4ga0iQKduv3/arcgis/rest/services/USA_Structures_View/FeatureServer/0",
    "license_or_permission": "FEMA public data layer; no warranty; raw reference context",
    "publish_status": "raw_context",
    "confidence": "medium"
   },
   "geometry": {
    "type": "Polygon",
    "coordinates": [
     [
      [
       -85.7321129866026,
       35.0706368527953
      ],
      [
       -85.7319142253629,
       35.0704849170253
      ],
      [
       -85.732052829123,
       35.0703623597732
      ],
      [
       -85.7322515912611,
       35.0705142950361
      ],
      [
       -85.7321129866026,
       35.0706368527953
      ]
     ]
    ]
   }
  },
  {
   "type": "Feature",
   "properties": {
    "kind": "building_footprint",
    "name": "",
    "building_label": "Single Family Dwelling structure",
    "source_object_id": 108591521,
    "build_id": 3386916,
    "uuid": "{504dc1bf-b4f4-497f-acdc-77aae8c9dded}",
    "occupancy_class": "Residential",
    "primary_occupancy": "Single Family Dwelling",
    "secondary_occupancy": "",
    "address": "",
    "city": "",
    "state": "Tennessee",
    "zip": "",
    "county": "Marion",
    "outbuilding": "",
    "height_m": null,
    "area_sqm": 111.36,
    "area_sqft": 1038.4,
    "centroid_lng": -85.74132783,
    "centroid_lat": 35.08282675,
    "inside_aop_boundary": false,
    "production_date": "2019-06-06",
    "image_date": "2016-12-15",
    "image_name": "1040010026B1E200",
    "source_name": "ORNL",
    "validation_method": "Automated",
    "footprint_source": "FEMA USA Structures / ORNL",
    "source_item_url": "https://www.arcgis.com/home/item.html?id=e9fc147eaeae4dcaa4e9ad9802c7b9c6",
    "source_service_url": "https://services2.arcgis.com/FiaPA4ga0iQKduv3/arcgis/rest/services/USA_Structures_View/FeatureServer/0",
    "license_or_permission": "FEMA public data layer; no warranty; raw reference context",
    "publish_status": "raw_context",
    "confidence": "medium"
   },
   "geometry": {
    "type": "Polygon",
    "coordinates": [
     [
      [
       -85.7412671750807,
       35.0828662379469
      ],
      [
       -85.7412663342575,
       35.0827881448809
      ],
      [
       -85.741388479085,
       35.0827872568662
      ],
      [
       -85.7413893190098,
       35.082865349933
      ],
      [
       -85.7412671750807,
       35.0828662379469
      ]
     ]
    ]
   }
  },
  {
   "type": "Feature",
   "properties": {
    "kind": "building_footprint",
    "name": "",
    "building_label": "Single Family Dwelling structure",
    "source_object_id": 108594678,
    "build_id": 3387344,
    "uuid": "{327cf9ed-662d-48fe-a2d7-355a60df302e}",
    "occupancy_class": "Residential",
    "primary_occupancy": "Single Family Dwelling",
    "secondary_occupancy": "",
    "address": "",
    "city": "",
    "state": "Tennessee",
    "zip": "",
    "county": "Marion",
    "outbuilding": "",
    "height_m": null,
    "area_sqm": 118.7,
    "area_sqft": 1318.6,
    "centroid_lng": -85.73949977,
    "centroid_lat": 35.08309094,
    "inside_aop_boundary": false,
    "production_date": "2019-06-06",
    "image_date": "2016-12-15",
    "image_name": "1040010026B1E200",
    "source_name": "ORNL",
    "validation_method": "Automated",
    "footprint_source": "FEMA USA Structures / ORNL",
    "source_item_url": "https://www.arcgis.com/home/item.html?id=e9fc147eaeae4dcaa4e9ad9802c7b9c6",
    "source_service_url": "https://services2.arcgis.com/FiaPA4ga0iQKduv3/arcgis/rest/services/USA_Structures_View/FeatureServer/0",
    "license_or_permission": "FEMA public data layer; no warranty; raw reference context",
    "publish_status": "raw_context",
    "confidence": "medium"
   },
   "geometry": {
    "type": "Polygon",
    "coordinates": [
     [
      [
       -85.7395005212934,
       35.0831623753363
      ],
      [
       -85.739415154392,
       35.0831072223578
      ],
      [
       -85.7394990229035,
       35.0830195062053
      ],
      [
       -85.739584389805,
       35.0830746592431
      ],
      [
       -85.7395005212934,
       35.0831623753363
      ]
     ]
    ]
   }
  },
  {
   "type": "Feature",
   "properties": {
    "kind": "building_footprint",
    "name": "",
    "building_label": "Single Family Dwelling structure",
    "source_object_id": 108594981,
    "build_id": 3364137,
    "uuid": "{2e060108-cd3f-41e1-b7fc-53633b834bdb}",
    "occupancy_class": "Residential",
    "primary_occupancy": "Single Family Dwelling",
    "secondary_occupancy": "",
    "address": "",
    "city": "",
    "state": "Tennessee",
    "zip": "",
    "county": "Marion",
    "outbuilding": "",
    "height_m": null,
    "area_sqm": 191.19,
    "area_sqft": 2175.6,
    "centroid_lng": -85.74399309,
    "centroid_lat": 35.06807137,
    "inside_aop_boundary": false,
    "production_date": "2019-06-06",
    "image_date": "2016-12-09",
    "image_name": "10400100251CA700",
    "source_name": "ORNL",
    "validation_method": "Automated",
    "footprint_source": "FEMA USA Structures / ORNL",
    "source_item_url": "https://www.arcgis.com/home/item.html?id=e9fc147eaeae4dcaa4e9ad9802c7b9c6",
    "source_service_url": "https://services2.arcgis.com/FiaPA4ga0iQKduv3/arcgis/rest/services/USA_Structures_View/FeatureServer/0",
    "license_or_permission": "FEMA public data layer; no warranty; raw reference context",
    "publish_status": "raw_context",
    "confidence": "medium"
   },
   "geometry": {
    "type": "Polygon",
    "coordinates": [
     [
      [
       -85.7440506606841,
       35.068148862247
      ],
      [
       -85.7439041831905,
       35.068125249901
      ],
      [
       -85.743935511936,
       35.0679938727852
      ],
      [
       -85.7440819912262,
       35.0680174836988
      ],
      [
       -85.7440506606841,
       35.068148862247
      ]
     ]
    ]
   }
  },
  {
   "type": "Feature",
   "properties": {
    "kind": "building_footprint",
    "name": "",
    "building_label": "Single Family Dwelling structure",
    "source_object_id": 108596146,
    "build_id": 3362770,
    "uuid": "{b4ed9303-0f5e-4476-8fbe-2f63a31fc8d7}",
    "occupancy_class": "Residential",
    "primary_occupancy": "Single Family Dwelling",
    "secondary_occupancy": "",
    "address": "",
    "city": "",
    "state": "Tennessee",
    "zip": "",
    "county": "Marion",
    "outbuilding": "",
    "height_m": null,
    "area_sqm": 109.61,
    "area_sqft": 1153.8,
    "centroid_lng": -85.76401811,
    "centroid_lat": 35.06728378,
    "inside_aop_boundary": false,
    "production_date": "2019-06-06",
    "image_date": "2016-12-15",
    "image_name": "1040010026B1E200",
    "source_name": "ORNL",
    "validation_method": "Automated",
    "footprint_source": "FEMA USA Structures / ORNL",
    "source_item_url": "https://www.arcgis.com/home/item.html?id=e9fc147eaeae4dcaa4e9ad9802c7b9c6",
    "source_service_url": "https://services2.arcgis.com/FiaPA4ga0iQKduv3/arcgis/rest/services/USA_Structures_View/FeatureServer/0",
    "license_or_permission": "FEMA public data layer; no warranty; raw reference context",
    "publish_status": "raw_context",
    "confidence": "medium"
   },
   "geometry": {
    "type": "Polygon",
    "coordinates": [
     [
      [
       -85.7640883529525,
       35.0673198460732
      ],
      [
       -85.7640009289091,
       35.067350386184
      ],
      [
       -85.7639478636286,
       35.0672477039586
      ],
      [
       -85.7640352876721,
       35.0672171638094
      ],
      [
       -85.7640883529525,
       35.0673198460732
      ]
     ]
    ]
   }
  },
  {
   "type": "Feature",
   "properties": {
    "kind": "building_footprint",
    "name": "",
    "building_label": "Single Family Dwelling structure",
    "source_object_id": 108601359,
    "build_id": 3466747,
    "uuid": "{3bb6c386-e1c8-4953-8dac-1ce10ba6387e}",
    "occupancy_class": "Residential",
    "primary_occupancy": "Single Family Dwelling",
    "secondary_occupancy": "",
    "address": "",
    "city": "",
    "state": "Tennessee",
    "zip": "",
    "county": "Marion",
    "outbuilding": "",
    "height_m": null,
    "area_sqm": 240.6,
    "area_sqft": 2571.2,
    "centroid_lng": -85.77169507,
    "centroid_lat": 35.11502041,
    "inside_aop_boundary": false,
    "production_date": "2019-06-06",
    "image_date": "2016-12-15",
    "image_name": "1040010026B1E200",
    "source_name": "ORNL",
    "validation_method": "Automated",
    "footprint_source": "FEMA USA Structures / ORNL",
    "source_item_url": "https://www.arcgis.com/home/item.html?id=e9fc147eaeae4dcaa4e9ad9802c7b9c6",
    "source_service_url": "https://services2.arcgis.com/FiaPA4ga0iQKduv3/arcgis/rest/services/USA_Structures_View/FeatureServer/0",
    "license_or_permission": "FEMA public data layer; no warranty; raw reference context",
    "publish_status": "raw_context",
    "confidence": "medium"
   },
   "geometry": {
    "type": "Polygon",
    "coordinates": [
     [
      [
       -85.7717872086865,
       35.1150837122867
      ],
      [
       -85.7716109116171,
       35.1150908202039
      ],
      [
       -85.7716029282891,
       35.114957101166
      ],
      [
       -85.7717792253586,
       35.1149499939719
      ],
      [
       -85.7717872086865,
       35.1150837122867
      ]
     ]
    ]
   }
  },
  {
   "type": "Feature",
   "properties": {
    "kind": "building_footprint",
    "name": "",
    "building_label": "Unclassified structure",
    "source_object_id": 108591161,
    "build_id": 3368696,
    "uuid": "{0d2b3d71-d156-4bee-9efc-1eb1b4450581}",
    "occupancy_class": "Unclassified",
    "primary_occupancy": "Unclassified",
    "secondary_occupancy": "",
    "address": "",
    "city": "",
    "state": "Tennessee",
    "zip": "",
    "county": "Marion",
    "outbuilding": "",
    "height_m": null,
    "area_sqm": 278.57,
    "area_sqft": 2900.9,
    "centroid_lng": -85.78082675,
    "centroid_lat": 35.07142908,
    "inside_aop_boundary": false,
    "production_date": "2019-06-06",
    "image_date": "2016-12-15",
    "image_name": "1040010026B1E200",
    "source_name": "ORNL",
    "validation_method": "Automated",
    "footprint_source": "FEMA USA Structures / ORNL",
    "source_item_url": "https://www.arcgis.com/home/item.html?id=e9fc147eaeae4dcaa4e9ad9802c7b9c6",
    "source_service_url": "https://services2.arcgis.com/FiaPA4ga0iQKduv3/arcgis/rest/services/USA_Structures_View/FeatureServer/0",
    "license_or_permission": "FEMA public data layer; no warranty; raw reference context",
    "publish_status": "raw_context",
    "confidence": "medium"
   },
   "geometry": {
    "type": "Polygon",
    "coordinates": [
     [
      [
       -85.7807710280777,
       35.0713309271562
      ],
      [
       -85.7809182601561,
       35.0713511609992
      ],
      [
       -85.780882462292,
       35.0715272248505
      ],
      [
       -85.7807352302136,
       35.0715069910512
      ],
      [
       -85.7807710280777,
       35.0713309271562
      ]
     ]
    ]
   }
  },
  {
   "type": "Feature",
   "properties": {
    "kind": "building_footprint",
    "name": "",
    "building_label": "Unclassified structure",
    "source_object_id": 108596697,
    "build_id": 3381810,
    "uuid": "{829509d4-7d5c-477b-aba3-c1ca97c1d460}",
    "occupancy_class": "Unclassified",
    "primary_occupancy": "Unclassified",
    "secondary_occupancy": "",
    "address": "",
    "city": "",
    "state": "Tennessee",
    "zip": "",
    "county": "Marion",
    "outbuilding": "",
    "height_m": null,
    "area_sqm": 82.32,
    "area_sqft": 923.0,
    "centroid_lng": -85.72349714,
    "centroid_lat": 35.07873037,
    "inside_aop_boundary": false,
    "production_date": "2019-06-06",
    "image_date": "2016-12-15",
    "image_name": "1040010026B1E200",
    "source_name": "ORNL",
    "validation_method": "Automated",
    "footprint_source": "FEMA USA Structures / ORNL",
    "source_item_url": "https://www.arcgis.com/home/item.html?id=e9fc147eaeae4dcaa4e9ad9802c7b9c6",
    "source_service_url": "https://services2.arcgis.com/FiaPA4ga0iQKduv3/arcgis/rest/services/USA_Structures_View/FeatureServer/0",
    "license_or_permission": "FEMA public data layer; no warranty; raw reference context",
    "publish_status": "raw_context",
    "confidence": "medium"
   },
   "geometry": {
    "type": "Polygon",
    "coordinates": [
     [
      [
       -85.7234829552114,
       35.0786722287727
      ],
      [
       -85.7235691243084,
       35.078726528302
      ],
      [
       -85.723511329398,
       35.0787885093526
      ],
      [
       -85.723425160301,
       35.0787342098645
      ],
      [
       -85.7234829552114,
       35.0786722287727
      ]
     ]
    ]
   }
  },
  {
   "type": "Feature",
   "properties": {
    "kind": "building_footprint",
    "name": "",
    "building_label": "Unclassified structure",
    "source_object_id": 108600320,
    "build_id": 3454998,
    "uuid": "{733e6311-c4a0-47b4-ba0d-25a2027f2a3e}",
    "occupancy_class": "Unclassified",
    "primary_occupancy": "Unclassified",
    "secondary_occupancy": "",
    "address": "",
    "city": "",
    "state": "Tennessee",
    "zip": "",
    "county": "Marion",
    "outbuilding": "",
    "height_m": null,
    "area_sqm": 92.7,
    "area_sqft": 988.9,
    "centroid_lng": -85.74011427,
    "centroid_lat": 35.10430297,
    "inside_aop_boundary": false,
    "production_date": "2019-06-06",
    "image_date": "2016-12-15",
    "image_name": "1040010026B1E200",
    "source_name": "ORNL",
    "validation_method": "Automated",
    "footprint_source": "FEMA USA Structures / ORNL",
    "source_item_url": "https://www.arcgis.com/home/item.html?id=e9fc147eaeae4dcaa4e9ad9802c7b9c6",
    "source_service_url": "https://services2.arcgis.com/FiaPA4ga0iQKduv3/arcgis/rest/services/USA_Structures_View/FeatureServer/0",
    "license_or_permission": "FEMA public data layer; no warranty; raw reference context",
    "publish_status": "raw_context",
    "confidence": "medium"
   },
   "geometry": {
    "type": "Polygon",
    "coordinates": [
     [
      [
       -85.7400896661012,
       35.1042411357588
      ],
      [
       -85.7401690789689,
       35.1042560266692
      ],
      [
       -85.7401388794057,
       35.1043647959341
      ],
      [
       -85.7400594647413,
       35.1043499050436
      ],
      [
       -85.7400896661012,
       35.1042411357588
      ]
     ]
    ]
   }
  }
 ]
}
