{
  "type": "FeatureCollection",
  "name": "aop_activity_hotspots",
  "metadata": {
    "schema": "aop-activity-hotspots-v1",
    "generated_at": "2026-05-22T20:44:51.297207+00:00",
    "source_files": [
      "Saturday_Afternoon_Activity.gpx"
    ],
    "cell_m": 15.0,
    "sample_m": 5.0,
    "sample_s": 20.0,
    "max_gap_s": 600.0,
    "min_cell_seconds": 30.0,
    "point_count": 368,
    "segment_count": 2,
    "interval_count": 366,
    "skipped_interval_count": 0,
    "capped_interval_count": 0,
    "cell_feature_count": 65
  },
  "features": [
    {
      "type": "Feature",
      "geometry": {
        "type": "Polygon",
        "coordinates": [
          [
            [
              -85.748189,
              35.0903075
            ],
            [
              -85.7480243,
              35.0903075
            ],
            [
              -85.7480243,
              35.0904432
            ],
            [
              -85.748189,
              35.0904432
            ],
            [
              -85.748189,
              35.0903075
            ]
          ]
        ]
      },
      "properties": {
        "id": "activity_hotspot_1",
        "layer": "activity_hotspots",
        "source_type": "field_track_gpx",
        "source_files": [
          "Saturday_Afternoon_Activity.gpx"
        ],
        "track_names": [
          "Saturday Afternoon Activity"
        ],
        "confidence": "single_track",
        "permission": "internal",
        "publish_status": "hold",
        "review_status": "raw activity evidence; not a validated trail or facility",
        "cell_m": 15.0,
        "rank": 1,
        "intensity_norm": 1.0,
        "intensity_class": "peak",
        "dwell_seconds": 398.9,
        "dwell_minutes": 6.65,
        "stop_seconds": 345.9,
        "slow_seconds": 53.0,
        "moving_seconds": 0.0,
        "distance_m": 17.6,
        "avg_speed_mps": 0.044,
        "max_gap_seconds": 292.0,
        "capped_seconds": 0.0,
        "visit_count": 1,
        "segment_count": 1,
        "interval_count": 5,
        "sample_count": 22,
        "label": "6.6 min",
        "geom_role": "cell"
      }
    },
    {
      "type": "Feature",
      "geometry": {
        "type": "Point",
        "coordinates": [
          -85.7481159,
          35.0903909
        ]
      },
      "properties": {
        "id": "activity_hotspot_1",
        "layer": "activity_hotspots",
        "source_type": "field_track_gpx",
        "source_files": [
          "Saturday_Afternoon_Activity.gpx"
        ],
        "track_names": [
          "Saturday Afternoon Activity"
        ],
        "confidence": "single_track",
        "permission": "internal",
        "publish_status": "hold",
        "review_status": "raw activity evidence; not a validated trail or facility",
        "cell_m": 15.0,
        "rank": 1,
        "intensity_norm": 1.0,
        "intensity_class": "peak",
        "dwell_seconds": 398.9,
        "dwell_minutes": 6.65,
        "stop_seconds": 345.9,
        "slow_seconds": 53.0,
        "moving_seconds": 0.0,
        "distance_m": 17.6,
        "avg_speed_mps": 0.044,
        "max_gap_seconds": 292.0,
        "capped_seconds": 0.0,
        "visit_count": 1,
        "segment_count": 1,
        "interval_count": 5,
        "sample_count": 22,
        "label": "6.6 min",
        "geom_role": "centroid"
      }
    },
    {
      "type": "Feature",
      "geometry": {
        "type": "Polygon",
        "coordinates": [
          [
            [
              -85.7440719,
              35.0957354
            ],
            [
              -85.7439072,
              35.0957354
            ],
            [
              -85.7439072,
              35.0958711
            ],
            [
              -85.7440719,
              35.0958711
            ],
            [
              -85.7440719,
              35.0957354
            ]
          ]
        ]
      },
      "properties": {
        "id": "activity_hotspot_2",
        "layer": "activity_hotspots",
        "source_type": "field_track_gpx",
        "source_files": [
          "Saturday_Afternoon_Activity.gpx"
        ],
        "track_names": [
          "Saturday Afternoon Activity"
        ],
        "confidence": "single_track",
        "permission": "internal",
        "publish_status": "hold",
        "review_status": "raw activity evidence; not a validated trail or facility",
        "cell_m": 15.0,
        "rank": 2,
        "intensity_norm": 0.6401,
        "intensity_class": "high",
        "dwell_seconds": 255.3,
        "dwell_minutes": 4.26,
        "stop_seconds": 183.0,
        "slow_seconds": 0.0,
        "moving_seconds": 72.3,
        "distance_m": 36.0,
        "avg_speed_mps": 0.141,
        "max_gap_seconds": 183.0,
        "capped_seconds": 0.0,
        "visit_count": 2,
        "segment_count": 1,
        "interval_count": 7,
        "sample_count": 18,
        "label": "4.3 min",
        "geom_role": "cell"
      }
    },
    {
      "type": "Feature",
      "geometry": {
        "type": "Point",
        "coordinates": [
          -85.7439546,
          35.0958288
        ]
      },
      "properties": {
        "id": "activity_hotspot_2",
        "layer": "activity_hotspots",
        "source_type": "field_track_gpx",
        "source_files": [
          "Saturday_Afternoon_Activity.gpx"
        ],
        "track_names": [
          "Saturday Afternoon Activity"
        ],
        "confidence": "single_track",
        "permission": "internal",
        "publish_status": "hold",
        "review_status": "raw activity evidence; not a validated trail or facility",
        "cell_m": 15.0,
        "rank": 2,
        "intensity_norm": 0.6401,
        "intensity_class": "high",
        "dwell_seconds": 255.3,
        "dwell_minutes": 4.26,
        "stop_seconds": 183.0,
        "slow_seconds": 0.0,
        "moving_seconds": 72.3,
        "distance_m": 36.0,
        "avg_speed_mps": 0.141,
        "max_gap_seconds": 183.0,
        "capped_seconds": 0.0,
        "visit_count": 2,
        "segment_count": 1,
        "interval_count": 7,
        "sample_count": 18,
        "label": "4.3 min",
        "geom_role": "centroid"
      }
    },
    {
      "type": "Feature",
      "geometry": {
        "type": "Polygon",
        "coordinates": [
          [
            [
              -85.7440719,
              35.0979065
            ],
            [
              -85.7439072,
              35.0979065
            ],
            [
              -85.7439072,
              35.0980422
            ],
            [
              -85.7440719,
              35.0980422
            ],
            [
              -85.7440719,
              35.0979065
            ]
          ]
        ]
      },
      "properties": {
        "id": "activity_hotspot_3",
        "layer": "activity_hotspots",
        "source_type": "field_track_gpx",
        "source_files": [
          "Saturday_Afternoon_Activity.gpx"
        ],
        "track_names": [
          "Saturday Afternoon Activity"
        ],
        "confidence": "single_track",
        "permission": "internal",
        "publish_status": "hold",
        "review_status": "raw activity evidence; not a validated trail or facility",
        "cell_m": 15.0,
        "rank": 3,
        "intensity_norm": 0.5687,
        "intensity_class": "high",
        "dwell_seconds": 226.8,
        "dwell_minutes": 3.78,
        "stop_seconds": 15.5,
        "slow_seconds": 106.3,
        "moving_seconds": 105.0,
        "distance_m": 65.2,
        "avg_speed_mps": 0.287,
        "max_gap_seconds": 44.0,
        "capped_seconds": 0.0,
        "visit_count": 4,
        "segment_count": 1,
        "interval_count": 12,
        "sample_count": 18,
        "label": "3.8 min",
        "geom_role": "cell"
      }
    },
    {
      "type": "Feature",
      "geometry": {
        "type": "Point",
        "coordinates": [
          -85.7439989,
          35.0979524
        ]
      },
      "properties": {
        "id": "activity_hotspot_3",
        "layer": "activity_hotspots",
        "source_type": "field_track_gpx",
        "source_files": [
          "Saturday_Afternoon_Activity.gpx"
        ],
        "track_names": [
          "Saturday Afternoon Activity"
        ],
        "confidence": "single_track",
        "permission": "internal",
        "publish_status": "hold",
        "review_status": "raw activity evidence; not a validated trail or facility",
        "cell_m": 15.0,
        "rank": 3,
        "intensity_norm": 0.5687,
        "intensity_class": "high",
        "dwell_seconds": 226.8,
        "dwell_minutes": 3.78,
        "stop_seconds": 15.5,
        "slow_seconds": 106.3,
        "moving_seconds": 105.0,
        "distance_m": 65.2,
        "avg_speed_mps": 0.287,
        "max_gap_seconds": 44.0,
        "capped_seconds": 0.0,
        "visit_count": 4,
        "segment_count": 1,
        "interval_count": 12,
        "sample_count": 18,
        "label": "3.8 min",
        "geom_role": "centroid"
      }
    },
    {
      "type": "Feature",
      "geometry": {
        "type": "Polygon",
        "coordinates": [
          [
            [
              -85.748189,
              35.0904432
            ],
            [
              -85.7480243,
              35.0904432
            ],
            [
              -85.7480243,
              35.0905789
            ],
            [
              -85.748189,
              35.0905789
            ],
            [
              -85.748189,
              35.0904432
            ]
          ]
        ]
      },
      "properties": {
        "id": "activity_hotspot_4",
        "layer": "activity_hotspots",
        "source_type": "field_track_gpx",
        "source_files": [
          "Saturday_Afternoon_Activity.gpx"
        ],
        "track_names": [
          "Saturday Afternoon Activity"
        ],
        "confidence": "single_track",
        "permission": "internal",
        "publish_status": "hold",
        "review_status": "raw activity evidence; not a validated trail or facility",
        "cell_m": 15.0,
        "rank": 4,
        "intensity_norm": 0.488,
        "intensity_class": "high",
        "dwell_seconds": 194.7,
        "dwell_minutes": 3.24,
        "stop_seconds": 194.7,
        "slow_seconds": 0.0,
        "moving_seconds": 0.0,
        "distance_m": 6.6,
        "avg_speed_mps": 0.034,
        "max_gap_seconds": 292.0,
        "capped_seconds": 0.0,
        "visit_count": 1,
        "segment_count": 1,
        "interval_count": 1,
        "sample_count": 10,
        "label": "3.2 min",
        "geom_role": "cell"
      }
    },
    {
      "type": "Feature",
      "geometry": {
        "type": "Point",
        "coordinates": [
          -85.74804,
          35.0904704
        ]
      },
      "properties": {
        "id": "activity_hotspot_4",
        "layer": "activity_hotspots",
        "source_type": "field_track_gpx",
        "source_files": [
          "Saturday_Afternoon_Activity.gpx"
        ],
        "track_names": [
          "Saturday Afternoon Activity"
        ],
        "confidence": "single_track",
        "permission": "internal",
        "publish_status": "hold",
        "review_status": "raw activity evidence; not a validated trail or facility",
        "cell_m": 15.0,
        "rank": 4,
        "intensity_norm": 0.488,
        "intensity_class": "high",
        "dwell_seconds": 194.7,
        "dwell_minutes": 3.24,
        "stop_seconds": 194.7,
        "slow_seconds": 0.0,
        "moving_seconds": 0.0,
        "distance_m": 6.6,
        "avg_speed_mps": 0.034,
        "max_gap_seconds": 292.0,
        "capped_seconds": 0.0,
        "visit_count": 1,
        "segment_count": 1,
        "interval_count": 1,
        "sample_count": 10,
        "label": "3.2 min",
        "geom_role": "centroid"
      }
    },
    {
      "type": "Feature",
      "geometry": {
        "type": "Polygon",
        "coordinates": [
          [
            [
              -85.7440719,
              35.0977708
            ],
            [
              -85.7439072,
              35.0977708
            ],
            [
              -85.7439072,
              35.0979065
            ],
            [
              -85.7440719,
              35.0979065
            ],
            [
              -85.7440719,
              35.0977708
            ]
          ]
        ]
      },
      "properties": {
        "id": "activity_hotspot_5",
        "layer": "activity_hotspots",
        "source_type": "field_track_gpx",
        "source_files": [
          "Saturday_Afternoon_Activity.gpx"
        ],
        "track_names": [
          "Saturday Afternoon Activity"
        ],
        "confidence": "single_track",
        "permission": "internal",
        "publish_status": "hold",
        "review_status": "raw activity evidence; not a validated trail or facility",
        "cell_m": 15.0,
        "rank": 5,
        "intensity_norm": 0.4596,
        "intensity_class": "high",
        "dwell_seconds": 183.3,
        "dwell_minutes": 3.06,
        "stop_seconds": 57.5,
        "slow_seconds": 68.3,
        "moving_seconds": 57.5,
        "distance_m": 50.0,
        "avg_speed_mps": 0.273,
        "max_gap_seconds": 44.0,
        "capped_seconds": 0.0,
        "visit_count": 3,
        "segment_count": 1,
        "interval_count": 10,
        "sample_count": 15,
        "label": "3.1 min",
        "geom_role": "cell"
      }
    },
    {
      "type": "Feature",
      "geometry": {
        "type": "Point",
        "coordinates": [
          -85.7439823,
          35.0978765
        ]
      },
      "properties": {
        "id": "activity_hotspot_5",
        "layer": "activity_hotspots",
        "source_type": "field_track_gpx",
        "source_files": [
          "Saturday_Afternoon_Activity.gpx"
        ],
        "track_names": [
          "Saturday Afternoon Activity"
        ],
        "confidence": "single_track",
        "permission": "internal",
        "publish_status": "hold",
        "review_status": "raw activity evidence; not a validated trail or facility",
        "cell_m": 15.0,
        "rank": 5,
        "intensity_norm": 0.4596,
        "intensity_class": "high",
        "dwell_seconds": 183.3,
        "dwell_minutes": 3.06,
        "stop_seconds": 57.5,
        "slow_seconds": 68.3,
        "moving_seconds": 57.5,
        "distance_m": 50.0,
        "avg_speed_mps": 0.273,
        "max_gap_seconds": 44.0,
        "capped_seconds": 0.0,
        "visit_count": 3,
        "segment_count": 1,
        "interval_count": 10,
        "sample_count": 15,
        "label": "3.1 min",
        "geom_role": "centroid"
      }
    },
    {
      "type": "Feature",
      "geometry": {
        "type": "Polygon",
        "coordinates": [
          [
            [
              -85.7470362,
              35.0922073
            ],
            [
              -85.7468715,
              35.0922073
            ],
            [
              -85.7468715,
              35.0923429
            ],
            [
              -85.7470362,
              35.0923429
            ],
            [
              -85.7470362,
              35.0922073
            ]
          ]
        ]
      },
      "properties": {
        "id": "activity_hotspot_6",
        "layer": "activity_hotspots",
        "source_type": "field_track_gpx",
        "source_files": [
          "Saturday_Afternoon_Activity.gpx"
        ],
        "track_names": [
          "Saturday Afternoon Activity"
        ],
        "confidence": "single_track",
        "permission": "internal",
        "publish_status": "hold",
        "review_status": "raw activity evidence; not a validated trail or facility",
        "cell_m": 15.0,
        "rank": 6,
        "intensity_norm": 0.3929,
        "intensity_class": "medium",
        "dwell_seconds": 156.7,
        "dwell_minutes": 2.61,
        "stop_seconds": 0.0,
        "slow_seconds": 113.4,
        "moving_seconds": 43.3,
        "distance_m": 53.6,
        "avg_speed_mps": 0.342,
        "max_gap_seconds": 98.0,
        "capped_seconds": 0.0,
        "visit_count": 4,
        "segment_count": 1,
        "interval_count": 8,
        "sample_count": 15,
        "label": "2.6 min",
        "geom_role": "cell"
      }
    },
    {
      "type": "Feature",
      "geometry": {
        "type": "Point",
        "coordinates": [
          -85.7469876,
          35.0923056
        ]
      },
      "properties": {
        "id": "activity_hotspot_6",
        "layer": "activity_hotspots",
        "source_type": "field_track_gpx",
        "source_files": [
          "Saturday_Afternoon_Activity.gpx"
        ],
        "track_names": [
          "Saturday Afternoon Activity"
        ],
        "confidence": "single_track",
        "permission": "internal",
        "publish_status": "hold",
        "review_status": "raw activity evidence; not a validated trail or facility",
        "cell_m": 15.0,
        "rank": 6,
        "intensity_norm": 0.3929,
        "intensity_class": "medium",
        "dwell_seconds": 156.7,
        "dwell_minutes": 2.61,
        "stop_seconds": 0.0,
        "slow_seconds": 113.4,
        "moving_seconds": 43.3,
        "distance_m": 53.6,
        "avg_speed_mps": 0.342,
        "max_gap_seconds": 98.0,
        "capped_seconds": 0.0,
        "visit_count": 4,
        "segment_count": 1,
        "interval_count": 8,
        "sample_count": 15,
        "label": "2.6 min",
        "geom_role": "centroid"
      }
    },
    {
      "type": "Feature",
      "geometry": {
        "type": "Polygon",
        "coordinates": [
          [
            [
              -85.7440719,
              35.0984493
            ],
            [
              -85.7439072,
              35.0984493
            ],
            [
              -85.7439072,
              35.098585
            ],
            [
              -85.7440719,
              35.098585
            ],
            [
              -85.7440719,
              35.0984493
            ]
          ]
        ]
      },
      "properties": {
        "id": "activity_hotspot_7",
        "layer": "activity_hotspots",
        "source_type": "field_track_gpx",
        "source_files": [
          "Saturday_Afternoon_Activity.gpx"
        ],
        "track_names": [
          "Saturday Afternoon Activity"
        ],
        "confidence": "single_track",
        "permission": "internal",
        "publish_status": "hold",
        "review_status": "raw activity evidence; not a validated trail or facility",
        "cell_m": 15.0,
        "rank": 7,
        "intensity_norm": 0.346,
        "intensity_class": "medium",
        "dwell_seconds": 138.0,
        "dwell_minutes": 2.3,
        "stop_seconds": 63.0,
        "slow_seconds": 41.0,
        "moving_seconds": 34.0,
        "distance_m": 30.0,
        "avg_speed_mps": 0.217,
        "max_gap_seconds": 63.0,
        "capped_seconds": 0.0,
        "visit_count": 1,
        "segment_count": 1,
        "interval_count": 7,
        "sample_count": 12,
        "label": "2.3 min",
        "geom_role": "cell"
      }
    },
    {
      "type": "Feature",
      "geometry": {
        "type": "Point",
        "coordinates": [
          -85.7439489,
          35.0985351
        ]
      },
      "properties": {
        "id": "activity_hotspot_7",
        "layer": "activity_hotspots",
        "source_type": "field_track_gpx",
        "source_files": [
          "Saturday_Afternoon_Activity.gpx"
        ],
        "track_names": [
          "Saturday Afternoon Activity"
        ],
        "confidence": "single_track",
        "permission": "internal",
        "publish_status": "hold",
        "review_status": "raw activity evidence; not a validated trail or facility",
        "cell_m": 15.0,
        "rank": 7,
        "intensity_norm": 0.346,
        "intensity_class": "medium",
        "dwell_seconds": 138.0,
        "dwell_minutes": 2.3,
        "stop_seconds": 63.0,
        "slow_seconds": 41.0,
        "moving_seconds": 34.0,
        "distance_m": 30.0,
        "avg_speed_mps": 0.217,
        "max_gap_seconds": 63.0,
        "capped_seconds": 0.0,
        "visit_count": 1,
        "segment_count": 1,
        "interval_count": 7,
        "sample_count": 12,
        "label": "2.3 min",
        "geom_role": "centroid"
      }
    },
    {
      "type": "Feature",
      "geometry": {
        "type": "Polygon",
        "coordinates": [
          [
            [
              -85.7488477,
              35.0915288
            ],
            [
              -85.748683,
              35.0915288
            ],
            [
              -85.748683,
              35.0916645
            ],
            [
              -85.7488477,
              35.0916645
            ],
            [
              -85.7488477,
              35.0915288
            ]
          ]
        ]
      },
      "properties": {
        "id": "activity_hotspot_8",
        "layer": "activity_hotspots",
        "source_type": "field_track_gpx",
        "source_files": [
          "Saturday_Afternoon_Activity.gpx"
        ],
        "track_names": [
          "Saturday Afternoon Activity"
        ],
        "confidence": "single_track",
        "permission": "internal",
        "publish_status": "hold",
        "review_status": "raw activity evidence; not a validated trail or facility",
        "cell_m": 15.0,
        "rank": 8,
        "intensity_norm": 0.2495,
        "intensity_class": "medium",
        "dwell_seconds": 99.5,
        "dwell_minutes": 1.66,
        "stop_seconds": 0.0,
        "slow_seconds": 79.5,
        "moving_seconds": 20.0,
        "distance_m": 31.4,
        "avg_speed_mps": 0.316,
        "max_gap_seconds": 338.0,
        "capped_seconds": 0.0,
        "visit_count": 2,
        "segment_count": 2,
        "interval_count": 3,
        "sample_count": 8,
        "label": "1.7 min",
        "geom_role": "cell"
      }
    },
    {
      "type": "Feature",
      "geometry": {
        "type": "Point",
        "coordinates": [
          -85.7487599,
          35.0915603
        ]
      },
      "properties": {
        "id": "activity_hotspot_8",
        "layer": "activity_hotspots",
        "source_type": "field_track_gpx",
        "source_files": [
          "Saturday_Afternoon_Activity.gpx"
        ],
        "track_names": [
          "Saturday Afternoon Activity"
        ],
        "confidence": "single_track",
        "permission": "internal",
        "publish_status": "hold",
        "review_status": "raw activity evidence; not a validated trail or facility",
        "cell_m": 15.0,
        "rank": 8,
        "intensity_norm": 0.2495,
        "intensity_class": "medium",
        "dwell_seconds": 99.5,
        "dwell_minutes": 1.66,
        "stop_seconds": 0.0,
        "slow_seconds": 79.5,
        "moving_seconds": 20.0,
        "distance_m": 31.4,
        "avg_speed_mps": 0.316,
        "max_gap_seconds": 338.0,
        "capped_seconds": 0.0,
        "visit_count": 2,
        "segment_count": 2,
        "interval_count": 3,
        "sample_count": 8,
        "label": "1.7 min",
        "geom_role": "centroid"
      }
    },
    {
      "type": "Feature",
      "geometry": {
        "type": "Polygon",
        "coordinates": [
          [
            [
              -85.7490124,
              35.0915288
            ],
            [
              -85.7488477,
              35.0915288
            ],
            [
              -85.7488477,
              35.0916645
            ],
            [
              -85.7490124,
              35.0916645
            ],
            [
              -85.7490124,
              35.0915288
            ]
          ]
        ]
      },
      "properties": {
        "id": "activity_hotspot_9",
        "layer": "activity_hotspots",
        "source_type": "field_track_gpx",
        "source_files": [
          "Saturday_Afternoon_Activity.gpx"
        ],
        "track_names": [
          "Saturday Afternoon Activity"
        ],
        "confidence": "single_track",
        "permission": "internal",
        "publish_status": "hold",
        "review_status": "raw activity evidence; not a validated trail or facility",
        "cell_m": 15.0,
        "rank": 9,
        "intensity_norm": 0.2492,
        "intensity_class": "medium",
        "dwell_seconds": 99.4,
        "dwell_minutes": 1.66,
        "stop_seconds": 0.0,
        "slow_seconds": 99.4,
        "moving_seconds": 0.0,
        "distance_m": 17.3,
        "avg_speed_mps": 0.174,
        "max_gap_seconds": 338.0,
        "capped_seconds": 0.0,
        "visit_count": 1,
        "segment_count": 1,
        "interval_count": 1,
        "sample_count": 5,
        "label": "1.7 min",
        "geom_role": "cell"
      }
    },
    {
      "type": "Feature",
      "geometry": {
        "type": "Point",
        "coordinates": [
          -85.7489225,
          35.091597
        ]
      },
      "properties": {
        "id": "activity_hotspot_9",
        "layer": "activity_hotspots",
        "source_type": "field_track_gpx",
        "source_files": [
          "Saturday_Afternoon_Activity.gpx"
        ],
        "track_names": [
          "Saturday Afternoon Activity"
        ],
        "confidence": "single_track",
        "permission": "internal",
        "publish_status": "hold",
        "review_status": "raw activity evidence; not a validated trail or facility",
        "cell_m": 15.0,
        "rank": 9,
        "intensity_norm": 0.2492,
        "intensity_class": "medium",
        "dwell_seconds": 99.4,
        "dwell_minutes": 1.66,
        "stop_seconds": 0.0,
        "slow_seconds": 99.4,
        "moving_seconds": 0.0,
        "distance_m": 17.3,
        "avg_speed_mps": 0.174,
        "max_gap_seconds": 338.0,
        "capped_seconds": 0.0,
        "visit_count": 1,
        "segment_count": 1,
        "interval_count": 1,
        "sample_count": 5,
        "label": "1.7 min",
        "geom_role": "centroid"
      }
    },
    {
      "type": "Feature",
      "geometry": {
        "type": "Polygon",
        "coordinates": [
          [
            [
              -85.7472009,
              35.0922073
            ],
            [
              -85.7470362,
              35.0922073
            ],
            [
              -85.7470362,
              35.0923429
            ],
            [
              -85.7472009,
              35.0923429
            ],
            [
              -85.7472009,
              35.0922073
            ]
          ]
        ]
      },
      "properties": {
        "id": "activity_hotspot_10",
        "layer": "activity_hotspots",
        "source_type": "field_track_gpx",
        "source_files": [
          "Saturday_Afternoon_Activity.gpx"
        ],
        "track_names": [
          "Saturday Afternoon Activity"
        ],
        "confidence": "single_track",
        "permission": "internal",
        "publish_status": "hold",
        "review_status": "raw activity evidence; not a validated trail or facility",
        "cell_m": 15.0,
        "rank": 10,
        "intensity_norm": 0.2298,
        "intensity_class": "medium",
        "dwell_seconds": 91.7,
        "dwell_minutes": 1.53,
        "stop_seconds": 0.0,
        "slow_seconds": 50.0,
        "moving_seconds": 41.7,
        "distance_m": 28.9,
        "avg_speed_mps": 0.316,
        "max_gap_seconds": 51.0,
        "capped_seconds": 0.0,
        "visit_count": 2,
        "segment_count": 1,
        "interval_count": 6,
        "sample_count": 9,
        "label": "1.5 min",
        "geom_role": "cell"
      }
    },
    {
      "type": "Feature",
      "geometry": {
        "type": "Point",
        "coordinates": [
          -85.7470606,
          35.0922931
        ]
      },
      "properties": {
        "id": "activity_hotspot_10",
        "layer": "activity_hotspots",
        "source_type": "field_track_gpx",
        "source_files": [
          "Saturday_Afternoon_Activity.gpx"
        ],
        "track_names": [
          "Saturday Afternoon Activity"
        ],
        "confidence": "single_track",
        "permission": "internal",
        "publish_status": "hold",
        "review_status": "raw activity evidence; not a validated trail or facility",
        "cell_m": 15.0,
        "rank": 10,
        "intensity_norm": 0.2298,
        "intensity_class": "medium",
        "dwell_seconds": 91.7,
        "dwell_minutes": 1.53,
        "stop_seconds": 0.0,
        "slow_seconds": 50.0,
        "moving_seconds": 41.7,
        "distance_m": 28.9,
        "avg_speed_mps": 0.316,
        "max_gap_seconds": 51.0,
        "capped_seconds": 0.0,
        "visit_count": 2,
        "segment_count": 1,
        "interval_count": 6,
        "sample_count": 9,
        "label": "1.5 min",
        "geom_role": "centroid"
      }
    },
    {
      "type": "Feature",
      "geometry": {
        "type": "Polygon",
        "coordinates": [
          [
            [
              -85.7458834,
              35.0926143
            ],
            [
              -85.7457187,
              35.0926143
            ],
            [
              -85.7457187,
              35.09275
            ],
            [
              -85.7458834,
              35.09275
            ],
            [
              -85.7458834,
              35.0926143
            ]
          ]
        ]
      },
      "properties": {
        "id": "activity_hotspot_11",
        "layer": "activity_hotspots",
        "source_type": "field_track_gpx",
        "source_files": [
          "Saturday_Afternoon_Activity.gpx"
        ],
        "track_names": [
          "Saturday Afternoon Activity"
        ],
        "confidence": "single_track",
        "permission": "internal",
        "publish_status": "hold",
        "review_status": "raw activity evidence; not a validated trail or facility",
        "cell_m": 15.0,
        "rank": 11,
        "intensity_norm": 0.2035,
        "intensity_class": "medium",
        "dwell_seconds": 81.2,
        "dwell_minutes": 1.35,
        "stop_seconds": 0.0,
        "slow_seconds": 0.0,
        "moving_seconds": 81.2,
        "distance_m": 37.2,
        "avg_speed_mps": 0.459,
        "max_gap_seconds": 44.0,
        "capped_seconds": 0.0,
        "visit_count": 3,
        "segment_count": 1,
        "interval_count": 6,
        "sample_count": 10,
        "label": "",
        "geom_role": "cell"
      }
    },
    {
      "type": "Feature",
      "geometry": {
        "type": "Point",
        "coordinates": [
          -85.7458161,
          35.0926892
        ]
      },
      "properties": {
        "id": "activity_hotspot_11",
        "layer": "activity_hotspots",
        "source_type": "field_track_gpx",
        "source_files": [
          "Saturday_Afternoon_Activity.gpx"
        ],
        "track_names": [
          "Saturday Afternoon Activity"
        ],
        "confidence": "single_track",
        "permission": "internal",
        "publish_status": "hold",
        "review_status": "raw activity evidence; not a validated trail or facility",
        "cell_m": 15.0,
        "rank": 11,
        "intensity_norm": 0.2035,
        "intensity_class": "medium",
        "dwell_seconds": 81.2,
        "dwell_minutes": 1.35,
        "stop_seconds": 0.0,
        "slow_seconds": 0.0,
        "moving_seconds": 81.2,
        "distance_m": 37.2,
        "avg_speed_mps": 0.459,
        "max_gap_seconds": 44.0,
        "capped_seconds": 0.0,
        "visit_count": 3,
        "segment_count": 1,
        "interval_count": 6,
        "sample_count": 10,
        "label": "",
        "geom_role": "centroid"
      }
    },
    {
      "type": "Feature",
      "geometry": {
        "type": "Polygon",
        "coordinates": [
          [
            [
              -85.7491771,
              35.0915288
            ],
            [
              -85.7490124,
              35.0915288
            ],
            [
              -85.7490124,
              35.0916645
            ],
            [
              -85.7491771,
              35.0916645
            ],
            [
              -85.7491771,
              35.0915288
            ]
          ]
        ]
      },
      "properties": {
        "id": "activity_hotspot_12",
        "layer": "activity_hotspots",
        "source_type": "field_track_gpx",
        "source_files": [
          "Saturday_Afternoon_Activity.gpx"
        ],
        "track_names": [
          "Saturday Afternoon Activity"
        ],
        "confidence": "single_track",
        "permission": "internal",
        "publish_status": "hold",
        "review_status": "raw activity evidence; not a validated trail or facility",
        "cell_m": 15.0,
        "rank": 12,
        "intensity_norm": 0.1994,
        "intensity_class": "medium",
        "dwell_seconds": 79.5,
        "dwell_minutes": 1.33,
        "stop_seconds": 0.0,
        "slow_seconds": 79.5,
        "moving_seconds": 0.0,
        "distance_m": 13.8,
        "avg_speed_mps": 0.174,
        "max_gap_seconds": 338.0,
        "capped_seconds": 0.0,
        "visit_count": 1,
        "segment_count": 1,
        "interval_count": 1,
        "sample_count": 4,
        "label": "",
        "geom_role": "cell"
      }
    },
    {
      "type": "Feature",
      "geometry": {
        "type": "Point",
        "coordinates": [
          -85.7490821,
          35.0916468
        ]
      },
      "properties": {
        "id": "activity_hotspot_12",
        "layer": "activity_hotspots",
        "source_type": "field_track_gpx",
        "source_files": [
          "Saturday_Afternoon_Activity.gpx"
        ],
        "track_names": [
          "Saturday Afternoon Activity"
        ],
        "confidence": "single_track",
        "permission": "internal",
        "publish_status": "hold",
        "review_status": "raw activity evidence; not a validated trail or facility",
        "cell_m": 15.0,
        "rank": 12,
        "intensity_norm": 0.1994,
        "intensity_class": "medium",
        "dwell_seconds": 79.5,
        "dwell_minutes": 1.33,
        "stop_seconds": 0.0,
        "slow_seconds": 79.5,
        "moving_seconds": 0.0,
        "distance_m": 13.8,
        "avg_speed_mps": 0.174,
        "max_gap_seconds": 338.0,
        "capped_seconds": 0.0,
        "visit_count": 1,
        "segment_count": 1,
        "interval_count": 1,
        "sample_count": 4,
        "label": "",
        "geom_role": "centroid"
      }
    },
    {
      "type": "Feature",
      "geometry": {
        "type": "Polygon",
        "coordinates": [
          [
            [
              -85.7448953,
              35.0939713
            ],
            [
              -85.7447306,
              35.0939713
            ],
            [
              -85.7447306,
              35.094107
            ],
            [
              -85.7448953,
              35.094107
            ],
            [
              -85.7448953,
              35.0939713
            ]
          ]
        ]
      },
      "properties": {
        "id": "activity_hotspot_13",
        "layer": "activity_hotspots",
        "source_type": "field_track_gpx",
        "source_files": [
          "Saturday_Afternoon_Activity.gpx"
        ],
        "track_names": [
          "Saturday Afternoon Activity"
        ],
        "confidence": "single_track",
        "permission": "internal",
        "publish_status": "hold",
        "review_status": "raw activity evidence; not a validated trail or facility",
        "cell_m": 15.0,
        "rank": 13,
        "intensity_norm": 0.1949,
        "intensity_class": "medium",
        "dwell_seconds": 77.7,
        "dwell_minutes": 1.3,
        "stop_seconds": 0.0,
        "slow_seconds": 42.0,
        "moving_seconds": 35.8,
        "distance_m": 35.7,
        "avg_speed_mps": 0.459,
        "max_gap_seconds": 29.0,
        "capped_seconds": 0.0,
        "visit_count": 2,
        "segment_count": 1,
        "interval_count": 6,
        "sample_count": 11,
        "label": "",
        "geom_role": "cell"
      }
    },
    {
      "type": "Feature",
      "geometry": {
        "type": "Point",
        "coordinates": [
          -85.7447997,
          35.0940636
        ]
      },
      "properties": {
        "id": "activity_hotspot_13",
        "layer": "activity_hotspots",
        "source_type": "field_track_gpx",
        "source_files": [
          "Saturday_Afternoon_Activity.gpx"
        ],
        "track_names": [
          "Saturday Afternoon Activity"
        ],
        "confidence": "single_track",
        "permission": "internal",
        "publish_status": "hold",
        "review_status": "raw activity evidence; not a validated trail or facility",
        "cell_m": 15.0,
        "rank": 13,
        "intensity_norm": 0.1949,
        "intensity_class": "medium",
        "dwell_seconds": 77.7,
        "dwell_minutes": 1.3,
        "stop_seconds": 0.0,
        "slow_seconds": 42.0,
        "moving_seconds": 35.8,
        "distance_m": 35.7,
        "avg_speed_mps": 0.459,
        "max_gap_seconds": 29.0,
        "capped_seconds": 0.0,
        "visit_count": 2,
        "segment_count": 1,
        "interval_count": 6,
        "sample_count": 11,
        "label": "",
        "geom_role": "centroid"
      }
    },
    {
      "type": "Feature",
      "geometry": {
        "type": "Polygon",
        "coordinates": [
          [
            [
              -85.7440719,
              35.0980422
            ],
            [
              -85.7439072,
              35.0980422
            ],
            [
              -85.7439072,
              35.0981779
            ],
            [
              -85.7440719,
              35.0981779
            ],
            [
              -85.7440719,
              35.0980422
            ]
          ]
        ]
      },
      "properties": {
        "id": "activity_hotspot_14",
        "layer": "activity_hotspots",
        "source_type": "field_track_gpx",
        "source_files": [
          "Saturday_Afternoon_Activity.gpx"
        ],
        "track_names": [
          "Saturday Afternoon Activity"
        ],
        "confidence": "single_track",
        "permission": "internal",
        "publish_status": "hold",
        "review_status": "raw activity evidence; not a validated trail or facility",
        "cell_m": 15.0,
        "rank": 14,
        "intensity_norm": 0.1933,
        "intensity_class": "medium",
        "dwell_seconds": 77.1,
        "dwell_minutes": 1.28,
        "stop_seconds": 0.0,
        "slow_seconds": 27.3,
        "moving_seconds": 49.8,
        "distance_m": 26.2,
        "avg_speed_mps": 0.34,
        "max_gap_seconds": 41.0,
        "capped_seconds": 0.0,
        "visit_count": 2,
        "segment_count": 1,
        "interval_count": 4,
        "sample_count": 7,
        "label": "",
        "geom_role": "cell"
      }
    },
    {
      "type": "Feature",
      "geometry": {
        "type": "Point",
        "coordinates": [
          -85.7439685,
          35.0980944
        ]
      },
      "properties": {
        "id": "activity_hotspot_14",
        "layer": "activity_hotspots",
        "source_type": "field_track_gpx",
        "source_files": [
          "Saturday_Afternoon_Activity.gpx"
        ],
        "track_names": [
          "Saturday Afternoon Activity"
        ],
        "confidence": "single_track",
        "permission": "internal",
        "publish_status": "hold",
        "review_status": "raw activity evidence; not a validated trail or facility",
        "cell_m": 15.0,
        "rank": 14,
        "intensity_norm": 0.1933,
        "intensity_class": "medium",
        "dwell_seconds": 77.1,
        "dwell_minutes": 1.28,
        "stop_seconds": 0.0,
        "slow_seconds": 27.3,
        "moving_seconds": 49.8,
        "distance_m": 26.2,
        "avg_speed_mps": 0.34,
        "max_gap_seconds": 41.0,
        "capped_seconds": 0.0,
        "visit_count": 2,
        "segment_count": 1,
        "interval_count": 4,
        "sample_count": 7,
        "label": "",
        "geom_role": "centroid"
      }
    },
    {
      "type": "Feature",
      "geometry": {
        "type": "Polygon",
        "coordinates": [
          [
            [
              -85.748683,
              35.0913931
            ],
            [
              -85.7485183,
              35.0913931
            ],
            [
              -85.7485183,
              35.0915288
            ],
            [
              -85.748683,
              35.0915288
            ],
            [
              -85.748683,
              35.0913931
            ]
          ]
        ]
      },
      "properties": {
        "id": "activity_hotspot_15",
        "layer": "activity_hotspots",
        "source_type": "field_track_gpx",
        "source_files": [
          "Saturday_Afternoon_Activity.gpx"
        ],
        "track_names": [
          "Saturday Afternoon Activity"
        ],
        "confidence": "single_track",
        "permission": "internal",
        "publish_status": "hold",
        "review_status": "raw activity evidence; not a validated trail or facility",
        "cell_m": 15.0,
        "rank": 15,
        "intensity_norm": 0.192,
        "intensity_class": "medium",
        "dwell_seconds": 76.6,
        "dwell_minutes": 1.28,
        "stop_seconds": 0.0,
        "slow_seconds": 39.8,
        "moving_seconds": 36.8,
        "distance_m": 29.0,
        "avg_speed_mps": 0.379,
        "max_gap_seconds": 338.0,
        "capped_seconds": 0.0,
        "visit_count": 2,
        "segment_count": 2,
        "interval_count": 6,
        "sample_count": 8,
        "label": "",
        "geom_role": "cell"
      }
    },
    {
      "type": "Feature",
      "geometry": {
        "type": "Point",
        "coordinates": [
          -85.7486267,
          35.0915009
        ]
      },
      "properties": {
        "id": "activity_hotspot_15",
        "layer": "activity_hotspots",
        "source_type": "field_track_gpx",
        "source_files": [
          "Saturday_Afternoon_Activity.gpx"
        ],
        "track_names": [
          "Saturday Afternoon Activity"
        ],
        "confidence": "single_track",
        "permission": "internal",
        "publish_status": "hold",
        "review_status": "raw activity evidence; not a validated trail or facility",
        "cell_m": 15.0,
        "rank": 15,
        "intensity_norm": 0.192,
        "intensity_class": "medium",
        "dwell_seconds": 76.6,
        "dwell_minutes": 1.28,
        "stop_seconds": 0.0,
        "slow_seconds": 39.8,
        "moving_seconds": 36.8,
        "distance_m": 29.0,
        "avg_speed_mps": 0.379,
        "max_gap_seconds": 338.0,
        "capped_seconds": 0.0,
        "visit_count": 2,
        "segment_count": 2,
        "interval_count": 6,
        "sample_count": 8,
        "label": "",
        "geom_role": "centroid"
      }
    },
    {
      "type": "Feature",
      "geometry": {
        "type": "Polygon",
        "coordinates": [
          [
            [
              -85.7470362,
              35.0920716
            ],
            [
              -85.7468715,
              35.0920716
            ],
            [
              -85.7468715,
              35.0922073
            ],
            [
              -85.7470362,
              35.0922073
            ],
            [
              -85.7470362,
              35.0920716
            ]
          ]
        ]
      },
      "properties": {
        "id": "activity_hotspot_16",
        "layer": "activity_hotspots",
        "source_type": "field_track_gpx",
        "source_files": [
          "Saturday_Afternoon_Activity.gpx"
        ],
        "track_names": [
          "Saturday Afternoon Activity"
        ],
        "confidence": "single_track",
        "permission": "internal",
        "publish_status": "hold",
        "review_status": "raw activity evidence; not a validated trail or facility",
        "cell_m": 15.0,
        "rank": 16,
        "intensity_norm": 0.1864,
        "intensity_class": "medium",
        "dwell_seconds": 74.3,
        "dwell_minutes": 1.24,
        "stop_seconds": 0.0,
        "slow_seconds": 27.0,
        "moving_seconds": 47.3,
        "distance_m": 52.2,
        "avg_speed_mps": 0.703,
        "max_gap_seconds": 28.0,
        "capped_seconds": 0.0,
        "visit_count": 3,
        "segment_count": 1,
        "interval_count": 9,
        "sample_count": 13,
        "label": "",
        "geom_role": "cell"
      }
    },
    {
      "type": "Feature",
      "geometry": {
        "type": "Point",
        "coordinates": [
          -85.7469423,
          35.0921483
        ]
      },
      "properties": {
        "id": "activity_hotspot_16",
        "layer": "activity_hotspots",
        "source_type": "field_track_gpx",
        "source_files": [
          "Saturday_Afternoon_Activity.gpx"
        ],
        "track_names": [
          "Saturday Afternoon Activity"
        ],
        "confidence": "single_track",
        "permission": "internal",
        "publish_status": "hold",
        "review_status": "raw activity evidence; not a validated trail or facility",
        "cell_m": 15.0,
        "rank": 16,
        "intensity_norm": 0.1864,
        "intensity_class": "medium",
        "dwell_seconds": 74.3,
        "dwell_minutes": 1.24,
        "stop_seconds": 0.0,
        "slow_seconds": 27.0,
        "moving_seconds": 47.3,
        "distance_m": 52.2,
        "avg_speed_mps": 0.703,
        "max_gap_seconds": 28.0,
        "capped_seconds": 0.0,
        "visit_count": 3,
        "segment_count": 1,
        "interval_count": 9,
        "sample_count": 13,
        "label": "",
        "geom_role": "centroid"
      }
    },
    {
      "type": "Feature",
      "geometry": {
        "type": "Polygon",
        "coordinates": [
          [
            [
              -85.7472009,
              35.0920716
            ],
            [
              -85.7470362,
              35.0920716
            ],
            [
              -85.7470362,
              35.0922073
            ],
            [
              -85.7472009,
              35.0922073
            ],
            [
              -85.7472009,
              35.0920716
            ]
          ]
        ]
      },
      "properties": {
        "id": "activity_hotspot_17",
        "layer": "activity_hotspots",
        "source_type": "field_track_gpx",
        "source_files": [
          "Saturday_Afternoon_Activity.gpx"
        ],
        "track_names": [
          "Saturday Afternoon Activity"
        ],
        "confidence": "single_track",
        "permission": "internal",
        "publish_status": "hold",
        "review_status": "raw activity evidence; not a validated trail or facility",
        "cell_m": 15.0,
        "rank": 17,
        "intensity_norm": 0.1826,
        "intensity_class": "medium",
        "dwell_seconds": 72.8,
        "dwell_minutes": 1.21,
        "stop_seconds": 0.0,
        "slow_seconds": 0.0,
        "moving_seconds": 72.8,
        "distance_m": 40.4,
        "avg_speed_mps": 0.555,
        "max_gap_seconds": 25.0,
        "capped_seconds": 0.0,
        "visit_count": 2,
        "segment_count": 1,
        "interval_count": 6,
        "sample_count": 11,
        "label": "",
        "geom_role": "cell"
      }
    },
    {
      "type": "Feature",
      "geometry": {
        "type": "Point",
        "coordinates": [
          -85.7471169,
          35.0921533
        ]
      },
      "properties": {
        "id": "activity_hotspot_17",
        "layer": "activity_hotspots",
        "source_type": "field_track_gpx",
        "source_files": [
          "Saturday_Afternoon_Activity.gpx"
        ],
        "track_names": [
          "Saturday Afternoon Activity"
        ],
        "confidence": "single_track",
        "permission": "internal",
        "publish_status": "hold",
        "review_status": "raw activity evidence; not a validated trail or facility",
        "cell_m": 15.0,
        "rank": 17,
        "intensity_norm": 0.1826,
        "intensity_class": "medium",
        "dwell_seconds": 72.8,
        "dwell_minutes": 1.21,
        "stop_seconds": 0.0,
        "slow_seconds": 0.0,
        "moving_seconds": 72.8,
        "distance_m": 40.4,
        "avg_speed_mps": 0.555,
        "max_gap_seconds": 25.0,
        "capped_seconds": 0.0,
        "visit_count": 2,
        "segment_count": 1,
        "interval_count": 6,
        "sample_count": 11,
        "label": "",
        "geom_role": "centroid"
      }
    },
    {
      "type": "Feature",
      "geometry": {
        "type": "Polygon",
        "coordinates": [
          [
            [
              -85.7467068,
              35.0923429
            ],
            [
              -85.7465421,
              35.0923429
            ],
            [
              -85.7465421,
              35.0924786
            ],
            [
              -85.7467068,
              35.0924786
            ],
            [
              -85.7467068,
              35.0923429
            ]
          ]
        ]
      },
      "properties": {
        "id": "activity_hotspot_18",
        "layer": "activity_hotspots",
        "source_type": "field_track_gpx",
        "source_files": [
          "Saturday_Afternoon_Activity.gpx"
        ],
        "track_names": [
          "Saturday Afternoon Activity"
        ],
        "confidence": "single_track",
        "permission": "internal",
        "publish_status": "hold",
        "review_status": "raw activity evidence; not a validated trail or facility",
        "cell_m": 15.0,
        "rank": 18,
        "intensity_norm": 0.1805,
        "intensity_class": "medium",
        "dwell_seconds": 72.0,
        "dwell_minutes": 1.2,
        "stop_seconds": 0.0,
        "slow_seconds": 19.0,
        "moving_seconds": 53.0,
        "distance_m": 35.8,
        "avg_speed_mps": 0.497,
        "max_gap_seconds": 38.0,
        "capped_seconds": 0.0,
        "visit_count": 2,
        "segment_count": 1,
        "interval_count": 6,
        "sample_count": 9,
        "label": "",
        "geom_role": "cell"
      }
    },
    {
      "type": "Feature",
      "geometry": {
        "type": "Point",
        "coordinates": [
          -85.7465874,
          35.0924027
        ]
      },
      "properties": {
        "id": "activity_hotspot_18",
        "layer": "activity_hotspots",
        "source_type": "field_track_gpx",
        "source_files": [
          "Saturday_Afternoon_Activity.gpx"
        ],
        "track_names": [
          "Saturday Afternoon Activity"
        ],
        "confidence": "single_track",
        "permission": "internal",
        "publish_status": "hold",
        "review_status": "raw activity evidence; not a validated trail or facility",
        "cell_m": 15.0,
        "rank": 18,
        "intensity_norm": 0.1805,
        "intensity_class": "medium",
        "dwell_seconds": 72.0,
        "dwell_minutes": 1.2,
        "stop_seconds": 0.0,
        "slow_seconds": 19.0,
        "moving_seconds": 53.0,
        "distance_m": 35.8,
        "avg_speed_mps": 0.497,
        "max_gap_seconds": 38.0,
        "capped_seconds": 0.0,
        "visit_count": 2,
        "segment_count": 1,
        "interval_count": 6,
        "sample_count": 9,
        "label": "",
        "geom_role": "centroid"
      }
    },
    {
      "type": "Feature",
      "geometry": {
        "type": "Polygon",
        "coordinates": [
          [
            [
              -85.7442366,
              35.0951926
            ],
            [
              -85.7440719,
              35.0951926
            ],
            [
              -85.7440719,
              35.0953283
            ],
            [
              -85.7442366,
              35.0953283
            ],
            [
              -85.7442366,
              35.0951926
            ]
          ]
        ]
      },
      "properties": {
        "id": "activity_hotspot_19",
        "layer": "activity_hotspots",
        "source_type": "field_track_gpx",
        "source_files": [
          "Saturday_Afternoon_Activity.gpx"
        ],
        "track_names": [
          "Saturday Afternoon Activity"
        ],
        "confidence": "single_track",
        "permission": "internal",
        "publish_status": "hold",
        "review_status": "raw activity evidence; not a validated trail or facility",
        "cell_m": 15.0,
        "rank": 19,
        "intensity_norm": 0.1747,
        "intensity_class": "low",
        "dwell_seconds": 69.7,
        "dwell_minutes": 1.16,
        "stop_seconds": 0.0,
        "slow_seconds": 0.0,
        "moving_seconds": 69.7,
        "distance_m": 37.8,
        "avg_speed_mps": 0.542,
        "max_gap_seconds": 24.0,
        "capped_seconds": 0.0,
        "visit_count": 2,
        "segment_count": 1,
        "interval_count": 5,
        "sample_count": 9,
        "label": "",
        "geom_role": "cell"
      }
    },
    {
      "type": "Feature",
      "geometry": {
        "type": "Point",
        "coordinates": [
          -85.7441596,
          35.0952527
        ]
      },
      "properties": {
        "id": "activity_hotspot_19",
        "layer": "activity_hotspots",
        "source_type": "field_track_gpx",
        "source_files": [
          "Saturday_Afternoon_Activity.gpx"
        ],
        "track_names": [
          "Saturday Afternoon Activity"
        ],
        "confidence": "single_track",
        "permission": "internal",
        "publish_status": "hold",
        "review_status": "raw activity evidence; not a validated trail or facility",
        "cell_m": 15.0,
        "rank": 19,
        "intensity_norm": 0.1747,
        "intensity_class": "low",
        "dwell_seconds": 69.7,
        "dwell_minutes": 1.16,
        "stop_seconds": 0.0,
        "slow_seconds": 0.0,
        "moving_seconds": 69.7,
        "distance_m": 37.8,
        "avg_speed_mps": 0.542,
        "max_gap_seconds": 24.0,
        "capped_seconds": 0.0,
        "visit_count": 2,
        "segment_count": 1,
        "interval_count": 5,
        "sample_count": 9,
        "label": "",
        "geom_role": "centroid"
      }
    },
    {
      "type": "Feature",
      "geometry": {
        "type": "Polygon",
        "coordinates": [
          [
            [
              -85.751318,
              35.0919359
            ],
            [
              -85.7511533,
              35.0919359
            ],
            [
              -85.7511533,
              35.0920716
            ],
            [
              -85.751318,
              35.0920716
            ],
            [
              -85.751318,
              35.0919359
            ]
          ]
        ]
      },
      "properties": {
        "id": "activity_hotspot_20",
        "layer": "activity_hotspots",
        "source_type": "field_track_gpx",
        "source_files": [
          "Saturday_Afternoon_Activity.gpx"
        ],
        "track_names": [
          "Saturday Afternoon Activity"
        ],
        "confidence": "single_track",
        "permission": "internal",
        "publish_status": "hold",
        "review_status": "raw activity evidence; not a validated trail or facility",
        "cell_m": 15.0,
        "rank": 20,
        "intensity_norm": 0.1684,
        "intensity_class": "low",
        "dwell_seconds": 67.2,
        "dwell_minutes": 1.12,
        "stop_seconds": 0.0,
        "slow_seconds": 0.0,
        "moving_seconds": 67.2,
        "distance_m": 33.3,
        "avg_speed_mps": 0.495,
        "max_gap_seconds": 26.0,
        "capped_seconds": 0.0,
        "visit_count": 2,
        "segment_count": 1,
        "interval_count": 6,
        "sample_count": 9,
        "label": "",
        "geom_role": "cell"
      }
    },
    {
      "type": "Feature",
      "geometry": {
        "type": "Point",
        "coordinates": [
          -85.751242,
          35.0919914
        ]
      },
      "properties": {
        "id": "activity_hotspot_20",
        "layer": "activity_hotspots",
        "source_type": "field_track_gpx",
        "source_files": [
          "Saturday_Afternoon_Activity.gpx"
        ],
        "track_names": [
          "Saturday Afternoon Activity"
        ],
        "confidence": "single_track",
        "permission": "internal",
        "publish_status": "hold",
        "review_status": "raw activity evidence; not a validated trail or facility",
        "cell_m": 15.0,
        "rank": 20,
        "intensity_norm": 0.1684,
        "intensity_class": "low",
        "dwell_seconds": 67.2,
        "dwell_minutes": 1.12,
        "stop_seconds": 0.0,
        "slow_seconds": 0.0,
        "moving_seconds": 67.2,
        "distance_m": 33.3,
        "avg_speed_mps": 0.495,
        "max_gap_seconds": 26.0,
        "capped_seconds": 0.0,
        "visit_count": 2,
        "segment_count": 1,
        "interval_count": 6,
        "sample_count": 9,
        "label": "",
        "geom_role": "centroid"
      }
    },
    {
      "type": "Feature",
      "geometry": {
        "type": "Polygon",
        "coordinates": [
          [
            [
              -85.7442366,
              35.095464
            ],
            [
              -85.7440719,
              35.095464
            ],
            [
              -85.7440719,
              35.0955997
            ],
            [
              -85.7442366,
              35.0955997
            ],
            [
              -85.7442366,
              35.095464
            ]
          ]
        ]
      },
      "properties": {
        "id": "activity_hotspot_21",
        "layer": "activity_hotspots",
        "source_type": "field_track_gpx",
        "source_files": [
          "Saturday_Afternoon_Activity.gpx"
        ],
        "track_names": [
          "Saturday Afternoon Activity"
        ],
        "confidence": "single_track",
        "permission": "internal",
        "publish_status": "hold",
        "review_status": "raw activity evidence; not a validated trail or facility",
        "cell_m": 15.0,
        "rank": 21,
        "intensity_norm": 0.1542,
        "intensity_class": "low",
        "dwell_seconds": 61.5,
        "dwell_minutes": 1.02,
        "stop_seconds": 0.0,
        "slow_seconds": 0.0,
        "moving_seconds": 61.5,
        "distance_m": 33.5,
        "avg_speed_mps": 0.544,
        "max_gap_seconds": 24.0,
        "capped_seconds": 0.0,
        "visit_count": 2,
        "segment_count": 1,
        "interval_count": 7,
        "sample_count": 9,
        "label": "",
        "geom_role": "cell"
      }
    },
    {
      "type": "Feature",
      "geometry": {
        "type": "Point",
        "coordinates": [
          -85.7441597,
          35.0955417
        ]
      },
      "properties": {
        "id": "activity_hotspot_21",
        "layer": "activity_hotspots",
        "source_type": "field_track_gpx",
        "source_files": [
          "Saturday_Afternoon_Activity.gpx"
        ],
        "track_names": [
          "Saturday Afternoon Activity"
        ],
        "confidence": "single_track",
        "permission": "internal",
        "publish_status": "hold",
        "review_status": "raw activity evidence; not a validated trail or facility",
        "cell_m": 15.0,
        "rank": 21,
        "intensity_norm": 0.1542,
        "intensity_class": "low",
        "dwell_seconds": 61.5,
        "dwell_minutes": 1.02,
        "stop_seconds": 0.0,
        "slow_seconds": 0.0,
        "moving_seconds": 61.5,
        "distance_m": 33.5,
        "avg_speed_mps": 0.544,
        "max_gap_seconds": 24.0,
        "capped_seconds": 0.0,
        "visit_count": 2,
        "segment_count": 1,
        "interval_count": 7,
        "sample_count": 9,
        "label": "",
        "geom_role": "centroid"
      }
    },
    {
      "type": "Feature",
      "geometry": {
        "type": "Polygon",
        "coordinates": [
          [
            [
              -85.7516474,
              35.0918002
            ],
            [
              -85.7514827,
              35.0918002
            ],
            [
              -85.7514827,
              35.0919359
            ],
            [
              -85.7516474,
              35.0919359
            ],
            [
              -85.7516474,
              35.0918002
            ]
          ]
        ]
      },
      "properties": {
        "id": "activity_hotspot_22",
        "layer": "activity_hotspots",
        "source_type": "field_track_gpx",
        "source_files": [
          "Saturday_Afternoon_Activity.gpx"
        ],
        "track_names": [
          "Saturday Afternoon Activity"
        ],
        "confidence": "single_track",
        "permission": "internal",
        "publish_status": "hold",
        "review_status": "raw activity evidence; not a validated trail or facility",
        "cell_m": 15.0,
        "rank": 22,
        "intensity_norm": 0.1492,
        "intensity_class": "low",
        "dwell_seconds": 59.5,
        "dwell_minutes": 0.99,
        "stop_seconds": 0.0,
        "slow_seconds": 49.0,
        "moving_seconds": 10.5,
        "distance_m": 26.3,
        "avg_speed_mps": 0.442,
        "max_gap_seconds": 29.0,
        "capped_seconds": 0.0,
        "visit_count": 2,
        "segment_count": 1,
        "interval_count": 4,
        "sample_count": 7,
        "label": "",
        "geom_role": "cell"
      }
    },
    {
      "type": "Feature",
      "geometry": {
        "type": "Point",
        "coordinates": [
          -85.7515141,
          35.0919174
        ]
      },
      "properties": {
        "id": "activity_hotspot_22",
        "layer": "activity_hotspots",
        "source_type": "field_track_gpx",
        "source_files": [
          "Saturday_Afternoon_Activity.gpx"
        ],
        "track_names": [
          "Saturday Afternoon Activity"
        ],
        "confidence": "single_track",
        "permission": "internal",
        "publish_status": "hold",
        "review_status": "raw activity evidence; not a validated trail or facility",
        "cell_m": 15.0,
        "rank": 22,
        "intensity_norm": 0.1492,
        "intensity_class": "low",
        "dwell_seconds": 59.5,
        "dwell_minutes": 0.99,
        "stop_seconds": 0.0,
        "slow_seconds": 49.0,
        "moving_seconds": 10.5,
        "distance_m": 26.3,
        "avg_speed_mps": 0.442,
        "max_gap_seconds": 29.0,
        "capped_seconds": 0.0,
        "visit_count": 2,
        "segment_count": 1,
        "interval_count": 4,
        "sample_count": 7,
        "label": "",
        "geom_role": "centroid"
      }
    },
    {
      "type": "Feature",
      "geometry": {
        "type": "Polygon",
        "coordinates": [
          [
            [
              -85.7445659,
              35.0945141
            ],
            [
              -85.7444012,
              35.0945141
            ],
            [
              -85.7444012,
              35.0946498
            ],
            [
              -85.7445659,
              35.0946498
            ],
            [
              -85.7445659,
              35.0945141
            ]
          ]
        ]
      },
      "properties": {
        "id": "activity_hotspot_23",
        "layer": "activity_hotspots",
        "source_type": "field_track_gpx",
        "source_files": [
          "Saturday_Afternoon_Activity.gpx"
        ],
        "track_names": [
          "Saturday Afternoon Activity"
        ],
        "confidence": "single_track",
        "permission": "internal",
        "publish_status": "hold",
        "review_status": "raw activity evidence; not a validated trail or facility",
        "cell_m": 15.0,
        "rank": 23,
        "intensity_norm": 0.1467,
        "intensity_class": "low",
        "dwell_seconds": 58.5,
        "dwell_minutes": 0.97,
        "stop_seconds": 0.0,
        "slow_seconds": 0.0,
        "moving_seconds": 58.5,
        "distance_m": 31.0,
        "avg_speed_mps": 0.53,
        "max_gap_seconds": 33.0,
        "capped_seconds": 0.0,
        "visit_count": 2,
        "segment_count": 1,
        "interval_count": 4,
        "sample_count": 8,
        "label": "",
        "geom_role": "cell"
      }
    },
    {
      "type": "Feature",
      "geometry": {
        "type": "Point",
        "coordinates": [
          -85.7444593,
          35.094581
        ]
      },
      "properties": {
        "id": "activity_hotspot_23",
        "layer": "activity_hotspots",
        "source_type": "field_track_gpx",
        "source_files": [
          "Saturday_Afternoon_Activity.gpx"
        ],
        "track_names": [
          "Saturday Afternoon Activity"
        ],
        "confidence": "single_track",
        "permission": "internal",
        "publish_status": "hold",
        "review_status": "raw activity evidence; not a validated trail or facility",
        "cell_m": 15.0,
        "rank": 23,
        "intensity_norm": 0.1467,
        "intensity_class": "low",
        "dwell_seconds": 58.5,
        "dwell_minutes": 0.97,
        "stop_seconds": 0.0,
        "slow_seconds": 0.0,
        "moving_seconds": 58.5,
        "distance_m": 31.0,
        "avg_speed_mps": 0.53,
        "max_gap_seconds": 33.0,
        "capped_seconds": 0.0,
        "visit_count": 2,
        "segment_count": 1,
        "interval_count": 4,
        "sample_count": 8,
        "label": "",
        "geom_role": "centroid"
      }
    },
    {
      "type": "Feature",
      "geometry": {
        "type": "Polygon",
        "coordinates": [
          [
            [
              -85.7439072,
              35.0977708
            ],
            [
              -85.7437425,
              35.0977708
            ],
            [
              -85.7437425,
              35.0979065
            ],
            [
              -85.7439072,
              35.0979065
            ],
            [
              -85.7439072,
              35.0977708
            ]
          ]
        ]
      },
      "properties": {
        "id": "activity_hotspot_24",
        "layer": "activity_hotspots",
        "source_type": "field_track_gpx",
        "source_files": [
          "Saturday_Afternoon_Activity.gpx"
        ],
        "track_names": [
          "Saturday Afternoon Activity"
        ],
        "confidence": "single_track",
        "permission": "internal",
        "publish_status": "hold",
        "review_status": "raw activity evidence; not a validated trail or facility",
        "cell_m": 15.0,
        "rank": 24,
        "intensity_norm": 0.1437,
        "intensity_class": "low",
        "dwell_seconds": 57.3,
        "dwell_minutes": 0.96,
        "stop_seconds": 15.0,
        "slow_seconds": 29.3,
        "moving_seconds": 13.0,
        "distance_m": 16.7,
        "avg_speed_mps": 0.292,
        "max_gap_seconds": 44.0,
        "capped_seconds": 0.0,
        "visit_count": 2,
        "segment_count": 1,
        "interval_count": 3,
        "sample_count": 5,
        "label": "",
        "geom_role": "cell"
      }
    },
    {
      "type": "Feature",
      "geometry": {
        "type": "Point",
        "coordinates": [
          -85.7438736,
          35.0978622
        ]
      },
      "properties": {
        "id": "activity_hotspot_24",
        "layer": "activity_hotspots",
        "source_type": "field_track_gpx",
        "source_files": [
          "Saturday_Afternoon_Activity.gpx"
        ],
        "track_names": [
          "Saturday Afternoon Activity"
        ],
        "confidence": "single_track",
        "permission": "internal",
        "publish_status": "hold",
        "review_status": "raw activity evidence; not a validated trail or facility",
        "cell_m": 15.0,
        "rank": 24,
        "intensity_norm": 0.1437,
        "intensity_class": "low",
        "dwell_seconds": 57.3,
        "dwell_minutes": 0.96,
        "stop_seconds": 15.0,
        "slow_seconds": 29.3,
        "moving_seconds": 13.0,
        "distance_m": 16.7,
        "avg_speed_mps": 0.292,
        "max_gap_seconds": 44.0,
        "capped_seconds": 0.0,
        "visit_count": 2,
        "segment_count": 1,
        "interval_count": 3,
        "sample_count": 5,
        "label": "",
        "geom_role": "centroid"
      }
    },
    {
      "type": "Feature",
      "geometry": {
        "type": "Polygon",
        "coordinates": [
          [
            [
              -85.7468715,
              35.0922073
            ],
            [
              -85.7467068,
              35.0922073
            ],
            [
              -85.7467068,
              35.0923429
            ],
            [
              -85.7468715,
              35.0923429
            ],
            [
              -85.7468715,
              35.0922073
            ]
          ]
        ]
      },
      "properties": {
        "id": "activity_hotspot_25",
        "layer": "activity_hotspots",
        "source_type": "field_track_gpx",
        "source_files": [
          "Saturday_Afternoon_Activity.gpx"
        ],
        "track_names": [
          "Saturday Afternoon Activity"
        ],
        "confidence": "single_track",
        "permission": "internal",
        "publish_status": "hold",
        "review_status": "raw activity evidence; not a validated trail or facility",
        "cell_m": 15.0,
        "rank": 25,
        "intensity_norm": 0.1425,
        "intensity_class": "low",
        "dwell_seconds": 56.8,
        "dwell_minutes": 0.95,
        "stop_seconds": 0.0,
        "slow_seconds": 0.0,
        "moving_seconds": 56.8,
        "distance_m": 36.0,
        "avg_speed_mps": 0.633,
        "max_gap_seconds": 28.0,
        "capped_seconds": 0.0,
        "visit_count": 2,
        "segment_count": 1,
        "interval_count": 6,
        "sample_count": 10,
        "label": "",
        "geom_role": "cell"
      }
    },
    {
      "type": "Feature",
      "geometry": {
        "type": "Point",
        "coordinates": [
          -85.7467817,
          35.0922578
        ]
      },
      "properties": {
        "id": "activity_hotspot_25",
        "layer": "activity_hotspots",
        "source_type": "field_track_gpx",
        "source_files": [
          "Saturday_Afternoon_Activity.gpx"
        ],
        "track_names": [
          "Saturday Afternoon Activity"
        ],
        "confidence": "single_track",
        "permission": "internal",
        "publish_status": "hold",
        "review_status": "raw activity evidence; not a validated trail or facility",
        "cell_m": 15.0,
        "rank": 25,
        "intensity_norm": 0.1425,
        "intensity_class": "low",
        "dwell_seconds": 56.8,
        "dwell_minutes": 0.95,
        "stop_seconds": 0.0,
        "slow_seconds": 0.0,
        "moving_seconds": 56.8,
        "distance_m": 36.0,
        "avg_speed_mps": 0.633,
        "max_gap_seconds": 28.0,
        "capped_seconds": 0.0,
        "visit_count": 2,
        "segment_count": 1,
        "interval_count": 6,
        "sample_count": 10,
        "label": "",
        "geom_role": "centroid"
      }
    },
    {
      "type": "Feature",
      "geometry": {
        "type": "Polygon",
        "coordinates": [
          [
            [
              -85.7514827,
              35.0916645
            ],
            [
              -85.751318,
              35.0916645
            ],
            [
              -85.751318,
              35.0918002
            ],
            [
              -85.7514827,
              35.0918002
            ],
            [
              -85.7514827,
              35.0916645
            ]
          ]
        ]
      },
      "properties": {
        "id": "activity_hotspot_26",
        "layer": "activity_hotspots",
        "source_type": "field_track_gpx",
        "source_files": [
          "Saturday_Afternoon_Activity.gpx"
        ],
        "track_names": [
          "Saturday Afternoon Activity"
        ],
        "confidence": "single_track",
        "permission": "internal",
        "publish_status": "hold",
        "review_status": "raw activity evidence; not a validated trail or facility",
        "cell_m": 15.0,
        "rank": 26,
        "intensity_norm": 0.1329,
        "intensity_class": "low",
        "dwell_seconds": 53.0,
        "dwell_minutes": 0.88,
        "stop_seconds": 0.0,
        "slow_seconds": 0.0,
        "moving_seconds": 53.0,
        "distance_m": 33.9,
        "avg_speed_mps": 0.639,
        "max_gap_seconds": 24.0,
        "capped_seconds": 0.0,
        "visit_count": 2,
        "segment_count": 1,
        "interval_count": 8,
        "sample_count": 10,
        "label": "",
        "geom_role": "cell"
      }
    },
    {
      "type": "Feature",
      "geometry": {
        "type": "Point",
        "coordinates": [
          -85.7513882,
          35.0917185
        ]
      },
      "properties": {
        "id": "activity_hotspot_26",
        "layer": "activity_hotspots",
        "source_type": "field_track_gpx",
        "source_files": [
          "Saturday_Afternoon_Activity.gpx"
        ],
        "track_names": [
          "Saturday Afternoon Activity"
        ],
        "confidence": "single_track",
        "permission": "internal",
        "publish_status": "hold",
        "review_status": "raw activity evidence; not a validated trail or facility",
        "cell_m": 15.0,
        "rank": 26,
        "intensity_norm": 0.1329,
        "intensity_class": "low",
        "dwell_seconds": 53.0,
        "dwell_minutes": 0.88,
        "stop_seconds": 0.0,
        "slow_seconds": 0.0,
        "moving_seconds": 53.0,
        "distance_m": 33.9,
        "avg_speed_mps": 0.639,
        "max_gap_seconds": 24.0,
        "capped_seconds": 0.0,
        "visit_count": 2,
        "segment_count": 1,
        "interval_count": 8,
        "sample_count": 10,
        "label": "",
        "geom_role": "centroid"
      }
    },
    {
      "type": "Feature",
      "geometry": {
        "type": "Polygon",
        "coordinates": [
          [
            [
              -85.7444012,
              35.0949212
            ],
            [
              -85.7442366,
              35.0949212
            ],
            [
              -85.7442366,
              35.0950569
            ],
            [
              -85.7444012,
              35.0950569
            ],
            [
              -85.7444012,
              35.0949212
            ]
          ]
        ]
      },
      "properties": {
        "id": "activity_hotspot_27",
        "layer": "activity_hotspots",
        "source_type": "field_track_gpx",
        "source_files": [
          "Saturday_Afternoon_Activity.gpx"
        ],
        "track_names": [
          "Saturday Afternoon Activity"
        ],
        "confidence": "single_track",
        "permission": "internal",
        "publish_status": "hold",
        "review_status": "raw activity evidence; not a validated trail or facility",
        "cell_m": 15.0,
        "rank": 27,
        "intensity_norm": 0.131,
        "intensity_class": "low",
        "dwell_seconds": 52.2,
        "dwell_minutes": 0.87,
        "stop_seconds": 0.0,
        "slow_seconds": 0.0,
        "moving_seconds": 52.2,
        "distance_m": 35.2,
        "avg_speed_mps": 0.674,
        "max_gap_seconds": 34.0,
        "capped_seconds": 0.0,
        "visit_count": 2,
        "segment_count": 1,
        "interval_count": 5,
        "sample_count": 9,
        "label": "",
        "geom_role": "cell"
      }
    },
    {
      "type": "Feature",
      "geometry": {
        "type": "Point",
        "coordinates": [
          -85.7443115,
          35.0949963
        ]
      },
      "properties": {
        "id": "activity_hotspot_27",
        "layer": "activity_hotspots",
        "source_type": "field_track_gpx",
        "source_files": [
          "Saturday_Afternoon_Activity.gpx"
        ],
        "track_names": [
          "Saturday Afternoon Activity"
        ],
        "confidence": "single_track",
        "permission": "internal",
        "publish_status": "hold",
        "review_status": "raw activity evidence; not a validated trail or facility",
        "cell_m": 15.0,
        "rank": 27,
        "intensity_norm": 0.131,
        "intensity_class": "low",
        "dwell_seconds": 52.2,
        "dwell_minutes": 0.87,
        "stop_seconds": 0.0,
        "slow_seconds": 0.0,
        "moving_seconds": 52.2,
        "distance_m": 35.2,
        "avg_speed_mps": 0.674,
        "max_gap_seconds": 34.0,
        "capped_seconds": 0.0,
        "visit_count": 2,
        "segment_count": 1,
        "interval_count": 5,
        "sample_count": 9,
        "label": "",
        "geom_role": "centroid"
      }
    },
    {
      "type": "Feature",
      "geometry": {
        "type": "Polygon",
        "coordinates": [
          [
            [
              -85.7465421,
              35.0923429
            ],
            [
              -85.7463775,
              35.0923429
            ],
            [
              -85.7463775,
              35.0924786
            ],
            [
              -85.7465421,
              35.0924786
            ],
            [
              -85.7465421,
              35.0923429
            ]
          ]
        ]
      },
      "properties": {
        "id": "activity_hotspot_28",
        "layer": "activity_hotspots",
        "source_type": "field_track_gpx",
        "source_files": [
          "Saturday_Afternoon_Activity.gpx"
        ],
        "track_names": [
          "Saturday Afternoon Activity"
        ],
        "confidence": "single_track",
        "permission": "internal",
        "publish_status": "hold",
        "review_status": "raw activity evidence; not a validated trail or facility",
        "cell_m": 15.0,
        "rank": 28,
        "intensity_norm": 0.1304,
        "intensity_class": "low",
        "dwell_seconds": 52.0,
        "dwell_minutes": 0.87,
        "stop_seconds": 0.0,
        "slow_seconds": 19.0,
        "moving_seconds": 33.0,
        "distance_m": 18.7,
        "avg_speed_mps": 0.36,
        "max_gap_seconds": 38.0,
        "capped_seconds": 0.0,
        "visit_count": 2,
        "segment_count": 1,
        "interval_count": 4,
        "sample_count": 5,
        "label": "",
        "geom_role": "cell"
      }
    },
    {
      "type": "Feature",
      "geometry": {
        "type": "Point",
        "coordinates": [
          -85.746502,
          35.0924083
        ]
      },
      "properties": {
        "id": "activity_hotspot_28",
        "layer": "activity_hotspots",
        "source_type": "field_track_gpx",
        "source_files": [
          "Saturday_Afternoon_Activity.gpx"
        ],
        "track_names": [
          "Saturday Afternoon Activity"
        ],
        "confidence": "single_track",
        "permission": "internal",
        "publish_status": "hold",
        "review_status": "raw activity evidence; not a validated trail or facility",
        "cell_m": 15.0,
        "rank": 28,
        "intensity_norm": 0.1304,
        "intensity_class": "low",
        "dwell_seconds": 52.0,
        "dwell_minutes": 0.87,
        "stop_seconds": 0.0,
        "slow_seconds": 19.0,
        "moving_seconds": 33.0,
        "distance_m": 18.7,
        "avg_speed_mps": 0.36,
        "max_gap_seconds": 38.0,
        "capped_seconds": 0.0,
        "visit_count": 2,
        "segment_count": 1,
        "interval_count": 4,
        "sample_count": 5,
        "label": "",
        "geom_role": "centroid"
      }
    },
    {
      "type": "Feature",
      "geometry": {
        "type": "Polygon",
        "coordinates": [
          [
            [
              -85.7440719,
              35.0955997
            ],
            [
              -85.7439072,
              35.0955997
            ],
            [
              -85.7439072,
              35.0957354
            ],
            [
              -85.7440719,
              35.0957354
            ],
            [
              -85.7440719,
              35.0955997
            ]
          ]
        ]
      },
      "properties": {
        "id": "activity_hotspot_29",
        "layer": "activity_hotspots",
        "source_type": "field_track_gpx",
        "source_files": [
          "Saturday_Afternoon_Activity.gpx"
        ],
        "track_names": [
          "Saturday Afternoon Activity"
        ],
        "confidence": "single_track",
        "permission": "internal",
        "publish_status": "hold",
        "review_status": "raw activity evidence; not a validated trail or facility",
        "cell_m": 15.0,
        "rank": 29,
        "intensity_norm": 0.1304,
        "intensity_class": "low",
        "dwell_seconds": 52.0,
        "dwell_minutes": 0.87,
        "stop_seconds": 0.0,
        "slow_seconds": 15.0,
        "moving_seconds": 37.0,
        "distance_m": 22.9,
        "avg_speed_mps": 0.44,
        "max_gap_seconds": 24.0,
        "capped_seconds": 0.0,
        "visit_count": 2,
        "segment_count": 1,
        "interval_count": 4,
        "sample_count": 5,
        "label": "",
        "geom_role": "cell"
      }
    },
    {
      "type": "Feature",
      "geometry": {
        "type": "Point",
        "coordinates": [
          -85.7440311,
          35.095677
        ]
      },
      "properties": {
        "id": "activity_hotspot_29",
        "layer": "activity_hotspots",
        "source_type": "field_track_gpx",
        "source_files": [
          "Saturday_Afternoon_Activity.gpx"
        ],
        "track_names": [
          "Saturday Afternoon Activity"
        ],
        "confidence": "single_track",
        "permission": "internal",
        "publish_status": "hold",
        "review_status": "raw activity evidence; not a validated trail or facility",
        "cell_m": 15.0,
        "rank": 29,
        "intensity_norm": 0.1304,
        "intensity_class": "low",
        "dwell_seconds": 52.0,
        "dwell_minutes": 0.87,
        "stop_seconds": 0.0,
        "slow_seconds": 15.0,
        "moving_seconds": 37.0,
        "distance_m": 22.9,
        "avg_speed_mps": 0.44,
        "max_gap_seconds": 24.0,
        "capped_seconds": 0.0,
        "visit_count": 2,
        "segment_count": 1,
        "interval_count": 4,
        "sample_count": 5,
        "label": "",
        "geom_role": "centroid"
      }
    },
    {
      "type": "Feature",
      "geometry": {
        "type": "Polygon",
        "coordinates": [
          [
            [
              -85.7439072,
              35.0962782
            ],
            [
              -85.7437425,
              35.0962782
            ],
            [
              -85.7437425,
              35.0964139
            ],
            [
              -85.7439072,
              35.0964139
            ],
            [
              -85.7439072,
              35.0962782
            ]
          ]
        ]
      },
      "properties": {
        "id": "activity_hotspot_30",
        "layer": "activity_hotspots",
        "source_type": "field_track_gpx",
        "source_files": [
          "Saturday_Afternoon_Activity.gpx"
        ],
        "track_names": [
          "Saturday Afternoon Activity"
        ],
        "confidence": "single_track",
        "permission": "internal",
        "publish_status": "hold",
        "review_status": "raw activity evidence; not a validated trail or facility",
        "cell_m": 15.0,
        "rank": 30,
        "intensity_norm": 0.1284,
        "intensity_class": "low",
        "dwell_seconds": 51.2,
        "dwell_minutes": 0.85,
        "stop_seconds": 0.0,
        "slow_seconds": 0.0,
        "moving_seconds": 51.2,
        "distance_m": 35.4,
        "avg_speed_mps": 0.692,
        "max_gap_seconds": 29.0,
        "capped_seconds": 0.0,
        "visit_count": 2,
        "segment_count": 1,
        "interval_count": 4,
        "sample_count": 8,
        "label": "",
        "geom_role": "cell"
      }
    },
    {
      "type": "Feature",
      "geometry": {
        "type": "Point",
        "coordinates": [
          -85.7438576,
          35.0963371
        ]
      },
      "properties": {
        "id": "activity_hotspot_30",
        "layer": "activity_hotspots",
        "source_type": "field_track_gpx",
        "source_files": [
          "Saturday_Afternoon_Activity.gpx"
        ],
        "track_names": [
          "Saturday Afternoon Activity"
        ],
        "confidence": "single_track",
        "permission": "internal",
        "publish_status": "hold",
        "review_status": "raw activity evidence; not a validated trail or facility",
        "cell_m": 15.0,
        "rank": 30,
        "intensity_norm": 0.1284,
        "intensity_class": "low",
        "dwell_seconds": 51.2,
        "dwell_minutes": 0.85,
        "stop_seconds": 0.0,
        "slow_seconds": 0.0,
        "moving_seconds": 51.2,
        "distance_m": 35.4,
        "avg_speed_mps": 0.692,
        "max_gap_seconds": 29.0,
        "capped_seconds": 0.0,
        "visit_count": 2,
        "segment_count": 1,
        "interval_count": 4,
        "sample_count": 8,
        "label": "",
        "geom_role": "centroid"
      }
    },
    {
      "type": "Feature",
      "geometry": {
        "type": "Polygon",
        "coordinates": [
          [
            [
              -85.7442366,
              35.0953283
            ],
            [
              -85.7440719,
              35.0953283
            ],
            [
              -85.7440719,
              35.095464
            ],
            [
              -85.7442366,
              35.095464
            ],
            [
              -85.7442366,
              35.0953283
            ]
          ]
        ]
      },
      "properties": {
        "id": "activity_hotspot_31",
        "layer": "activity_hotspots",
        "source_type": "field_track_gpx",
        "source_files": [
          "Saturday_Afternoon_Activity.gpx"
        ],
        "track_names": [
          "Saturday Afternoon Activity"
        ],
        "confidence": "single_track",
        "permission": "internal",
        "publish_status": "hold",
        "review_status": "raw activity evidence; not a validated trail or facility",
        "cell_m": 15.0,
        "rank": 31,
        "intensity_norm": 0.1262,
        "intensity_class": "low",
        "dwell_seconds": 50.3,
        "dwell_minutes": 0.84,
        "stop_seconds": 0.0,
        "slow_seconds": 13.0,
        "moving_seconds": 37.3,
        "distance_m": 26.1,
        "avg_speed_mps": 0.518,
        "max_gap_seconds": 26.0,
        "capped_seconds": 0.0,
        "visit_count": 2,
        "segment_count": 1,
        "interval_count": 6,
        "sample_count": 7,
        "label": "",
        "geom_role": "cell"
      }
    },
    {
      "type": "Feature",
      "geometry": {
        "type": "Point",
        "coordinates": [
          -85.7441864,
          35.0953901
        ]
      },
      "properties": {
        "id": "activity_hotspot_31",
        "layer": "activity_hotspots",
        "source_type": "field_track_gpx",
        "source_files": [
          "Saturday_Afternoon_Activity.gpx"
        ],
        "track_names": [
          "Saturday Afternoon Activity"
        ],
        "confidence": "single_track",
        "permission": "internal",
        "publish_status": "hold",
        "review_status": "raw activity evidence; not a validated trail or facility",
        "cell_m": 15.0,
        "rank": 31,
        "intensity_norm": 0.1262,
        "intensity_class": "low",
        "dwell_seconds": 50.3,
        "dwell_minutes": 0.84,
        "stop_seconds": 0.0,
        "slow_seconds": 13.0,
        "moving_seconds": 37.3,
        "distance_m": 26.1,
        "avg_speed_mps": 0.518,
        "max_gap_seconds": 26.0,
        "capped_seconds": 0.0,
        "visit_count": 2,
        "segment_count": 1,
        "interval_count": 6,
        "sample_count": 7,
        "label": "",
        "geom_role": "centroid"
      }
    },
    {
      "type": "Feature",
      "geometry": {
        "type": "Polygon",
        "coordinates": [
          [
            [
              -85.7453893,
              35.0932928
            ],
            [
              -85.7452247,
              35.0932928
            ],
            [
              -85.7452247,
              35.0934285
            ],
            [
              -85.7453893,
              35.0934285
            ],
            [
              -85.7453893,
              35.0932928
            ]
          ]
        ]
      },
      "properties": {
        "id": "activity_hotspot_32",
        "layer": "activity_hotspots",
        "source_type": "field_track_gpx",
        "source_files": [
          "Saturday_Afternoon_Activity.gpx"
        ],
        "track_names": [
          "Saturday Afternoon Activity"
        ],
        "confidence": "single_track",
        "permission": "internal",
        "publish_status": "hold",
        "review_status": "raw activity evidence; not a validated trail or facility",
        "cell_m": 15.0,
        "rank": 32,
        "intensity_norm": 0.1256,
        "intensity_class": "low",
        "dwell_seconds": 50.1,
        "dwell_minutes": 0.83,
        "stop_seconds": 0.0,
        "slow_seconds": 0.0,
        "moving_seconds": 50.1,
        "distance_m": 37.3,
        "avg_speed_mps": 0.744,
        "max_gap_seconds": 21.0,
        "capped_seconds": 0.0,
        "visit_count": 2,
        "segment_count": 1,
        "interval_count": 5,
        "sample_count": 10,
        "label": "",
        "geom_role": "cell"
      }
    },
    {
      "type": "Feature",
      "geometry": {
        "type": "Point",
        "coordinates": [
          -85.7453133,
          35.0933883
        ]
      },
      "properties": {
        "id": "activity_hotspot_32",
        "layer": "activity_hotspots",
        "source_type": "field_track_gpx",
        "source_files": [
          "Saturday_Afternoon_Activity.gpx"
        ],
        "track_names": [
          "Saturday Afternoon Activity"
        ],
        "confidence": "single_track",
        "permission": "internal",
        "publish_status": "hold",
        "review_status": "raw activity evidence; not a validated trail or facility",
        "cell_m": 15.0,
        "rank": 32,
        "intensity_norm": 0.1256,
        "intensity_class": "low",
        "dwell_seconds": 50.1,
        "dwell_minutes": 0.83,
        "stop_seconds": 0.0,
        "slow_seconds": 0.0,
        "moving_seconds": 50.1,
        "distance_m": 37.3,
        "avg_speed_mps": 0.744,
        "max_gap_seconds": 21.0,
        "capped_seconds": 0.0,
        "visit_count": 2,
        "segment_count": 1,
        "interval_count": 5,
        "sample_count": 10,
        "label": "",
        "geom_role": "centroid"
      }
    },
    {
      "type": "Feature",
      "geometry": {
        "type": "Polygon",
        "coordinates": [
          [
            [
              -85.7465421,
              35.0922073
            ],
            [
              -85.7463775,
              35.0922073
            ],
            [
              -85.7463775,
              35.0923429
            ],
            [
              -85.7465421,
              35.0923429
            ],
            [
              -85.7465421,
              35.0922073
            ]
          ]
        ]
      },
      "properties": {
        "id": "activity_hotspot_33",
        "layer": "activity_hotspots",
        "source_type": "field_track_gpx",
        "source_files": [
          "Saturday_Afternoon_Activity.gpx"
        ],
        "track_names": [
          "Saturday Afternoon Activity"
        ],
        "confidence": "single_track",
        "permission": "internal",
        "publish_status": "hold",
        "review_status": "raw activity evidence; not a validated trail or facility",
        "cell_m": 15.0,
        "rank": 33,
        "intensity_norm": 0.1228,
        "intensity_class": "low",
        "dwell_seconds": 49.0,
        "dwell_minutes": 0.82,
        "stop_seconds": 0.0,
        "slow_seconds": 0.0,
        "moving_seconds": 49.0,
        "distance_m": 28.0,
        "avg_speed_mps": 0.571,
        "max_gap_seconds": 19.0,
        "capped_seconds": 0.0,
        "visit_count": 2,
        "segment_count": 1,
        "interval_count": 4,
        "sample_count": 7,
        "label": "",
        "geom_role": "cell"
      }
    },
    {
      "type": "Feature",
      "geometry": {
        "type": "Point",
        "coordinates": [
          -85.7464529,
          35.0923196
        ]
      },
      "properties": {
        "id": "activity_hotspot_33",
        "layer": "activity_hotspots",
        "source_type": "field_track_gpx",
        "source_files": [
          "Saturday_Afternoon_Activity.gpx"
        ],
        "track_names": [
          "Saturday Afternoon Activity"
        ],
        "confidence": "single_track",
        "permission": "internal",
        "publish_status": "hold",
        "review_status": "raw activity evidence; not a validated trail or facility",
        "cell_m": 15.0,
        "rank": 33,
        "intensity_norm": 0.1228,
        "intensity_class": "low",
        "dwell_seconds": 49.0,
        "dwell_minutes": 0.82,
        "stop_seconds": 0.0,
        "slow_seconds": 0.0,
        "moving_seconds": 49.0,
        "distance_m": 28.0,
        "avg_speed_mps": 0.571,
        "max_gap_seconds": 19.0,
        "capped_seconds": 0.0,
        "visit_count": 2,
        "segment_count": 1,
        "interval_count": 4,
        "sample_count": 7,
        "label": "",
        "geom_role": "centroid"
      }
    },
    {
      "type": "Feature",
      "geometry": {
        "type": "Polygon",
        "coordinates": [
          [
            [
              -85.7440719,
              35.0976352
            ],
            [
              -85.7439072,
              35.0976352
            ],
            [
              -85.7439072,
              35.0977708
            ],
            [
              -85.7440719,
              35.0977708
            ],
            [
              -85.7440719,
              35.0976352
            ]
          ]
        ]
      },
      "properties": {
        "id": "activity_hotspot_34",
        "layer": "activity_hotspots",
        "source_type": "field_track_gpx",
        "source_files": [
          "Saturday_Afternoon_Activity.gpx"
        ],
        "track_names": [
          "Saturday Afternoon Activity"
        ],
        "confidence": "single_track",
        "permission": "internal",
        "publish_status": "hold",
        "review_status": "raw activity evidence; not a validated trail or facility",
        "cell_m": 15.0,
        "rank": 34,
        "intensity_norm": 0.1216,
        "intensity_class": "low",
        "dwell_seconds": 48.5,
        "dwell_minutes": 0.81,
        "stop_seconds": 0.0,
        "slow_seconds": 40.0,
        "moving_seconds": 8.5,
        "distance_m": 14.1,
        "avg_speed_mps": 0.291,
        "max_gap_seconds": 40.0,
        "capped_seconds": 0.0,
        "visit_count": 1,
        "segment_count": 1,
        "interval_count": 2,
        "sample_count": 3,
        "label": "",
        "geom_role": "cell"
      }
    },
    {
      "type": "Feature",
      "geometry": {
        "type": "Point",
        "coordinates": [
          -85.7439189,
          35.0976909
        ]
      },
      "properties": {
        "id": "activity_hotspot_34",
        "layer": "activity_hotspots",
        "source_type": "field_track_gpx",
        "source_files": [
          "Saturday_Afternoon_Activity.gpx"
        ],
        "track_names": [
          "Saturday Afternoon Activity"
        ],
        "confidence": "single_track",
        "permission": "internal",
        "publish_status": "hold",
        "review_status": "raw activity evidence; not a validated trail or facility",
        "cell_m": 15.0,
        "rank": 34,
        "intensity_norm": 0.1216,
        "intensity_class": "low",
        "dwell_seconds": 48.5,
        "dwell_minutes": 0.81,
        "stop_seconds": 0.0,
        "slow_seconds": 40.0,
        "moving_seconds": 8.5,
        "distance_m": 14.1,
        "avg_speed_mps": 0.291,
        "max_gap_seconds": 40.0,
        "capped_seconds": 0.0,
        "visit_count": 1,
        "segment_count": 1,
        "interval_count": 2,
        "sample_count": 3,
        "label": "",
        "geom_role": "centroid"
      }
    },
    {
      "type": "Feature",
      "geometry": {
        "type": "Polygon",
        "coordinates": [
          [
            [
              -85.7440719,
              35.0960068
            ],
            [
              -85.7439072,
              35.0960068
            ],
            [
              -85.7439072,
              35.0961425
            ],
            [
              -85.7440719,
              35.0961425
            ],
            [
              -85.7440719,
              35.0960068
            ]
          ]
        ]
      },
      "properties": {
        "id": "activity_hotspot_35",
        "layer": "activity_hotspots",
        "source_type": "field_track_gpx",
        "source_files": [
          "Saturday_Afternoon_Activity.gpx"
        ],
        "track_names": [
          "Saturday Afternoon Activity"
        ],
        "confidence": "single_track",
        "permission": "internal",
        "publish_status": "hold",
        "review_status": "raw activity evidence; not a validated trail or facility",
        "cell_m": 15.0,
        "rank": 35,
        "intensity_norm": 0.1191,
        "intensity_class": "low",
        "dwell_seconds": 47.5,
        "dwell_minutes": 0.79,
        "stop_seconds": 0.0,
        "slow_seconds": 17.0,
        "moving_seconds": 30.5,
        "distance_m": 15.4,
        "avg_speed_mps": 0.324,
        "max_gap_seconds": 17.0,
        "capped_seconds": 0.0,
        "visit_count": 1,
        "segment_count": 1,
        "interval_count": 4,
        "sample_count": 4,
        "label": "",
        "geom_role": "cell"
      }
    },
    {
      "type": "Feature",
      "geometry": {
        "type": "Point",
        "coordinates": [
          -85.7439889,
          35.096073
        ]
      },
      "properties": {
        "id": "activity_hotspot_35",
        "layer": "activity_hotspots",
        "source_type": "field_track_gpx",
        "source_files": [
          "Saturday_Afternoon_Activity.gpx"
        ],
        "track_names": [
          "Saturday Afternoon Activity"
        ],
        "confidence": "single_track",
        "permission": "internal",
        "publish_status": "hold",
        "review_status": "raw activity evidence; not a validated trail or facility",
        "cell_m": 15.0,
        "rank": 35,
        "intensity_norm": 0.1191,
        "intensity_class": "low",
        "dwell_seconds": 47.5,
        "dwell_minutes": 0.79,
        "stop_seconds": 0.0,
        "slow_seconds": 17.0,
        "moving_seconds": 30.5,
        "distance_m": 15.4,
        "avg_speed_mps": 0.324,
        "max_gap_seconds": 17.0,
        "capped_seconds": 0.0,
        "visit_count": 1,
        "segment_count": 1,
        "interval_count": 4,
        "sample_count": 4,
        "label": "",
        "geom_role": "centroid"
      }
    },
    {
      "type": "Feature",
      "geometry": {
        "type": "Polygon",
        "coordinates": [
          [
            [
              -85.7457187,
              35.09275
            ],
            [
              -85.745554,
              35.09275
            ],
            [
              -85.745554,
              35.0928857
            ],
            [
              -85.7457187,
              35.0928857
            ],
            [
              -85.7457187,
              35.09275
            ]
          ]
        ]
      },
      "properties": {
        "id": "activity_hotspot_36",
        "layer": "activity_hotspots",
        "source_type": "field_track_gpx",
        "source_files": [
          "Saturday_Afternoon_Activity.gpx"
        ],
        "track_names": [
          "Saturday Afternoon Activity"
        ],
        "confidence": "single_track",
        "permission": "internal",
        "publish_status": "hold",
        "review_status": "raw activity evidence; not a validated trail or facility",
        "cell_m": 15.0,
        "rank": 36,
        "intensity_norm": 0.117,
        "intensity_class": "low",
        "dwell_seconds": 46.7,
        "dwell_minutes": 0.78,
        "stop_seconds": 0.0,
        "slow_seconds": 0.0,
        "moving_seconds": 46.7,
        "distance_m": 33.3,
        "avg_speed_mps": 0.715,
        "max_gap_seconds": 27.0,
        "capped_seconds": 0.0,
        "visit_count": 2,
        "segment_count": 1,
        "interval_count": 5,
        "sample_count": 9,
        "label": "",
        "geom_role": "cell"
      }
    },
    {
      "type": "Feature",
      "geometry": {
        "type": "Point",
        "coordinates": [
          -85.7456187,
          35.0927955
        ]
      },
      "properties": {
        "id": "activity_hotspot_36",
        "layer": "activity_hotspots",
        "source_type": "field_track_gpx",
        "source_files": [
          "Saturday_Afternoon_Activity.gpx"
        ],
        "track_names": [
          "Saturday Afternoon Activity"
        ],
        "confidence": "single_track",
        "permission": "internal",
        "publish_status": "hold",
        "review_status": "raw activity evidence; not a validated trail or facility",
        "cell_m": 15.0,
        "rank": 36,
        "intensity_norm": 0.117,
        "intensity_class": "low",
        "dwell_seconds": 46.7,
        "dwell_minutes": 0.78,
        "stop_seconds": 0.0,
        "slow_seconds": 0.0,
        "moving_seconds": 46.7,
        "distance_m": 33.3,
        "avg_speed_mps": 0.715,
        "max_gap_seconds": 27.0,
        "capped_seconds": 0.0,
        "visit_count": 2,
        "segment_count": 1,
        "interval_count": 5,
        "sample_count": 9,
        "label": "",
        "geom_role": "centroid"
      }
    },
    {
      "type": "Feature",
      "geometry": {
        "type": "Polygon",
        "coordinates": [
          [
            [
              -85.7458834,
              35.0924786
            ],
            [
              -85.7457187,
              35.0924786
            ],
            [
              -85.7457187,
              35.0926143
            ],
            [
              -85.7458834,
              35.0926143
            ],
            [
              -85.7458834,
              35.0924786
            ]
          ]
        ]
      },
      "properties": {
        "id": "activity_hotspot_37",
        "layer": "activity_hotspots",
        "source_type": "field_track_gpx",
        "source_files": [
          "Saturday_Afternoon_Activity.gpx"
        ],
        "track_names": [
          "Saturday Afternoon Activity"
        ],
        "confidence": "single_track",
        "permission": "internal",
        "publish_status": "hold",
        "review_status": "raw activity evidence; not a validated trail or facility",
        "cell_m": 15.0,
        "rank": 37,
        "intensity_norm": 0.1149,
        "intensity_class": "low",
        "dwell_seconds": 45.8,
        "dwell_minutes": 0.76,
        "stop_seconds": 0.0,
        "slow_seconds": 0.0,
        "moving_seconds": 45.8,
        "distance_m": 28.1,
        "avg_speed_mps": 0.614,
        "max_gap_seconds": 23.0,
        "capped_seconds": 0.0,
        "visit_count": 2,
        "segment_count": 1,
        "interval_count": 4,
        "sample_count": 7,
        "label": "",
        "geom_role": "cell"
      }
    },
    {
      "type": "Feature",
      "geometry": {
        "type": "Point",
        "coordinates": [
          -85.7458526,
          35.0925513
        ]
      },
      "properties": {
        "id": "activity_hotspot_37",
        "layer": "activity_hotspots",
        "source_type": "field_track_gpx",
        "source_files": [
          "Saturday_Afternoon_Activity.gpx"
        ],
        "track_names": [
          "Saturday Afternoon Activity"
        ],
        "confidence": "single_track",
        "permission": "internal",
        "publish_status": "hold",
        "review_status": "raw activity evidence; not a validated trail or facility",
        "cell_m": 15.0,
        "rank": 37,
        "intensity_norm": 0.1149,
        "intensity_class": "low",
        "dwell_seconds": 45.8,
        "dwell_minutes": 0.76,
        "stop_seconds": 0.0,
        "slow_seconds": 0.0,
        "moving_seconds": 45.8,
        "distance_m": 28.1,
        "avg_speed_mps": 0.614,
        "max_gap_seconds": 23.0,
        "capped_seconds": 0.0,
        "visit_count": 2,
        "segment_count": 1,
        "interval_count": 4,
        "sample_count": 7,
        "label": "",
        "geom_role": "centroid"
      }
    },
    {
      "type": "Feature",
      "geometry": {
        "type": "Polygon",
        "coordinates": [
          [
            [
              -85.7439072,
              35.0960068
            ],
            [
              -85.7437425,
              35.0960068
            ],
            [
              -85.7437425,
              35.0961425
            ],
            [
              -85.7439072,
              35.0961425
            ],
            [
              -85.7439072,
              35.0960068
            ]
          ]
        ]
      },
      "properties": {
        "id": "activity_hotspot_38",
        "layer": "activity_hotspots",
        "source_type": "field_track_gpx",
        "source_files": [
          "Saturday_Afternoon_Activity.gpx"
        ],
        "track_names": [
          "Saturday Afternoon Activity"
        ],
        "confidence": "single_track",
        "permission": "internal",
        "publish_status": "hold",
        "review_status": "raw activity evidence; not a validated trail or facility",
        "cell_m": 15.0,
        "rank": 38,
        "intensity_norm": 0.1103,
        "intensity_class": "low",
        "dwell_seconds": 44.0,
        "dwell_minutes": 0.73,
        "stop_seconds": 0.0,
        "slow_seconds": 34.7,
        "moving_seconds": 9.3,
        "distance_m": 16.0,
        "avg_speed_mps": 0.365,
        "max_gap_seconds": 52.0,
        "capped_seconds": 0.0,
        "visit_count": 1,
        "segment_count": 1,
        "interval_count": 2,
        "sample_count": 4,
        "label": "",
        "geom_role": "cell"
      }
    },
    {
      "type": "Feature",
      "geometry": {
        "type": "Point",
        "coordinates": [
          -85.7438663,
          35.0960626
        ]
      },
      "properties": {
        "id": "activity_hotspot_38",
        "layer": "activity_hotspots",
        "source_type": "field_track_gpx",
        "source_files": [
          "Saturday_Afternoon_Activity.gpx"
        ],
        "track_names": [
          "Saturday Afternoon Activity"
        ],
        "confidence": "single_track",
        "permission": "internal",
        "publish_status": "hold",
        "review_status": "raw activity evidence; not a validated trail or facility",
        "cell_m": 15.0,
        "rank": 38,
        "intensity_norm": 0.1103,
        "intensity_class": "low",
        "dwell_seconds": 44.0,
        "dwell_minutes": 0.73,
        "stop_seconds": 0.0,
        "slow_seconds": 34.7,
        "moving_seconds": 9.3,
        "distance_m": 16.0,
        "avg_speed_mps": 0.365,
        "max_gap_seconds": 52.0,
        "capped_seconds": 0.0,
        "visit_count": 1,
        "segment_count": 1,
        "interval_count": 2,
        "sample_count": 4,
        "label": "",
        "geom_role": "centroid"
      }
    },
    {
      "type": "Feature",
      "geometry": {
        "type": "Polygon",
        "coordinates": [
          [
            [
              -85.7445659,
              35.0946498
            ],
            [
              -85.7444012,
              35.0946498
            ],
            [
              -85.7444012,
              35.0947855
            ],
            [
              -85.7445659,
              35.0947855
            ],
            [
              -85.7445659,
              35.0946498
            ]
          ]
        ]
      },
      "properties": {
        "id": "activity_hotspot_39",
        "layer": "activity_hotspots",
        "source_type": "field_track_gpx",
        "source_files": [
          "Saturday_Afternoon_Activity.gpx"
        ],
        "track_names": [
          "Saturday Afternoon Activity"
        ],
        "confidence": "single_track",
        "permission": "internal",
        "publish_status": "hold",
        "review_status": "raw activity evidence; not a validated trail or facility",
        "cell_m": 15.0,
        "rank": 39,
        "intensity_norm": 0.1078,
        "intensity_class": "low",
        "dwell_seconds": 43.0,
        "dwell_minutes": 0.72,
        "stop_seconds": 0.0,
        "slow_seconds": 0.0,
        "moving_seconds": 43.0,
        "distance_m": 23.7,
        "avg_speed_mps": 0.55,
        "max_gap_seconds": 33.0,
        "capped_seconds": 0.0,
        "visit_count": 2,
        "segment_count": 1,
        "interval_count": 4,
        "sample_count": 6,
        "label": "",
        "geom_role": "cell"
      }
    },
    {
      "type": "Feature",
      "geometry": {
        "type": "Point",
        "coordinates": [
          -85.7444283,
          35.0946998
        ]
      },
      "properties": {
        "id": "activity_hotspot_39",
        "layer": "activity_hotspots",
        "source_type": "field_track_gpx",
        "source_files": [
          "Saturday_Afternoon_Activity.gpx"
        ],
        "track_names": [
          "Saturday Afternoon Activity"
        ],
        "confidence": "single_track",
        "permission": "internal",
        "publish_status": "hold",
        "review_status": "raw activity evidence; not a validated trail or facility",
        "cell_m": 15.0,
        "rank": 39,
        "intensity_norm": 0.1078,
        "intensity_class": "low",
        "dwell_seconds": 43.0,
        "dwell_minutes": 0.72,
        "stop_seconds": 0.0,
        "slow_seconds": 0.0,
        "moving_seconds": 43.0,
        "distance_m": 23.7,
        "avg_speed_mps": 0.55,
        "max_gap_seconds": 33.0,
        "capped_seconds": 0.0,
        "visit_count": 2,
        "segment_count": 1,
        "interval_count": 4,
        "sample_count": 6,
        "label": "",
        "geom_role": "centroid"
      }
    },
    {
      "type": "Feature",
      "geometry": {
        "type": "Polygon",
        "coordinates": [
          [
            [
              -85.74506,
              35.0936999
            ],
            [
              -85.7448953,
              35.0936999
            ],
            [
              -85.7448953,
              35.0938356
            ],
            [
              -85.74506,
              35.0938356
            ],
            [
              -85.74506,
              35.0936999
            ]
          ]
        ]
      },
      "properties": {
        "id": "activity_hotspot_40",
        "layer": "activity_hotspots",
        "source_type": "field_track_gpx",
        "source_files": [
          "Saturday_Afternoon_Activity.gpx"
        ],
        "track_names": [
          "Saturday Afternoon Activity"
        ],
        "confidence": "single_track",
        "permission": "internal",
        "publish_status": "hold",
        "review_status": "raw activity evidence; not a validated trail or facility",
        "cell_m": 15.0,
        "rank": 40,
        "intensity_norm": 0.1047,
        "intensity_class": "low",
        "dwell_seconds": 41.8,
        "dwell_minutes": 0.7,
        "stop_seconds": 0.0,
        "slow_seconds": 0.0,
        "moving_seconds": 41.8,
        "distance_m": 36.3,
        "avg_speed_mps": 0.87,
        "max_gap_seconds": 17.0,
        "capped_seconds": 0.0,
        "visit_count": 2,
        "segment_count": 1,
        "interval_count": 5,
        "sample_count": 9,
        "label": "",
        "geom_role": "cell"
      }
    },
    {
      "type": "Feature",
      "geometry": {
        "type": "Point",
        "coordinates": [
          -85.7449622,
          35.0937726
        ]
      },
      "properties": {
        "id": "activity_hotspot_40",
        "layer": "activity_hotspots",
        "source_type": "field_track_gpx",
        "source_files": [
          "Saturday_Afternoon_Activity.gpx"
        ],
        "track_names": [
          "Saturday Afternoon Activity"
        ],
        "confidence": "single_track",
        "permission": "internal",
        "publish_status": "hold",
        "review_status": "raw activity evidence; not a validated trail or facility",
        "cell_m": 15.0,
        "rank": 40,
        "intensity_norm": 0.1047,
        "intensity_class": "low",
        "dwell_seconds": 41.8,
        "dwell_minutes": 0.7,
        "stop_seconds": 0.0,
        "slow_seconds": 0.0,
        "moving_seconds": 41.8,
        "distance_m": 36.3,
        "avg_speed_mps": 0.87,
        "max_gap_seconds": 17.0,
        "capped_seconds": 0.0,
        "visit_count": 2,
        "segment_count": 1,
        "interval_count": 5,
        "sample_count": 9,
        "label": "",
        "geom_role": "centroid"
      }
    },
    {
      "type": "Feature",
      "geometry": {
        "type": "Polygon",
        "coordinates": [
          [
            [
              -85.7452247,
              35.0934285
            ],
            [
              -85.74506,
              35.0934285
            ],
            [
              -85.74506,
              35.0935642
            ],
            [
              -85.7452247,
              35.0935642
            ],
            [
              -85.7452247,
              35.0934285
            ]
          ]
        ]
      },
      "properties": {
        "id": "activity_hotspot_41",
        "layer": "activity_hotspots",
        "source_type": "field_track_gpx",
        "source_files": [
          "Saturday_Afternoon_Activity.gpx"
        ],
        "track_names": [
          "Saturday Afternoon Activity"
        ],
        "confidence": "single_track",
        "permission": "internal",
        "publish_status": "hold",
        "review_status": "raw activity evidence; not a validated trail or facility",
        "cell_m": 15.0,
        "rank": 41,
        "intensity_norm": 0.1026,
        "intensity_class": "low",
        "dwell_seconds": 40.9,
        "dwell_minutes": 0.68,
        "stop_seconds": 0.0,
        "slow_seconds": 0.0,
        "moving_seconds": 40.9,
        "distance_m": 35.5,
        "avg_speed_mps": 0.868,
        "max_gap_seconds": 26.0,
        "capped_seconds": 0.0,
        "visit_count": 2,
        "segment_count": 1,
        "interval_count": 4,
        "sample_count": 9,
        "label": "",
        "geom_role": "cell"
      }
    },
    {
      "type": "Feature",
      "geometry": {
        "type": "Point",
        "coordinates": [
          -85.7451466,
          35.0934957
        ]
      },
      "properties": {
        "id": "activity_hotspot_41",
        "layer": "activity_hotspots",
        "source_type": "field_track_gpx",
        "source_files": [
          "Saturday_Afternoon_Activity.gpx"
        ],
        "track_names": [
          "Saturday Afternoon Activity"
        ],
        "confidence": "single_track",
        "permission": "internal",
        "publish_status": "hold",
        "review_status": "raw activity evidence; not a validated trail or facility",
        "cell_m": 15.0,
        "rank": 41,
        "intensity_norm": 0.1026,
        "intensity_class": "low",
        "dwell_seconds": 40.9,
        "dwell_minutes": 0.68,
        "stop_seconds": 0.0,
        "slow_seconds": 0.0,
        "moving_seconds": 40.9,
        "distance_m": 35.5,
        "avg_speed_mps": 0.868,
        "max_gap_seconds": 26.0,
        "capped_seconds": 0.0,
        "visit_count": 2,
        "segment_count": 1,
        "interval_count": 4,
        "sample_count": 9,
        "label": "",
        "geom_role": "centroid"
      }
    },
    {
      "type": "Feature",
      "geometry": {
        "type": "Polygon",
        "coordinates": [
          [
            [
              -85.7439072,
              35.0966853
            ],
            [
              -85.7437425,
              35.0966853
            ],
            [
              -85.7437425,
              35.096821
            ],
            [
              -85.7439072,
              35.096821
            ],
            [
              -85.7439072,
              35.0966853
            ]
          ]
        ]
      },
      "properties": {
        "id": "activity_hotspot_42",
        "layer": "activity_hotspots",
        "source_type": "field_track_gpx",
        "source_files": [
          "Saturday_Afternoon_Activity.gpx"
        ],
        "track_names": [
          "Saturday Afternoon Activity"
        ],
        "confidence": "single_track",
        "permission": "internal",
        "publish_status": "hold",
        "review_status": "raw activity evidence; not a validated trail or facility",
        "cell_m": 15.0,
        "rank": 42,
        "intensity_norm": 0.1015,
        "intensity_class": "low",
        "dwell_seconds": 40.5,
        "dwell_minutes": 0.68,
        "stop_seconds": 0.0,
        "slow_seconds": 0.0,
        "moving_seconds": 40.5,
        "distance_m": 31.9,
        "avg_speed_mps": 0.787,
        "max_gap_seconds": 15.0,
        "capped_seconds": 0.0,
        "visit_count": 2,
        "segment_count": 1,
        "interval_count": 6,
        "sample_count": 9,
        "label": "",
        "geom_role": "cell"
      }
    },
    {
      "type": "Feature",
      "geometry": {
        "type": "Point",
        "coordinates": [
          -85.74384,
          35.0967541
        ]
      },
      "properties": {
        "id": "activity_hotspot_42",
        "layer": "activity_hotspots",
        "source_type": "field_track_gpx",
        "source_files": [
          "Saturday_Afternoon_Activity.gpx"
        ],
        "track_names": [
          "Saturday Afternoon Activity"
        ],
        "confidence": "single_track",
        "permission": "internal",
        "publish_status": "hold",
        "review_status": "raw activity evidence; not a validated trail or facility",
        "cell_m": 15.0,
        "rank": 42,
        "intensity_norm": 0.1015,
        "intensity_class": "low",
        "dwell_seconds": 40.5,
        "dwell_minutes": 0.68,
        "stop_seconds": 0.0,
        "slow_seconds": 0.0,
        "moving_seconds": 40.5,
        "distance_m": 31.9,
        "avg_speed_mps": 0.787,
        "max_gap_seconds": 15.0,
        "capped_seconds": 0.0,
        "visit_count": 2,
        "segment_count": 1,
        "interval_count": 6,
        "sample_count": 9,
        "label": "",
        "geom_role": "centroid"
      }
    },
    {
      "type": "Feature",
      "geometry": {
        "type": "Polygon",
        "coordinates": [
          [
            [
              -85.7447306,
              35.0942427
            ],
            [
              -85.7445659,
              35.0942427
            ],
            [
              -85.7445659,
              35.0943784
            ],
            [
              -85.7447306,
              35.0943784
            ],
            [
              -85.7447306,
              35.0942427
            ]
          ]
        ]
      },
      "properties": {
        "id": "activity_hotspot_43",
        "layer": "activity_hotspots",
        "source_type": "field_track_gpx",
        "source_files": [
          "Saturday_Afternoon_Activity.gpx"
        ],
        "track_names": [
          "Saturday Afternoon Activity"
        ],
        "confidence": "single_track",
        "permission": "internal",
        "publish_status": "hold",
        "review_status": "raw activity evidence; not a validated trail or facility",
        "cell_m": 15.0,
        "rank": 43,
        "intensity_norm": 0.1003,
        "intensity_class": "low",
        "dwell_seconds": 40.0,
        "dwell_minutes": 0.67,
        "stop_seconds": 0.0,
        "slow_seconds": 0.0,
        "moving_seconds": 40.0,
        "distance_m": 32.7,
        "avg_speed_mps": 0.817,
        "max_gap_seconds": 20.0,
        "capped_seconds": 0.0,
        "visit_count": 2,
        "segment_count": 1,
        "interval_count": 4,
        "sample_count": 8,
        "label": "",
        "geom_role": "cell"
      }
    },
    {
      "type": "Feature",
      "geometry": {
        "type": "Point",
        "coordinates": [
          -85.7446609,
          35.0943036
        ]
      },
      "properties": {
        "id": "activity_hotspot_43",
        "layer": "activity_hotspots",
        "source_type": "field_track_gpx",
        "source_files": [
          "Saturday_Afternoon_Activity.gpx"
        ],
        "track_names": [
          "Saturday Afternoon Activity"
        ],
        "confidence": "single_track",
        "permission": "internal",
        "publish_status": "hold",
        "review_status": "raw activity evidence; not a validated trail or facility",
        "cell_m": 15.0,
        "rank": 43,
        "intensity_norm": 0.1003,
        "intensity_class": "low",
        "dwell_seconds": 40.0,
        "dwell_minutes": 0.67,
        "stop_seconds": 0.0,
        "slow_seconds": 0.0,
        "moving_seconds": 40.0,
        "distance_m": 32.7,
        "avg_speed_mps": 0.817,
        "max_gap_seconds": 20.0,
        "capped_seconds": 0.0,
        "visit_count": 2,
        "segment_count": 1,
        "interval_count": 4,
        "sample_count": 8,
        "label": "",
        "geom_role": "centroid"
      }
    },
    {
      "type": "Feature",
      "geometry": {
        "type": "Polygon",
        "coordinates": [
          [
            [
              -85.7439072,
              35.096821
            ],
            [
              -85.7437425,
              35.096821
            ],
            [
              -85.7437425,
              35.0969567
            ],
            [
              -85.7439072,
              35.0969567
            ],
            [
              -85.7439072,
              35.096821
            ]
          ]
        ]
      },
      "properties": {
        "id": "activity_hotspot_44",
        "layer": "activity_hotspots",
        "source_type": "field_track_gpx",
        "source_files": [
          "Saturday_Afternoon_Activity.gpx"
        ],
        "track_names": [
          "Saturday Afternoon Activity"
        ],
        "confidence": "single_track",
        "permission": "internal",
        "publish_status": "hold",
        "review_status": "raw activity evidence; not a validated trail or facility",
        "cell_m": 15.0,
        "rank": 44,
        "intensity_norm": 0.1003,
        "intensity_class": "low",
        "dwell_seconds": 40.0,
        "dwell_minutes": 0.67,
        "stop_seconds": 0.0,
        "slow_seconds": 0.0,
        "moving_seconds": 40.0,
        "distance_m": 25.0,
        "avg_speed_mps": 0.625,
        "max_gap_seconds": 16.0,
        "capped_seconds": 0.0,
        "visit_count": 2,
        "segment_count": 1,
        "interval_count": 5,
        "sample_count": 7,
        "label": "",
        "geom_role": "cell"
      }
    },
    {
      "type": "Feature",
      "geometry": {
        "type": "Point",
        "coordinates": [
          -85.7438188,
          35.0968698
        ]
      },
      "properties": {
        "id": "activity_hotspot_44",
        "layer": "activity_hotspots",
        "source_type": "field_track_gpx",
        "source_files": [
          "Saturday_Afternoon_Activity.gpx"
        ],
        "track_names": [
          "Saturday Afternoon Activity"
        ],
        "confidence": "single_track",
        "permission": "internal",
        "publish_status": "hold",
        "review_status": "raw activity evidence; not a validated trail or facility",
        "cell_m": 15.0,
        "rank": 44,
        "intensity_norm": 0.1003,
        "intensity_class": "low",
        "dwell_seconds": 40.0,
        "dwell_minutes": 0.67,
        "stop_seconds": 0.0,
        "slow_seconds": 0.0,
        "moving_seconds": 40.0,
        "distance_m": 25.0,
        "avg_speed_mps": 0.625,
        "max_gap_seconds": 16.0,
        "capped_seconds": 0.0,
        "visit_count": 2,
        "segment_count": 1,
        "interval_count": 5,
        "sample_count": 7,
        "label": "",
        "geom_role": "centroid"
      }
    },
    {
      "type": "Feature",
      "geometry": {
        "type": "Polygon",
        "coordinates": [
          [
            [
              -85.7439072,
              35.0965496
            ],
            [
              -85.7437425,
              35.0965496
            ],
            [
              -85.7437425,
              35.0966853
            ],
            [
              -85.7439072,
              35.0966853
            ],
            [
              -85.7439072,
              35.0965496
            ]
          ]
        ]
      },
      "properties": {
        "id": "activity_hotspot_45",
        "layer": "activity_hotspots",
        "source_type": "field_track_gpx",
        "source_files": [
          "Saturday_Afternoon_Activity.gpx"
        ],
        "track_names": [
          "Saturday Afternoon Activity"
        ],
        "confidence": "single_track",
        "permission": "internal",
        "publish_status": "hold",
        "review_status": "raw activity evidence; not a validated trail or facility",
        "cell_m": 15.0,
        "rank": 45,
        "intensity_norm": 0.094,
        "intensity_class": "low",
        "dwell_seconds": 37.5,
        "dwell_minutes": 0.62,
        "stop_seconds": 0.0,
        "slow_seconds": 0.0,
        "moving_seconds": 37.5,
        "distance_m": 28.5,
        "avg_speed_mps": 0.76,
        "max_gap_seconds": 15.0,
        "capped_seconds": 0.0,
        "visit_count": 2,
        "segment_count": 1,
        "interval_count": 5,
        "sample_count": 8,
        "label": "",
        "geom_role": "cell"
      }
    },
    {
      "type": "Feature",
      "geometry": {
        "type": "Point",
        "coordinates": [
          -85.7438481,
          35.0966154
        ]
      },
      "properties": {
        "id": "activity_hotspot_45",
        "layer": "activity_hotspots",
        "source_type": "field_track_gpx",
        "source_files": [
          "Saturday_Afternoon_Activity.gpx"
        ],
        "track_names": [
          "Saturday Afternoon Activity"
        ],
        "confidence": "single_track",
        "permission": "internal",
        "publish_status": "hold",
        "review_status": "raw activity evidence; not a validated trail or facility",
        "cell_m": 15.0,
        "rank": 45,
        "intensity_norm": 0.094,
        "intensity_class": "low",
        "dwell_seconds": 37.5,
        "dwell_minutes": 0.62,
        "stop_seconds": 0.0,
        "slow_seconds": 0.0,
        "moving_seconds": 37.5,
        "distance_m": 28.5,
        "avg_speed_mps": 0.76,
        "max_gap_seconds": 15.0,
        "capped_seconds": 0.0,
        "visit_count": 2,
        "segment_count": 1,
        "interval_count": 5,
        "sample_count": 8,
        "label": "",
        "geom_role": "centroid"
      }
    },
    {
      "type": "Feature",
      "geometry": {
        "type": "Polygon",
        "coordinates": [
          [
            [
              -85.7440719,
              35.0983136
            ],
            [
              -85.7439072,
              35.0983136
            ],
            [
              -85.7439072,
              35.0984493
            ],
            [
              -85.7440719,
              35.0984493
            ],
            [
              -85.7440719,
              35.0983136
            ]
          ]
        ]
      },
      "properties": {
        "id": "activity_hotspot_46",
        "layer": "activity_hotspots",
        "source_type": "field_track_gpx",
        "source_files": [
          "Saturday_Afternoon_Activity.gpx"
        ],
        "track_names": [
          "Saturday Afternoon Activity"
        ],
        "confidence": "single_track",
        "permission": "internal",
        "publish_status": "hold",
        "review_status": "raw activity evidence; not a validated trail or facility",
        "cell_m": 15.0,
        "rank": 46,
        "intensity_norm": 0.0928,
        "intensity_class": "low",
        "dwell_seconds": 37.0,
        "dwell_minutes": 0.62,
        "stop_seconds": 0.0,
        "slow_seconds": 0.0,
        "moving_seconds": 37.0,
        "distance_m": 21.6,
        "avg_speed_mps": 0.583,
        "max_gap_seconds": 24.0,
        "capped_seconds": 0.0,
        "visit_count": 2,
        "segment_count": 1,
        "interval_count": 3,
        "sample_count": 5,
        "label": "",
        "geom_role": "cell"
      }
    },
    {
      "type": "Feature",
      "geometry": {
        "type": "Point",
        "coordinates": [
          -85.743953,
          35.0983966
        ]
      },
      "properties": {
        "id": "activity_hotspot_46",
        "layer": "activity_hotspots",
        "source_type": "field_track_gpx",
        "source_files": [
          "Saturday_Afternoon_Activity.gpx"
        ],
        "track_names": [
          "Saturday Afternoon Activity"
        ],
        "confidence": "single_track",
        "permission": "internal",
        "publish_status": "hold",
        "review_status": "raw activity evidence; not a validated trail or facility",
        "cell_m": 15.0,
        "rank": 46,
        "intensity_norm": 0.0928,
        "intensity_class": "low",
        "dwell_seconds": 37.0,
        "dwell_minutes": 0.62,
        "stop_seconds": 0.0,
        "slow_seconds": 0.0,
        "moving_seconds": 37.0,
        "distance_m": 21.6,
        "avg_speed_mps": 0.583,
        "max_gap_seconds": 24.0,
        "capped_seconds": 0.0,
        "visit_count": 2,
        "segment_count": 1,
        "interval_count": 3,
        "sample_count": 5,
        "label": "",
        "geom_role": "centroid"
      }
    },
    {
      "type": "Feature",
      "geometry": {
        "type": "Polygon",
        "coordinates": [
          [
            [
              -85.748189,
              35.0918002
            ],
            [
              -85.7480243,
              35.0918002
            ],
            [
              -85.7480243,
              35.0919359
            ],
            [
              -85.748189,
              35.0919359
            ],
            [
              -85.748189,
              35.0918002
            ]
          ]
        ]
      },
      "properties": {
        "id": "activity_hotspot_47",
        "layer": "activity_hotspots",
        "source_type": "field_track_gpx",
        "source_files": [
          "Saturday_Afternoon_Activity.gpx"
        ],
        "track_names": [
          "Saturday Afternoon Activity"
        ],
        "confidence": "single_track",
        "permission": "internal",
        "publish_status": "hold",
        "review_status": "raw activity evidence; not a validated trail or facility",
        "cell_m": 15.0,
        "rank": 47,
        "intensity_norm": 0.0911,
        "intensity_class": "low",
        "dwell_seconds": 36.3,
        "dwell_minutes": 0.61,
        "stop_seconds": 0.0,
        "slow_seconds": 0.0,
        "moving_seconds": 36.3,
        "distance_m": 30.8,
        "avg_speed_mps": 0.849,
        "max_gap_seconds": 11.0,
        "capped_seconds": 0.0,
        "visit_count": 2,
        "segment_count": 1,
        "interval_count": 5,
        "sample_count": 8,
        "label": "",
        "geom_role": "cell"
      }
    },
    {
      "type": "Feature",
      "geometry": {
        "type": "Point",
        "coordinates": [
          -85.7481015,
          35.0918729
        ]
      },
      "properties": {
        "id": "activity_hotspot_47",
        "layer": "activity_hotspots",
        "source_type": "field_track_gpx",
        "source_files": [
          "Saturday_Afternoon_Activity.gpx"
        ],
        "track_names": [
          "Saturday Afternoon Activity"
        ],
        "confidence": "single_track",
        "permission": "internal",
        "publish_status": "hold",
        "review_status": "raw activity evidence; not a validated trail or facility",
        "cell_m": 15.0,
        "rank": 47,
        "intensity_norm": 0.0911,
        "intensity_class": "low",
        "dwell_seconds": 36.3,
        "dwell_minutes": 0.61,
        "stop_seconds": 0.0,
        "slow_seconds": 0.0,
        "moving_seconds": 36.3,
        "distance_m": 30.8,
        "avg_speed_mps": 0.849,
        "max_gap_seconds": 11.0,
        "capped_seconds": 0.0,
        "visit_count": 2,
        "segment_count": 1,
        "interval_count": 5,
        "sample_count": 8,
        "label": "",
        "geom_role": "centroid"
      }
    },
    {
      "type": "Feature",
      "geometry": {
        "type": "Polygon",
        "coordinates": [
          [
            [
              -85.7439072,
              35.0973638
            ],
            [
              -85.7437425,
              35.0973638
            ],
            [
              -85.7437425,
              35.0974995
            ],
            [
              -85.7439072,
              35.0974995
            ],
            [
              -85.7439072,
              35.0973638
            ]
          ]
        ]
      },
      "properties": {
        "id": "activity_hotspot_48",
        "layer": "activity_hotspots",
        "source_type": "field_track_gpx",
        "source_files": [
          "Saturday_Afternoon_Activity.gpx"
        ],
        "track_names": [
          "Saturday Afternoon Activity"
        ],
        "confidence": "single_track",
        "permission": "internal",
        "publish_status": "hold",
        "review_status": "raw activity evidence; not a validated trail or facility",
        "cell_m": 15.0,
        "rank": 48,
        "intensity_norm": 0.0907,
        "intensity_class": "low",
        "dwell_seconds": 36.2,
        "dwell_minutes": 0.6,
        "stop_seconds": 0.0,
        "slow_seconds": 19.0,
        "moving_seconds": 17.2,
        "distance_m": 20.5,
        "avg_speed_mps": 0.567,
        "max_gap_seconds": 23.0,
        "capped_seconds": 0.0,
        "visit_count": 2,
        "segment_count": 1,
        "interval_count": 4,
        "sample_count": 6,
        "label": "",
        "geom_role": "cell"
      }
    },
    {
      "type": "Feature",
      "geometry": {
        "type": "Point",
        "coordinates": [
          -85.7438447,
          35.0974104
        ]
      },
      "properties": {
        "id": "activity_hotspot_48",
        "layer": "activity_hotspots",
        "source_type": "field_track_gpx",
        "source_files": [
          "Saturday_Afternoon_Activity.gpx"
        ],
        "track_names": [
          "Saturday Afternoon Activity"
        ],
        "confidence": "single_track",
        "permission": "internal",
        "publish_status": "hold",
        "review_status": "raw activity evidence; not a validated trail or facility",
        "cell_m": 15.0,
        "rank": 48,
        "intensity_norm": 0.0907,
        "intensity_class": "low",
        "dwell_seconds": 36.2,
        "dwell_minutes": 0.6,
        "stop_seconds": 0.0,
        "slow_seconds": 19.0,
        "moving_seconds": 17.2,
        "distance_m": 20.5,
        "avg_speed_mps": 0.567,
        "max_gap_seconds": 23.0,
        "capped_seconds": 0.0,
        "visit_count": 2,
        "segment_count": 1,
        "interval_count": 4,
        "sample_count": 6,
        "label": "",
        "geom_role": "centroid"
      }
    },
    {
      "type": "Feature",
      "geometry": {
        "type": "Polygon",
        "coordinates": [
          [
            [
              -85.7463775,
              35.0923429
            ],
            [
              -85.7462128,
              35.0923429
            ],
            [
              -85.7462128,
              35.0924786
            ],
            [
              -85.7463775,
              35.0924786
            ],
            [
              -85.7463775,
              35.0923429
            ]
          ]
        ]
      },
      "properties": {
        "id": "activity_hotspot_49",
        "layer": "activity_hotspots",
        "source_type": "field_track_gpx",
        "source_files": [
          "Saturday_Afternoon_Activity.gpx"
        ],
        "track_names": [
          "Saturday Afternoon Activity"
        ],
        "confidence": "single_track",
        "permission": "internal",
        "publish_status": "hold",
        "review_status": "raw activity evidence; not a validated trail or facility",
        "cell_m": 15.0,
        "rank": 49,
        "intensity_norm": 0.0894,
        "intensity_class": "low",
        "dwell_seconds": 35.7,
        "dwell_minutes": 0.59,
        "stop_seconds": 0.0,
        "slow_seconds": 0.0,
        "moving_seconds": 35.7,
        "distance_m": 28.7,
        "avg_speed_mps": 0.805,
        "max_gap_seconds": 32.0,
        "capped_seconds": 0.0,
        "visit_count": 2,
        "segment_count": 1,
        "interval_count": 3,
        "sample_count": 6,
        "label": "",
        "geom_role": "cell"
      }
    },
    {
      "type": "Feature",
      "geometry": {
        "type": "Point",
        "coordinates": [
          -85.7462894,
          35.0923714
        ]
      },
      "properties": {
        "id": "activity_hotspot_49",
        "layer": "activity_hotspots",
        "source_type": "field_track_gpx",
        "source_files": [
          "Saturday_Afternoon_Activity.gpx"
        ],
        "track_names": [
          "Saturday Afternoon Activity"
        ],
        "confidence": "single_track",
        "permission": "internal",
        "publish_status": "hold",
        "review_status": "raw activity evidence; not a validated trail or facility",
        "cell_m": 15.0,
        "rank": 49,
        "intensity_norm": 0.0894,
        "intensity_class": "low",
        "dwell_seconds": 35.7,
        "dwell_minutes": 0.59,
        "stop_seconds": 0.0,
        "slow_seconds": 0.0,
        "moving_seconds": 35.7,
        "distance_m": 28.7,
        "avg_speed_mps": 0.805,
        "max_gap_seconds": 32.0,
        "capped_seconds": 0.0,
        "visit_count": 2,
        "segment_count": 1,
        "interval_count": 3,
        "sample_count": 6,
        "label": "",
        "geom_role": "centroid"
      }
    },
    {
      "type": "Feature",
      "geometry": {
        "type": "Polygon",
        "coordinates": [
          [
            [
              -85.7439072,
              35.0964139
            ],
            [
              -85.7437425,
              35.0964139
            ],
            [
              -85.7437425,
              35.0965496
            ],
            [
              -85.7439072,
              35.0965496
            ],
            [
              -85.7439072,
              35.0964139
            ]
          ]
        ]
      },
      "properties": {
        "id": "activity_hotspot_50",
        "layer": "activity_hotspots",
        "source_type": "field_track_gpx",
        "source_files": [
          "Saturday_Afternoon_Activity.gpx"
        ],
        "track_names": [
          "Saturday Afternoon Activity"
        ],
        "confidence": "single_track",
        "permission": "internal",
        "publish_status": "hold",
        "review_status": "raw activity evidence; not a validated trail or facility",
        "cell_m": 15.0,
        "rank": 50,
        "intensity_norm": 0.0894,
        "intensity_class": "low",
        "dwell_seconds": 35.7,
        "dwell_minutes": 0.59,
        "stop_seconds": 0.0,
        "slow_seconds": 0.0,
        "moving_seconds": 35.7,
        "distance_m": 30.6,
        "avg_speed_mps": 0.859,
        "max_gap_seconds": 16.0,
        "capped_seconds": 0.0,
        "visit_count": 2,
        "segment_count": 1,
        "interval_count": 4,
        "sample_count": 8,
        "label": "",
        "geom_role": "cell"
      }
    },
    {
      "type": "Feature",
      "geometry": {
        "type": "Point",
        "coordinates": [
          -85.7438581,
          35.0964874
        ]
      },
      "properties": {
        "id": "activity_hotspot_50",
        "layer": "activity_hotspots",
        "source_type": "field_track_gpx",
        "source_files": [
          "Saturday_Afternoon_Activity.gpx"
        ],
        "track_names": [
          "Saturday Afternoon Activity"
        ],
        "confidence": "single_track",
        "permission": "internal",
        "publish_status": "hold",
        "review_status": "raw activity evidence; not a validated trail or facility",
        "cell_m": 15.0,
        "rank": 50,
        "intensity_norm": 0.0894,
        "intensity_class": "low",
        "dwell_seconds": 35.7,
        "dwell_minutes": 0.59,
        "stop_seconds": 0.0,
        "slow_seconds": 0.0,
        "moving_seconds": 35.7,
        "distance_m": 30.6,
        "avg_speed_mps": 0.859,
        "max_gap_seconds": 16.0,
        "capped_seconds": 0.0,
        "visit_count": 2,
        "segment_count": 1,
        "interval_count": 4,
        "sample_count": 8,
        "label": "",
        "geom_role": "centroid"
      }
    },
    {
      "type": "Feature",
      "geometry": {
        "type": "Polygon",
        "coordinates": [
          [
            [
              -85.7445659,
              35.0943784
            ],
            [
              -85.7444012,
              35.0943784
            ],
            [
              -85.7444012,
              35.0945141
            ],
            [
              -85.7445659,
              35.0945141
            ],
            [
              -85.7445659,
              35.0943784
            ]
          ]
        ]
      },
      "properties": {
        "id": "activity_hotspot_51",
        "layer": "activity_hotspots",
        "source_type": "field_track_gpx",
        "source_files": [
          "Saturday_Afternoon_Activity.gpx"
        ],
        "track_names": [
          "Saturday Afternoon Activity"
        ],
        "confidence": "single_track",
        "permission": "internal",
        "publish_status": "hold",
        "review_status": "raw activity evidence; not a validated trail or facility",
        "cell_m": 15.0,
        "rank": 51,
        "intensity_norm": 0.089,
        "intensity_class": "low",
        "dwell_seconds": 35.5,
        "dwell_minutes": 0.59,
        "stop_seconds": 0.0,
        "slow_seconds": 0.0,
        "moving_seconds": 35.5,
        "distance_m": 29.4,
        "avg_speed_mps": 0.83,
        "max_gap_seconds": 11.0,
        "capped_seconds": 0.0,
        "visit_count": 2,
        "segment_count": 1,
        "interval_count": 5,
        "sample_count": 8,
        "label": "",
        "geom_role": "cell"
      }
    },
    {
      "type": "Feature",
      "geometry": {
        "type": "Point",
        "coordinates": [
          -85.7445235,
          35.0944645
        ]
      },
      "properties": {
        "id": "activity_hotspot_51",
        "layer": "activity_hotspots",
        "source_type": "field_track_gpx",
        "source_files": [
          "Saturday_Afternoon_Activity.gpx"
        ],
        "track_names": [
          "Saturday Afternoon Activity"
        ],
        "confidence": "single_track",
        "permission": "internal",
        "publish_status": "hold",
        "review_status": "raw activity evidence; not a validated trail or facility",
        "cell_m": 15.0,
        "rank": 51,
        "intensity_norm": 0.089,
        "intensity_class": "low",
        "dwell_seconds": 35.5,
        "dwell_minutes": 0.59,
        "stop_seconds": 0.0,
        "slow_seconds": 0.0,
        "moving_seconds": 35.5,
        "distance_m": 29.4,
        "avg_speed_mps": 0.83,
        "max_gap_seconds": 11.0,
        "capped_seconds": 0.0,
        "visit_count": 2,
        "segment_count": 1,
        "interval_count": 5,
        "sample_count": 8,
        "label": "",
        "geom_role": "centroid"
      }
    },
    {
      "type": "Feature",
      "geometry": {
        "type": "Polygon",
        "coordinates": [
          [
            [
              -85.7448953,
              35.0938356
            ],
            [
              -85.7447306,
              35.0938356
            ],
            [
              -85.7447306,
              35.0939713
            ],
            [
              -85.7448953,
              35.0939713
            ],
            [
              -85.7448953,
              35.0938356
            ]
          ]
        ]
      },
      "properties": {
        "id": "activity_hotspot_52",
        "layer": "activity_hotspots",
        "source_type": "field_track_gpx",
        "source_files": [
          "Saturday_Afternoon_Activity.gpx"
        ],
        "track_names": [
          "Saturday Afternoon Activity"
        ],
        "confidence": "single_track",
        "permission": "internal",
        "publish_status": "hold",
        "review_status": "raw activity evidence; not a validated trail or facility",
        "cell_m": 15.0,
        "rank": 52,
        "intensity_norm": 0.0886,
        "intensity_class": "low",
        "dwell_seconds": 35.3,
        "dwell_minutes": 0.59,
        "stop_seconds": 0.0,
        "slow_seconds": 0.0,
        "moving_seconds": 35.3,
        "distance_m": 24.0,
        "avg_speed_mps": 0.679,
        "max_gap_seconds": 20.0,
        "capped_seconds": 0.0,
        "visit_count": 2,
        "segment_count": 1,
        "interval_count": 4,
        "sample_count": 7,
        "label": "",
        "geom_role": "cell"
      }
    },
    {
      "type": "Feature",
      "geometry": {
        "type": "Point",
        "coordinates": [
          -85.7448637,
          35.0939228
        ]
      },
      "properties": {
        "id": "activity_hotspot_52",
        "layer": "activity_hotspots",
        "source_type": "field_track_gpx",
        "source_files": [
          "Saturday_Afternoon_Activity.gpx"
        ],
        "track_names": [
          "Saturday Afternoon Activity"
        ],
        "confidence": "single_track",
        "permission": "internal",
        "publish_status": "hold",
        "review_status": "raw activity evidence; not a validated trail or facility",
        "cell_m": 15.0,
        "rank": 52,
        "intensity_norm": 0.0886,
        "intensity_class": "low",
        "dwell_seconds": 35.3,
        "dwell_minutes": 0.59,
        "stop_seconds": 0.0,
        "slow_seconds": 0.0,
        "moving_seconds": 35.3,
        "distance_m": 24.0,
        "avg_speed_mps": 0.679,
        "max_gap_seconds": 20.0,
        "capped_seconds": 0.0,
        "visit_count": 2,
        "segment_count": 1,
        "interval_count": 4,
        "sample_count": 7,
        "label": "",
        "geom_role": "centroid"
      }
    },
    {
      "type": "Feature",
      "geometry": {
        "type": "Polygon",
        "coordinates": [
          [
            [
              -85.745554,
              35.0930214
            ],
            [
              -85.7453893,
              35.0930214
            ],
            [
              -85.7453893,
              35.0931571
            ],
            [
              -85.745554,
              35.0931571
            ],
            [
              -85.745554,
              35.0930214
            ]
          ]
        ]
      },
      "properties": {
        "id": "activity_hotspot_53",
        "layer": "activity_hotspots",
        "source_type": "field_track_gpx",
        "source_files": [
          "Saturday_Afternoon_Activity.gpx"
        ],
        "track_names": [
          "Saturday Afternoon Activity"
        ],
        "confidence": "single_track",
        "permission": "internal",
        "publish_status": "hold",
        "review_status": "raw activity evidence; not a validated trail or facility",
        "cell_m": 15.0,
        "rank": 53,
        "intensity_norm": 0.0884,
        "intensity_class": "low",
        "dwell_seconds": 35.2,
        "dwell_minutes": 0.59,
        "stop_seconds": 0.0,
        "slow_seconds": 0.0,
        "moving_seconds": 35.2,
        "distance_m": 30.3,
        "avg_speed_mps": 0.86,
        "max_gap_seconds": 19.0,
        "capped_seconds": 0.0,
        "visit_count": 2,
        "segment_count": 1,
        "interval_count": 4,
        "sample_count": 8,
        "label": "",
        "geom_role": "cell"
      }
    },
    {
      "type": "Feature",
      "geometry": {
        "type": "Point",
        "coordinates": [
          -85.7454785,
          35.0930946
        ]
      },
      "properties": {
        "id": "activity_hotspot_53",
        "layer": "activity_hotspots",
        "source_type": "field_track_gpx",
        "source_files": [
          "Saturday_Afternoon_Activity.gpx"
        ],
        "track_names": [
          "Saturday Afternoon Activity"
        ],
        "confidence": "single_track",
        "permission": "internal",
        "publish_status": "hold",
        "review_status": "raw activity evidence; not a validated trail or facility",
        "cell_m": 15.0,
        "rank": 53,
        "intensity_norm": 0.0884,
        "intensity_class": "low",
        "dwell_seconds": 35.2,
        "dwell_minutes": 0.59,
        "stop_seconds": 0.0,
        "slow_seconds": 0.0,
        "moving_seconds": 35.2,
        "distance_m": 30.3,
        "avg_speed_mps": 0.86,
        "max_gap_seconds": 19.0,
        "capped_seconds": 0.0,
        "visit_count": 2,
        "segment_count": 1,
        "interval_count": 4,
        "sample_count": 8,
        "label": "",
        "geom_role": "centroid"
      }
    },
    {
      "type": "Feature",
      "geometry": {
        "type": "Polygon",
        "coordinates": [
          [
            [
              -85.7462128,
              35.0923429
            ],
            [
              -85.7460481,
              35.0923429
            ],
            [
              -85.7460481,
              35.0924786
            ],
            [
              -85.7462128,
              35.0924786
            ],
            [
              -85.7462128,
              35.0923429
            ]
          ]
        ]
      },
      "properties": {
        "id": "activity_hotspot_54",
        "layer": "activity_hotspots",
        "source_type": "field_track_gpx",
        "source_files": [
          "Saturday_Afternoon_Activity.gpx"
        ],
        "track_names": [
          "Saturday Afternoon Activity"
        ],
        "confidence": "single_track",
        "permission": "internal",
        "publish_status": "hold",
        "review_status": "raw activity evidence; not a validated trail or facility",
        "cell_m": 15.0,
        "rank": 54,
        "intensity_norm": 0.0867,
        "intensity_class": "low",
        "dwell_seconds": 34.6,
        "dwell_minutes": 0.58,
        "stop_seconds": 0.0,
        "slow_seconds": 0.0,
        "moving_seconds": 34.6,
        "distance_m": 31.0,
        "avg_speed_mps": 0.895,
        "max_gap_seconds": 32.0,
        "capped_seconds": 0.0,
        "visit_count": 2,
        "segment_count": 1,
        "interval_count": 3,
        "sample_count": 7,
        "label": "",
        "geom_role": "cell"
      }
    },
    {
      "type": "Feature",
      "geometry": {
        "type": "Point",
        "coordinates": [
          -85.7461327,
          35.092421
        ]
      },
      "properties": {
        "id": "activity_hotspot_54",
        "layer": "activity_hotspots",
        "source_type": "field_track_gpx",
        "source_files": [
          "Saturday_Afternoon_Activity.gpx"
        ],
        "track_names": [
          "Saturday Afternoon Activity"
        ],
        "confidence": "single_track",
        "permission": "internal",
        "publish_status": "hold",
        "review_status": "raw activity evidence; not a validated trail or facility",
        "cell_m": 15.0,
        "rank": 54,
        "intensity_norm": 0.0867,
        "intensity_class": "low",
        "dwell_seconds": 34.6,
        "dwell_minutes": 0.58,
        "stop_seconds": 0.0,
        "slow_seconds": 0.0,
        "moving_seconds": 34.6,
        "distance_m": 31.0,
        "avg_speed_mps": 0.895,
        "max_gap_seconds": 32.0,
        "capped_seconds": 0.0,
        "visit_count": 2,
        "segment_count": 1,
        "interval_count": 3,
        "sample_count": 7,
        "label": "",
        "geom_role": "centroid"
      }
    },
    {
      "type": "Feature",
      "geometry": {
        "type": "Polygon",
        "coordinates": [
          [
            [
              -85.751318,
              35.0920716
            ],
            [
              -85.7511533,
              35.0920716
            ],
            [
              -85.7511533,
              35.0922073
            ],
            [
              -85.751318,
              35.0922073
            ],
            [
              -85.751318,
              35.0920716
            ]
          ]
        ]
      },
      "properties": {
        "id": "activity_hotspot_55",
        "layer": "activity_hotspots",
        "source_type": "field_track_gpx",
        "source_files": [
          "Saturday_Afternoon_Activity.gpx"
        ],
        "track_names": [
          "Saturday Afternoon Activity"
        ],
        "confidence": "single_track",
        "permission": "internal",
        "publish_status": "hold",
        "review_status": "raw activity evidence; not a validated trail or facility",
        "cell_m": 15.0,
        "rank": 55,
        "intensity_norm": 0.0852,
        "intensity_class": "low",
        "dwell_seconds": 34.0,
        "dwell_minutes": 0.57,
        "stop_seconds": 0.0,
        "slow_seconds": 0.0,
        "moving_seconds": 34.0,
        "distance_m": 21.4,
        "avg_speed_mps": 0.631,
        "max_gap_seconds": 20.0,
        "capped_seconds": 0.0,
        "visit_count": 1,
        "segment_count": 1,
        "interval_count": 3,
        "sample_count": 5,
        "label": "",
        "geom_role": "cell"
      }
    },
    {
      "type": "Feature",
      "geometry": {
        "type": "Point",
        "coordinates": [
          -85.7512237,
          35.0921051
        ]
      },
      "properties": {
        "id": "activity_hotspot_55",
        "layer": "activity_hotspots",
        "source_type": "field_track_gpx",
        "source_files": [
          "Saturday_Afternoon_Activity.gpx"
        ],
        "track_names": [
          "Saturday Afternoon Activity"
        ],
        "confidence": "single_track",
        "permission": "internal",
        "publish_status": "hold",
        "review_status": "raw activity evidence; not a validated trail or facility",
        "cell_m": 15.0,
        "rank": 55,
        "intensity_norm": 0.0852,
        "intensity_class": "low",
        "dwell_seconds": 34.0,
        "dwell_minutes": 0.57,
        "stop_seconds": 0.0,
        "slow_seconds": 0.0,
        "moving_seconds": 34.0,
        "distance_m": 21.4,
        "avg_speed_mps": 0.631,
        "max_gap_seconds": 20.0,
        "capped_seconds": 0.0,
        "visit_count": 1,
        "segment_count": 1,
        "interval_count": 3,
        "sample_count": 5,
        "label": "",
        "geom_role": "centroid"
      }
    },
    {
      "type": "Feature",
      "geometry": {
        "type": "Polygon",
        "coordinates": [
          [
            [
              -85.7440719,
              35.0958711
            ],
            [
              -85.7439072,
              35.0958711
            ],
            [
              -85.7439072,
              35.0960068
            ],
            [
              -85.7440719,
              35.0960068
            ],
            [
              -85.7440719,
              35.0958711
            ]
          ]
        ]
      },
      "properties": {
        "id": "activity_hotspot_56",
        "layer": "activity_hotspots",
        "source_type": "field_track_gpx",
        "source_files": [
          "Saturday_Afternoon_Activity.gpx"
        ],
        "track_names": [
          "Saturday Afternoon Activity"
        ],
        "confidence": "single_track",
        "permission": "internal",
        "publish_status": "hold",
        "review_status": "raw activity evidence; not a validated trail or facility",
        "cell_m": 15.0,
        "rank": 56,
        "intensity_norm": 0.084,
        "intensity_class": "low",
        "dwell_seconds": 33.5,
        "dwell_minutes": 0.56,
        "stop_seconds": 0.0,
        "slow_seconds": 0.0,
        "moving_seconds": 33.5,
        "distance_m": 16.1,
        "avg_speed_mps": 0.48,
        "max_gap_seconds": 18.0,
        "capped_seconds": 0.0,
        "visit_count": 1,
        "segment_count": 1,
        "interval_count": 3,
        "sample_count": 4,
        "label": "",
        "geom_role": "cell"
      }
    },
    {
      "type": "Feature",
      "geometry": {
        "type": "Point",
        "coordinates": [
          -85.7440036,
          35.0959495
        ]
      },
      "properties": {
        "id": "activity_hotspot_56",
        "layer": "activity_hotspots",
        "source_type": "field_track_gpx",
        "source_files": [
          "Saturday_Afternoon_Activity.gpx"
        ],
        "track_names": [
          "Saturday Afternoon Activity"
        ],
        "confidence": "single_track",
        "permission": "internal",
        "publish_status": "hold",
        "review_status": "raw activity evidence; not a validated trail or facility",
        "cell_m": 15.0,
        "rank": 56,
        "intensity_norm": 0.084,
        "intensity_class": "low",
        "dwell_seconds": 33.5,
        "dwell_minutes": 0.56,
        "stop_seconds": 0.0,
        "slow_seconds": 0.0,
        "moving_seconds": 33.5,
        "distance_m": 16.1,
        "avg_speed_mps": 0.48,
        "max_gap_seconds": 18.0,
        "capped_seconds": 0.0,
        "visit_count": 1,
        "segment_count": 1,
        "interval_count": 3,
        "sample_count": 4,
        "label": "",
        "geom_role": "centroid"
      }
    },
    {
      "type": "Feature",
      "geometry": {
        "type": "Polygon",
        "coordinates": [
          [
            [
              -85.7444012,
              35.0947855
            ],
            [
              -85.7442366,
              35.0947855
            ],
            [
              -85.7442366,
              35.0949212
            ],
            [
              -85.7444012,
              35.0949212
            ],
            [
              -85.7444012,
              35.0947855
            ]
          ]
        ]
      },
      "properties": {
        "id": "activity_hotspot_57",
        "layer": "activity_hotspots",
        "source_type": "field_track_gpx",
        "source_files": [
          "Saturday_Afternoon_Activity.gpx"
        ],
        "track_names": [
          "Saturday Afternoon Activity"
        ],
        "confidence": "single_track",
        "permission": "internal",
        "publish_status": "hold",
        "review_status": "raw activity evidence; not a validated trail or facility",
        "cell_m": 15.0,
        "rank": 57,
        "intensity_norm": 0.0836,
        "intensity_class": "low",
        "dwell_seconds": 33.3,
        "dwell_minutes": 0.56,
        "stop_seconds": 0.0,
        "slow_seconds": 0.0,
        "moving_seconds": 33.3,
        "distance_m": 21.7,
        "avg_speed_mps": 0.652,
        "max_gap_seconds": 16.0,
        "capped_seconds": 0.0,
        "visit_count": 2,
        "segment_count": 1,
        "interval_count": 5,
        "sample_count": 6,
        "label": "",
        "geom_role": "cell"
      }
    },
    {
      "type": "Feature",
      "geometry": {
        "type": "Point",
        "coordinates": [
          -85.7443439,
          35.0948605
        ]
      },
      "properties": {
        "id": "activity_hotspot_57",
        "layer": "activity_hotspots",
        "source_type": "field_track_gpx",
        "source_files": [
          "Saturday_Afternoon_Activity.gpx"
        ],
        "track_names": [
          "Saturday Afternoon Activity"
        ],
        "confidence": "single_track",
        "permission": "internal",
        "publish_status": "hold",
        "review_status": "raw activity evidence; not a validated trail or facility",
        "cell_m": 15.0,
        "rank": 57,
        "intensity_norm": 0.0836,
        "intensity_class": "low",
        "dwell_seconds": 33.3,
        "dwell_minutes": 0.56,
        "stop_seconds": 0.0,
        "slow_seconds": 0.0,
        "moving_seconds": 33.3,
        "distance_m": 21.7,
        "avg_speed_mps": 0.652,
        "max_gap_seconds": 16.0,
        "capped_seconds": 0.0,
        "visit_count": 2,
        "segment_count": 1,
        "interval_count": 5,
        "sample_count": 6,
        "label": "",
        "geom_role": "centroid"
      }
    },
    {
      "type": "Feature",
      "geometry": {
        "type": "Polygon",
        "coordinates": [
          [
            [
              -85.748189,
              35.090986
            ],
            [
              -85.7480243,
              35.090986
            ],
            [
              -85.7480243,
              35.0911217
            ],
            [
              -85.748189,
              35.0911217
            ],
            [
              -85.748189,
              35.090986
            ]
          ]
        ]
      },
      "properties": {
        "id": "activity_hotspot_58",
        "layer": "activity_hotspots",
        "source_type": "field_track_gpx",
        "source_files": [
          "Saturday_Afternoon_Activity.gpx"
        ],
        "track_names": [
          "Saturday Afternoon Activity"
        ],
        "confidence": "single_track",
        "permission": "internal",
        "publish_status": "hold",
        "review_status": "raw activity evidence; not a validated trail or facility",
        "cell_m": 15.0,
        "rank": 58,
        "intensity_norm": 0.0827,
        "intensity_class": "low",
        "dwell_seconds": 33.0,
        "dwell_minutes": 0.55,
        "stop_seconds": 0.0,
        "slow_seconds": 33.0,
        "moving_seconds": 0.0,
        "distance_m": 9.9,
        "avg_speed_mps": 0.299,
        "max_gap_seconds": 66.0,
        "capped_seconds": 0.0,
        "visit_count": 1,
        "segment_count": 1,
        "interval_count": 1,
        "sample_count": 2,
        "label": "",
        "geom_role": "cell"
      }
    },
    {
      "type": "Feature",
      "geometry": {
        "type": "Point",
        "coordinates": [
          -85.7480552,
          35.0910898
        ]
      },
      "properties": {
        "id": "activity_hotspot_58",
        "layer": "activity_hotspots",
        "source_type": "field_track_gpx",
        "source_files": [
          "Saturday_Afternoon_Activity.gpx"
        ],
        "track_names": [
          "Saturday Afternoon Activity"
        ],
        "confidence": "single_track",
        "permission": "internal",
        "publish_status": "hold",
        "review_status": "raw activity evidence; not a validated trail or facility",
        "cell_m": 15.0,
        "rank": 58,
        "intensity_norm": 0.0827,
        "intensity_class": "low",
        "dwell_seconds": 33.0,
        "dwell_minutes": 0.55,
        "stop_seconds": 0.0,
        "slow_seconds": 33.0,
        "moving_seconds": 0.0,
        "distance_m": 9.9,
        "avg_speed_mps": 0.299,
        "max_gap_seconds": 66.0,
        "capped_seconds": 0.0,
        "visit_count": 1,
        "segment_count": 1,
        "interval_count": 1,
        "sample_count": 2,
        "label": "",
        "geom_role": "centroid"
      }
    },
    {
      "type": "Feature",
      "geometry": {
        "type": "Polygon",
        "coordinates": [
          [
            [
              -85.7480243,
              35.090986
            ],
            [
              -85.7478596,
              35.090986
            ],
            [
              -85.7478596,
              35.0911217
            ],
            [
              -85.7480243,
              35.0911217
            ],
            [
              -85.7480243,
              35.090986
            ]
          ]
        ]
      },
      "properties": {
        "id": "activity_hotspot_59",
        "layer": "activity_hotspots",
        "source_type": "field_track_gpx",
        "source_files": [
          "Saturday_Afternoon_Activity.gpx"
        ],
        "track_names": [
          "Saturday Afternoon Activity"
        ],
        "confidence": "single_track",
        "permission": "internal",
        "publish_status": "hold",
        "review_status": "raw activity evidence; not a validated trail or facility",
        "cell_m": 15.0,
        "rank": 59,
        "intensity_norm": 0.0827,
        "intensity_class": "low",
        "dwell_seconds": 33.0,
        "dwell_minutes": 0.55,
        "stop_seconds": 0.0,
        "slow_seconds": 33.0,
        "moving_seconds": 0.0,
        "distance_m": 9.9,
        "avg_speed_mps": 0.299,
        "max_gap_seconds": 66.0,
        "capped_seconds": 0.0,
        "visit_count": 1,
        "segment_count": 1,
        "interval_count": 1,
        "sample_count": 2,
        "label": "",
        "geom_role": "cell"
      }
    },
    {
      "type": "Feature",
      "geometry": {
        "type": "Point",
        "coordinates": [
          -85.7479737,
          35.0910313
        ]
      },
      "properties": {
        "id": "activity_hotspot_59",
        "layer": "activity_hotspots",
        "source_type": "field_track_gpx",
        "source_files": [
          "Saturday_Afternoon_Activity.gpx"
        ],
        "track_names": [
          "Saturday Afternoon Activity"
        ],
        "confidence": "single_track",
        "permission": "internal",
        "publish_status": "hold",
        "review_status": "raw activity evidence; not a validated trail or facility",
        "cell_m": 15.0,
        "rank": 59,
        "intensity_norm": 0.0827,
        "intensity_class": "low",
        "dwell_seconds": 33.0,
        "dwell_minutes": 0.55,
        "stop_seconds": 0.0,
        "slow_seconds": 33.0,
        "moving_seconds": 0.0,
        "distance_m": 9.9,
        "avg_speed_mps": 0.299,
        "max_gap_seconds": 66.0,
        "capped_seconds": 0.0,
        "visit_count": 1,
        "segment_count": 1,
        "interval_count": 1,
        "sample_count": 2,
        "label": "",
        "geom_role": "centroid"
      }
    },
    {
      "type": "Feature",
      "geometry": {
        "type": "Polygon",
        "coordinates": [
          [
            [
              -85.7490124,
              35.0919359
            ],
            [
              -85.7488477,
              35.0919359
            ],
            [
              -85.7488477,
              35.0920716
            ],
            [
              -85.7490124,
              35.0920716
            ],
            [
              -85.7490124,
              35.0919359
            ]
          ]
        ]
      },
      "properties": {
        "id": "activity_hotspot_60",
        "layer": "activity_hotspots",
        "source_type": "field_track_gpx",
        "source_files": [
          "Saturday_Afternoon_Activity.gpx"
        ],
        "track_names": [
          "Saturday Afternoon Activity"
        ],
        "confidence": "single_track",
        "permission": "internal",
        "publish_status": "hold",
        "review_status": "raw activity evidence; not a validated trail or facility",
        "cell_m": 15.0,
        "rank": 60,
        "intensity_norm": 0.0823,
        "intensity_class": "low",
        "dwell_seconds": 32.8,
        "dwell_minutes": 0.55,
        "stop_seconds": 0.0,
        "slow_seconds": 0.0,
        "moving_seconds": 32.8,
        "distance_m": 23.0,
        "avg_speed_mps": 0.7,
        "max_gap_seconds": 29.0,
        "capped_seconds": 0.0,
        "visit_count": 1,
        "segment_count": 1,
        "interval_count": 4,
        "sample_count": 6,
        "label": "",
        "geom_role": "cell"
      }
    },
    {
      "type": "Feature",
      "geometry": {
        "type": "Point",
        "coordinates": [
          -85.7489293,
          35.0920287
        ]
      },
      "properties": {
        "id": "activity_hotspot_60",
        "layer": "activity_hotspots",
        "source_type": "field_track_gpx",
        "source_files": [
          "Saturday_Afternoon_Activity.gpx"
        ],
        "track_names": [
          "Saturday Afternoon Activity"
        ],
        "confidence": "single_track",
        "permission": "internal",
        "publish_status": "hold",
        "review_status": "raw activity evidence; not a validated trail or facility",
        "cell_m": 15.0,
        "rank": 60,
        "intensity_norm": 0.0823,
        "intensity_class": "low",
        "dwell_seconds": 32.8,
        "dwell_minutes": 0.55,
        "stop_seconds": 0.0,
        "slow_seconds": 0.0,
        "moving_seconds": 32.8,
        "distance_m": 23.0,
        "avg_speed_mps": 0.7,
        "max_gap_seconds": 29.0,
        "capped_seconds": 0.0,
        "visit_count": 1,
        "segment_count": 1,
        "interval_count": 4,
        "sample_count": 6,
        "label": "",
        "geom_role": "centroid"
      }
    },
    {
      "type": "Feature",
      "geometry": {
        "type": "Polygon",
        "coordinates": [
          [
            [
              -85.7440719,
              35.0981779
            ],
            [
              -85.7439072,
              35.0981779
            ],
            [
              -85.7439072,
              35.0983136
            ],
            [
              -85.7440719,
              35.0983136
            ],
            [
              -85.7440719,
              35.0981779
            ]
          ]
        ]
      },
      "properties": {
        "id": "activity_hotspot_61",
        "layer": "activity_hotspots",
        "source_type": "field_track_gpx",
        "source_files": [
          "Saturday_Afternoon_Activity.gpx"
        ],
        "track_names": [
          "Saturday Afternoon Activity"
        ],
        "confidence": "single_track",
        "permission": "internal",
        "publish_status": "hold",
        "review_status": "raw activity evidence; not a validated trail or facility",
        "cell_m": 15.0,
        "rank": 61,
        "intensity_norm": 0.0809,
        "intensity_class": "low",
        "dwell_seconds": 32.2,
        "dwell_minutes": 0.54,
        "stop_seconds": 0.0,
        "slow_seconds": 0.0,
        "moving_seconds": 32.2,
        "distance_m": 15.4,
        "avg_speed_mps": 0.478,
        "max_gap_seconds": 35.0,
        "capped_seconds": 0.0,
        "visit_count": 1,
        "segment_count": 1,
        "interval_count": 2,
        "sample_count": 4,
        "label": "",
        "geom_role": "cell"
      }
    },
    {
      "type": "Feature",
      "geometry": {
        "type": "Point",
        "coordinates": [
          -85.7439691,
          35.0982428
        ]
      },
      "properties": {
        "id": "activity_hotspot_61",
        "layer": "activity_hotspots",
        "source_type": "field_track_gpx",
        "source_files": [
          "Saturday_Afternoon_Activity.gpx"
        ],
        "track_names": [
          "Saturday Afternoon Activity"
        ],
        "confidence": "single_track",
        "permission": "internal",
        "publish_status": "hold",
        "review_status": "raw activity evidence; not a validated trail or facility",
        "cell_m": 15.0,
        "rank": 61,
        "intensity_norm": 0.0809,
        "intensity_class": "low",
        "dwell_seconds": 32.2,
        "dwell_minutes": 0.54,
        "stop_seconds": 0.0,
        "slow_seconds": 0.0,
        "moving_seconds": 32.2,
        "distance_m": 15.4,
        "avg_speed_mps": 0.478,
        "max_gap_seconds": 35.0,
        "capped_seconds": 0.0,
        "visit_count": 1,
        "segment_count": 1,
        "interval_count": 2,
        "sample_count": 4,
        "label": "",
        "geom_role": "centroid"
      }
    },
    {
      "type": "Feature",
      "geometry": {
        "type": "Polygon",
        "coordinates": [
          [
            [
              -85.7488477,
              35.0918002
            ],
            [
              -85.748683,
              35.0918002
            ],
            [
              -85.748683,
              35.0919359
            ],
            [
              -85.7488477,
              35.0919359
            ],
            [
              -85.7488477,
              35.0918002
            ]
          ]
        ]
      },
      "properties": {
        "id": "activity_hotspot_62",
        "layer": "activity_hotspots",
        "source_type": "field_track_gpx",
        "source_files": [
          "Saturday_Afternoon_Activity.gpx"
        ],
        "track_names": [
          "Saturday Afternoon Activity"
        ],
        "confidence": "single_track",
        "permission": "internal",
        "publish_status": "hold",
        "review_status": "raw activity evidence; not a validated trail or facility",
        "cell_m": 15.0,
        "rank": 62,
        "intensity_norm": 0.0802,
        "intensity_class": "low",
        "dwell_seconds": 32.0,
        "dwell_minutes": 0.53,
        "stop_seconds": 0.0,
        "slow_seconds": 0.0,
        "moving_seconds": 32.0,
        "distance_m": 31.9,
        "avg_speed_mps": 0.995,
        "max_gap_seconds": 8.0,
        "capped_seconds": 0.0,
        "visit_count": 2,
        "segment_count": 1,
        "interval_count": 5,
        "sample_count": 9,
        "label": "",
        "geom_role": "cell"
      }
    },
    {
      "type": "Feature",
      "geometry": {
        "type": "Point",
        "coordinates": [
          -85.7487571,
          35.0918793
        ]
      },
      "properties": {
        "id": "activity_hotspot_62",
        "layer": "activity_hotspots",
        "source_type": "field_track_gpx",
        "source_files": [
          "Saturday_Afternoon_Activity.gpx"
        ],
        "track_names": [
          "Saturday Afternoon Activity"
        ],
        "confidence": "single_track",
        "permission": "internal",
        "publish_status": "hold",
        "review_status": "raw activity evidence; not a validated trail or facility",
        "cell_m": 15.0,
        "rank": 62,
        "intensity_norm": 0.0802,
        "intensity_class": "low",
        "dwell_seconds": 32.0,
        "dwell_minutes": 0.53,
        "stop_seconds": 0.0,
        "slow_seconds": 0.0,
        "moving_seconds": 32.0,
        "distance_m": 31.9,
        "avg_speed_mps": 0.995,
        "max_gap_seconds": 8.0,
        "capped_seconds": 0.0,
        "visit_count": 2,
        "segment_count": 1,
        "interval_count": 5,
        "sample_count": 9,
        "label": "",
        "geom_role": "centroid"
      }
    },
    {
      "type": "Feature",
      "geometry": {
        "type": "Polygon",
        "coordinates": [
          [
            [
              -85.7480243,
              35.0904432
            ],
            [
              -85.7478596,
              35.0904432
            ],
            [
              -85.7478596,
              35.0905789
            ],
            [
              -85.7480243,
              35.0905789
            ],
            [
              -85.7480243,
              35.0904432
            ]
          ]
        ]
      },
      "properties": {
        "id": "activity_hotspot_63",
        "layer": "activity_hotspots",
        "source_type": "field_track_gpx",
        "source_files": [
          "Saturday_Afternoon_Activity.gpx"
        ],
        "track_names": [
          "Saturday Afternoon Activity"
        ],
        "confidence": "single_track",
        "permission": "internal",
        "publish_status": "hold",
        "review_status": "raw activity evidence; not a validated trail or facility",
        "cell_m": 15.0,
        "rank": 63,
        "intensity_norm": 0.0783,
        "intensity_class": "low",
        "dwell_seconds": 31.2,
        "dwell_minutes": 0.52,
        "stop_seconds": 19.5,
        "slow_seconds": 0.0,
        "moving_seconds": 11.8,
        "distance_m": 11.2,
        "avg_speed_mps": 0.36,
        "max_gap_seconds": 292.0,
        "capped_seconds": 0.0,
        "visit_count": 1,
        "segment_count": 1,
        "interval_count": 3,
        "sample_count": 4,
        "label": "",
        "geom_role": "cell"
      }
    },
    {
      "type": "Feature",
      "geometry": {
        "type": "Point",
        "coordinates": [
          -85.7480163,
          35.0905171
        ]
      },
      "properties": {
        "id": "activity_hotspot_63",
        "layer": "activity_hotspots",
        "source_type": "field_track_gpx",
        "source_files": [
          "Saturday_Afternoon_Activity.gpx"
        ],
        "track_names": [
          "Saturday Afternoon Activity"
        ],
        "confidence": "single_track",
        "permission": "internal",
        "publish_status": "hold",
        "review_status": "raw activity evidence; not a validated trail or facility",
        "cell_m": 15.0,
        "rank": 63,
        "intensity_norm": 0.0783,
        "intensity_class": "low",
        "dwell_seconds": 31.2,
        "dwell_minutes": 0.52,
        "stop_seconds": 19.5,
        "slow_seconds": 0.0,
        "moving_seconds": 11.8,
        "distance_m": 11.2,
        "avg_speed_mps": 0.36,
        "max_gap_seconds": 292.0,
        "capped_seconds": 0.0,
        "visit_count": 1,
        "segment_count": 1,
        "interval_count": 3,
        "sample_count": 4,
        "label": "",
        "geom_role": "centroid"
      }
    },
    {
      "type": "Feature",
      "geometry": {
        "type": "Polygon",
        "coordinates": [
          [
            [
              -85.7439072,
              35.0958711
            ],
            [
              -85.7437425,
              35.0958711
            ],
            [
              -85.7437425,
              35.0960068
            ],
            [
              -85.7439072,
              35.0960068
            ],
            [
              -85.7439072,
              35.0958711
            ]
          ]
        ]
      },
      "properties": {
        "id": "activity_hotspot_64",
        "layer": "activity_hotspots",
        "source_type": "field_track_gpx",
        "source_files": [
          "Saturday_Afternoon_Activity.gpx"
        ],
        "track_names": [
          "Saturday Afternoon Activity"
        ],
        "confidence": "single_track",
        "permission": "internal",
        "publish_status": "hold",
        "review_status": "raw activity evidence; not a validated trail or facility",
        "cell_m": 15.0,
        "rank": 64,
        "intensity_norm": 0.0752,
        "intensity_class": "low",
        "dwell_seconds": 30.0,
        "dwell_minutes": 0.5,
        "stop_seconds": 0.0,
        "slow_seconds": 17.3,
        "moving_seconds": 12.7,
        "distance_m": 13.7,
        "avg_speed_mps": 0.457,
        "max_gap_seconds": 52.0,
        "capped_seconds": 0.0,
        "visit_count": 1,
        "segment_count": 1,
        "interval_count": 2,
        "sample_count": 3,
        "label": "",
        "geom_role": "cell"
      }
    },
    {
      "type": "Feature",
      "geometry": {
        "type": "Point",
        "coordinates": [
          -85.7438803,
          35.0959629
        ]
      },
      "properties": {
        "id": "activity_hotspot_64",
        "layer": "activity_hotspots",
        "source_type": "field_track_gpx",
        "source_files": [
          "Saturday_Afternoon_Activity.gpx"
        ],
        "track_names": [
          "Saturday Afternoon Activity"
        ],
        "confidence": "single_track",
        "permission": "internal",
        "publish_status": "hold",
        "review_status": "raw activity evidence; not a validated trail or facility",
        "cell_m": 15.0,
        "rank": 64,
        "intensity_norm": 0.0752,
        "intensity_class": "low",
        "dwell_seconds": 30.0,
        "dwell_minutes": 0.5,
        "stop_seconds": 0.0,
        "slow_seconds": 17.3,
        "moving_seconds": 12.7,
        "distance_m": 13.7,
        "avg_speed_mps": 0.457,
        "max_gap_seconds": 52.0,
        "capped_seconds": 0.0,
        "visit_count": 1,
        "segment_count": 1,
        "interval_count": 2,
        "sample_count": 3,
        "label": "",
        "geom_role": "centroid"
      }
    },
    {
      "type": "Feature",
      "geometry": {
        "type": "Polygon",
        "coordinates": [
          [
            [
              -85.7460481,
              35.0926143
            ],
            [
              -85.7458834,
              35.0926143
            ],
            [
              -85.7458834,
              35.09275
            ],
            [
              -85.7460481,
              35.09275
            ],
            [
              -85.7460481,
              35.0926143
            ]
          ]
        ]
      },
      "properties": {
        "id": "activity_hotspot_65",
        "layer": "activity_hotspots",
        "source_type": "field_track_gpx",
        "source_files": [
          "Saturday_Afternoon_Activity.gpx"
        ],
        "track_names": [
          "Saturday Afternoon Activity"
        ],
        "confidence": "single_track",
        "permission": "internal",
        "publish_status": "hold",
        "review_status": "raw activity evidence; not a validated trail or facility",
        "cell_m": 15.0,
        "rank": 65,
        "intensity_norm": 0.0752,
        "intensity_class": "low",
        "dwell_seconds": 30.0,
        "dwell_minutes": 0.5,
        "stop_seconds": 0.0,
        "slow_seconds": 12.0,
        "moving_seconds": 18.0,
        "distance_m": 11.0,
        "avg_speed_mps": 0.365,
        "max_gap_seconds": 44.0,
        "capped_seconds": 0.0,
        "visit_count": 1,
        "segment_count": 1,
        "interval_count": 3,
        "sample_count": 3,
        "label": "",
        "geom_role": "cell"
      }
    },
    {
      "type": "Feature",
      "geometry": {
        "type": "Point",
        "coordinates": [
          -85.7459114,
          35.0926646
        ]
      },
      "properties": {
        "id": "activity_hotspot_65",
        "layer": "activity_hotspots",
        "source_type": "field_track_gpx",
        "source_files": [
          "Saturday_Afternoon_Activity.gpx"
        ],
        "track_names": [
          "Saturday Afternoon Activity"
        ],
        "confidence": "single_track",
        "permission": "internal",
        "publish_status": "hold",
        "review_status": "raw activity evidence; not a validated trail or facility",
        "cell_m": 15.0,
        "rank": 65,
        "intensity_norm": 0.0752,
        "intensity_class": "low",
        "dwell_seconds": 30.0,
        "dwell_minutes": 0.5,
        "stop_seconds": 0.0,
        "slow_seconds": 12.0,
        "moving_seconds": 18.0,
        "distance_m": 11.0,
        "avg_speed_mps": 0.365,
        "max_gap_seconds": 44.0,
        "capped_seconds": 0.0,
        "visit_count": 1,
        "segment_count": 1,
        "interval_count": 3,
        "sample_count": 3,
        "label": "",
        "geom_role": "centroid"
      }
    }
  ]
}
