{
"type": "FeatureCollection",
"name": "class_smooth",
"xy_coordinate_resolution": 1e-06,
"features": [
{"type":"Feature","properties":{"class":"forest"},"geometry":{"type":"Polygon","coordinates":[[[-85.748359,35.091079],[-85.748343,35.09109],[-85.74832,35.091096],[-85.74829,35.091096],[-85.748266,35.091094],[-85.748248,35.091091],[-85.748235,35.091087],[-85.748228,35.091081],[-85.748223,35.091069],[-85.748219,35.091051],[-85.748217,35.091025],[-85.748216,35.090994],[-85.74821,35.090969],[-85.7482,35.09095],[-85.748186,35.090938],[-85.748168,35.090932],[-85.748155,35.090922],[-85.748148,35.090908],[-85.748146,35.090889],[-85.74815,35.090865],[-85.748163,35.090847],[-85.748185,35.090834],[-85.748216,35.090827],[-85.748256,35.090825],[-85.748286,35.090833],[-85.748306,35.090854],[-85.748315,35.090885],[-85.748314,35.090928],[-85.748318,35.09096],[-85.748325,35.090983],[-85.748336,35.090996],[-85.748351,35.090999],[-85.748362,35.091007],[-85.748368,35.09102],[-85.74837,35.091038],[-85.748368,35.091061],[-85.748359,35.091079]]]}},
{"type":"Feature","properties":{"class":"forest"},"geometry":{"type":"Polygon","coordinates":[[[-85.745974,35.090466],[-85.745959,35.090494],[-85.745937,35.090506],[-85.745909,35.090503],[-85.745888,35.090486],[-85.745874,35.090453],[-85.745868,35.090406],[-85.745869,35.090344],[-85.745876,35.090298],[-85.745889,35.090267],[-85.745908,35.090252],[-85.745933,35.090252],[-85.745953,35.090254],[-85.745967,35.090257],[-85.745976,35.090261],[-85.745979,35.090266],[-85.745981,35.090285],[-85.745982,35.090318],[-85.745982,35.090363],[-85.745981,35.090422],[-85.745974,35.090466]]]}},
{"type":"Feature","properties":{"class":"forest"},"geometry":{"type":"Polygon","coordinates":[[[-85.741064,35.090401],[-85.741044,35.090404],[-85.741018,35.090405],[-85.740987,35.090404],[-85.74096,35.090402],[-85.740938,35.090398],[-85.740922,35.090391],[-85.74091,35.090383],[-85.740902,35.090365],[-85.740899,35.090337],[-85.740899,35.0903],[-85.740903,35.090254],[-85.740918,35.090219],[-85.740944,35.090198],[-85.740982,35.090189],[-85.74103,35.090192],[-85.741066,35.090206],[-85.74109,35.090231],[-85.741102,35.090267],[-85.741101,35.090313],[-85.741098,35.09035],[-85.741094,35.090376],[-85.741087,35.090392],[-85.741079,35.090397],[-85.741064,35.090401]]]}},
{"type":"Feature","properties":{"class":"forest"},"geometry":{"type":"Polygon","coordinates":[[[-85.74196,35.090707],[-85.741923,35.090728],[-85.741869,35.090738],[-85.741797,35.090737],[-85.741744,35.090724],[-85.741708,35.090698],[-85.741691,35.09066],[-85.741692,35.090609],[-85.741673,35.09057],[-85.741635,35.090544],[-85.741577,35.090529],[-85.741501,35.090527],[-85.741443,35.090503],[-85.741406,35.090456],[-85.741387,35.090388],[-85.741389,35.090297],[-85.741392,35.090228],[-85.741397,35.09018],[-85.741404,35.090153],[-85.741412,35.090148],[-85.741419,35.090129],[-85.741424,35.090098],[-85.741428,35.090053],[-85.741431,35.089995],[-85.741442,35.089951],[-85.741461,35.089921],[-85.741488,35.089905],[-85.741523,35.089903],[-85.741561,35.089898],[-85.741602,35.08989],[-85.741646,35.089879],[-85.741693,35.089866],[-85.741737,35.089856],[-85.741778,35.08985],[-85.741816,35.089847],[-85.741851,35.089847],[-85.741878,35.089845],[-85.741895,35.089841],[-85.741904,35.089835],[-85.741904,35.089827],[-85.741911,35.089821],[-85.741923,35.089817],[-85.741942,35.089815],[-85.741967,35.089815],[-85.741986,35.089818],[-85.741998,35.089822],[-85.742005,35.089828],[-85.742004,35.089836],[-85.742006,35.089843],[-85.742009,35.089849],[-85.742014,35.089853],[-85.742021,35.089856],[-85.742036,35.089859],[-85.74206,35.089862],[-85.742093,35.089865],[-85.742135,35.089868],[-85.742166,35.089875],[-85.742187,35.089887],[-85.742197,35.089904],[-85.742197,35.089924],[-85.742195,35.089941],[-85.74219,35.089953],[-85.742184,35.089961],[-85.742175,35.089965],[-85.742152,35.08997],[-85.742115,35.089976],[-85.742062,35.089983],[-85.741995,35.08999],[-85.741925,35.089996],[-85.74185,35.089999],[-85.741772,35.09],[-85.74169,35.089999],[-85.741629,35.090015],[-85.741588,35.090048],[-85.741568,35.090097],[-85.741569,35.090163],[-85.741585,35.090213],[-85.741617,35.090247],[-85.741665,35.090265],[-85.741729,35.090267],[-85.741788,35.090273],[-85.741844,35.090282],[-85.741896,35.090296],[-85.741944,35.090313],[-85.741986,35.090329],[-85.742022,35.090345],[-85.742052,35.090361],[-85.742075,35.090376],[-85.742092,35.090397],[-85.742102,35.090423],[-85.742106,35.090455],[-85.742104,35.090492],[-85.742095,35.090521],[-85.742078,35.090542],[-85.742055,35.090556],[-85.742025,35.090561],[-85.742002,35.090575],[-85.741987,35.090599],[-85.741979,35.090632],[-85.741978,35.090675],[-85.74196,35.090707]]]}},
{"type":"Feature","properties":{"class":"forest"},"geometry":{"type":"Polygon","coordinates":[[[-85.741056,35.08995],[-85.741041,35.089934],[-85.741034,35.089908],[-85.741034,35.089874],[-85.741029,35.089848],[-85.741017,35.089831],[-85.741,35.089822],[-85.740976,35.089822],[-85.74096,35.089816],[-85.74095,35.089804],[-85.740947,35.089786],[-85.740951,35.089763],[-85.740963,35.089744],[-85.740985,35.089731],[-85.741016,35.089722],[-85.741057,35.089719],[-85.741089,35.089717],[-85.741113,35.089717],[-85.741129,35.089719],[-85.741138,35.089724],[-85.741144,35.089741],[-85.741149,35.089771],[-85.741151,35.089814],[-85.741152,35.089871],[-85.741145,35.089913],[-85.74113,35.089942],[-85.741108,35.089957],[-85.741078,35.089958],[-85.741056,35.08995]]]}},
{"type":"Feature","properties":{"class":"forest"},"geometry":{"type":"Polygon","coordinates":[[[-85.743205,35.085949],[-85.74318,35.085927],[-85.743168,35.085893],[-85.743169,35.085847],[-85.743179,35.085805],[-85.743199,35.08577],[-85.743228,35.08574],[-85.743267,35.085716],[-85.743303,35.085697],[-85.743335,35.085685],[-85.743363,35.08568],[-85.743388,35.08568],[-85.743407,35.085693],[-85.74342,35.085718],[-85.743427,35.085756],[-85.743428,35.085807],[-85.743425,35.08585],[-85.743418,35.085883],[-85.743406,35.085908],[-85.743391,35.085924],[-85.743367,35.085938],[-85.743334,35.085948],[-85.743293,35.085954],[-85.743243,35.085958],[-85.743205,35.085949]]]}},
{"type":"Feature","properties":{"class":"forest"},"geometry":{"type":"MultiPolygon","coordinates":[[[[-85.742137,35.084987],[-85.742137,35.084993],[-85.742138,35.084998],[-85.742139,35.085004],[-85.742139,35.085009],[-85.74214,35.085014],[-85.742141,35.08502],[-85.742142,35.085025],[-85.742143,35.085031],[-85.742145,35.085036],[-85.742146,35.085041],[-85.742147,35.085047],[-85.742148,35.085052],[-85.74215,35.085057],[-85.742151,35.085063],[-85.742153,35.085068],[-85.742154,35.085073],[-85.742156,35.085078],[-85.742158,35.085084],[-85.74216,35.085089],[-85.742162,35.085094],[-85.742164,35.085099],[-85.742166,35.085104],[-85.742168,35.08511],[-85.74217,35.085115],[-85.742172,35.08512],[-85.742174,35.085125],[-85.742177,35.08513],[-85.742179,35.085135],[-85.742181,35.08514],[-85.742184,35.085145],[-85.742186,35.08515],[-85.742189,35.085155],[-85.742192,35.08516],[-85.742195,35.085165],[-85.742197,35.08517],[-85.7422,35.085175],[-85.742203,35.08518],[-85.742206,35.085185],[-85.742209,35.08519],[-85.742212,35.085194],[-85.742216,35.085199],[-85.742219,35.085204],[-85.742222,35.085209],[-85.742226,35.085213],[-85.742229,35.085218],[-85.742233,35.085223],[-85.742236,35.085227],[-85.74224,35.085232],[-85.742243,35.085236],[-85.742247,35.085241],[-85.742251,35.085245],[-85.742255,35.08525],[-85.742259,35.085254],[-85.742262,35.085258],[-85.742266,35.085263],[-85.74227,35.085267],[-85.742275,35.085271],[-85.742279,35.085276],[-85.742283,35.08528],[-85.742287,35.085284],[-85.742291,35.085288],[-85.742296,35.085292],[-85.7423,35.085296],[-85.742469,35.08545],[-85.742469,35.085451],[-85.742479,35.085466],[-85.742493,35.08548],[-85.742508,35.08549],[-85.742517,35.085494],[-85.742872,35.085818],[-85.742881,35.085826],[-85.74289,35.085834],[-85.742897,35.08584],[-85.742905,35.085849],[-85.742914,35.085857],[-85.742917,35.08586],[-85.742918,35.085863],[-85.742926,35.085868],[-85.742927,35.085869],[-85.742936,35.085878],[-85.742945,35.085886],[-85.742951,35.085892],[-85.74296,35.085901],[-85.742966,35.085907],[-85.742975,35.085916],[-85.742981,35.085922],[-85.74299,35.08593],[-85.742996,35.085937],[-85.743004,35.085945],[-85.743011,35.085952],[-85.743017,35.085958],[-85.743025,35.085967],[-85.743031,35.085973],[-85.74304,35.085982],[-85.743048,35.085991],[-85.743054,35.085997],[-85.74306,35.086004],[-85.743068,35.086012],[-85.743076,35.086021],[-85.743082,35.086028],[-85.743088,35.086034],[-85.743096,35.086043],[-85.743102,35.08605],[-85.74311,35.086059],[-85.743116,35.086065],[-85.743124,35.086074],[-85.74313,35.086081],[-85.743137,35.08609],[-85.743145,35.086099],[-85.743151,35.086106],[-85.743159,35.086115],[-85.743164,35.086121],[-85.743166,35.086124],[-85.743167,35.086126],[-85.743172,35.0862],[-85.74318,35.086256],[-85.743192,35.086293],[-85.743206,35.086311],[-85.743222,35.086326],[-85.743237,35.086338],[-85.743253,35.086346],[-85.74327,35.086352],[-85.743285,35.086363],[-85.743297,35.086381],[-85.743307,35.086404],[-85.743315,35.086433],[-85.743328,35.086455],[-85.743346,35.086469],[-85.743369,35.086477],[-85.743398,35.086477],[-85.743425,35.086482],[-85.743435,35.086485],[-85.743541,35.086635],[-85.743542,35.08667],[-85.74355,35.086706],[-85.743566,35.086731],[-85.743588,35.086743],[-85.743618,35.086743],[-85.743621,35.086748],[-85.743625,35.086754],[-85.74363,35.086761],[-85.743635,35.086768],[-85.743641,35.086777],[-85.743645,35.086784],[-85.74365,35.086791],[-85.743656,35.0868],[-85.743661,35.086807],[-85.743665,35.086814],[-85.743669,35.08682],[-85.743674,35.086827],[-85.743678,35.086834],[-85.743683,35.086841],[-85.743729,35.086914],[-85.743729,35.086929],[-85.743741,35.086972],[-85.743762,35.087001],[-85.743793,35.087016],[-85.743793,35.087016],[-85.743977,35.087308],[-85.743981,35.087313],[-85.743984,35.087318],[-85.743987,35.087322],[-85.743991,35.08733],[-85.743995,35.087334],[-85.743998,35.087339],[-85.744003,35.087346],[-85.744006,35.087351],[-85.744009,35.087356],[-85.744014,35.087363],[-85.744019,35.08737],[-85.744022,35.087374],[-85.744026,35.087379],[-85.744029,35.087383],[-85.744033,35.087388],[-85.744038,35.087395],[-85.744041,35.0874],[-85.744045,35.087404],[-85.74405,35.087411],[-85.744054,35.087415],[-85.744057,35.08742],[-85.744061,35.087424],[-85.744066,35.087431],[-85.74407,35.087436],[-85.744074,35.08744],[-85.744077,35.087445],[-85.744081,35.087449],[-85.744087,35.087456],[-85.744091,35.08746],[-85.744096,35.087467],[-85.7441,35.087471],[-85.744104,35.087475],[-85.744108,35.08748],[-85.744114,35.087486],[-85.744118,35.087491],[-85.744122,35.087495],[-85.744128,35.087501],[-85.744132,35.087506],[-85.744136,35.08751],[-85.74414,35.087514],[-85.744144,35.087518],[-85.744148,35.087522],[-85.744155,35.087529],[-85.744159,35.087533],[-85.744163,35.087537],[-85.744167,35.087541],[-85.744171,35.087545],[-85.744178,35.087552],[-85.744182,35.087556],[-85.744186,35.08756],[-85.744193,35.087566],[-85.744197,35.08757],[-85.744202,35.087574],[-85.744206,35.087578],[-85.744211,35.087582],[-85.744217,35.087588],[-85.744222,35.087592],[-85.744226,35.087596],[-85.744233,35.087602],[-85.744238,35.087605],[-85.744242,35.087609],[-85.744245,35.087611],[-85.744256,35.087625],[-85.744296,35.087654],[-85.744297,35.087654],[-85.744406,35.087743],[-85.744412,35.087748],[-85.744416,35.087751],[-85.744422,35.087757],[-85.744426,35.08776],[-85.74443,35.087764],[-85.744437,35.087769],[-85.744441,35.087773],[-85.744447,35.087778],[-85.744448,35.087779],[-85.74445,35.087782],[-85.744464,35.087797],[-85.744482,35.087812],[-85.744497,35.087836],[-85.744508,35.087869],[-85.744516,35.08791],[-85.74452,35.087959],[-85.744539,35.087996],[-85.744573,35.088021],[-85.744622,35.088034],[-85.744676,35.088035],[-85.744677,35.088037],[-85.744683,35.088043],[-85.74469,35.088052],[-85.744696,35.088059],[-85.744704,35.088068],[-85.744711,35.088076],[-85.744717,35.088083],[-85.744723,35.088089],[-85.744729,35.088096],[-85.744734,35.088102],[-85.74474,35.088109],[-85.744748,35.088117],[-85.744754,35.088124],[-85.74476,35.08813],[-85.744766,35.088136],[-85.744773,35.088143],[-85.744781,35.088151],[-85.744787,35.088157],[-85.744793,35.088164],[-85.744801,35.088172],[-85.744808,35.088178],[-85.744814,35.088184],[-85.744821,35.08819],[-85.744827,35.088197],[-85.744835,35.088205],[-85.744842,35.088211],[-85.744851,35.088219],[-85.744857,35.088225],[-85.744864,35.088231],[-85.74487,35.088237],[-85.744877,35.088243],[-85.744886,35.088251],[-85.744893,35.088256],[-85.7449,35.088262],[-85.744906,35.088268],[-85.744913,35.088274],[-85.744919,35.088279],[-85.744922,35.08829],[-85.744925,35.088308],[-85.744931,35.088324],[-85.74494,35.08834],[-85.744952,35.088355],[-85.744967,35.088369],[-85.744985,35.088383],[-85.745005,35.088397],[-85.745029,35.088411],[-85.745056,35.088425],[-85.745081,35.088436],[-85.745104,35.088444],[-85.745125,35.088448],[-85.745146,35.08845],[-85.745163,35.088456],[-85.745177,35.088466],[-85.745188,35.088481],[-85.745196,35.088501],[-85.745208,35.088516],[-85.745223,35.088526],[-85.745243,35.088532],[-85.745266,35.088534],[-85.745285,35.088537],[-85.745299,35.088543],[-85.745309,35.088551],[-85.745314,35.08856],[-85.745323,35.088572],[-85.745338,35.088585],[-85.745358,35.0886],[-85.745383,35.088617],[-85.745411,35.088631],[-85.745443,35.088642],[-85.745469,35.088648],[-85.745482,35.088657],[-85.745504,35.088671],[-85.745527,35.088686],[-85.745552,35.088702],[-85.745577,35.088719],[-85.745599,35.088734],[-85.745605,35.088738],[-85.745605,35.088738],[-85.74561,35.088761],[-85.745612,35.088783],[-85.745612,35.088807],[-85.745617,35.088824],[-85.745629,35.088836],[-85.745646,35.088842],[-85.74567,35.088842],[-85.745695,35.088845],[-85.745722,35.08885],[-85.745752,35.088858],[-85.745784,35.088867],[-85.745811,35.088878],[-85.745882,35.088927],[-85.745886,35.088931],[-85.745897,35.088946],[-85.745904,35.088961],[-85.745909,35.088976],[-85.745928,35.088987],[-85.74596,35.088995],[-85.745984,35.088998],[-85.746068,35.089055],[-85.746075,35.08906],[-85.746083,35.089065],[-85.746088,35.089069],[-85.746096,35.089074],[-85.746103,35.089079],[-85.746108,35.089082],[-85.746114,35.089086],[-85.746121,35.089091],[-85.746129,35.089096],[-85.746137,35.089101],[-85.746142,35.089104],[-85.74615,35.089109],[-85.746158,35.089114],[-85.746166,35.089119],[-85.746174,35.089124],[-85.746179,35.089127],[-85.746187,35.089132],[-85.746192,35.089135],[-85.746198,35.089138],[-85.746206,35.089143],[-85.746211,35.089146],[-85.746219,35.089151],[-85.746227,35.089156],[-85.746235,35.08916],[-85.746243,35.089165],[-85.746251,35.08917],[-85.746257,35.089173],[-85.746265,35.089177],[-85.746273,35.089182],[-85.746282,35.089186],[-85.746287,35.089189],[-85.746295,35.089194],[-85.746304,35.089198],[-85.746312,35.089203],[-85.746318,35.089206],[-85.746326,35.08921],[-85.746331,35.089213],[-85.74634,35.089217],[-85.746345,35.08922],[-85.746354,35.089224],[-85.74636,35.089227],[-85.746368,35.089231],[-85.746376,35.089236],[-85.746385,35.08924],[-85.746393,35.089244],[-85.746402,35.089248],[-85.746408,35.089251],[-85.746416,35.089255],[-85.746425,35.089259],[-85.746431,35.089261],[-85.746439,35.089265],[-85.746448,35.089269],[-85.746457,35.089273],[-85.746465,35.089277],[-85.746474,35.089281],[-85.74648,35.089284],[-85.746486,35.089286],[-85.746494,35.08929],[-85.746503,35.089294],[-85.746512,35.089297],[-85.746521,35.089301],[-85.746527,35.089304],[-85.746536,35.089307],[-85.746544,35.089311],[-85.74655,35.089313],[-85.746559,35.089317],[-85.746568,35.08932],[-85.746577,35.089324],[-85.746583,35.089326],[-85.746592,35.08933],[-85.746601,35.089333],[-85.74661,35.089337],[-85.746616,35.089339],[-85.746625,35.089342],[-85.746634,35.089345],[-85.746643,35.089349],[-85.746652,35.089352],[-85.746658,35.089354],[-85.746664,35.089356],[-85.746673,35.089359],[-85.746683,35.089363],[-85.746692,35.089366],[-85.746698,35.089368],[-85.746707,35.089371],[-85.746713,35.089373],[-85.746722,35.089376],[-85.746731,35.089379],[-85.746741,35.089382],[-85.746747,35.089384],[-85.746756,35.089387],[-85.746765,35.08939],[-85.746775,35.089392],[-85.746784,35.089395],[-85.746793,35.089398],[-85.746802,35.089401],[-85.746809,35.089403],[-85.746815,35.089404],[-85.746824,35.089407],[-85.746834,35.08941],[-85.74684,35.089411],[-85.746849,35.089414],[-85.746856,35.089416],[-85.746865,35.089418],[-85.746874,35.089421],[-85.746884,35.089423],[-85.746893,35.089426],[-85.746903,35.089428],[-85.746909,35.08943],[-85.746918,35.089432],[-85.746925,35.089434],[-85.746934,35.089436],[-85.746944,35.089438],[-85.74695,35.08944],[-85.74696,35.089442],[-85.746969,35.089444],[-85.746979,35.089446],[-85.746988,35.089448],[-85.746998,35.08945],[-85.747007,35.089453],[-85.747014,35.089454],[-85.74702,35.089455],[-85.74703,35.089457],[-85.747039,35.089459],[-85.747049,35.089461],[-85.747056,35.089462],[-85.747065,35.089464],[-85.747075,35.089466],[-85.747081,35.089467],[-85.748559,35.08974],[-85.748568,35.089742],[-85.748578,35.089744],[-85.748591,35.089746],[-85.7486,35.089748],[-85.74861,35.089749],[-85.748619,35.089751],[-85.748629,35.089752],[-85.748639,35.089754],[-85.748648,35.089755],[-85.748658,35.089757],[-85.748668,35.089758],[-85.748677,35.089759],[-85.748687,35.08976],[-85.748697,35.089762],[-85.748706,35.089763],[-85.748719,35.089764],[-85.748729,35.089765],[-85.748739,35.089766],[-85.748747,35.089767],[-85.748747,35.089769],[-85.748726,35.089788],[-85.748686,35.089798],[-85.748626,35.089801],[-85.748546,35.089796],[-85.748472,35.089788],[-85.748404,35.089776],[-85.748343,35.089761],[-85.748288,35.089743],[-85.74824,35.089729],[-85.748198,35.089719],[-85.748163,35.089715],[-85.748135,35.089714],[-85.748104,35.089711],[-85.748069,35.089705],[-85.748032,35.089697],[-85.747992,35.089685],[-85.747926,35.089677],[-85.747835,35.089672],[-85.747717,35.08967],[-85.747573,35.089671],[-85.74746,35.089668],[-85.747378,35.089661],[-85.747327,35.08965],[-85.747308,35.089635],[-85.747272,35.089624],[-85.747221,35.089616],[-85.747155,35.089613],[-85.747073,35.089613],[-85.747007,35.089612],[-85.746957,35.089609],[-85.746923,35.089603],[-85.746904,35.089596],[-85.746874,35.089591],[-85.746831,35.089587],[-85.746777,35.089585],[-85.74671,35.089584],[-85.746657,35.089581],[-85.746618,35.089575],[-85.746592,35.089566],[-85.746581,35.089555],[-85.746571,35.089543],[-85.746564,35.08953],[-85.746559,35.089516],[-85.746556,35.089501],[-85.746545,35.089487],[-85.746526,35.089474],[-85.746499,35.089463],[-85.746464,35.089453],[-85.746435,35.089443],[-85.746414,35.089433],[-85.746399,35.089424],[-85.746391,35.089414],[-85.746371,35.089406],[-85.746339,35.089401],[-85.746296,35.089398],[-85.74624,35.089398],[-85.746198,35.089406],[-85.746167,35.089424],[-85.746149,35.08945],[-85.746144,35.089486],[-85.746132,35.089514],[-85.746113,35.089533],[-85.746088,35.089543],[-85.746056,35.089546],[-85.74603,35.089544],[-85.74601,35.089539],[-85.745996,35.089531],[-85.745988,35.089518],[-85.745982,35.089493],[-85.745978,35.089454],[-85.745977,35.089403],[-85.745978,35.089338],[-85.745977,35.089284],[-85.745973,35.089242],[-85.745967,35.08921],[-85.745959,35.089189],[-85.745942,35.089174],[-85.745915,35.089163],[-85.74588,35.089158],[-85.745834,35.089157],[-85.745799,35.089153],[-85.745774,35.089145],[-85.74576,35.089134],[-85.745755,35.089119],[-85.745746,35.089106],[-85.745734,35.089094],[-85.745718,35.089085],[-85.745698,35.089078],[-85.745679,35.089069],[-85.745663,35.089059],[-85.745648,35.089047],[-85.745635,35.089033],[-85.745624,35.089014],[-85.745615,35.088989],[-85.745608,35.088958],[-85.745604,35.088923],[-85.745591,35.088895],[-85.74557,35.088876],[-85.74554,35.088864],[-85.745501,35.088861],[-85.745465,35.088854],[-85.745432,35.088843],[-85.745401,35.088827],[-85.745373,35.088808],[-85.745343,35.08879],[-85.745312,35.088774],[-85.745279,35.088759],[-85.745244,35.088746],[-85.745212,35.08873],[-85.745183,35.088711],[-85.745157,35.088688],[-85.745134,35.088661],[-85.745102,35.088642],[-85.745063,35.088628],[-85.745014,35.088621],[-85.744957,35.08862],[-85.744915,35.088624],[-85.744886,35.088633],[-85.744872,35.088646],[-85.744871,35.088664],[-85.744867,35.088681],[-85.744858,35.088698],[-85.744846,35.088713],[-85.744829,35.088728],[-85.744798,35.088739],[-85.744752,35.088747],[-85.744693,35.08875],[-85.744619,35.088749],[-85.744561,35.088753],[-85.744517,35.088762],[-85.744488,35.088776],[-85.744475,35.088796],[-85.744461,35.088811],[-85.744446,35.088822],[-85.744432,35.08883],[-85.744417,35.088834],[-85.744405,35.088845],[-85.744397,35.088864],[-85.744393,35.088889],[-85.744393,35.088922],[-85.744388,35.088952],[-85.744379,35.088977],[-85.744366,35.088998],[-85.744349,35.089016],[-85.744335,35.089036],[-85.744324,35.089058],[-85.744316,35.089082],[-85.74431,35.089108],[-85.744301,35.089132],[-85.744287,35.089154],[-85.744269,35.089173],[-85.744247,35.089191],[-85.744221,35.089204],[-85.74419,35.089213],[-85.744154,35.089217],[-85.744114,35.089216],[-85.74408,35.08922],[-85.744054,35.089228],[-85.744033,35.08924],[-85.74402,35.089257],[-85.744009,35.089281],[-85.744002,35.089312],[-85.743998,35.089351],[-85.743997,35.089398],[-85.744004,35.089433],[-85.744017,35.089457],[-85.744036,35.089468],[-85.744063,35.089469],[-85.744086,35.089471],[-85.744104,35.089476],[-85.744109,35.089479],[-85.743666,35.089462],[-85.743621,35.08956],[-85.744106,35.08958],[-85.744114,35.089481],[-85.744118,35.089484],[-85.744128,35.089493],[-85.744135,35.089508],[-85.74414,35.089527],[-85.744142,35.089551],[-85.744142,35.08958],[-85.744137,35.089608],[-85.744128,35.089636],[-85.744115,35.089662],[-85.744098,35.089688],[-85.74408,35.089709],[-85.744062,35.089725],[-85.744042,35.089735],[-85.744022,35.08974],[-85.744004,35.089748],[-85.743988,35.089759],[-85.743974,35.089773],[-85.743962,35.089789],[-85.743946,35.089801],[-85.743925,35.08981],[-85.743899,35.089813],[-85.743869,35.089813],[-85.743845,35.089812],[-85.743828,35.08981],[-85.743816,35.089806],[-85.743811,35.089802],[-85.74379,35.0898],[-85.743753,35.089798],[-85.743699,35.089799],[-85.743628,35.089801],[-85.743571,35.089806],[-85.743527,35.089815],[-85.743495,35.089826],[-85.743477,35.089841],[-85.74345,35.089857],[-85.743414,35.089874],[-85.74337,35.089892],[-85.743318,35.08991],[-85.743278,35.089931],[-85.743249,35.089953],[-85.743232,35.089978],[-85.743227,35.090004],[-85.743219,35.090029],[-85.743209,35.090055],[-85.743198,35.09008],[-85.743184,35.090104],[-85.743175,35.09015],[-85.743171,35.090216],[-85.743171,35.090304],[-85.743176,35.090413],[-85.743178,35.090499],[-85.743178,35.090564],[-85.743176,35.090606],[-85.74317,35.090627],[-85.743163,35.090646],[-85.743153,35.090663],[-85.743142,35.090678],[-85.743128,35.090692],[-85.743118,35.090716],[-85.743111,35.090751],[-85.743107,35.090797],[-85.743106,35.090853],[-85.743128,35.090895],[-85.743172,35.090924],[-85.74324,35.090939],[-85.74333,35.09094],[-85.743406,35.090944],[-85.743468,35.090953],[-85.743515,35.090964],[-85.743548,35.09098],[-85.743601,35.090992],[-85.743671,35.091],[-85.743761,35.091005],[-85.74387,35.091006],[-85.743962,35.091009],[-85.744037,35.091013],[-85.744095,35.091019],[-85.744137,35.091026],[-85.744183,35.091031],[-85.744232,35.091035],[-85.744285,35.091038],[-85.744342,35.091038],[-85.744388,35.09104],[-85.744423,35.091044],[-85.744447,35.09105],[-85.74446,35.091057],[-85.744478,35.091062],[-85.744499,35.091066],[-85.744525,35.091068],[-85.744555,35.091068],[-85.744582,35.09107],[-85.744604,35.091074],[-85.744623,35.091079],[-85.744638,35.091086],[-85.744663,35.091093],[-85.744698,35.091099],[-85.744743,35.091106],[-85.744798,35.091112],[-85.744842,35.09112],[-85.744874,35.09113],[-85.744895,35.091142],[-85.744905,35.091155],[-85.744953,35.091165],[-85.745039,35.09117],[-85.745163,35.09117],[-85.745325,35.091167],[-85.745449,35.091166],[-85.745533,35.091167],[-85.745579,35.091171],[-85.745585,35.091178],[-85.745604,35.091184],[-85.745635,35.091187],[-85.745678,35.09119],[-85.745733,35.09119],[-85.745776,35.091189],[-85.745806,35.091187],[-85.745823,35.091183],[-85.745829,35.091177],[-85.745839,35.091173],[-85.745854,35.091171],[-85.745874,35.09117],[-85.745899,35.09117],[-85.74592,35.091172],[-85.745936,35.091177],[-85.745949,35.091185],[-85.745957,35.091194],[-85.745983,35.091202],[-85.746027,35.091207],[-85.74609,35.09121],[-85.74617,35.091211],[-85.746231,35.091203],[-85.746272,35.091186],[-85.746294,35.091161],[-85.746296,35.091127],[-85.746299,35.0911],[-85.746302,35.091081],[-85.746307,35.091069],[-85.746312,35.091065],[-85.746324,35.091062],[-85.746342,35.09106],[-85.746367,35.091059],[-85.746399,35.09106],[-85.746425,35.091062],[-85.746446,35.091065],[-85.746461,35.091071],[-85.746471,35.091077],[-85.746479,35.091088],[-85.746485,35.091101],[-85.746488,35.091117],[-85.74649,35.091136],[-85.746505,35.091151],[-85.746534,35.091161],[-85.746577,35.091166],[-85.746634,35.091166],[-85.746677,35.091175],[-85.746706,35.091193],[-85.746721,35.091219],[-85.746722,35.091253],[-85.746748,35.09128],[-85.746799,35.0913],[-85.746874,35.091313],[-85.746974,35.091318],[-85.747049,35.091328],[-85.747099,35.091343],[-85.747124,35.091363],[-85.747124,35.091387],[-85.747152,35.091406],[-85.747208,35.091418],[-85.747294,35.091424],[-85.747407,35.091424],[-85.747495,35.091426],[-85.747556,35.09143],[-85.74759,35.091436],[-85.747598,35.091444],[-85.747626,35.091451],[-85.747671,35.091455],[-85.747736,35.091458],[-85.74782,35.091459],[-85.747884,35.091458],[-85.747929,35.091456],[-85.747955,35.091452],[-85.747962,35.091447],[-85.747974,35.091443],[-85.747992,35.09144],[-85.748015,35.091439],[-85.748043,35.091439],[-85.748067,35.091442],[-85.748086,35.091448],[-85.748101,35.091456],[-85.748111,35.091468],[-85.748127,35.091476],[-85.748149,35.091482],[-85.748178,35.091485],[-85.748213,35.091485],[-85.748241,35.091487],[-85.748262,35.091492],[-85.748276,35.091498],[-85.748282,35.091506],[-85.748311,35.091512],[-85.748363,35.091516],[-85.748438,35.091516],[-85.748535,35.091515],[-85.748607,35.091511],[-85.748656,35.091505],[-85.74868,35.091497],[-85.74868,35.091488],[-85.748685,35.09148],[-85.748693,35.091475],[-85.748706,35.091472],[-85.748722,35.09147],[-85.748735,35.091452],[-85.748744,35.091416],[-85.748749,35.091364],[-85.74875,35.091293],[-85.748749,35.091238],[-85.748745,35.091198],[-85.74874,35.091172],[-85.748731,35.091161],[-85.748725,35.091147],[-85.748721,35.091131],[-85.74872,35.091113],[-85.74872,35.091092],[-85.748722,35.091075],[-85.748725,35.091062],[-85.748731,35.091051],[-85.748737,35.091045],[-85.748748,35.09104],[-85.748762,35.091036],[-85.74878,35.091035],[-85.748802,35.091035],[-85.748818,35.091023],[-85.74883,35.091],[-85.748836,35.090965],[-85.748836,35.090918],[-85.748834,35.090879],[-85.748829,35.090848],[-85.74882,35.090823],[-85.748809,35.090807],[-85.748795,35.090794],[-85.748778,35.090786],[-85.748759,35.090782],[-85.748737,35.090781],[-85.748723,35.090747],[-85.748717,35.090679],[-85.748718,35.090577],[-85.748726,35.090441],[-85.748738,35.090334],[-85.748753,35.090257],[-85.74877,35.090209],[-85.748791,35.09019],[-85.748806,35.090155],[-85.748817,35.090106],[-85.748823,35.090042],[-85.748824,35.089962],[-85.748834,35.089902],[-85.748853,35.089863],[-85.748881,35.089843],[-85.748918,35.089843],[-85.748947,35.089835],[-85.748968,35.089818],[-85.748981,35.089792],[-85.748987,35.089758],[-85.749004,35.089731],[-85.749033,35.089713],[-85.749073,35.089701],[-85.749125,35.089698],[-85.749165,35.08969],[-85.749194,35.089678],[-85.749211,35.089661],[-85.749216,35.089641],[-85.749226,35.089626],[-85.749242,35.089615],[-85.749262,35.08961],[-85.749287,35.089611],[-85.749306,35.0896],[-85.749319,35.089577],[-85.749325,35.089543],[-85.749326,35.089498],[-85.749304,35.089463],[-85.749261,35.089439],[-85.749194,35.089426],[-85.749106,35.089424],[-85.749036,35.089418],[-85.748986,35.08941],[-85.748956,35.089398],[-85.748944,35.089382],[-85.74893,35.08937],[-85.748912,35.08936],[-85.748892,35.089353],[-85.748869,35.089349],[-85.748843,35.089334],[-85.748815,35.089309],[-85.748784,35.089274],[-85.748752,35.089228],[-85.748719,35.089191],[-85.748686,35.089161],[-85.748653,35.08914],[-85.748619,35.089128],[-85.748584,35.089108],[-85.748547,35.089082],[-85.748508,35.089048],[-85.748467,35.089008],[-85.748427,35.088976],[-85.74839,35.088953],[-85.748355,35.088939],[-85.748322,35.088933],[-85.748292,35.088924],[-85.748267,35.088912],[-85.748247,35.088897],[-85.74823,35.088879],[-85.748211,35.088865],[-85.74819,35.088854],[-85.748166,35.088847],[-85.748139,35.088844],[-85.748115,35.088838],[-85.748094,35.088827],[-85.748077,35.088813],[-85.748062,35.088795],[-85.748043,35.088779],[-85.748019,35.088766],[-85.74799,35.088755],[-85.747957,35.088746],[-85.747928,35.088737],[-85.747905,35.088726],[-85.747887,35.088715],[-85.747874,35.088702],[-85.74785,35.088693],[-85.747815,35.088686],[-85.747769,35.088683],[-85.747712,35.088682],[-85.747667,35.088687],[-85.747633,35.088697],[-85.747611,35.088712],[-85.747601,35.088732],[-85.747589,35.08875],[-85.747575,35.088766],[-85.74756,35.088779],[-85.747543,35.08879],[-85.747526,35.088805],[-85.747509,35.088823],[-85.747492,35.088845],[-85.747475,35.088871],[-85.747453,35.088896],[-85.747427,35.08892],[-85.747396,35.088943],[-85.747361,35.088964],[-85.74733,35.08898],[-85.747304,35.088991],[-85.747302,35.088992],[-85.747929,35.088382],[-85.747669,35.08831],[-85.747534,35.088174],[-85.747347,35.088012],[-85.747148,35.087854],[-85.746957,35.088033],[-85.746938,35.088008],[-85.746892,35.087971],[-85.746853,35.087941],[-85.746821,35.087919],[-85.746797,35.087906],[-85.746781,35.0879],[-85.746765,35.087891],[-85.746749,35.087878],[-85.746734,35.087862],[-85.746719,35.087843],[-85.7467,35.087824],[-85.746678,35.087804],[-85.746652,35.087785],[-85.746622,35.087765],[-85.746592,35.087749],[-85.746561,35.087737],[-85.74653,35.087729],[-85.746498,35.087725],[-85.746472,35.087718],[-85.74645,35.087709],[-85.746434,35.087697],[-85.746422,35.087683],[-85.746406,35.087672],[-85.746386,35.087663],[-85.746362,35.087656],[-85.746334,35.087651],[-85.746309,35.08764],[-85.746286,35.087622],[-85.746267,35.087597],[-85.746251,35.087565],[-85.746235,35.087539],[-85.746218,35.087517],[-85.746202,35.087501],[-85.746185,35.08749],[-85.746169,35.087476],[-85.746153,35.08746],[-85.746138,35.087442],[-85.746123,35.087421],[-85.746109,35.087404],[-85.746095,35.087391],[-85.746081,35.087382],[-85.746068,35.087376],[-85.746043,35.087372],[-85.746005,35.08737],[-85.745955,35.087371],[-85.745893,35.087373],[-85.745839,35.08738],[-85.745793,35.087394],[-85.745755,35.087413],[-85.745724,35.087437],[-85.745695,35.087458],[-85.745667,35.087476],[-85.745641,35.08749],[-85.745616,35.0875],[-85.745594,35.087513],[-85.745576,35.087526],[-85.745562,35.087541],[-85.745552,35.087557],[-85.745538,35.087575],[-85.745519,35.087594],[-85.745496,35.087615],[-85.745469,35.087636],[-85.745446,35.087654],[-85.745426,35.087667],[-85.745411,35.087677],[-85.745399,35.087682],[-85.745384,35.087686],[-85.745365,35.087689],[-85.745344,35.08769],[-85.745319,35.08769],[-85.745301,35.087669],[-85.745291,35.087627],[-85.745288,35.087564],[-85.745292,35.08748],[-85.745308,35.087416],[-85.745335,35.087373],[-85.745372,35.087351],[-85.745421,35.087349],[-85.745457,35.087338],[-85.745482,35.08732],[-85.745494,35.087294],[-85.745495,35.087259],[-85.745497,35.087232],[-85.745502,35.087212],[-85.745508,35.0872],[-85.745517,35.087194],[-85.745538,35.08719],[-85.745571,35.087188],[-85.745617,35.087187],[-85.745676,35.087188],[-85.74572,35.087177],[-85.745749,35.087154],[-85.745764,35.087121],[-85.745765,35.087075],[-85.745764,35.087038],[-85.745761,35.087009],[-85.745756,35.086989],[-85.74575,35.086976],[-85.745745,35.086959],[-85.745742,35.086936],[-85.745741,35.086908],[-85.745741,35.086875],[-85.745734,35.086846],[-85.74572,35.08682],[-85.745697,35.086798],[-85.745668,35.08678],[-85.745642,35.086761],[-85.745619,35.08674],[-85.745601,35.086718],[-85.745586,35.086694],[-85.745575,35.086666],[-85.745567,35.086634],[-85.745563,35.086597],[-85.745562,35.086556],[-85.745552,35.086519],[-85.745533,35.086485],[-85.745505,35.086456],[-85.745469,35.086431],[-85.745438,35.086402],[-85.745411,35.08637],[-85.74539,35.086333],[-85.745374,35.086293],[-85.745362,35.086258],[-85.745354,35.086226],[-85.745351,35.086198],[-85.745351,35.086175],[-85.745346,35.086155],[-85.745336,35.086139],[-85.745322,35.086127],[-85.745302,35.086119],[-85.745282,35.086105],[-85.745262,35.086086],[-85.745242,35.086063],[-85.745223,35.086033],[-85.745203,35.086011],[-85.745183,35.085994],[-85.745163,35.085983],[-85.745143,35.085979],[-85.745124,35.085973],[-85.745106,35.085965],[-85.745088,35.085956],[-85.745072,35.085945],[-85.745043,35.085936],[-85.745002,35.08593],[-85.744949,35.085927],[-85.744884,35.085926],[-85.744828,35.085922],[-85.744781,35.085915],[-85.744744,35.085904],[-85.744716,35.08589],[-85.744693,35.085877],[-85.744676,35.085864],[-85.744664,35.085852],[-85.744657,35.085841],[-85.74464,35.085833],[-85.744613,35.085826],[-85.744575,35.085822],[-85.744526,35.08582],[-85.744487,35.085816],[-85.744456,35.085809],[-85.744434,35.085801],[-85.744421,35.085789],[-85.744409,35.085776],[-85.744401,35.08576],[-85.744394,35.085742],[-85.744389,35.085721],[-85.744383,35.085703],[-85.744376,35.085688],[-85.744367,35.085676],[-85.744357,35.085666],[-85.744334,35.08565],[-85.744298,35.085628],[-85.744248,35.085601],[-85.744185,35.085567],[-85.744129,35.085541],[-85.744081,35.085524],[-85.74404,35.085514],[-85.744007,35.085512],[-85.743976,35.085507],[-85.743946,35.085499],[-85.743919,35.085487],[-85.743895,35.085471],[-85.743873,35.085454],[-85.743855,35.085435],[-85.74384,35.085413],[-85.743829,35.08539],[-85.743815,35.085371],[-85.7438,35.085358],[-85.743782,35.08535],[-85.743762,35.085347],[-85.743743,35.085341],[-85.743726,35.085331],[-85.74371,35.085318],[-85.743695,35.085301],[-85.743677,35.085285],[-85.743655,35.085269],[-85.74363,35.085253],[-85.743602,35.085237],[-85.743568,35.085225],[-85.743527,35.085216],[-85.74348,35.085209],[-85.743426,35.085206],[-85.743383,35.085196],[-85.74335,35.08518],[-85.743327,35.085158],[-85.743314,35.085129],[-85.743296,35.085104],[-85.743274,35.085083],[-85.743247,35.085066],[-85.743216,35.085053],[-85.743179,35.085043],[-85.743137,35.085036],[-85.743091,35.085032],[-85.743039,35.08503],[-85.742994,35.085024],[-85.742957,35.085014],[-85.742926,35.085],[-85.742903,35.084981],[-85.742871,35.084968],[-85.74283,35.084958],[-85.742781,35.084953],[-85.742722,35.084953],[-85.742669,35.08496],[-85.742622,35.084976],[-85.742581,35.085001],[-85.742545,35.085033],[-85.742514,35.085059],[-85.742487,35.085077],[-85.742464,35.085088],[-85.742446,35.085092],[-85.742432,35.08511],[-85.742422,35.085142],[-85.742417,35.085189],[-85.742416,35.085249],[-85.742417,35.08528],[-85.742375,35.085241],[-85.742373,35.085239],[-85.742368,35.085235],[-85.742364,35.085231],[-85.742362,35.085229],[-85.742357,35.085225],[-85.742355,35.085222],[-85.742351,35.085218],[-85.742347,35.085214],[-85.742343,35.08521],[-85.742341,35.085207],[-85.742337,35.085203],[-85.742333,35.085199],[-85.74233,35.085194],[-85.742326,35.08519],[-85.742324,35.085187],[-85.742321,35.085183],[-85.742319,35.08518],[-85.742315,35.085176],[-85.742312,35.085171],[-85.74231,35.085169],[-85.742307,35.085164],[-85.742305,35.085162],[-85.742302,35.085157],[-85.742299,35.085152],[-85.742296,35.085147],[-85.742293,35.085142],[-85.74229,35.085138],[-85.742288,35.085135],[-85.742287,35.085133],[-85.742284,35.085128],[-85.742281,35.085123],[-85.742279,35.085118],[-85.742276,35.085113],[-85.742274,35.085108],[-85.742271,35.085103],[-85.74227,35.0851],[-85.742268,35.085095],[-85.742265,35.08509],[-85.742263,35.085085],[-85.742262,35.085082],[-85.74226,35.085077],[-85.742258,35.085072],[-85.742256,35.085067],[-85.742255,35.085064],[-85.742254,35.085059],[-85.742253,35.085056],[-85.742251,35.085051],[-85.74225,35.085048],[-85.742249,35.085045],[-85.742248,35.08504],[-85.742247,35.085035],[-85.742245,35.08503],[-85.742244,35.085024],[-85.742243,35.085021],[-85.742243,35.085019],[-85.742242,35.085013],[-85.742241,35.085008],[-85.74224,35.085005],[-85.742239,35.085],[-85.742238,35.084995],[-85.742238,35.084989],[-85.742237,35.084986],[-85.742237,35.084981],[-85.742236,35.084976],[-85.742166,35.084234],[-85.742171,35.084234],[-85.742175,35.084234],[-85.742181,35.084234],[-85.742188,35.084234],[-85.742195,35.084235],[-85.742201,35.084235],[-85.742208,35.084236],[-85.742215,35.084236],[-85.74222,35.084237],[-85.742223,35.084237],[-85.74223,35.084238],[-85.742236,35.084239],[-85.742243,35.08424],[-85.742248,35.084241],[-85.742251,35.084241],[-85.742254,35.084242],[-85.742259,35.084243],[-85.742266,35.084244],[-85.742272,35.084245],[-85.742279,35.084247],[-85.742285,35.084248],[-85.742292,35.08425],[-85.742298,35.084251],[-85.742303,35.084253],[-85.742306,35.084253],[-85.742312,35.084255],[-85.742319,35.084257],[-85.742322,35.084258],[-85.742327,35.084259],[-85.742333,35.084261],[-85.742338,35.084263],[-85.742341,35.084264],[-85.742347,35.084266],[-85.742353,35.084269],[-85.742359,35.084271],[-85.742365,35.084273],[-85.742371,35.084276],[-85.742377,35.084278],[-85.74238,35.084279],[-85.742385,35.084281],[-85.743604,35.084827],[-85.743938,35.084977],[-85.743952,35.084983],[-85.74397,35.084991],[-85.743987,35.084999],[-85.744004,35.085006],[-85.744018,35.085013],[-85.744035,35.085021],[-85.744052,35.085029],[-85.744069,35.085037],[-85.744083,35.085044],[-85.7441,35.085052],[-85.744117,35.08506],[-85.744134,35.085068],[-85.744147,35.085075],[-85.744164,35.085084],[-85.744178,35.085091],[-85.744195,35.085099],[-85.744211,35.085108],[-85.744228,35.085116],[-85.744242,35.085123],[-85.744258,35.085132],[-85.744272,35.085139],[-85.744289,35.085148],[-85.744302,35.085155],[-85.744319,35.085164],[-85.744335,35.085173],[-85.744349,35.08518],[-85.744365,35.085189],[-85.744381,35.085198],[-85.744397,35.085207],[-85.744411,35.085215],[-85.744427,35.085224],[-85.74444,35.085232],[-85.744445,35.085235],[-85.744451,35.085238],[-85.744456,35.085241],[-85.744459,35.085242],[-85.744464,35.085245],[-85.74447,35.085248],[-85.744475,35.08525],[-85.744478,35.085252],[-85.744483,35.085254],[-85.744489,35.085257],[-85.744491,35.085258],[-85.744494,35.08526],[-85.7445,35.085262],[-85.744505,35.085265],[-85.744511,35.085267],[-85.744517,35.08527],[-85.744522,35.085272],[-85.744525,35.085273],[-85.744531,35.085276],[-85.744537,35.085278],[-85.744542,35.08528],[-85.744548,35.085283],[-85.744554,35.085285],[-85.74456,35.085287],[-85.744563,35.085288],[-85.744568,35.08529],[-85.744574,35.085292],[-85.74458,35.085294],[-85.744586,35.085296],[-85.744589,35.085297],[-85.744595,35.085299],[-85.744601,35.085301],[-85.744607,35.085303],[-85.74461,35.085303],[-85.744616,35.085305],[-85.744622,35.085307],[-85.744628,35.085309],[-85.744631,35.085309],[-85.744637,35.085311],[-85.74464,35.085312],[-85.744647,35.085313],[-85.744653,35.085315],[-85.744659,35.085316],[-85.744665,35.085317],[-85.744668,35.085318],[-85.744674,35.085319],[-85.744677,35.08532],[-85.744684,35.085321],[-85.74469,35.085323],[-85.744693,35.085323],[-85.744699,35.085324],[-85.744705,35.085325],[-85.744712,35.085326],[-85.744718,35.085327],[-85.744721,35.085328],[-85.744727,35.085329],[-85.744734,35.08533],[-85.74474,35.08533],[-85.744746,35.085331],[-85.744753,35.085332],[-85.744759,35.085333],[-85.744762,35.085333],[-85.744768,35.085334],[-85.744775,35.085334],[-85.744778,35.085334],[-85.744784,35.085335],[-85.744791,35.085335],[-85.744797,35.085336],[-85.744803,35.085336],[-85.74481,35.085336],[-85.744813,35.085336],[-85.744819,35.085337],[-85.744826,35.085337],[-85.744829,35.085337],[-85.744835,35.085337],[-85.744842,35.085337],[-85.744848,35.085337],[-85.744851,35.085337],[-85.744858,35.085337],[-85.744861,35.085337],[-85.744867,35.085337],[-85.744874,35.085337],[-85.74488,35.085337],[-85.744883,35.085337],[-85.74489,35.085336],[-85.744893,35.085336],[-85.744896,35.085336],[-85.744901,35.085336],[-85.744906,35.085335],[-85.74491,35.085335],[-85.744912,35.085335],[-85.744917,35.085334],[-85.744922,35.085333],[-85.744927,35.085333],[-85.74493,35.085332],[-85.744933,35.085332],[-85.744938,35.085331],[-85.744942,35.08533],[-85.744945,35.08533],[-85.74495,35.085329],[-85.744952,35.085329],[-85.744956,35.085328],[-85.744961,35.085327],[-85.744963,35.085326],[-85.744967,35.085325],[-85.744971,35.085324],[-85.744978,35.085323],[-85.745075,35.085458],[-85.750423,35.084818],[-85.753618,35.084522],[-85.755055,35.084388],[-85.758314,35.084086],[-85.758422,35.084551],[-85.758562,35.085161],[-85.758722,35.085857],[-85.75887,35.086499],[-85.759065,35.087348],[-85.759177,35.087833],[-85.759327,35.088487],[-85.759514,35.089219],[-85.759737,35.089998],[-85.760052,35.091102],[-85.76025,35.091795],[-85.760449,35.092494],[-85.760601,35.093026],[-85.760777,35.09364],[-85.760783,35.093684],[-85.760901,35.094779],[-85.760336,35.094707],[-85.7607,35.096348],[-85.760811,35.097299],[-85.761008,35.097901],[-85.759985,35.097861],[-85.758928,35.097819],[-85.757944,35.09778],[-85.7571,35.097747],[-85.7561,35.097707],[-85.754634,35.097632],[-85.754632,35.097626],[-85.754604,35.097589],[-85.754562,35.09757],[-85.754505,35.097569],[-85.754458,35.097576],[-85.754421,35.097589],[-85.754394,35.097609],[-85.754388,35.09762],[-85.754061,35.097603],[-85.752001,35.097497],[-85.74961,35.096256],[-85.749589,35.09681],[-85.749509,35.100236],[-85.749503,35.100515],[-85.749502,35.100525],[-85.749491,35.101007],[-85.747471,35.100827],[-85.742953,35.100425],[-85.742961,35.100243],[-85.743028,35.100242],[-85.743092,35.100224],[-85.743135,35.100191],[-85.743157,35.100142],[-85.743158,35.100078],[-85.743157,35.100026],[-85.743154,35.099989],[-85.74315,35.099964],[-85.743143,35.099953],[-85.743138,35.099937],[-85.743135,35.099917],[-85.743134,35.099891],[-85.743135,35.099861],[-85.743129,35.099838],[-85.743116,35.099823],[-85.743098,35.099815],[-85.743073,35.099815],[-85.743056,35.099787],[-85.743046,35.099732],[-85.743045,35.09965],[-85.743052,35.09954],[-85.743054,35.099454],[-85.743053,35.099393],[-85.743047,35.099356],[-85.743037,35.099344],[-85.743031,35.099316],[-85.74303,35.099273],[-85.743032,35.099214],[-85.743038,35.09914],[-85.743041,35.099083],[-85.743042,35.099043],[-85.74304,35.09902],[-85.743035,35.099015],[-85.743031,35.099001],[-85.743029,35.098979],[-85.743028,35.098949],[-85.743029,35.09891],[-85.743024,35.098874],[-85.743014,35.098841],[-85.742998,35.098811],[-85.742976,35.098783],[-85.742968,35.098761],[-85.742949,35.098605],[-85.742952,35.098536],[-85.74295,35.098471],[-85.742943,35.098424],[-85.742931,35.098395],[-85.742923,35.09839],[-85.742871,35.097965],[-85.74288,35.097962],[-85.742894,35.097916],[-85.742902,35.097833],[-85.742903,35.097713],[-85.742899,35.097554],[-85.742893,35.097435],[-85.742885,35.097355],[-85.742879,35.097329],[-85.743062,35.096695],[-85.743955,35.095108],[-85.744302,35.094568],[-85.74435,35.094566],[-85.744395,35.094562],[-85.744426,35.094556],[-85.744443,35.094548],[-85.744444,35.094539],[-85.744448,35.094531],[-85.744452,35.094525],[-85.744457,35.09452],[-85.744464,35.094518],[-85.744469,35.094503],[-85.744473,35.094476],[-85.744475,35.094438],[-85.744476,35.094387],[-85.744474,35.094348],[-85.744468,35.094321],[-85.744464,35.094314],[-85.744579,35.094136],[-85.744579,35.094136],[-85.744603,35.094121],[-85.74462,35.094092],[-85.744625,35.094063],[-85.744816,35.093766],[-85.744605,35.093632],[-85.744422,35.093592],[-85.744343,35.093574],[-85.744408,35.093535],[-85.744489,35.093479],[-85.744605,35.09334],[-85.744637,35.093309],[-85.74475,35.093201],[-85.744913,35.093047],[-85.745147,35.092841],[-85.745276,35.092784],[-85.745424,35.092718],[-85.745581,35.092648],[-85.74581,35.092549],[-85.745962,35.092478],[-85.74634,35.092301],[-85.746597,35.092182],[-85.746742,35.092121],[-85.74702,35.092007],[-85.747314,35.091897],[-85.747626,35.091789],[-85.747803,35.091728],[-85.747824,35.091724],[-85.748209,35.091648],[-85.748243,35.09164],[-85.748321,35.09162],[-85.743739,35.091059],[-85.742859,35.090997],[-85.742784,35.090992],[-85.742797,35.090973],[-85.742813,35.090914],[-85.742816,35.090834],[-85.742821,35.090769],[-85.742829,35.090719],[-85.742838,35.090684],[-85.74285,35.090663],[-85.742863,35.090647],[-85.742877,35.090635],[-85.742891,35.090627],[-85.742906,35.090623],[-85.742918,35.090604],[-85.742926,35.09057],[-85.74293,35.090522],[-85.742931,35.090459],[-85.742931,35.09041],[-85.742929,35.090377],[-85.742925,35.090358],[-85.74292,35.090354],[-85.742917,35.090341],[-85.742915,35.090319],[-85.742914,35.090288],[-85.742914,35.090248],[-85.742911,35.090215],[-85.742904,35.090191],[-85.742893,35.090173],[-85.742878,35.090164],[-85.742867,35.09015],[-85.74286,35.090133],[-85.742856,35.090112],[-85.742857,35.090087],[-85.74286,35.090064],[-85.742866,35.090043],[-85.742875,35.090023],[-85.742887,35.090006],[-85.742896,35.089977],[-85.742903,35.089937],[-85.742907,35.089886],[-85.742907,35.089824],[-85.742905,35.089775],[-85.742899,35.089738],[-85.742889,35.089713],[-85.742876,35.0897],[-85.742866,35.089679],[-85.74286,35.08965],[-85.742857,35.089612],[-85.742858,35.089565],[-85.742857,35.089528],[-85.742854,35.089502],[-85.742849,35.089486],[-85.742843,35.089481],[-85.742838,35.089471],[-85.742835,35.089456],[-85.742833,35.089437],[-85.742834,35.089414],[-85.742837,35.089396],[-85.742844,35.089383],[-85.742854,35.089375],[-85.742868,35.089373],[-85.742878,35.089359],[-85.742885,35.089335],[-85.742889,35.089301],[-85.742889,35.089255],[-85.742888,35.089217],[-85.742883,35.089187],[-85.742876,35.089164],[-85.742866,35.089149],[-85.742858,35.089126],[-85.742853,35.089096],[-85.74285,35.089058],[-85.742849,35.089013],[-85.742846,35.088977],[-85.74284,35.088951],[-85.742833,35.088934],[-85.742823,35.088927],[-85.742815,35.08892],[-85.74281,35.088911],[-85.742808,35.088901],[-85.742808,35.08889],[-85.742794,35.088881],[-85.742767,35.088875],[-85.742726,35.088872],[-85.74267,35.088872],[-85.742625,35.088876],[-85.74259,35.088886],[-85.742565,35.088901],[-85.742549,35.088922],[-85.742531,35.088939],[-85.742509,35.088953],[-85.742483,35.088965],[-85.742455,35.088972],[-85.742428,35.088981],[-85.742404,35.088992],[-85.742382,35.089003],[-85.742361,35.089015],[-85.742338,35.089024],[-85.742312,35.08903],[-85.742283,35.089033],[-85.742252,35.089032],[-85.742225,35.08903],[-85.742203,35.089024],[-85.742187,35.089017],[-85.742175,35.089007],[-85.742153,35.089],[-85.742119,35.088995],[-85.742075,35.088992],[-85.74202,35.088991],[-85.741977,35.088995],[-85.741946,35.089003],[-85.741927,35.089015],[-85.74192,35.089032],[-85.74191,35.089047],[-85.741896,35.089061],[-85.741879,35.089074],[-85.741859,35.089087],[-85.741839,35.089096],[-85.741818,35.089103],[-85.741798,35.089107],[-85.741778,35.089108],[-85.741762,35.089111],[-85.741749,35.089116],[-85.74174,35.089124],[-85.741735,35.089133],[-85.741725,35.089145],[-85.741708,35.089158],[-85.741687,35.089174],[-85.74166,35.089192],[-85.741637,35.089209],[-85.74162,35.089227],[-85.741606,35.089245],[-85.741598,35.089262],[-85.741585,35.089276],[-85.741567,35.089284],[-85.741545,35.089289],[-85.741518,35.089288],[-85.741497,35.089285],[-85.741482,35.089278],[-85.741473,35.089267],[-85.74147,35.089254],[-85.741451,35.089243],[-85.741416,35.089236],[-85.741365,35.089232],[-85.741298,35.089231],[-85.741245,35.089236],[-85.741207,35.089246],[-85.741182,35.089261],[-85.741172,35.089281],[-85.741161,35.089298],[-85.74115,35.089311],[-85.741139,35.08932],[-85.741127,35.089326],[-85.741088,35.089331],[-85.741023,35.089336],[-85.740931,35.08934],[-85.740812,35.089344],[-85.740722,35.089352],[-85.740661,35.089364],[-85.740629,35.08938],[-85.740625,35.089399],[-85.740599,35.089413],[-85.740552,35.089423],[-85.740482,35.089428],[-85.74039,35.089429],[-85.740317,35.089433],[-85.740262,35.08944],[-85.740226,35.089452],[-85.740209,35.089467],[-85.74019,35.089478],[-85.740169,35.089485],[-85.740146,35.089489],[-85.740121,35.089488],[-85.740102,35.089501],[-85.740089,35.089526],[-85.740083,35.089564],[-85.740082,35.089615],[-85.740079,35.089665],[-85.740074,35.089715],[-85.740067,35.089763],[-85.740058,35.089811],[-85.740049,35.08985],[-85.740041,35.089878],[-85.740034,35.089898],[-85.740027,35.089907],[-85.740016,35.089917],[-85.740001,35.089926],[-85.739982,35.089936],[-85.739958,35.089945],[-85.73994,35.089964],[-85.739928,35.089992],[-85.739922,35.090029],[-85.739921,35.090076],[-85.739923,35.090114],[-85.739927,35.090143],[-85.739935,35.090163],[-85.739944,35.090174],[-85.739957,35.090182],[-85.739973,35.090189],[-85.739992,35.090193],[-85.740013,35.090194],[-85.740031,35.090203],[-85.740045,35.090219],[-85.740055,35.090242],[-85.740062,35.090272],[-85.740069,35.090298],[-85.740077,35.09032],[-85.740086,35.090337],[-85.740096,35.090349],[-85.740111,35.090362],[-85.740131,35.090376],[-85.740158,35.090391],[-85.740189,35.090406],[-85.740218,35.090418],[-85.740245,35.090426],[-85.740269,35.09043],[-85.740291,35.09043],[-85.740307,35.090444],[-85.740317,35.090473],[-85.740322,35.090515],[-85.740321,35.090571],[-85.740325,35.090616],[-85.740332,35.09065],[-85.740345,35.090672],[-85.740361,35.090684],[-85.740375,35.090699],[-85.740387,35.090718],[-85.740395,35.090742],[-85.740402,35.090769],[-85.740416,35.09079],[-85.740437,35.090805],[-85.740466,35.090813],[-85.740503,35.090815],[-85.740542,35.09082],[-85.740583,35.090828],[-85.740626,35.090839],[-85.74067,35.090853],[-85.740741,35.090863],[-85.740836,35.090869],[-85.740956,35.090871],[-85.741102,35.090868],[-85.741212,35.090868],[-85.741287,35.09087],[-85.741327,35.090874],[-85.741332,35.090881],[-85.741353,35.090887],[-85.74139,35.090891],[-85.741442,35.090893],[-85.741511,35.090893],[-85.741562,35.090889],[-85.741597,35.090879],[-85.741614,35.090864],[-85.741614,35.090843],[-85.741616,35.090826],[-85.74162,35.090811],[-85.741625,35.0908],[-85.741632,35.090792],[-85.741646,35.090785],[-85.741667,35.090781],[-85.741695,35.090778],[-85.74173,35.090777],[-85.741756,35.090787],[-85.741773,35.090808],[-85.741782,35.090839],[-85.741781,35.090882],[-85.741797,35.090914],[-85.74183,35.090936],[-85.74188,35.090947],[-85.741947,35.090947],[-85.741998,35.09094],[-85.742032,35.090925],[-85.742051,35.090901],[-85.742053,35.09087],[-85.742063,35.090846],[-85.742082,35.09083],[-85.742109,35.090823],[-85.742144,35.090823],[-85.742174,35.090825],[-85.742199,35.09083],[-85.742219,35.090836],[-85.742234,35.090845],[-85.742245,35.090855],[-85.742252,35.090866],[-85.742256,35.09088],[-85.742256,35.090895],[-85.742258,35.090908],[-85.742262,35.09092],[-85.742268,35.09093],[-85.742276,35.090939],[-85.742298,35.090945],[-85.742334,35.090949],[-85.742384,35.090952],[-85.742447,35.090953],[-85.742496,35.090957],[-85.742529,35.090964],[-85.742547,35.090974],[-85.742547,35.090975],[-85.742156,35.090947],[-85.74201,35.091634],[-85.741998,35.091625],[-85.741989,35.091617],[-85.74198,35.09161],[-85.741971,35.091602],[-85.741962,35.091595],[-85.741953,35.091587],[-85.741944,35.09158],[-85.741932,35.091571],[-85.741923,35.091563],[-85.741914,35.091556],[-85.741904,35.091548],[-85.741893,35.091539],[-85.741881,35.09153],[-85.741872,35.091523],[-85.741862,35.091516],[-85.74185,35.091507],[-85.741841,35.091499],[-85.741829,35.09149],[-85.74182,35.091483],[-85.74181,35.091476],[-85.7418,35.091469],[-85.741791,35.091462],[-85.741779,35.091453],[-85.741769,35.091446],[-85.74176,35.091439],[-85.741747,35.09143],[-85.741738,35.091423],[-85.741725,35.091415],[-85.741716,35.091408],[-85.741706,35.091401],[-85.741696,35.091394],[-85.741684,35.091385],[-85.741674,35.091379],[-85.741661,35.09137],[-85.741651,35.091363],[-85.741641,35.091357],[-85.741631,35.09135],[-85.741621,35.091343],[-85.741611,35.091337],[-85.741599,35.091328],[-85.741589,35.091322],[-85.741579,35.091315],[-85.741569,35.091308],[-85.741556,35.0913],[-85.741543,35.091292],[-85.741533,35.091286],[-85.741523,35.091279],[-85.74151,35.091271],[-85.7415,35.091265],[-85.741489,35.091258],[-85.741476,35.091251],[-85.741466,35.091244],[-85.741456,35.091238],[-85.741443,35.09123],[-85.741432,35.091224],[-85.741419,35.091216],[-85.741409,35.09121],[-85.741398,35.091204],[-85.741388,35.091198],[-85.741374,35.09119],[-85.741364,35.091184],[-85.741353,35.091178],[-85.741343,35.091172],[-85.741329,35.091164],[-85.741321,35.09116],[-85.741313,35.091155],[-85.741304,35.091151],[-85.741299,35.091148],[-85.741293,35.091145],[-85.741285,35.091141],[-85.741276,35.091137],[-85.741268,35.091132],[-85.741262,35.09113],[-85.741256,35.091127],[-85.741248,35.091123],[-85.741242,35.09112],[-85.741236,35.091118],[-85.741227,35.091114],[-85.741219,35.09111],[-85.74121,35.091107],[-85.741201,35.091103],[-85.741192,35.0911],[-85.741186,35.091097],[-85.74118,35.091095],[-85.741171,35.091092],[-85.741162,35.091088],[-85.741156,35.091086],[-85.74115,35.091084],[-85.74114,35.091081],[-85.741131,35.091078],[-85.741122,35.091075],[-85.741116,35.091073],[-85.74111,35.091071],[-85.7411,35.091069],[-85.741094,35.091067],[-85.741088,35.091065],[-85.741078,35.091062],[-85.741072,35.091061],[-85.741066,35.091059],[-85.741056,35.091057],[-85.741047,35.091054],[-85.741037,35.091052],[-85.741028,35.09105],[-85.741021,35.091048],[-85.741015,35.091047],[-85.741005,35.091045],[-85.740996,35.091043],[-85.740989,35.091042],[-85.740983,35.091041],[-85.740973,35.091039],[-85.740964,35.091037],[-85.740957,35.091036],[-85.740951,35.091035],[-85.740941,35.091034],[-85.740931,35.091032],[-85.740921,35.091031],[-85.740911,35.09103],[-85.740902,35.091029],[-85.740895,35.091028],[-85.740889,35.091027],[-85.740879,35.091026],[-85.740869,35.091026],[-85.740859,35.091025],[-85.740852,35.091024],[-85.740846,35.091024],[-85.740839,35.091023],[-85.740833,35.091023],[-85.740823,35.091023],[-85.740813,35.091022],[-85.740803,35.091022],[-85.740796,35.091022],[-85.74079,35.091021],[-85.74078,35.091021],[-85.74077,35.091021],[-85.74076,35.091021],[-85.740753,35.091021],[-85.740747,35.091021],[-85.740737,35.091022],[-85.740727,35.091022],[-85.740717,35.091022],[-85.740711,35.091022],[-85.740704,35.091023],[-85.740694,35.091023],[-85.740684,35.091024],[-85.740678,35.091024],[-85.740671,35.091025],[-85.739965,35.09108],[-85.739958,35.091081],[-85.739955,35.091081],[-85.739948,35.091082],[-85.739942,35.091082],[-85.739935,35.091082],[-85.739932,35.091082],[-85.739929,35.091083],[-85.739922,35.091083],[-85.739919,35.091083],[-85.739913,35.091083],[-85.739909,35.091083],[-85.739903,35.091083],[-85.739896,35.091083],[-85.73989,35.091083],[-85.739887,35.091083],[-85.73988,35.091083],[-85.739877,35.091083],[-85.73987,35.091083],[-85.739864,35.091083],[-85.739857,35.091083],[-85.739854,35.091083],[-85.739847,35.091082],[-85.739844,35.091082],[-85.739838,35.091082],[-85.739834,35.091082],[-85.739828,35.091081],[-85.739825,35.091081],[-85.739818,35.091081],[-85.739812,35.09108],[-85.739805,35.091079],[-85.739799,35.091079],[-85.739795,35.091079],[-85.739789,35.091078],[-85.739786,35.091078],[-85.739779,35.091077],[-85.739776,35.091076],[-85.73977,35.091076],[-85.739763,35.091075],[-85.73976,35.091074],[-85.739754,35.091073],[-85.73975,35.091073],[-85.739747,35.091072],[-85.739741,35.091071],[-85.739734,35.09107],[-85.739728,35.091069],[-85.739725,35.091069],[-85.739718,35.091068],[-85.739712,35.091066],[-85.739709,35.091066],[-85.739706,35.091065],[-85.739699,35.091064],[-85.739693,35.091063],[-85.73969,35.091062],[-85.739687,35.091061],[-85.73968,35.09106],[-85.739674,35.091058],[-85.739668,35.091057],[-85.739665,35.091056],[-85.739659,35.091054],[-85.739655,35.091054],[-85.739649,35.091052],[-85.739646,35.091051],[-85.73964,35.09105],[-85.739634,35.091048],[-85.739628,35.091046],[-85.739625,35.091045],[-85.739618,35.091043],[-85.739615,35.091042],[-85.739612,35.091041],[-85.739606,35.091039],[-85.7396,35.091037],[-85.739597,35.091036],[-85.739591,35.091034],[-85.739585,35.091032],[-85.739579,35.09103],[-85.739576,35.091029],[-85.739573,35.091028],[-85.739567,35.091026],[-85.739564,35.091025],[-85.739558,35.091023],[-85.739552,35.09102],[-85.739546,35.091018],[-85.739544,35.091017],[-85.739538,35.091014],[-85.739535,35.091013],[-85.739532,35.091012],[-85.739526,35.091009],[-85.73952,35.091007],[-85.739517,35.091006],[-85.739512,35.091003],[-85.739506,35.091],[-85.739503,35.090999],[-85.739498,35.090996],[-85.739492,35.090994],[-85.739489,35.090992],[-85.739484,35.09099],[-85.739481,35.090988],[-85.739475,35.090985],[-85.739472,35.090984],[-85.739467,35.090981],[-85.739462,35.090978],[-85.739459,35.090977],[-85.739453,35.090974],[-85.739451,35.090972],[-85.739445,35.090969],[-85.739443,35.090968],[-85.739437,35.090965],[-85.739432,35.090961],[-85.739429,35.09096],[-85.739427,35.090958],[-85.739421,35.090955],[-85.739419,35.090954],[-85.739414,35.09095],[-85.739408,35.090947],[-85.739406,35.090945],[-85.739401,35.090942],[-85.739396,35.090939],[-85.739391,35.090935],[-85.739388,35.090934],[-85.739383,35.09093],[-85.739381,35.090928],[-85.739376,35.090925],[-85.739373,35.090923],[-85.739368,35.090919],[-85.739364,35.090916],[-85.739361,35.090914],[-85.739356,35.09091],[-85.739354,35.090909],[-85.739349,35.090905],[-85.739345,35.090901],[-85.73934,35.090897],[-85.739338,35.090896],[-85.739333,35.090892],[-85.739329,35.090888],[-85.739326,35.090886],[-85.739322,35.090882],[-85.73932,35.09088],[-85.739315,35.090876],[-85.739311,35.090872],[-85.739308,35.09087],[-85.739304,35.090866],[-85.739302,35.090864],[-85.7393,35.090862],[-85.739296,35.090858],[-85.739291,35.090854],[-85.739289,35.090852],[-85.739285,35.090848],[-85.739283,35.090846],[-85.739279,35.090842],[-85.739275,35.090838],[-85.739273,35.090835],[-85.739269,35.090831],[-85.739267,35.090829],[-85.739263,35.090825],[-85.739259,35.09082],[-85.739255,35.090816],[-85.739253,35.090814],[-85.73925,35.09081],[-85.739248,35.090807],[-85.739244,35.090803],[-85.73924,35.090798],[-85.739239,35.090796],[-85.739235,35.090792],[-85.739231,35.090787],[-85.73923,35.090785],[-85.739228,35.090783],[-85.739224,35.090778],[-85.739221,35.090774],[-85.739219,35.090771],[-85.739218,35.090769],[-85.739214,35.090764],[-85.739211,35.09076],[-85.73921,35.090757],[-85.739206,35.090753],[-85.739203,35.090748],[-85.7392,35.090743],[-85.739199,35.090741],[-85.739196,35.090736],[-85.739194,35.090734],[-85.739191,35.090729],[-85.73919,35.090727],[-85.739187,35.090722],[-85.739185,35.090719],[-85.739183,35.090715],[-85.739181,35.090712],[-85.739178,35.090707],[-85.739176,35.090702],[-85.739173,35.090698],[-85.73917,35.090693],[-85.739169,35.09069],[-85.739167,35.090685],[-85.739165,35.090683],[-85.739163,35.090678],[-85.739161,35.090673],[-85.739158,35.090668],[-85.739157,35.090665],[-85.739156,35.090663],[-85.739154,35.090658],[-85.739153,35.090655],[-85.739151,35.09065],[-85.739148,35.090645],[-85.739147,35.090643],[-85.739145,35.090637],[-85.739144,35.090635],[-85.739142,35.09063],[-85.739141,35.090625],[-85.73914,35.090622],[-85.739139,35.090619],[-85.739137,35.090614],[-85.739135,35.090609],[-85.739134,35.090607],[-85.739133,35.090601],[-85.739132,35.090599],[-85.73913,35.090594],[-85.739128,35.090587],[-85.739126,35.09058],[-85.739124,35.090573],[-85.739122,35.090566],[-85.73912,35.090557],[-85.739118,35.09055],[-85.739116,35.090543],[-85.739115,35.090536],[-85.739113,35.090529],[-85.739111,35.090522],[-85.73911,35.090515],[-85.739108,35.090506],[-85.739106,35.090499],[-85.739105,35.090492],[-85.739103,35.090485],[-85.739101,35.090475],[-85.739099,35.090464],[-85.739098,35.090454],[-85.739096,35.090446],[-85.739095,35.09044],[-85.739094,35.09043],[-85.739092,35.090421],[-85.739092,35.090416],[-85.73909,35.090405],[-85.73909,35.0904],[-85.739089,35.090392],[-85.739087,35.090381],[-85.739087,35.090376],[-85.739086,35.090367],[-85.739085,35.090357],[-85.739085,35.090349],[-85.739084,35.090343],[-85.739083,35.090332],[-85.739083,35.090324],[-85.739083,35.090319],[-85.739082,35.090308],[-85.739082,35.090297],[-85.739082,35.090292],[-85.739081,35.090284],[-85.739081,35.090273],[-85.739081,35.090265],[-85.739081,35.090257],[-85.739081,35.090249],[-85.739081,35.090241],[-85.739082,35.090233],[-85.739082,35.090222],[-85.739082,35.090214],[-85.739083,35.090206],[-85.739083,35.090198],[-85.739083,35.09019],[-85.739084,35.090179],[-85.739085,35.090171],[-85.739086,35.090163],[-85.739086,35.090155],[-85.739087,35.090144],[-85.739088,35.090136],[-85.739089,35.090128],[-85.73909,35.09012],[-85.739092,35.09011],[-85.739093,35.090102],[-85.739094,35.090094],[-85.739095,35.090086],[-85.739097,35.090075],[-85.739098,35.090067],[-85.7391,35.090059],[-85.739101,35.090051],[-85.739103,35.090041],[-85.739106,35.09003],[-85.739107,35.090022],[-85.739109,35.090014],[-85.739111,35.090006],[-85.739113,35.089998],[-85.739115,35.08999],[-85.739117,35.089983],[-85.73912,35.089972],[-85.739122,35.089964],[-85.739125,35.089954],[-85.739128,35.089943],[-85.73913,35.089936],[-85.739132,35.089928],[-85.739135,35.08992],[-85.739138,35.08991],[-85.739141,35.089902],[-85.739144,35.089894],[-85.739147,35.089884],[-85.73915,35.089876],[-85.739153,35.089868],[-85.739157,35.089858],[-85.73916,35.08985],[-85.739163,35.089843],[-85.739166,35.089835],[-85.739169,35.089828],[-85.739173,35.089817],[-85.739176,35.08981],[-85.73918,35.089802],[-85.739183,35.089795],[-85.739187,35.089787],[-85.73919,35.08978],[-85.739195,35.08977],[-85.7392,35.08976],[-85.739203,35.089752],[-85.739207,35.089745],[-85.739211,35.089737],[-85.739215,35.08973],[-85.739219,35.089723],[-85.739224,35.089713],[-85.739228,35.089705],[-85.739232,35.089698],[-85.739238,35.089688],[-85.739242,35.089681],[-85.739246,35.089674],[-85.73925,35.089667],[-85.739255,35.08966],[-85.739259,35.089652],[-85.739265,35.089643],[-85.739271,35.089633],[-85.739276,35.089626],[-85.73928,35.089619],[-85.739285,35.089612],[-85.739291,35.089603],[-85.739296,35.089596],[-85.739301,35.089589],[-85.739308,35.089579],[-85.739313,35.089573],[-85.739318,35.089566],[-85.739323,35.089559],[-85.73933,35.08955],[-85.739335,35.089543],[-85.73934,35.089536],[-85.739346,35.089529],[-85.739353,35.08952],[-85.739358,35.089514],[-85.739364,35.089507],[-85.739371,35.089498],[-85.739377,35.089492],[-85.739382,35.089485],[-85.739388,35.089478],[-85.739394,35.089472],[-85.739402,35.089463],[-85.739407,35.089457],[-85.739413,35.08945],[-85.739421,35.089442],[-85.739427,35.089436],[-85.739433,35.089429],[-85.739439,35.089423],[-85.739446,35.089417],[-85.739454,35.089408],[-85.73946,35.089402],[-85.739466,35.089396],[-85.739475,35.089388],[-85.739481,35.089382],[-85.739488,35.089376],[-85.739494,35.08937],[-85.739503,35.089362],[-85.739509,35.089356],[-85.739518,35.089348],[-85.739525,35.089342],[-85.739532,35.089336],[-85.739538,35.08933],[-85.739545,35.089325],[-85.739552,35.089319],[-85.739559,35.089313],[-85.739568,35.089306],[-85.739575,35.0893],[-85.739585,35.089293],[-85.739592,35.089287],[-85.739601,35.08928],[-85.739609,35.089274],[-85.739616,35.089269],[-85.739623,35.089263],[-85.739631,35.089258],[-85.739638,35.089252],[-85.739646,35.089247],[-85.739653,35.089241],[-85.73966,35.089236],[-85.739668,35.08923],[-85.739675,35.089225],[-85.739683,35.08922],[-85.739691,35.089214],[-85.739698,35.089209],[-85.739706,35.089204],[-85.739713,35.089199],[-85.739721,35.089193],[-85.739729,35.089188],[-85.739737,35.089183],[-85.739744,35.089178],[-85.739752,35.089173],[-85.73976,35.089168],[-85.739768,35.089163],[-85.739775,35.089158],[-85.739783,35.089152],[-85.739791,35.089147],[-85.739799,35.089142],[-85.739807,35.089138],[-85.739815,35.089133],[-85.739823,35.089128],[-85.739834,35.089121],[-85.739842,35.089116],[-85.73985,35.089112],[-85.739858,35.089107],[-85.739866,35.089102],[-85.739874,35.089097],[-85.739882,35.089092],[-85.73989,35.089088],[-85.739898,35.089083],[-85.739907,35.089078],[-85.739915,35.089074],[-85.739923,35.089069],[-85.739931,35.089065],[-85.73994,35.08906],[-85.739948,35.089056],[-85.739956,35.089051],[-85.739964,35.089047],[-85.739973,35.089042],[-85.739981,35.089038],[-85.73999,35.089033],[-85.739998,35.089029],[-85.740006,35.089025],[-85.740015,35.08902],[-85.740023,35.089016],[-85.740032,35.089012],[-85.74004,35.089007],[-85.740049,35.089003],[-85.740058,35.088999],[-85.740066,35.088995],[-85.740075,35.088991],[-85.740083,35.088987],[-85.740092,35.088983],[-85.740101,35.088979],[-85.740109,35.088974],[-85.740118,35.08897],[-85.740127,35.088966],[-85.740135,35.088963],[-85.740144,35.088959],[-85.740153,35.088955],[-85.740162,35.088951],[-85.74017,35.088947],[-85.740179,35.088943],[-85.740188,35.088939],[-85.740197,35.088936],[-85.740206,35.088932],[-85.740215,35.088928],[-85.740223,35.088925],[-85.740232,35.088921],[-85.740241,35.088917],[-85.74025,35.088914],[-85.740259,35.08891],[-85.740268,35.088907],[-85.740277,35.088903],[-85.740286,35.088899],[-85.740295,35.088896],[-85.740304,35.088893],[-85.740313,35.088889],[-85.740322,35.088886],[-85.740331,35.088882],[-85.740341,35.088879],[-85.74035,35.088876],[-85.740359,35.088873],[-85.740368,35.088869],[-85.740377,35.088866],[-85.740389,35.088862],[-85.740398,35.088859],[-85.740408,35.088856],[-85.740417,35.088853],[-85.740426,35.088849],[-85.740435,35.088846],[-85.740445,35.088843],[-85.740454,35.08884],[-85.740463,35.088837],[-85.740472,35.088835],[-85.740482,35.088832],[-85.740491,35.088829],[-85.7405,35.088826],[-85.74051,35.088823],[-85.740519,35.08882],[-85.740529,35.088818],[-85.740538,35.088815],[-85.740547,35.088812],[-85.740557,35.08881],[-85.740566,35.088807],[-85.740576,35.088804],[-85.740585,35.088802],[-85.740595,35.088799],[-85.740604,35.088797],[-85.740614,35.088794],[-85.740623,35.088792],[-85.740633,35.088789],[-85.740642,35.088787],[-85.740652,35.088785],[-85.740661,35.088782],[-85.740671,35.08878],[-85.74068,35.088778],[-85.74069,35.088775],[-85.740699,35.088773],[-85.740709,35.088771],[-85.740712,35.08877],[-85.740716,35.088769],[-85.74072,35.088769],[-85.740724,35.088768],[-85.740728,35.088767],[-85.740731,35.088766],[-85.740736,35.088766],[-85.74074,35.088765],[-85.740743,35.088765],[-85.740747,35.088764],[-85.740751,35.088764],[-85.740755,35.088763],[-85.740759,35.088763],[-85.740764,35.088762],[-85.740768,35.088762],[-85.740772,35.088762],[-85.740776,35.088761],[-85.740781,35.088761],[-85.740785,35.088761],[-85.740788,35.088761],[-85.740792,35.088761],[-85.740796,35.088761],[-85.740799,35.088761],[-85.740804,35.088761],[-85.740808,35.088761],[-85.740811,35.088761],[-85.740816,35.088761],[-85.74082,35.088761],[-85.740824,35.088761],[-85.740828,35.088762],[-85.740832,35.088762],[-85.740837,35.088762],[-85.741462,35.088816],[-85.741468,35.088817],[-85.741475,35.088817],[-85.741482,35.088818],[-85.741488,35.088818],[-85.741495,35.088818],[-85.741501,35.088819],[-85.741508,35.088819],[-85.741515,35.088819],[-85.741521,35.088819],[-85.741528,35.088819],[-85.741531,35.088819],[-85.741538,35.088819],[-85.741545,35.088819],[-85.741551,35.088819],[-85.741558,35.088819],[-85.741564,35.088818],[-85.741571,35.088818],[-85.741578,35.088818],[-85.741584,35.088817],[-85.741591,35.088817],[-85.741597,35.088816],[-85.741604,35.088816],[-85.741611,35.088815],[-85.741617,35.088814],[-85.741624,35.088813],[-85.74163,35.088813],[-85.741637,35.088812],[-85.741643,35.088811],[-85.74165,35.08881],[-85.741656,35.088809],[-85.741663,35.088808],[-85.741669,35.088806],[-85.741676,35.088805],[-85.741682,35.088804],[-85.741689,35.088803],[-85.741695,35.088801],[-85.741702,35.0888],[-85.741708,35.088798],[-85.741714,35.088797],[-85.741721,35.088795],[-85.741727,35.088793],[-85.741733,35.088792],[-85.741739,35.08879],[-85.741746,35.088788],[-85.741752,35.088786],[-85.741758,35.088784],[-85.741764,35.088782],[-85.74177,35.08878],[-85.741777,35.088778],[-85.741783,35.088776],[-85.741789,35.088774],[-85.741795,35.088772],[-85.741801,35.088769],[-85.741807,35.088767],[-85.741813,35.088765],[-85.741819,35.088762],[-85.741825,35.08876],[-85.74183,35.088757],[-85.741836,35.088755],[-85.741842,35.088752],[-85.741848,35.088749],[-85.741854,35.088747],[-85.741859,35.088744],[-85.741865,35.088741],[-85.741871,35.088738],[-85.742595,35.088363],[-85.742601,35.08836],[-85.742606,35.088357],[-85.742609,35.088356],[-85.742615,35.088353],[-85.742618,35.088352],[-85.742623,35.088349],[-85.742629,35.088346],[-85.742635,35.088344],[-85.742638,35.088343],[-85.742644,35.08834],[-85.74265,35.088338],[-85.742653,35.088337],[-85.742659,35.088334],[-85.742662,35.088333],[-85.742668,35.088331],[-85.742674,35.088329],[-85.742677,35.088328],[-85.742683,35.088326],[-85.742689,35.088324],[-85.742695,35.088322],[-85.742701,35.08832],[-85.742704,35.088319],[-85.742711,35.088317],[-85.742714,35.088316],[-85.742717,35.088316],[-85.742723,35.088314],[-85.742726,35.088313],[-85.742733,35.088311],[-85.742739,35.08831],[-85.742742,35.088309],[-85.742748,35.088308],[-85.742755,35.088306],[-85.742761,35.088305],[-85.742764,35.088305],[-85.742768,35.088304],[-85.742774,35.088303],[-85.742781,35.088302],[-85.742787,35.088301],[-85.74279,35.0883],[-85.742797,35.088299],[-85.742803,35.088298],[-85.74281,35.088297],[-85.742816,35.088297],[-85.74282,35.088296],[-85.742823,35.088296],[-85.742829,35.088295],[-85.742836,35.088295],[-85.742842,35.088294],[-85.742846,35.088294],[-85.742852,35.088294],[-85.742859,35.088293],[-85.742862,35.088293],[-85.742869,35.088293],[-85.742875,35.088293],[-85.742879,35.088293],[-85.742885,35.088293],[-85.742892,35.088293],[-85.742898,35.088293],[-85.742905,35.088293],[-85.742908,35.088293],[-85.742915,35.088293],[-85.742921,35.088293],[-85.742925,35.088293],[-85.742931,35.088294],[-85.742934,35.088294],[-85.742937,35.088294],[-85.74294,35.088294],[-85.742943,35.088295],[-85.742946,35.088295],[-85.742949,35.088295],[-85.742952,35.088296],[-85.742955,35.088296],[-85.742958,35.088297],[-85.742961,35.088297],[-85.742964,35.088298],[-85.742967,35.088298],[-85.74297,35.088299],[-85.742973,35.0883],[-85.742976,35.0883],[-85.742979,35.088301],[-85.742982,35.088302],[-85.742984,35.088302],[-85.742987,35.088303],[-85.74299,35.088304],[-85.742993,35.088305],[-85.742996,35.088306],[-85.742999,35.088307],[-85.743001,35.088308],[-85.743004,35.088309],[-85.743007,35.08831],[-85.74301,35.088311],[-85.743012,35.088312],[-85.743015,35.088313],[-85.743018,35.088314],[-85.74302,35.088315],[-85.743023,35.088317],[-85.743026,35.088318],[-85.743028,35.088319],[-85.743031,35.08832],[-85.743033,35.088322],[-85.743036,35.088323],[-85.743038,35.088324],[-85.743041,35.088326],[-85.743043,35.088327],[-85.743046,35.088329],[-85.743048,35.08833],[-85.743051,35.088332],[-85.743053,35.088333],[-85.743055,35.088335],[-85.743058,35.088337],[-85.74306,35.088338],[-85.743062,35.08834],[-85.743064,35.088341],[-85.743067,35.088343],[-85.743069,35.088345],[-85.743071,35.088347],[-85.743073,35.088348],[-85.743075,35.08835],[-85.743077,35.088352],[-85.743079,35.088354],[-85.743081,35.088356],[-85.743083,35.088358],[-85.743085,35.08836],[-85.743087,35.088362],[-85.743089,35.088364],[-85.74309,35.088366],[-85.743092,35.088368],[-85.743094,35.08837],[-85.743096,35.088372],[-85.743097,35.088374],[-85.743099,35.088376],[-85.743101,35.088378],[-85.743102,35.08838],[-85.743104,35.088382],[-85.743105,35.088384],[-85.743107,35.088386],[-85.743108,35.088389],[-85.74311,35.088391],[-85.743111,35.088393],[-85.743112,35.088395],[-85.743114,35.088397],[-85.743115,35.0884],[-85.743116,35.088402],[-85.743117,35.088404],[-85.743118,35.088407],[-85.743119,35.088409],[-85.743121,35.088411],[-85.743122,35.088414],[-85.743123,35.088416],[-85.743123,35.088418],[-85.743124,35.088421],[-85.743125,35.088423],[-85.743126,35.088425],[-85.743127,35.088428],[-85.743128,35.08843],[-85.743128,35.088433],[-85.743129,35.088435],[-85.743129,35.088437],[-85.74313,35.08844],[-85.743131,35.088442],[-85.743131,35.088445],[-85.743132,35.088447],[-85.743132,35.08845],[-85.743133,35.088454],[-85.743133,35.088459],[-85.743134,35.088464],[-85.743134,35.088469],[-85.743135,35.088474],[-85.743135,35.088478],[-85.743136,35.088482],[-85.743136,35.088486],[-85.743136,35.088491],[-85.743136,35.088496],[-85.743136,35.088501],[-85.743136,35.088504],[-85.743136,35.088509],[-85.743136,35.088513],[-85.743136,35.088517],[-85.743136,35.088521],[-85.743136,35.088526],[-85.743136,35.088531],[-85.743135,35.088536],[-85.743135,35.088539],[-85.743135,35.088544],[-85.743134,35.088549],[-85.743134,35.088553],[-85.743133,35.088558],[-85.743132,35.088563],[-85.743132,35.088568],[-85.743131,35.088572],[-85.74313,35.088576],[-85.743129,35.08858],[-85.743128,35.088585],[-85.743127,35.08859],[-85.743126,35.088594],[-85.743993,35.087798],[-85.743835,35.087553],[-85.743831,35.087546],[-85.743827,35.087539],[-85.743822,35.087533],[-85.743818,35.087526],[-85.743814,35.08752],[-85.74381,35.087513],[-85.743803,35.087502],[-85.743799,35.087495],[-85.743795,35.087489],[-85.743789,35.087477],[-85.743785,35.087471],[-85.743781,35.087464],[-85.743777,35.087457],[-85.743774,35.08745],[-85.743767,35.087439],[-85.743764,35.087432],[-85.74376,35.087426],[-85.743756,35.087419],[-85.743753,35.087412],[-85.743747,35.087401],[-85.743743,35.087394],[-85.74374,35.087387],[-85.743736,35.08738],[-85.743733,35.087373],[-85.743727,35.087362],[-85.743724,35.087355],[-85.74372,35.087348],[-85.743386,35.086772],[-85.743375,35.086753],[-85.743364,35.086733],[-85.743353,35.086714],[-85.743342,35.086694],[-85.74333,35.086675],[-85.743319,35.086656],[-85.743309,35.086639],[-85.743298,35.08662],[-85.743286,35.086601],[-85.743274,35.086581],[-85.743262,35.086562],[-85.743251,35.086543],[-85.743239,35.086524],[-85.743227,35.086505],[-85.743216,35.086489],[-85.743204,35.08647],[-85.743192,35.086451],[-85.743179,35.086432],[-85.743167,35.086413],[-85.743156,35.086397],[-85.743143,35.086378],[-85.743131,35.086359],[-85.743118,35.086341],[-85.743106,35.086324],[-85.743095,35.086308],[-85.743082,35.08629],[-85.743069,35.086271],[-85.743056,35.086253],[-85.743043,35.086234],[-85.743029,35.086216],[-85.743016,35.086197],[-85.743002,35.086179],[-85.742994,35.086168],[-85.742989,35.086161],[-85.742984,35.086154],[-85.742975,35.086143],[-85.742966,35.086132],[-85.742961,35.086125],[-85.742956,35.086119],[-85.742947,35.086108],[-85.742938,35.086097],[-85.742933,35.08609],[-85.742928,35.086083],[-85.742918,35.086072],[-85.742913,35.086066],[-85.742908,35.086059],[-85.742902,35.086053],[-85.742896,35.086046],[-85.742887,35.086036],[-85.742882,35.086029],[-85.742876,35.086023],[-85.742866,35.086012],[-85.742857,35.086001],[-85.742847,35.085991],[-85.742838,35.08598],[-85.742832,35.085974],[-85.742826,35.085968],[-85.742816,35.085957],[-85.742806,35.085947],[-85.7428,35.08594],[-85.742794,35.085934],[-85.742784,35.085924],[-85.742778,35.085918],[-85.742772,35.085912],[-85.742762,35.085901],[-85.742756,35.085895],[-85.74275,35.085889],[-85.742739,35.085879],[-85.742729,35.085869],[-85.742718,35.085859],[-85.742708,35.085849],[-85.742697,35.085839],[-85.742691,35.085833],[-85.742684,35.085827],[-85.742674,35.085817],[-85.74266,35.085805],[-85.742647,35.085793],[-85.742632,35.085779],[-85.742619,35.085768],[-85.742605,35.085756],[-85.742592,35.085744],[-85.742579,35.085732],[-85.742563,35.085718],[-85.742549,35.085707],[-85.742536,35.085695],[-85.74252,35.085681],[-85.742507,35.085669],[-85.742493,35.085658],[-85.74248,35.085646],[-85.742464,35.085633],[-85.74245,35.085621],[-85.742437,35.085609],[-85.742421,35.085596],[-85.742407,35.085584],[-85.742393,35.085573],[-85.742379,35.085561],[-85.742366,35.08555],[-85.742349,35.085537],[-85.742336,35.085525],[-85.742319,35.085512],[-85.742305,35.085501],[-85.742291,35.085489],[-85.742277,35.085478],[-85.742263,35.085467],[-85.742249,35.085456],[-85.742235,35.085444],[-85.742219,35.085431],[-85.742205,35.08542],[-85.742191,35.085409],[-85.742174,35.085396],[-85.74216,35.085385],[-85.742146,35.085374],[-85.742131,35.085363],[-85.742117,35.085352],[-85.7421,35.085339],[-85.742086,35.085328],[-85.742072,35.085317],[-85.742055,35.085304],[-85.74204,35.085293],[-85.742023,35.08528],[-85.742009,35.08527],[-85.741994,35.085259],[-85.74198,35.085248],[-85.741965,35.085237],[-85.741951,35.085226],[-85.741936,35.085216],[-85.741919,35.085203],[-85.741902,35.085191],[-85.741887,35.08518],[-85.741872,35.085169],[-85.741855,35.085157],[-85.74184,35.085147],[-85.741823,35.085134],[-85.741808,35.085124],[-85.741793,35.085113],[-85.741778,35.085103],[-85.741763,35.085092],[-85.741746,35.08508],[-85.741731,35.08507],[-85.741727,35.085067],[-85.741724,35.085065],[-85.741719,35.085061],[-85.741715,35.085058],[-85.741712,35.085056],[-85.741707,35.085052],[-85.741703,35.085049],[-85.7417,35.085047],[-85.741695,35.085043],[-85.741692,35.08504],[-85.741689,35.085037],[-85.741684,35.085033],[-85.741679,35.085029],[-85.741675,35.085024],[-85.741671,35.085021],[-85.741669,35.085019],[-85.741664,35.085014],[-85.741661,35.085011],[-85.741659,35.085009],[-85.741654,35.085004],[-85.74165,35.084999],[-85.741648,35.084997],[-85.741645,35.084993],[-85.741642,35.08499],[-85.74164,35.084987],[-85.741636,35.084982],[-85.741632,35.084977],[-85.74163,35.084975],[-85.741627,35.084971],[-85.741624,35.084967],[-85.741622,35.084965],[-85.741619,35.08496],[-85.741615,35.084955],[-85.741612,35.084949],[-85.741608,35.084944],[-85.741606,35.08494],[-85.741604,35.084938],[-85.741601,35.084932],[-85.741598,35.084927],[-85.741595,35.084922],[-85.741594,35.084919],[-85.741592,35.084915],[-85.74159,35.084912],[-85.741588,35.084908],[-85.741586,35.084903],[-85.741583,35.084898],[-85.741581,35.084893],[-85.74158,35.08489],[-85.741578,35.084885],[-85.741576,35.08488],[-85.741574,35.084875],[-85.741572,35.08487],[-85.741571,35.084867],[-85.74157,35.084864],[-85.741569,35.084859],[-85.741567,35.084854],[-85.741565,35.084849],[-85.741564,35.084843],[-85.741563,35.084841],[-85.741562,35.084836],[-85.741561,35.08483],[-85.74156,35.084825],[-85.741559,35.08482],[-85.741558,35.084814],[-85.741557,35.084812],[-85.741556,35.084806],[-85.741555,35.084801],[-85.741555,35.084796],[-85.741554,35.084793],[-85.741554,35.084788],[-85.741554,35.084785],[-85.741553,35.08478],[-85.741553,35.084774],[-85.741553,35.084769],[-85.741552,35.084764],[-85.741552,35.084758],[-85.741552,35.084755],[-85.741552,35.084753],[-85.741552,35.084747],[-85.741553,35.084742],[-85.741553,35.084737],[-85.741553,35.084731],[-85.741554,35.084726],[-85.741554,35.084723],[-85.741554,35.084718],[-85.741555,35.084713],[-85.741555,35.08471],[-85.741556,35.084705],[-85.741557,35.084699],[-85.741558,35.084694],[-85.741559,35.084689],[-85.74156,35.084683],[-85.741561,35.084681],[-85.741562,35.084675],[-85.741563,35.08467],[-85.741564,35.084667],[-85.741565,35.084662],[-85.741567,35.084657],[-85.741568,35.084652],[-85.741569,35.084649],[-85.741571,35.084644],[-85.741573,35.084639],[-85.741574,35.084636],[-85.741576,35.084631],[-85.741578,35.084626],[-85.74158,35.084621],[-85.741582,35.084616],[-85.741584,35.084611],[-85.741586,35.084606],[-85.74159,35.084598],[-85.741594,35.084591],[-85.741596,35.084586],[-85.7416,35.084579],[-85.741604,35.084572],[-85.741608,35.084565],[-85.741612,35.084558],[-85.741616,35.08455],[-85.741621,35.084543],[-85.741625,35.084536],[-85.741628,35.084532],[-85.741633,35.084525],[-85.741638,35.084518],[-85.741642,35.084511],[-85.741647,35.084505],[-85.741653,35.084498],[-85.741658,35.084491],[-85.741663,35.084485],[-85.741667,35.08448],[-85.741672,35.084474],[-85.741677,35.084467],[-85.741683,35.084461],[-85.741689,35.084455],[-85.741695,35.084448],[-85.741701,35.084442],[-85.741707,35.084436],[-85.741713,35.08443],[-85.741719,35.084424],[-85.741725,35.084418],[-85.741732,35.084412],[-85.741736,35.084408],[-85.741742,35.084402],[-85.741747,35.084398],[-85.741753,35.084393],[-85.74176,35.084387],[-85.741767,35.084382],[-85.741774,35.084376],[-85.741781,35.084371],[-85.741788,35.084365],[-85.741795,35.08436],[-85.741802,35.084355],[-85.74181,35.08435],[-85.741815,35.084346],[-85.741822,35.084341],[-85.74183,35.084337],[-85.741837,35.084332],[-85.741845,35.084327],[-85.741853,35.084322],[-85.74186,35.084318],[-85.741868,35.084313],[-85.741874,35.08431],[-85.741882,35.084306],[-85.74189,35.084302],[-85.741898,35.084297],[-85.741906,35.084293],[-85.741914,35.084289],[-85.74192,35.084287],[-85.741928,35.084283],[-85.741936,35.084279],[-85.741945,35.084275],[-85.741953,35.084271],[-85.741962,35.084268],[-85.741971,35.084264],[-85.741979,35.084261],[-85.741984,35.084259],[-85.741991,35.084257],[-85.741996,35.084256],[-85.742001,35.084255],[-85.742006,35.084253],[-85.742011,35.084252],[-85.742016,35.08425],[-85.742021,35.084249],[-85.742026,35.084248],[-85.742033,35.084247],[-85.742038,35.084245],[-85.742044,35.084244],[-85.742049,35.084243],[-85.742054,35.084242],[-85.742059,35.084242],[-85.742066,35.08424],[-85.742136,35.084982],[-85.742137,35.084987]],[[-85.743647,35.099776],[-85.743686,35.099751],[-85.743705,35.099714],[-85.743706,35.099665],[-85.743688,35.099627],[-85.743649,35.099602],[-85.743592,35.099589],[-85.743515,35.099589],[-85.743457,35.099601],[-85.743418,35.099626],[-85.743399,35.099664],[-85.743398,35.099714],[-85.743416,35.099752],[-85.743454,35.099778],[-85.743512,35.09979],[-85.743589,35.099789],[-85.743647,35.099776]],[[-85.745524,35.099549],[-85.745606,35.099543],[-85.745648,35.099536],[-85.745648,35.099526],[-85.745672,35.099519],[-85.745718,35.099515],[-85.745789,35.099513],[-85.745882,35.099514],[-85.745953,35.099497],[-85.746,35.099461],[-85.746024,35.099406],[-85.746026,35.099334],[-85.746005,35.099279],[-85.745962,35.099242],[-85.745897,35.099223],[-85.74581,35.099222],[-85.745745,35.099216],[-85.745701,35.099203],[-85.74568,35.099186],[-85.74568,35.099162],[-85.745661,35.099145],[-85.745621,35.099132],[-85.745561,35.099126],[-85.74548,35.099125],[-85.745412,35.099123],[-85.745356,35.09912],[-85.745312,35.099115],[-85.745281,35.099109],[-85.745255,35.099104],[-85.745235,35.099099],[-85.745221,35.099094],[-85.745212,35.09909],[-85.745206,35.099081],[-85.745202,35.099066],[-85.745201,35.099047],[-85.745201,35.099022],[-85.745195,35.099003],[-85.745183,35.098991],[-85.745164,35.098984],[-85.745139,35.098984],[-85.74512,35.098969],[-85.745108,35.098939],[-85.745103,35.098893],[-85.745103,35.098833],[-85.745125,35.098788],[-85.745167,35.09876],[-85.74523,35.098747],[-85.745314,35.098751],[-85.745378,35.098751],[-85.745422,35.098748],[-85.745447,35.098742],[-85.745452,35.098733],[-85.745456,35.098714],[-85.745459,35.098686],[-85.745461,35.098648],[-85.745462,35.098601],[-85.745457,35.098566],[-85.745447,35.098541],[-85.745433,35.098527],[-85.745413,35.098524],[-85.745397,35.098502],[-85.745387,35.09846],[-85.745382,35.0984],[-85.745381,35.09832],[-85.745374,35.098259],[-85.745361,35.098216],[-85.745341,35.098192],[-85.745314,35.098186],[-85.745294,35.098166],[-85.745281,35.098133],[-85.745275,35.098085],[-85.745276,35.098023],[-85.745284,35.097976],[-85.745299,35.097945],[-85.745321,35.097929],[-85.745349,35.097928],[-85.74537,35.097915],[-85.745385,35.097891],[-85.745393,35.097856],[-85.745393,35.097809],[-85.745379,35.097774],[-85.74535,35.09775],[-85.745307,35.097738],[-85.745248,35.097738],[-85.745204,35.097753],[-85.745173,35.097784],[-85.745156,35.097831],[-85.745154,35.097895],[-85.745146,35.097942],[-85.745132,35.097974],[-85.745112,35.097991],[-85.745087,35.097992],[-85.745068,35.098032],[-85.745054,35.09811],[-85.745046,35.098227],[-85.745044,35.098382],[-85.745045,35.0985],[-85.745049,35.098579],[-85.745057,35.098621],[-85.745069,35.098626],[-85.745078,35.098634],[-85.745083,35.098646],[-85.745086,35.098663],[-85.745086,35.098683],[-85.745079,35.098699],[-85.745067,35.098709],[-85.745048,35.098714],[-85.745023,35.098714],[-85.745003,35.098709],[-85.744989,35.0987],[-85.74498,35.098686],[-85.744977,35.098669],[-85.744959,35.098655],[-85.744926,35.098645],[-85.744877,35.098639],[-85.744814,35.098637],[-85.744766,35.098652],[-85.744735,35.098685],[-85.74472,35.098735],[-85.74472,35.098802],[-85.744736,35.098854],[-85.744767,35.098892],[-85.744814,35.098914],[-85.744876,35.098922],[-85.74492,35.09896],[-85.744947,35.09903],[-85.744958,35.099131],[-85.744951,35.099263],[-85.744948,35.099364],[-85.744949,35.099434],[-85.744955,35.099473],[-85.744965,35.099481],[-85.744973,35.099491],[-85.744978,35.099503],[-85.744982,35.099516],[-85.744983,35.099532],[-85.745026,35.099543],[-85.745109,35.09955],[-85.745234,35.099553],[-85.745399,35.099552],[-85.745524,35.099549]],[[-85.745942,35.098866],[-85.745985,35.098844],[-85.746007,35.09881],[-85.746007,35.098764],[-85.745987,35.09873],[-85.745944,35.098707],[-85.745881,35.098695],[-85.745795,35.098694],[-85.745731,35.098705],[-85.745688,35.098727],[-85.745666,35.098761],[-85.745666,35.098806],[-85.745687,35.09884],[-85.745729,35.098864],[-85.745793,35.098876],[-85.745878,35.098876],[-85.745942,35.098866]],[[-85.743785,35.09864],[-85.74382,35.098617],[-85.743839,35.098582],[-85.743841,35.098535],[-85.743836,35.0985],[-85.743822,35.098477],[-85.7438,35.098465],[-85.74377,35.098464],[-85.743747,35.098453],[-85.743733,35.098431],[-85.743726,35.098398],[-85.743726,35.098354],[-85.743731,35.09832],[-85.74374,35.098297],[-85.743752,35.098284],[-85.743769,35.098282],[-85.743782,35.098274],[-85.743792,35.098263],[-85.743797,35.098247],[-85.743799,35.098226],[-85.743808,35.098211],[-85.743824,35.098201],[-85.743847,35.098196],[-85.743878,35.098196],[-85.7439,35.098184],[-85.743916,35.098159],[-85.743924,35.098122],[-85.743925,35.098073],[-85.743911,35.098036],[-85.743884,35.098011],[-85.743843,35.097998],[-85.743788,35.097997],[-85.743746,35.098002],[-85.743716,35.098011],[-85.7437,35.098025],[-85.743696,35.098044],[-85.743685,35.098059],[-85.743668,35.098068],[-85.743643,35.098073],[-85.743611,35.098072],[-85.743587,35.09808],[-85.743571,35.098095],[-85.743563,35.098117],[-85.743562,35.098147],[-85.743556,35.098171],[-85.743544,35.098188],[-85.743526,35.098199],[-85.743503,35.098203],[-85.743485,35.098217],[-85.743473,35.098241],[-85.743467,35.098276],[-85.743466,35.098322],[-85.743472,35.098356],[-85.743484,35.098379],[-85.743503,35.09839],[-85.743528,35.09839],[-85.743546,35.098407],[-85.743558,35.098439],[-85.743564,35.098488],[-85.743563,35.098552],[-85.743579,35.098601],[-85.743613,35.098633],[-85.743664,35.09865],[-85.743733,35.098651],[-85.743785,35.09864]],[[-85.749455,35.098648],[-85.749487,35.098623],[-85.749504,35.098585],[-85.749507,35.098534],[-85.749507,35.098494],[-85.749506,35.098464],[-85.749503,35.098445],[-85.749498,35.098437],[-85.749476,35.09843],[-85.749436,35.098425],[-85.749378,35.098421],[-85.749303,35.098419],[-85.749246,35.098429],[-85.749208,35.098451],[-85.749189,35.098486],[-85.749188,35.098533],[-85.749189,35.098568],[-85.749192,35.098591],[-85.749197,35.098603],[-85.749204,35.098603],[-85.749211,35.098606],[-85.749219,35.098613],[-85.749229,35.098624],[-85.749238,35.098638],[-85.749261,35.098648],[-85.749297,35.098655],[-85.749346,35.098659],[-85.749408,35.09866],[-85.749455,35.098648]],[[-85.748874,35.098187],[-85.748905,35.098155],[-85.74892,35.098105],[-85.748921,35.098039],[-85.748891,35.097989],[-85.74883,35.097955],[-85.748737,35.097936],[-85.748614,35.097934],[-85.748519,35.097933],[-85.748454,35.097935],[-85.748418,35.097938],[-85.748411,35.097943],[-85.748406,35.097961],[-85.748402,35.09799],[-85.7484,35.098032],[-85.748399,35.098085],[-85.748416,35.098126],[-85.748451,35.098153],[-85.748503,35.098167],[-85.748573,35.098168],[-85.748626,35.09817],[-85.748661,35.098175],[-85.748678,35.098181],[-85.748678,35.098189],[-85.748693,35.098196],[-85.748723,35.0982],[-85.748768,35.098203],[-85.748829,35.098203],[-85.748874,35.098187]],[[-85.744133,35.097735],[-85.744163,35.097721],[-85.744178,35.0977],[-85.744178,35.097671],[-85.744184,35.097648],[-85.744195,35.097632],[-85.744212,35.097622],[-85.744233,35.097618],[-85.74425,35.097602],[-85.744261,35.097575],[-85.744267,35.097536],[-85.744268,35.097485],[-85.744249,35.097446],[-85.744211,35.097421],[-85.744154,35.097407],[-85.744077,35.097407],[-85.744018,35.097427],[-85.743977,35.097468],[-85.743955,35.097531],[-85.74395,35.097615],[-85.743961,35.097678],[-85.743988,35.09772],[-85.744031,35.097741],[-85.744089,35.097742],[-85.744133,35.097735]],[[-85.747177,35.097706],[-85.747215,35.097693],[-85.747245,35.097673],[-85.747265,35.097646],[-85.747285,35.097625],[-85.747304,35.097611],[-85.747321,35.097603],[-85.747338,35.097602],[-85.747351,35.097595],[-85.747359,35.097582],[-85.747364,35.097563],[-85.747364,35.097538],[-85.747368,35.09752],[-85.747377,35.097507],[-85.74739,35.097501],[-85.747406,35.097501],[-85.747419,35.097488],[-85.747428,35.097462],[-85.747433,35.097421],[-85.747433,35.097368],[-85.747412,35.097327],[-85.747369,35.0973],[-85.747304,35.097286],[-85.747217,35.097285],[-85.747151,35.097289],[-85.747106,35.097296],[-85.747082,35.097308],[-85.747078,35.097325],[-85.747069,35.097338],[-85.747055,35.097348],[-85.747035,35.097355],[-85.74701,35.097359],[-85.746992,35.097383],[-85.746981,35.097428],[-85.746978,35.097493],[-85.746981,35.097578],[-85.746998,35.097643],[-85.747029,35.097686],[-85.747072,35.097709],[-85.747129,35.097711],[-85.747177,35.097706]],[[-85.757431,35.097636],[-85.75749,35.097605],[-85.757522,35.097556],[-85.757526,35.09749],[-85.757511,35.097441],[-85.757475,35.097407],[-85.75742,35.09739],[-85.757345,35.097389],[-85.757288,35.097384],[-85.757251,35.097375],[-85.757232,35.097361],[-85.757232,35.097344],[-85.757199,35.09733],[-85.757132,35.09732],[-85.757032,35.097315],[-85.756898,35.097313],[-85.756794,35.097314],[-85.756719,35.097318],[-85.756673,35.097323],[-85.756656,35.097331],[-85.756633,35.097337],[-85.756605,35.097341],[-85.75657,35.097343],[-85.75653,35.097343],[-85.7565,35.097357],[-85.756479,35.097385],[-85.756469,35.097428],[-85.756468,35.097486],[-85.756473,35.097531],[-85.756484,35.097563],[-85.756501,35.097581],[-85.756525,35.097587],[-85.756558,35.097592],[-85.7566,35.097595],[-85.756653,35.097597],[-85.756714,35.097597],[-85.756762,35.097596],[-85.756797,35.097593],[-85.756817,35.097588],[-85.756824,35.097581],[-85.756836,35.097576],[-85.756851,35.097573],[-85.756872,35.097571],[-85.756897,35.097572],[-85.756917,35.097568],[-85.756932,35.09756],[-85.756943,35.097547],[-85.756948,35.097531],[-85.756958,35.097519],[-85.756974,35.097511],[-85.756996,35.097507],[-85.757023,35.097507],[-85.757043,35.097515],[-85.757056,35.097532],[-85.757062,35.097557],[-85.757061,35.09759],[-85.757089,35.097616],[-85.757146,35.097634],[-85.757231,35.097645],[-85.757345,35.097649],[-85.757431,35.097636]],[[-85.748352,35.097521],[-85.74838,35.097495],[-85.748395,35.097457],[-85.748396,35.097407],[-85.748381,35.097368],[-85.748351,35.097343],[-85.748304,35.097329],[-85.748243,35.097329],[-85.748196,35.09734],[-85.748165,35.097362],[-85.748149,35.097396],[-85.748148,35.097441],[-85.748149,35.097477],[-85.748151,35.097502],[-85.748154,35.097517],[-85.748159,35.097523],[-85.748177,35.097527],[-85.748208,35.09753],[-85.748252,35.097532],[-85.748309,35.097533],[-85.748352,35.097521]],[[-85.757964,35.097622],[-85.757993,35.097613],[-85.758009,35.0976],[-85.758013,35.097582],[-85.75802,35.097569],[-85.758031,35.097559],[-85.758046,35.097554],[-85.758064,35.097553],[-85.758079,35.097534],[-85.758088,35.097498],[-85.758094,35.097444],[-85.758095,35.097372],[-85.758081,35.097319],[-85.758054,35.097283],[-85.758011,35.097264],[-85.757954,35.097264],[-85.757912,35.097272],[-85.757883,35.09729],[-85.757868,35.097316],[-85.757868,35.097352],[-85.757863,35.097379],[-85.757853,35.097397],[-85.757839,35.097405],[-85.757821,35.097405],[-85.757806,35.097419],[-85.757796,35.097446],[-85.75779,35.097487],[-85.757787,35.097542],[-85.757799,35.097584],[-85.757825,35.097611],[-85.757866,35.097626],[-85.757921,35.097626],[-85.757964,35.097622]],[[-85.75469,35.097419],[-85.754734,35.097413],[-85.75476,35.097403],[-85.754767,35.097389],[-85.754772,35.097367],[-85.754776,35.097338],[-85.754778,35.097301],[-85.754779,35.097255],[-85.754771,35.097221],[-85.754754,35.097198],[-85.754727,35.097187],[-85.754692,35.097186],[-85.754664,35.097184],[-85.754642,35.097179],[-85.754627,35.097171],[-85.754619,35.097161],[-85.754597,35.097154],[-85.754561,35.097149],[-85.754512,35.097146],[-85.754448,35.097145],[-85.754401,35.097136],[-85.754369,35.097117],[-85.754354,35.097089],[-85.754354,35.097052],[-85.75435,35.097023],[-85.754342,35.097004],[-85.75433,35.096994],[-85.754313,35.096992],[-85.754301,35.096985],[-85.754293,35.096974],[-85.754289,35.096957],[-85.754289,35.096935],[-85.754275,35.096918],[-85.754247,35.096907],[-85.754204,35.096901],[-85.754147,35.0969],[-85.754105,35.096911],[-85.754076,35.096934],[-85.754061,35.096967],[-85.75406,35.097013],[-85.754064,35.097047],[-85.754071,35.09707],[-85.754082,35.097081],[-85.754097,35.097081],[-85.754108,35.097087],[-85.754116,35.097099],[-85.754119,35.097116],[-85.754119,35.09714],[-85.754128,35.097157],[-85.754146,35.097169],[-85.754173,35.097175],[-85.75421,35.097176],[-85.754238,35.097189],[-85.754256,35.097214],[-85.754264,35.097253],[-85.754263,35.097303],[-85.754271,35.097342],[-85.754286,35.097367],[-85.75431,35.09738],[-85.754342,35.097381],[-85.754367,35.097383],[-85.754387,35.097388],[-85.754402,35.097396],[-85.75441,35.097405],[-85.754436,35.097413],[-85.754481,35.097418],[-85.754545,35.097421],[-85.754627,35.097422],[-85.75469,35.097419]],[[-85.745706,35.097307],[-85.745748,35.09728],[-85.74577,35.097239],[-85.745771,35.097186],[-85.745757,35.097145],[-85.745728,35.097118],[-85.745684,35.097104],[-85.745626,35.097104],[-85.745582,35.097087],[-85.745553,35.097055],[-85.745539,35.097006],[-85.74554,35.096941],[-85.745556,35.096893],[-85.745587,35.096861],[-85.745632,35.096845],[-85.745692,35.096846],[-85.745738,35.096835],[-85.745768,35.096812],[-85.745784,35.096777],[-85.745784,35.09673],[-85.745796,35.096695],[-85.745819,35.09667],[-85.745853,35.096657],[-85.745899,35.096654],[-85.745933,35.096638],[-85.745958,35.096608],[-85.745973,35.096565],[-85.745977,35.096507],[-85.745982,35.096462],[-85.745987,35.096431],[-85.745993,35.096412],[-85.746,35.096407],[-85.746012,35.096403],[-85.746029,35.0964],[-85.74605,35.096399],[-85.746077,35.096399],[-85.746097,35.096384],[-85.746111,35.096354],[-85.746119,35.096309],[-85.74612,35.096249],[-85.746102,35.096203],[-85.746067,35.096172],[-85.746013,35.096157],[-85.745941,35.096156],[-85.745884,35.096157],[-85.74584,35.096158],[-85.745811,35.096161],[-85.745796,35.096165],[-85.745783,35.096173],[-85.745773,35.096184],[-85.745765,35.0962],[-85.74576,35.096219],[-85.745752,35.096236],[-85.74574,35.09625],[-85.745726,35.096262],[-85.74571,35.096271],[-85.745694,35.096282],[-85.74568,35.096295],[-85.745666,35.09631],[-85.745654,35.096326],[-85.745642,35.09634],[-85.745628,35.09635],[-85.745614,35.096357],[-85.745599,35.096361],[-85.745587,35.09637],[-85.74558,35.096383],[-85.745575,35.096402],[-85.745575,35.096425],[-85.745565,35.096442],[-85.745546,35.096454],[-85.745517,35.09646],[-85.745478,35.096459],[-85.745449,35.096472],[-85.74543,35.096499],[-85.74542,35.096539],[-85.745419,35.096592],[-85.745425,35.096633],[-85.745439,35.09666],[-85.74546,35.096673],[-85.745489,35.096674],[-85.74551,35.09668],[-85.745524,35.096691],[-85.745531,35.096709],[-85.74553,35.096732],[-85.745517,35.09675],[-85.745491,35.096761],[-85.745452,35.096767],[-85.7454,35.096766],[-85.745361,35.096771],[-85.745335,35.09678],[-85.745322,35.096794],[-85.745322,35.096813],[-85.745319,35.09683],[-85.745315,35.096845],[-85.745309,35.096857],[-85.7453,35.096866],[-85.745293,35.096887],[-85.745289,35.096918],[-85.745286,35.096961],[-85.745285,35.097014],[-85.745294,35.097055],[-85.745313,35.097082],[-85.745342,35.097095],[-85.74538,35.097096],[-85.745409,35.09711],[-85.745428,35.097138],[-85.745436,35.097181],[-85.745436,35.097237],[-85.745456,35.097279],[-85.745497,35.097307],[-85.74556,35.097321],[-85.745643,35.09732],[-85.745706,35.097307]],[[-85.747522,35.097177],[-85.74755,35.097141],[-85.747565,35.097086],[-85.747566,35.097013],[-85.747553,35.096958],[-85.747525,35.096922],[-85.747482,35.096903],[-85.747426,35.096903],[-85.747383,35.09692],[-85.747355,35.096956],[-85.747341,35.097011],[-85.747342,35.097084],[-85.747356,35.097139],[-85.747384,35.097175],[-85.747425,35.097194],[-85.74748,35.097194],[-85.747522,35.097177]],[[-85.746182,35.097106],[-85.746213,35.09709],[-85.74623,35.097064],[-85.746232,35.09703],[-85.746245,35.097004],[-85.746268,35.096986],[-85.746301,35.096977],[-85.746344,35.096976],[-85.74638,35.096973],[-85.746409,35.096969],[-85.74643,35.096962],[-85.746443,35.096954],[-85.746454,35.096933],[-85.746461,35.0969],[-85.746465,35.096853],[-85.746466,35.096794],[-85.746447,35.09675],[-85.746409,35.09672],[-85.746352,35.096705],[-85.746275,35.096704],[-85.746214,35.096707],[-85.746168,35.096714],[-85.746139,35.096725],[-85.746125,35.09674],[-85.746108,35.096755],[-85.746086,35.096769],[-85.74606,35.096783],[-85.746029,35.096796],[-85.746007,35.096825],[-85.745992,35.096868],[-85.745985,35.096927],[-85.745985,35.097002],[-85.746001,35.097058],[-85.746031,35.097095],[-85.746076,35.097114],[-85.746136,35.097115],[-85.746182,35.097106]],[[-85.746948,35.097063],[-85.746979,35.097009],[-85.746997,35.096928],[-85.747002,35.096819],[-85.746987,35.096738],[-85.746952,35.096685],[-85.746897,35.096659],[-85.746821,35.096661],[-85.746765,35.096678],[-85.746727,35.096709],[-85.746707,35.096755],[-85.746706,35.096815],[-85.746709,35.096864],[-85.746716,35.096899],[-85.746727,35.096923],[-85.746742,35.096934],[-85.746753,35.096951],[-85.74676,35.096974],[-85.746764,35.097002],[-85.746763,35.097037],[-85.746777,35.097062],[-85.746805,35.09708],[-85.746847,35.097089],[-85.746904,35.09709],[-85.746948,35.097063]],[[-85.755338,35.097136],[-85.755373,35.09711],[-85.755391,35.097071],[-85.755391,35.097019],[-85.755375,35.09698],[-85.755342,35.096953],[-85.755292,35.09694],[-85.755225,35.096939],[-85.755175,35.096951],[-85.75514,35.096977],[-85.755121,35.097016],[-85.755119,35.097068],[-85.755134,35.097108],[-85.755167,35.097134],[-85.755218,35.097148],[-85.755287,35.097148],[-85.755338,35.097136]],[[-85.744639,35.09695],[-85.744692,35.096928],[-85.744719,35.096894],[-85.744719,35.096849],[-85.744715,35.096809],[-85.744707,35.096773],[-85.744693,35.096742],[-85.744675,35.096715],[-85.744647,35.096695],[-85.744608,35.096682],[-85.744558,35.096675],[-85.744498,35.096674],[-85.744449,35.096675],[-85.744413,35.096678],[-85.744387,35.096681],[-85.744374,35.096687],[-85.744363,35.096694],[-85.744353,35.096703],[-85.744346,35.096713],[-85.744341,35.096726],[-85.744335,35.096736],[-85.744328,35.096743],[-85.74432,35.096748],[-85.744312,35.096751],[-85.744305,35.096765],[-85.744301,35.096792],[-85.744298,35.096831],[-85.744297,35.096882],[-85.744323,35.09692],[-85.744375,35.096946],[-85.744454,35.09696],[-85.744559,35.096961],[-85.744639,35.09695]],[[-85.753793,35.09703],[-85.753839,35.097],[-85.753863,35.096955],[-85.753866,35.096895],[-85.753845,35.096849],[-85.753801,35.096818],[-85.753734,35.096803],[-85.753644,35.096802],[-85.753576,35.096816],[-85.75353,35.096846],[-85.753507,35.096891],[-85.753506,35.096951],[-85.753528,35.096997],[-85.753572,35.097028],[-85.753638,35.097043],[-85.753726,35.097044],[-85.753793,35.09703]],[[-85.743639,35.096575],[-85.743672,35.09655],[-85.74369,35.096513],[-85.743693,35.096462],[-85.743677,35.096424],[-85.743644,35.096398],[-85.743593,35.096385],[-85.743525,35.096384],[-85.743474,35.096396],[-85.743441,35.09642],[-85.743426,35.096457],[-85.743429,35.096507],[-85.743446,35.096544],[-85.743479,35.09657],[-85.743528,35.096584],[-85.743591,35.096586],[-85.743639,35.096575]],[[-85.755387,35.096685],[-85.755416,35.096647],[-85.755431,35.096589],[-85.755432,35.096512],[-85.755419,35.096454],[-85.755391,35.096416],[-85.755349,35.096396],[-85.755292,35.096395],[-85.755249,35.096414],[-85.75522,35.096452],[-85.755205,35.09651],[-85.755204,35.096587],[-85.755217,35.096645],[-85.755245,35.096683],[-85.755287,35.096703],[-85.755344,35.096704],[-85.755387,35.096685]],[[-85.756357,35.096663],[-85.756395,35.096638],[-85.756414,35.0966],[-85.756415,35.096549],[-85.756409,35.09651],[-85.756395,35.096482],[-85.756374,35.096466],[-85.756345,35.096462],[-85.756323,35.096448],[-85.756307,35.096424],[-85.756296,35.096391],[-85.756292,35.096349],[-85.756274,35.096316],[-85.756243,35.096295],[-85.756198,35.096284],[-85.756139,35.096283],[-85.756095,35.096297],[-85.756065,35.096325],[-85.75605,35.096367],[-85.756049,35.096423],[-85.756051,35.096467],[-85.756054,35.0965],[-85.75606,35.09652],[-85.756068,35.096528],[-85.756077,35.096535],[-85.756085,35.096539],[-85.756093,35.096541],[-85.756102,35.096541],[-85.756108,35.096549],[-85.756112,35.096566],[-85.756114,35.096591],[-85.756113,35.096624],[-85.756131,35.096649],[-85.756169,35.096665],[-85.756225,35.096674],[-85.7563,35.096675],[-85.756357,35.096663]],[[-85.744713,35.096498],[-85.744748,35.096461],[-85.744766,35.096404],[-85.744767,35.096329],[-85.744763,35.096272],[-85.744754,35.096234],[-85.744739,35.096215],[-85.744719,35.096215],[-85.744701,35.096212],[-85.744685,35.096207],[-85.744671,35.0962],[-85.74466,35.09619],[-85.744643,35.096183],[-85.74462,35.096178],[-85.744592,35.096175],[-85.744559,35.096175],[-85.744534,35.096165],[-85.744518,35.096144],[-85.74451,35.096114],[-85.74451,35.096075],[-85.744507,35.096045],[-85.744499,35.096025],[-85.744486,35.096015],[-85.744469,35.096014],[-85.744454,35.096013],[-85.744441,35.096009],[-85.74443,35.096004],[-85.74442,35.095997],[-85.744398,35.095991],[-85.744366,35.095988],[-85.744322,35.095985],[-85.744267,35.095985],[-85.744224,35.095996],[-85.744194,35.096019],[-85.744175,35.096054],[-85.74417,35.096101],[-85.744153,35.096135],[-85.744125,35.096159],[-85.744086,35.09617],[-85.744036,35.096169],[-85.743998,35.096181],[-85.743972,35.096204],[-85.743959,35.096239],[-85.743959,35.096285],[-85.743979,35.096321],[-85.744022,35.096344],[-85.744086,35.096357],[-85.744171,35.096358],[-85.744235,35.096352],[-85.744278,35.09634],[-85.744299,35.096322],[-85.7443,35.096297],[-85.744307,35.096279],[-85.744323,35.096266],[-85.744345,35.09626],[-85.744375,35.096261],[-85.744398,35.096272],[-85.744413,35.096295],[-85.74442,35.096329],[-85.744419,35.096375],[-85.744422,35.096409],[-85.74443,35.096432],[-85.744443,35.096445],[-85.74446,35.096447],[-85.744472,35.096452],[-85.744481,35.096461],[-85.744487,35.096474],[-85.744488,35.09649],[-85.744506,35.096503],[-85.744541,35.096511],[-85.744593,35.096516],[-85.744662,35.096517],[-85.744713,35.096498]],[[-85.751372,35.096461],[-85.751424,35.096431],[-85.751451,35.096386],[-85.751453,35.096326],[-85.751447,35.09628],[-85.751433,35.096249],[-85.751409,35.096232],[-85.751378,35.096231],[-85.751353,35.096228],[-85.751336,35.096223],[-85.751325,35.096218],[-85.751322,35.096211],[-85.751306,35.096206],[-85.751277,35.096202],[-85.751234,35.0962],[-85.751179,35.096199],[-85.751138,35.096202],[-85.75111,35.09621],[-85.751096,35.096221],[-85.751096,35.096236],[-85.751093,35.096248],[-85.751087,35.096258],[-85.751078,35.096265],[-85.751066,35.096269],[-85.751057,35.096284],[-85.751051,35.096311],[-85.751047,35.096349],[-85.751047,35.096398],[-85.751071,35.096436],[-85.751121,35.096461],[-85.751196,35.096474],[-85.751296,35.096475],[-85.751372,35.096461]],[[-85.752941,35.096431],[-85.752971,35.096408],[-85.752987,35.096373],[-85.752987,35.096326],[-85.752987,35.096289],[-85.752985,35.096261],[-85.752981,35.096242],[-85.752976,35.096232],[-85.752959,35.096225],[-85.752929,35.09622],[-85.752886,35.096217],[-85.752831,35.096216],[-85.752789,35.09623],[-85.752761,35.096258],[-85.752747,35.0963],[-85.752746,35.096356],[-85.752761,35.096399],[-85.75279,35.096427],[-85.752835,35.096442],[-85.752895,35.096442],[-85.752941,35.096431]],[[-85.755714,35.096195],[-85.755749,35.096192],[-85.755774,35.096187],[-85.75579,35.09618],[-85.755801,35.096164],[-85.755809,35.096137],[-85.755813,35.096102],[-85.755814,35.096056],[-85.755797,35.096022],[-85.755763,35.095999],[-85.755712,35.095987],[-85.755644,35.095987],[-85.755592,35.095999],[-85.755556,35.096025],[-85.755537,35.096064],[-85.755535,35.096116],[-85.755547,35.096155],[-85.755573,35.096182],[-85.755614,35.096195],[-85.755669,35.096196],[-85.755714,35.096195]],[[-85.746681,35.09605],[-85.746715,35.09602],[-85.746732,35.095975],[-85.746733,35.095914],[-85.746717,35.095869],[-85.746684,35.095838],[-85.746634,35.095822],[-85.746568,35.095822],[-85.746517,35.095836],[-85.746483,35.095866],[-85.746466,35.095911],[-85.746465,35.095972],[-85.746481,35.096017],[-85.746514,35.096048],[-85.746564,35.096064],[-85.746631,35.096064],[-85.746681,35.09605]],[[-85.757184,35.096079],[-85.757216,35.096057],[-85.757232,35.096023],[-85.757233,35.095978],[-85.75723,35.09594],[-85.757223,35.095909],[-85.757212,35.095887],[-85.757197,35.095871],[-85.757181,35.095859],[-85.757165,35.095849],[-85.757147,35.095842],[-85.757129,35.095838],[-85.757112,35.095831],[-85.757096,35.095821],[-85.757082,35.095808],[-85.757069,35.095793],[-85.757058,35.095769],[-85.75705,35.095737],[-85.757045,35.095696],[-85.757042,35.095646],[-85.757022,35.095609],[-85.756984,35.095584],[-85.756928,35.095571],[-85.756855,35.09557],[-85.756798,35.095598],[-85.756758,35.095655],[-85.756734,35.09574],[-85.756727,35.095854],[-85.756737,35.095941],[-85.756763,35.096],[-85.756805,35.096032],[-85.756863,35.096037],[-85.756909,35.096043],[-85.756941,35.096051],[-85.756961,35.096061],[-85.756967,35.096072],[-85.756988,35.09608],[-85.757023,35.096086],[-85.757073,35.096089],[-85.757136,35.09609],[-85.757184,35.096079]],[[-85.754169,35.095973],[-85.754201,35.095954],[-85.754217,35.095925],[-85.754218,35.095887],[-85.754235,35.095858],[-85.754269,35.095839],[-85.754319,35.09583],[-85.754386,35.095831],[-85.754436,35.09582],[-85.754469,35.095797],[-85.754485,35.095762],[-85.754484,35.095715],[-85.754467,35.09568],[-85.754434,35.095656],[-85.754385,35.095644],[-85.75432,35.095643],[-85.75427,35.095652],[-85.754238,35.09567],[-85.754221,35.095698],[-85.75422,35.095735],[-85.754204,35.095763],[-85.754172,35.095783],[-85.754124,35.095794],[-85.754061,35.095796],[-85.754013,35.095809],[-85.753981,35.095833],[-85.753964,35.095867],[-85.753963,35.095912],[-85.753979,35.095947],[-85.75401,35.09597],[-85.754058,35.095981],[-85.754121,35.095982],[-85.754169,35.095973]],[[-85.755132,35.095967],[-85.755164,35.095959],[-85.755184,35.095948],[-85.75519,35.095933],[-85.755196,35.095909],[-85.7552,35.095876],[-85.755202,35.095834],[-85.755203,35.095784],[-85.755187,35.095745],[-85.755156,35.09572],[-85.755109,35.095706],[-85.755045,35.095706],[-85.754997,35.095722],[-85.754965,35.095754],[-85.754948,35.095804],[-85.754947,35.09587],[-85.754961,35.095919],[-85.754989,35.095952],[-85.755031,35.095969],[-85.755088,35.09597],[-85.755132,35.095967]],[[-85.748501,35.095887],[-85.748545,35.095877],[-85.748567,35.095861],[-85.748567,35.09584],[-85.748594,35.095825],[-85.748646,35.095814],[-85.748726,35.095809],[-85.748831,35.095809],[-85.748914,35.095805],[-85.748975,35.095799],[-85.749014,35.09579],[-85.749031,35.095778],[-85.749044,35.095757],[-85.749053,35.095729],[-85.749058,35.095691],[-85.749058,35.095646],[-85.749034,35.095611],[-85.748984,35.095587],[-85.748909,35.095572],[-85.748809,35.095569],[-85.748733,35.095573],[-85.748683,35.095586],[-85.748658,35.095606],[-85.748657,35.095635],[-85.74863,35.095656],[-85.748575,35.095669],[-85.748494,35.095675],[-85.748385,35.095672],[-85.748303,35.095684],[-85.748248,35.095711],[-85.748221,35.095753],[-85.74822,35.095809],[-85.748241,35.095851],[-85.748284,35.095879],[-85.748349,35.095893],[-85.748436,35.095893],[-85.748501,35.095887]],[[-85.75318,35.095812],[-85.753217,35.0958],[-85.753237,35.095782],[-85.753243,35.095757],[-85.75325,35.095738],[-85.753261,35.095724],[-85.753273,35.095716],[-85.753288,35.095714],[-85.7533,35.095699],[-85.753308,35.095673],[-85.753312,35.095636],[-85.753313,35.095586],[-85.753304,35.095549],[-85.753284,35.095524],[-85.753254,35.095511],[-85.753214,35.095511],[-85.753183,35.095505],[-85.753163,35.095493],[-85.753152,35.095475],[-85.75315,35.095452],[-85.753157,35.095434],[-85.753171,35.095423],[-85.753193,35.095417],[-85.753224,35.095418],[-85.753246,35.095405],[-85.753262,35.095379],[-85.75327,35.09534],[-85.753271,35.095288],[-85.753249,35.095247],[-85.753205,35.09522],[-85.753139,35.095204],[-85.75305,35.0952],[-85.752982,35.095198],[-85.752935,35.095199],[-85.752908,35.095201],[-85.752901,35.095205],[-85.752896,35.095219],[-85.752892,35.095244],[-85.75289,35.095279],[-85.752889,35.095324],[-85.752896,35.095358],[-85.752912,35.095381],[-85.752936,35.095393],[-85.752967,35.095393],[-85.752991,35.095399],[-85.753008,35.09541],[-85.753017,35.095426],[-85.753018,35.095448],[-85.753009,35.095465],[-85.752989,35.095476],[-85.752958,35.095481],[-85.752916,35.09548],[-85.752884,35.095492],[-85.752863,35.095515],[-85.752852,35.09555],[-85.752851,35.095597],[-85.752858,35.095635],[-85.752872,35.095664],[-85.752893,35.095686],[-85.752921,35.095698],[-85.752942,35.095714],[-85.752956,35.095733],[-85.752963,35.095754],[-85.752962,35.095779],[-85.752979,35.095798],[-85.753012,35.095811],[-85.753062,35.095817],[-85.753129,35.095818],[-85.75318,35.095812]],[[-85.747117,35.095525],[-85.747151,35.095502],[-85.747168,35.095469],[-85.747169,35.095423],[-85.747164,35.095388],[-85.747155,35.095364],[-85.74714,35.095351],[-85.74712,35.095348],[-85.747102,35.095341],[-85.747086,35.095331],[-85.747073,35.095316],[-85.747061,35.095298],[-85.747039,35.095285],[-85.747006,35.095276],[-85.746961,35.095271],[-85.746906,35.09527],[-85.746863,35.095284],[-85.746833,35.095314],[-85.746815,35.095358],[-85.746809,35.095417],[-85.746808,35.095461],[-85.746811,35.095491],[-85.74682,35.095506],[-85.746833,35.095506],[-85.746846,35.095508],[-85.746859,35.095511],[-85.746871,35.095516],[-85.746882,35.095523],[-85.746908,35.095529],[-85.746947,35.095533],[-85.747,35.095535],[-85.747067,35.095536],[-85.747117,35.095525]],[[-85.755388,35.095554],[-85.755441,35.095527],[-85.755468,35.095484],[-85.755469,35.095425],[-85.755443,35.095379],[-85.755391,35.095347],[-85.755313,35.095328],[-85.755207,35.095323],[-85.755128,35.095334],[-85.755075,35.095361],[-85.755048,35.095404],[-85.755047,35.095463],[-85.755073,35.095509],[-85.755125,35.095541],[-85.755204,35.09556],[-85.755309,35.095565],[-85.755388,35.095554]],[[-85.744943,35.095376],[-85.744982,35.095343],[-85.745005,35.095292],[-85.745011,35.095225],[-85.744996,35.095174],[-85.744961,35.095139],[-85.744905,35.095121],[-85.744828,35.095119],[-85.74477,35.095134],[-85.744731,35.095167],[-85.744711,35.095218],[-85.74471,35.095287],[-85.744727,35.095339],[-85.744762,35.095374],[-85.744816,35.095391],[-85.744888,35.095392],[-85.744943,35.095376]],[[-85.746325,35.095385],[-85.746362,35.095352],[-85.746382,35.095303],[-85.746383,35.095237],[-85.74637,35.095188],[-85.746342,35.095154],[-85.746301,35.095137],[-85.746246,35.095137],[-85.746201,35.095138],[-85.746166,35.09514],[-85.746141,35.095144],[-85.746126,35.095149],[-85.746113,35.095168],[-85.746103,35.095201],[-85.746096,35.095248],[-85.746092,35.095308],[-85.746107,35.095354],[-85.746142,35.095384],[-85.746196,35.0954],[-85.74627,35.095401],[-85.746325,35.095385]],[[-85.752351,35.095405],[-85.752379,35.095397],[-85.752393,35.095384],[-85.752393,35.095368],[-85.752398,35.095354],[-85.752406,35.095342],[-85.752419,35.095333],[-85.752436,35.095326],[-85.752448,35.095316],[-85.752457,35.095302],[-85.752461,35.095283],[-85.752462,35.095261],[-85.752472,35.095245],[-85.752492,35.095234],[-85.752523,35.095229],[-85.752563,35.095229],[-85.752593,35.095229],[-85.752614,35.095227],[-85.752625,35.095224],[-85.752627,35.09522],[-85.752629,35.095205],[-85.75263,35.095179],[-85.752631,35.095141],[-85.752632,35.095093],[-85.752623,35.095057],[-85.752606,35.095033],[-85.75258,35.095021],[-85.752545,35.09502],[-85.752519,35.09501],[-85.752502,35.094989],[-85.752493,35.094958],[-85.752494,35.094917],[-85.752509,35.094886],[-85.75254,35.094866],[-85.752585,35.094856],[-85.752645,35.094856],[-85.75269,35.09485],[-85.752721,35.094836],[-85.752736,35.094814],[-85.752737,35.094785],[-85.752747,35.094764],[-85.752767,35.09475],[-85.752797,35.094743],[-85.752838,35.094743],[-85.752869,35.094739],[-85.75289,35.094731],[-85.752903,35.094719],[-85.752907,35.094702],[-85.752914,35.094688],[-85.752925,35.094676],[-85.75294,35.094666],[-85.752958,35.094658],[-85.752972,35.09464],[-85.752982,35.094614],[-85.752987,35.094578],[-85.752988,35.094532],[-85.752981,35.094498],[-85.752967,35.094474],[-85.752946,35.094462],[-85.752918,35.09446],[-85.752897,35.094451],[-85.752883,35.094435],[-85.752876,35.094412],[-85.752877,35.094382],[-85.752878,35.094345],[-85.75288,35.094302],[-85.752884,35.094252],[-85.752888,35.094196],[-85.752899,35.094154],[-85.752918,35.094126],[-85.752944,35.094112],[-85.752978,35.094112],[-85.753003,35.094101],[-85.75302,35.094077],[-85.753029,35.094041],[-85.75303,35.093993],[-85.753027,35.093956],[-85.75302,35.093932],[-85.753011,35.09392],[-85.752997,35.09392],[-85.752987,35.093907],[-85.75298,35.093881],[-85.752976,35.093842],[-85.752975,35.093789],[-85.752969,35.09375],[-85.752958,35.093723],[-85.752941,35.093709],[-85.752919,35.093707],[-85.7529,35.093701],[-85.752884,35.093691],[-85.75287,35.093678],[-85.752858,35.09366],[-85.752842,35.093646],[-85.752821,35.093637],[-85.752796,35.093632],[-85.752766,35.093632],[-85.752744,35.093618],[-85.752729,35.093589],[-85.752722,35.093547],[-85.752723,35.093491],[-85.752745,35.093448],[-85.752789,35.09342],[-85.752855,35.093405],[-85.752942,35.093405],[-85.753007,35.093403],[-85.75305,35.0934],[-85.753072,35.093396],[-85.753072,35.09339],[-85.753076,35.093384],[-85.753082,35.093377],[-85.753093,35.09337],[-85.753106,35.093362],[-85.753132,35.093355],[-85.753169,35.09335],[-85.753219,35.093347],[-85.753281,35.093344],[-85.753327,35.093349],[-85.753358,35.093359],[-85.753373,35.093376],[-85.753373,35.0934],[-85.753376,35.093417],[-85.753383,35.093429],[-85.753393,35.093435],[-85.753406,35.093435],[-85.753416,35.09344],[-85.753422,35.093451],[-85.753426,35.093466],[-85.753425,35.093487],[-85.753423,35.093503],[-85.75342,35.093516],[-85.753415,35.093524],[-85.753408,35.093528],[-85.753392,35.093531],[-85.753368,35.093533],[-85.753335,35.093533],[-85.753293,35.093533],[-85.753261,35.093534],[-85.753237,35.093537],[-85.753223,35.093542],[-85.753218,35.093549],[-85.753215,35.093578],[-85.753214,35.09363],[-85.753215,35.093704],[-85.753219,35.0938],[-85.753225,35.093873],[-85.753232,35.093924],[-85.753242,35.093951],[-85.753253,35.093955],[-85.753263,35.093962],[-85.75327,35.093972],[-85.753276,35.093984],[-85.753279,35.093999],[-85.753296,35.094011],[-85.753326,35.094019],[-85.753371,35.094023],[-85.75343,35.094023],[-85.753475,35.094022],[-85.753507,35.094019],[-85.753525,35.094014],[-85.75353,35.094007],[-85.753551,35.094002],[-85.753588,35.093999],[-85.753641,35.093998],[-85.753709,35.093999],[-85.753761,35.093982],[-85.753796,35.093947],[-85.753814,35.093895],[-85.753815,35.093825],[-85.753817,35.093771],[-85.753821,35.093733],[-85.753826,35.093711],[-85.753833,35.093706],[-85.75386,35.093702],[-85.753906,35.0937],[-85.753971,35.093699],[-85.754056,35.0937],[-85.75412,35.093711],[-85.754163,35.093732],[-85.754183,35.093763],[-85.754183,35.093804],[-85.754186,35.093837],[-85.754192,35.093862],[-85.754202,35.093879],[-85.754215,35.093887],[-85.754235,35.093894],[-85.754263,35.093898],[-85.754298,35.0939],[-85.754339,35.093901],[-85.754371,35.093913],[-85.754394,35.093935],[-85.754406,35.09397],[-85.754409,35.094015],[-85.754415,35.094049],[-85.754425,35.094072],[-85.754438,35.094083],[-85.754454,35.094084],[-85.754466,35.0941],[-85.754473,35.094133],[-85.754476,35.094183],[-85.754473,35.094249],[-85.754474,35.0943],[-85.754478,35.094336],[-85.754486,35.094358],[-85.754498,35.094365],[-85.75453,35.094371],[-85.754583,35.094375],[-85.754656,35.094379],[-85.754749,35.094381],[-85.75482,35.094376],[-85.754868,35.094364],[-85.754893,35.094344],[-85.754895,35.094316],[-85.754903,35.094295],[-85.754918,35.094281],[-85.754938,35.094273],[-85.754965,35.094272],[-85.754987,35.094272],[-85.755003,35.094273],[-85.755015,35.094275],[-85.755022,35.094278],[-85.755027,35.094288],[-85.755031,35.094307],[-85.755033,35.094333],[-85.755035,35.094368],[-85.755061,35.094394],[-85.755112,35.094411],[-85.755189,35.094421],[-85.755291,35.094422],[-85.755367,35.094439],[-85.755418,35.094472],[-85.755443,35.09452],[-85.755442,35.094585],[-85.755437,35.094636],[-85.755429,35.094673],[-85.755417,35.094696],[-85.755402,35.094705],[-85.75539,35.094735],[-85.755381,35.094784],[-85.755375,35.094854],[-85.755372,35.094943],[-85.755384,35.09501],[-85.755411,35.095055],[-85.755453,35.095078],[-85.755509,35.095078],[-85.755554,35.095077],[-85.755586,35.095075],[-85.755605,35.095071],[-85.755612,35.095066],[-85.755622,35.095062],[-85.755635,35.095059],[-85.755652,35.095058],[-85.755672,35.095058],[-85.755687,35.095051],[-85.755697,35.095037],[-85.755703,35.095015],[-85.755703,35.094986],[-85.75571,35.094965],[-85.755722,35.09495],[-85.755741,35.094943],[-85.755766,35.094944],[-85.755785,35.09495],[-85.755798,35.094961],[-85.755804,35.094979],[-85.755803,35.095002],[-85.755817,35.09502],[-85.755844,35.095032],[-85.755885,35.095038],[-85.755941,35.095039],[-85.755995,35.095038],[-85.756048,35.095036],[-85.756101,35.095032],[-85.756153,35.095027],[-85.756193,35.095019],[-85.756219,35.095009],[-85.756234,35.094995],[-85.756236,35.094979],[-85.756242,35.094966],[-85.756253,35.094957],[-85.756269,35.094952],[-85.756289,35.094951],[-85.756304,35.094937],[-85.756315,35.094911],[-85.75632,35.094873],[-85.756321,35.094822],[-85.756299,35.094784],[-85.756254,35.094758],[-85.756187,35.094744],[-85.756096,35.094744],[-85.756027,35.09474],[-85.755979,35.094734],[-85.755951,35.094726],[-85.755945,35.094714],[-85.755929,35.094706],[-85.755905,35.0947],[-85.755872,35.094697],[-85.75583,35.094697],[-85.755799,35.094691],[-85.755778,35.094681],[-85.755768,35.094665],[-85.755769,35.094645],[-85.755791,35.094629],[-85.755837,35.09462],[-85.755904,35.094615],[-85.755995,35.094616],[-85.756063,35.094614],[-85.756109,35.094608],[-85.756133,35.094599],[-85.756135,35.094587],[-85.75614,35.094577],[-85.756148,35.094569],[-85.75616,35.094564],[-85.756175,35.094562],[-85.756187,35.094547],[-85.756195,35.09452],[-85.756199,35.094481],[-85.7562,35.094431],[-85.756198,35.094389],[-85.756192,35.094358],[-85.756184,35.094336],[-85.756172,35.094323],[-85.756145,35.094314],[-85.756103,35.094307],[-85.756045,35.094303],[-85.755971,35.094302],[-85.755916,35.094307],[-85.755879,35.094316],[-85.75586,35.09433],[-85.75586,35.094349],[-85.755858,35.094366],[-85.755854,35.094381],[-85.755849,35.094393],[-85.755842,35.094402],[-85.755831,35.094409],[-85.755815,35.094414],[-85.755795,35.094416],[-85.755769,35.094416],[-85.755749,35.094414],[-85.755733,35.09441],[-85.755722,35.094405],[-85.755715,35.094398],[-85.755695,35.094393],[-85.75566,35.094389],[-85.75561,35.094387],[-85.755547,35.094386],[-85.755499,35.094375],[-85.755468,35.094352],[-85.755452,35.094319],[-85.755453,35.094275],[-85.755459,35.094242],[-85.755469,35.09422],[-85.755484,35.09421],[-85.755504,35.09421],[-85.755523,35.094208],[-85.755541,35.094203],[-85.755557,35.094196],[-85.755572,35.094186],[-85.755587,35.094179],[-85.755601,35.094175],[-85.755615,35.094172],[-85.755629,35.094173],[-85.755638,35.094158],[-85.755643,35.094128],[-85.755645,35.094084],[-85.755642,35.094025],[-85.755616,35.09398],[-85.755564,35.09395],[-85.755488,35.093935],[-85.755388,35.093934],[-85.755313,35.09393],[-85.755263,35.093923],[-85.755238,35.093914],[-85.755238,35.093901],[-85.755226,35.093892],[-85.755201,35.093885],[-85.755163,35.093882],[-85.755113,35.093881],[-85.755072,35.093879],[-85.75504,35.093874],[-85.755018,35.093868],[-85.755005,35.09386],[-85.754986,35.093852],[-85.754963,35.093846],[-85.754935,35.09384],[-85.754901,35.093836],[-85.754874,35.093827],[-85.754854,35.093815],[-85.754839,35.093798],[-85.754831,35.093777],[-85.754811,35.093762],[-85.75478,35.093751],[-85.754736,35.093746],[-85.754681,35.093745],[-85.754637,35.093748],[-85.754605,35.093754],[-85.754583,35.093763],[-85.754573,35.093775],[-85.754559,35.093784],[-85.754541,35.09379],[-85.75452,35.093793],[-85.754495,35.093793],[-85.754476,35.093785],[-85.754464,35.09377],[-85.754458,35.093747],[-85.754458,35.093717],[-85.754449,35.093694],[-85.754429,35.093679],[-85.754399,35.093671],[-85.754359,35.09367],[-85.754329,35.093651],[-85.754309,35.093613],[-85.7543,35.093556],[-85.754301,35.093481],[-85.754292,35.093424],[-85.754272,35.093386],[-85.75424,35.093367],[-85.754199,35.093366],[-85.754166,35.09336],[-85.754143,35.093349],[-85.754129,35.093333],[-85.754124,35.093311],[-85.754117,35.093292],[-85.754106,35.093277],[-85.754092,35.093265],[-85.754076,35.093256],[-85.75405,35.09325],[-85.754014,35.093245],[-85.753968,35.093243],[-85.753913,35.093242],[-85.753871,35.093245],[-85.753843,35.093252],[-85.753827,35.093262],[-85.753826,35.093276],[-85.753818,35.093286],[-85.753804,35.093293],[-85.753785,35.093296],[-85.75376,35.093296],[-85.753741,35.093291],[-85.753729,35.093281],[-85.753723,35.093267],[-85.753723,35.093247],[-85.753703,35.093233],[-85.753663,35.093223],[-85.753603,35.093217],[-85.753523,35.093216],[-85.753463,35.093208],[-85.753423,35.093192],[-85.753403,35.093168],[-85.753404,35.093136],[-85.753414,35.093113],[-85.753434,35.093097],[-85.753465,35.093089],[-85.753505,35.09309],[-85.753535,35.093078],[-85.753555,35.093055],[-85.753566,35.09302],[-85.753567,35.092974],[-85.753547,35.092938],[-85.753507,35.092915],[-85.753447,35.092902],[-85.753367,35.092901],[-85.753307,35.092896],[-85.753267,35.092885],[-85.753247,35.092869],[-85.753248,35.092849],[-85.753245,35.092827],[-85.753238,35.092805],[-85.753229,35.092783],[-85.753216,35.092759],[-85.753206,35.092734],[-85.7532,35.092706],[-85.753197,35.092676],[-85.753197,35.092645],[-85.753183,35.092621],[-85.753155,35.092605],[-85.753113,35.092597],[-85.753056,35.092596],[-85.75301,35.092599],[-85.752975,35.092605],[-85.75295,35.092615],[-85.752937,35.092629],[-85.752903,35.092639],[-85.752849,35.092645],[-85.752776,35.092648],[-85.752682,35.092647],[-85.75261,35.092645],[-85.75256,35.092643],[-85.752532,35.092639],[-85.752525,35.092635],[-85.752519,35.092624],[-85.752514,35.092606],[-85.752508,35.092581],[-85.752504,35.09255],[-85.752473,35.092525],[-85.752417,35.092507],[-85.752334,35.092496],[-85.752226,35.092493],[-85.752143,35.092493],[-85.752086,35.092499],[-85.752055,35.092509],[-85.75205,35.092524],[-85.752041,35.092538],[-85.752028,35.092551],[-85.752011,35.092563],[-85.751991,35.092574],[-85.751976,35.092595],[-85.751965,35.092627],[-85.75196,35.092668],[-85.751959,35.092721],[-85.751965,35.09276],[-85.751978,35.092786],[-85.751998,35.092799],[-85.752024,35.0928],[-85.752045,35.092824],[-85.752061,35.092872],[-85.75207,35.092944],[-85.752073,35.093041],[-85.752079,35.093114],[-85.752088,35.093164],[-85.752099,35.093191],[-85.752112,35.093196],[-85.752123,35.093201],[-85.752131,35.093208],[-85.752137,35.093217],[-85.75214,35.093226],[-85.752142,35.093243],[-85.752144,35.093267],[-85.752144,35.093298],[-85.752143,35.093337],[-85.752157,35.093366],[-85.752185,35.093385],[-85.752228,35.093395],[-85.752285,35.093396],[-85.752327,35.093402],[-85.752355,35.093412],[-85.752369,35.093428],[-85.752369,35.093448],[-85.75236,35.093464],[-85.752342,35.093475],[-85.752316,35.093481],[-85.752281,35.093482],[-85.752254,35.093497],[-85.752236,35.093525],[-85.752227,35.093568],[-85.752226,35.093624],[-85.752238,35.093667],[-85.752264,35.093695],[-85.752302,35.09371],[-85.752354,35.09371],[-85.752393,35.093716],[-85.75242,35.093727],[-85.752434,35.093744],[-85.752435,35.093766],[-85.75244,35.093783],[-85.752447,35.093796],[-85.752457,35.093803],[-85.752471,35.093806],[-85.752483,35.09381],[-85.752493,35.093816],[-85.752503,35.093823],[-85.752511,35.093831],[-85.752518,35.093841],[-85.752523,35.093853],[-85.752526,35.093866],[-85.752527,35.093882],[-85.752538,35.093896],[-85.752558,35.093909],[-85.752587,35.093921],[-85.752625,35.093933],[-85.752658,35.093945],[-85.752685,35.093958],[-85.752707,35.093973],[-85.752724,35.093988],[-85.752736,35.094002],[-85.752745,35.094014],[-85.752751,35.094025],[-85.752752,35.094035],[-85.752755,35.094042],[-85.752759,35.094047],[-85.752765,35.09405],[-85.752771,35.09405],[-85.752776,35.094055],[-85.752779,35.094065],[-85.752781,35.094081],[-85.75278,35.094101],[-85.752767,35.094117],[-85.752741,35.094127],[-85.752702,35.094131],[-85.75265,35.094131],[-85.75261,35.094137],[-85.75258,35.094151],[-85.752562,35.094171],[-85.752555,35.094199],[-85.752532,35.094219],[-85.752492,35.094232],[-85.752436,35.094239],[-85.752365,35.094238],[-85.75231,35.094251],[-85.752274,35.094277],[-85.752255,35.094317],[-85.752255,35.094371],[-85.752274,35.094411],[-85.752313,35.094438],[-85.752371,35.094452],[-85.75245,35.094453],[-85.752509,35.094449],[-85.752548,35.094441],[-85.752568,35.094428],[-85.752568,35.09441],[-85.752576,35.094396],[-85.75259,35.094388],[-85.752611,35.094383],[-85.75264,35.094384],[-85.752661,35.094389],[-85.752675,35.094399],[-85.752682,35.094415],[-85.752682,35.094436],[-85.752676,35.094451],[-85.752664,35.094462],[-85.752646,35.094468],[-85.752623,35.094469],[-85.752605,35.094481],[-85.752593,35.094504],[-85.752587,35.094537],[-85.752586,35.094581],[-85.752581,35.094614],[-85.752573,35.094636],[-85.75256,35.094647],[-85.752543,35.094647],[-85.75253,35.09465],[-85.752522,35.094658],[-85.752518,35.094669],[-85.752517,35.094684],[-85.752498,35.094695],[-85.752458,35.094702],[-85.752399,35.094706],[-85.752321,35.094705],[-85.752258,35.094705],[-85.752212,35.094708],[-85.752183,35.094712],[-85.752169,35.094717],[-85.752142,35.094721],[-85.752102,35.094724],[-85.752049,35.094726],[-85.751982,35.094727],[-85.751931,35.094741],[-85.751897,35.094769],[-85.75188,35.09481],[-85.751879,35.094865],[-85.751871,35.094907],[-85.751854,35.094935],[-85.75183,35.094949],[-85.751799,35.09495],[-85.751774,35.094972],[-85.751757,35.095013],[-85.751747,35.095075],[-85.751744,35.095158],[-85.751746,35.09522],[-85.751755,35.095261],[-85.751769,35.095282],[-85.751789,35.095282],[-85.751806,35.095283],[-85.751819,35.095286],[-85.751829,35.095291],[-85.751836,35.095296],[-85.751855,35.0953],[-85.751886,35.095304],[-85.751929,35.095305],[-85.751984,35.095306],[-85.752025,35.095297],[-85.752053,35.09528],[-85.752067,35.095253],[-85.752068,35.095217],[-85.752075,35.095191],[-85.752087,35.095173],[-85.752106,35.095164],[-85.752131,35.095165],[-85.75215,35.09518],[-85.752163,35.09521],[-85.75217,35.095256],[-85.752171,35.095316],[-85.752185,35.095362],[-85.752213,35.095392],[-85.752255,35.095408],[-85.75231,35.095408],[-85.752351,35.095405]],[[-85.754007,35.095319],[-85.75404,35.095291],[-85.754059,35.095248],[-85.754063,35.095192],[-85.754066,35.095127],[-85.754068,35.095054],[-85.754069,35.094971],[-85.754069,35.094881],[-85.75405,35.094813],[-85.754013,35.094767],[-85.753958,35.094744],[-85.753884,35.094743],[-85.753829,35.094749],[-85.753791,35.094763],[-85.753771,35.094785],[-85.753769,35.094814],[-85.753749,35.094835],[-85.753712,35.094849],[-85.753658,35.094856],[-85.753586,35.094855],[-85.753531,35.094867],[-85.753493,35.094892],[-85.753472,35.09493],[-85.753468,35.094981],[-85.753485,35.09502],[-85.753524,35.095046],[-85.753584,35.095061],[-85.753666,35.095063],[-85.753729,35.095066],[-85.753772,35.095069],[-85.753797,35.095072],[-85.753801,35.095077],[-85.753805,35.095095],[-85.753807,35.095129],[-85.753807,35.095178],[-85.753806,35.095241],[-85.753821,35.095288],[-85.753852,35.095319],[-85.753898,35.095335],[-85.75396,35.095334],[-85.754007,35.095319]],[[-85.744966,35.094607],[-85.744995,35.094564],[-85.745012,35.094499],[-85.745015,35.094413],[-85.745003,35.094348],[-85.744977,35.094304],[-85.744937,35.094282],[-85.744881,35.094282],[-85.744835,35.094283],[-85.744799,35.094287],[-85.744771,35.094293],[-85.744752,35.094301],[-85.744738,35.094319],[-85.744729,35.094348],[-85.744724,35.094387],[-85.744723,35.094437],[-85.744725,35.094474],[-85.744729,35.094501],[-85.744737,35.094515],[-85.744747,35.094518],[-85.744755,35.094527],[-85.744763,35.094541],[-85.744768,35.094561],[-85.744773,35.094588],[-85.744791,35.094607],[-85.744822,35.094621],[-85.744865,35.094628],[-85.744922,35.094628],[-85.744966,35.094607]],[[-85.748256,35.094644],[-85.748284,35.094628],[-85.748298,35.094605],[-85.748299,35.094573],[-85.748307,35.09455],[-85.748322,35.094534],[-85.748345,35.094526],[-85.748375,35.094527],[-85.748398,35.094516],[-85.748413,35.094493],[-85.748421,35.094459],[-85.748422,35.094414],[-85.74842,35.094379],[-85.748416,35.094354],[-85.74841,35.094339],[-85.748402,35.094335],[-85.748382,35.094332],[-85.74835,35.094329],[-85.748307,35.094328],[-85.748252,35.094327],[-85.74821,35.094336],[-85.748182,35.094354],[-85.748168,35.09438],[-85.748167,35.094416],[-85.748162,35.094443],[-85.748151,35.09446],[-85.748134,35.094469],[-85.748112,35.094469],[-85.748096,35.09448],[-85.748085,35.094503],[-85.748079,35.094537],[-85.748078,35.094582],[-85.748091,35.094616],[-85.748119,35.094639],[-85.74816,35.094651],[-85.748215,35.094651],[-85.748256,35.094644]],[[-85.751596,35.094641],[-85.751636,35.094595],[-85.751654,35.094525],[-85.751648,35.094431],[-85.751642,35.094359],[-85.751634,35.094309],[-85.751626,35.09428],[-85.751616,35.094273],[-85.751608,35.094266],[-85.751603,35.094257],[-85.751601,35.094247],[-85.751601,35.094236],[-85.751596,35.094227],[-85.751584,35.094222],[-85.751566,35.094219],[-85.751543,35.094218],[-85.751523,35.094215],[-85.751508,35.094209],[-85.751496,35.094199],[-85.751488,35.094187],[-85.751468,35.094177],[-85.751436,35.094171],[-85.751392,35.094167],[-85.751337,35.094167],[-85.751296,35.094168],[-85.751267,35.09417],[-85.751252,35.094174],[-85.75125,35.09418],[-85.751242,35.094184],[-85.751227,35.094186],[-85.751205,35.094187],[-85.751176,35.094187],[-85.751157,35.09421],[-85.751145,35.094256],[-85.751142,35.094325],[-85.751147,35.094417],[-85.751156,35.094487],[-85.75117,35.094534],[-85.751188,35.09456],[-85.751209,35.094563],[-85.751226,35.094568],[-85.751239,35.094575],[-85.751247,35.094584],[-85.75125,35.094595],[-85.751256,35.094606],[-85.751266,35.094618],[-85.751279,35.09463],[-85.751296,35.094643],[-85.75133,35.094652],[-85.75138,35.094659],[-85.751448,35.094663],[-85.751534,35.094664],[-85.751596,35.094641]],[[-85.753687,35.094448],[-85.753726,35.094434],[-85.753749,35.094412],[-85.753756,35.094383],[-85.753771,35.094361],[-85.753793,35.094345],[-85.753822,35.094335],[-85.753859,35.094331],[-85.753887,35.094316],[-85.753905,35.094289],[-85.753915,35.094251],[-85.753916,35.094202],[-85.753897,35.094165],[-85.753858,35.09414],[-85.753799,35.094128],[-85.753721,35.094129],[-85.753661,35.094132],[-85.753621,35.094139],[-85.7536,35.094148],[-85.753598,35.094161],[-85.753594,35.09417],[-85.753587,35.094177],[-85.753578,35.094181],[-85.753566,35.094182],[-85.753528,35.094182],[-85.753464,35.094179],[-85.753373,35.094174],[-85.753256,35.094167],[-85.753168,35.094175],[-85.753109,35.094198],[-85.753079,35.094236],[-85.753079,35.094288],[-85.753101,35.094327],[-85.753148,35.094354],[-85.753218,35.094368],[-85.753311,35.094369],[-85.753382,35.094374],[-85.753429,35.094385],[-85.753454,35.094401],[-85.753455,35.094422],[-85.753474,35.094437],[-85.75351,35.094448],[-85.753563,35.094454],[-85.753633,35.094454],[-85.753687,35.094448]],[[-85.750875,35.094072],[-85.750947,35.094053],[-85.750983,35.09402],[-85.750983,35.093972],[-85.750977,35.093935],[-85.750964,35.093911],[-85.750944,35.093899],[-85.750918,35.093899],[-85.750899,35.093892],[-85.750888,35.093878],[-85.750886,35.093857],[-85.750891,35.09383],[-85.750923,35.093809],[-85.750982,35.093795],[-85.751067,35.093788],[-85.751179,35.093788],[-85.751264,35.093779],[-85.751322,35.093762],[-85.751353,35.093736],[-85.751357,35.093702],[-85.751374,35.093676],[-85.751404,35.093659],[-85.751448,35.093651],[-85.751505,35.093652],[-85.751548,35.093638],[-85.751577,35.09361],[-85.751591,35.093568],[-85.751592,35.093512],[-85.751579,35.09347],[-85.751551,35.093441],[-85.751508,35.093427],[-85.751451,35.093426],[-85.751408,35.093433],[-85.751379,35.093448],[-85.751363,35.09347],[-85.751361,35.093501],[-85.751353,35.093523],[-85.751339,35.093538],[-85.75132,35.093546],[-85.751295,35.093545],[-85.751274,35.093529],[-85.751258,35.093496],[-85.751246,35.093448],[-85.751239,35.093383],[-85.751229,35.093335],[-85.751217,35.093302],[-85.751203,35.093286],[-85.751186,35.093286],[-85.751171,35.093284],[-85.751159,35.093281],[-85.751149,35.093277],[-85.75114,35.093272],[-85.751123,35.093267],[-85.751096,35.093264],[-85.75106,35.093263],[-85.751015,35.093262],[-85.750981,35.09326],[-85.750957,35.093256],[-85.750945,35.093251],[-85.750943,35.093244],[-85.750928,35.093239],[-85.750899,35.093235],[-85.750856,35.093233],[-85.750799,35.093232],[-85.750755,35.093239],[-85.750725,35.093254],[-85.750708,35.093277],[-85.750704,35.093307],[-85.75069,35.093329],[-85.750667,35.093344],[-85.750633,35.093352],[-85.75059,35.093351],[-85.750557,35.093355],[-85.750535,35.093362],[-85.750524,35.093373],[-85.750524,35.093388],[-85.750506,35.093399],[-85.75047,35.093407],[-85.750416,35.09341],[-85.750344,35.093409],[-85.75029,35.09342],[-85.750254,35.093442],[-85.750235,35.093476],[-85.750234,35.093521],[-85.750251,35.093555],[-85.750286,35.093579],[-85.750339,35.09359],[-85.750409,35.093591],[-85.750462,35.093595],[-85.750497,35.093601],[-85.750514,35.093611],[-85.750514,35.093623],[-85.750515,35.093633],[-85.750519,35.093641],[-85.750523,35.093646],[-85.75053,35.093649],[-85.750539,35.093659],[-85.750549,35.093676],[-85.750562,35.093701],[-85.750576,35.093732],[-85.750587,35.093762],[-85.750594,35.093789],[-85.750598,35.093813],[-85.750597,35.093835],[-85.750586,35.093852],[-85.750563,35.093863],[-85.750529,35.093869],[-85.750484,35.09387],[-85.75045,35.093882],[-85.750427,35.093905],[-85.750415,35.09394],[-85.750415,35.093985],[-85.75045,35.094021],[-85.75052,35.094049],[-85.750627,35.094067],[-85.750769,35.094077],[-85.750875,35.094072]],[[-85.74615,35.093849],[-85.74618,35.093815],[-85.746199,35.093763],[-85.746205,35.093695],[-85.746194,35.093643],[-85.746167,35.093608],[-85.746124,35.093591],[-85.746063,35.09359],[-85.746018,35.093607],[-85.745987,35.093641],[-85.745971,35.093692],[-85.74597,35.093761],[-85.745983,35.093813],[-85.74601,35.093847],[-85.746052,35.093865],[-85.746107,35.093866],[-85.74615,35.093849]],[[-85.748837,35.093534],[-85.748868,35.093501],[-85.748884,35.093453],[-85.748885,35.09339],[-85.748871,35.093342],[-85.74884,35.09331],[-85.748794,35.093294],[-85.748732,35.093293],[-85.748686,35.093309],[-85.748654,35.093342],[-85.748638,35.093391],[-85.748637,35.093457],[-85.748652,35.093506],[-85.748682,35.093538],[-85.748728,35.093553],[-85.74879,35.093551],[-85.748837,35.093534]],[[-85.746075,35.093403],[-85.746107,35.093392],[-85.746123,35.093374],[-85.746124,35.093351],[-85.746144,35.093334],[-85.746183,35.093322],[-85.746242,35.093317],[-85.746321,35.093318],[-85.74638,35.093313],[-85.746419,35.093304],[-85.746439,35.093288],[-85.746439,35.093268],[-85.746444,35.09325],[-85.746454,35.093234],[-85.746468,35.093221],[-85.746486,35.09321],[-85.7465,35.093198],[-85.74651,35.093184],[-85.746515,35.093169],[-85.746515,35.093152],[-85.746521,35.093138],[-85.746534,35.093127],[-85.746553,35.093118],[-85.746578,35.093111],[-85.746597,35.093094],[-85.74661,35.093068],[-85.746617,35.093031],[-85.746618,35.092984],[-85.746593,35.092948],[-85.746542,35.092921],[-85.746466,35.092905],[-85.746364,35.092898],[-85.746288,35.092881],[-85.746237,35.092853],[-85.746212,35.092814],[-85.746213,35.092764],[-85.7462,35.092727],[-85.746173,35.092702],[-85.746131,35.092689],[-85.746076,35.092689],[-85.746032,35.09269],[-85.745997,35.092694],[-85.745973,35.0927],[-85.74596,35.092708],[-85.745949,35.092726],[-85.745942,35.092753],[-85.745938,35.09279],[-85.745938,35.092837],[-85.745946,35.092872],[-85.745964,35.092896],[-85.745992,35.092908],[-85.746029,35.092908],[-85.746056,35.092924],[-85.746074,35.092955],[-85.746082,35.093002],[-85.746081,35.093063],[-85.746069,35.09311],[-85.746046,35.093141],[-85.746012,35.093157],[-85.745967,35.093158],[-85.745931,35.093163],[-85.745905,35.093172],[-85.745889,35.093184],[-85.745882,35.093201],[-85.745877,35.093224],[-85.745873,35.093255],[-85.745871,35.093293],[-85.74587,35.093339],[-85.745885,35.093373],[-85.745917,35.093396],[-85.745964,35.093408],[-85.746028,35.093408],[-85.746075,35.093403]],[[-85.749404,35.093424],[-85.749433,35.093398],[-85.749448,35.093358],[-85.749449,35.093304],[-85.749444,35.093262],[-85.749435,35.093231],[-85.74942,35.093211],[-85.7494,35.093203],[-85.749362,35.093196],[-85.749307,35.093192],[-85.749235,35.093189],[-85.749144,35.093188],[-85.749077,35.093201],[-85.749033,35.093228],[-85.749013,35.093269],[-85.749015,35.093324],[-85.749028,35.093365],[-85.749051,35.093393],[-85.749084,35.093407],[-85.749128,35.093407],[-85.749162,35.09341],[-85.749187,35.093413],[-85.749203,35.093419],[-85.749209,35.093426],[-85.749228,35.093431],[-85.74926,35.093435],[-85.749304,35.093437],[-85.749361,35.093437],[-85.749404,35.093424]],[[-85.750054,35.092844],[-85.750107,35.092818],[-85.750135,35.092776],[-85.750137,35.092718],[-85.750129,35.092675],[-85.75011,35.092645],[-85.750081,35.092629],[-85.750041,35.092627],[-85.750005,35.09262],[-85.749973,35.092606],[-85.749946,35.092587],[-85.749923,35.092562],[-85.749884,35.092544],[-85.74983,35.092532],[-85.749761,35.092528],[-85.749675,35.09253],[-85.749611,35.092545],[-85.749568,35.092574],[-85.749546,35.092617],[-85.749545,35.092673],[-85.749553,35.092716],[-85.749569,35.092746],[-85.749594,35.092762],[-85.749627,35.092765],[-85.749655,35.092772],[-85.749676,35.092783],[-85.749692,35.092797],[-85.749702,35.092815],[-85.749735,35.09283],[-85.749792,35.092841],[-85.749872,35.09285],[-85.749975,35.092855],[-85.750054,35.092844]],[[-85.75038,35.092578],[-85.750411,35.092542],[-85.750429,35.092487],[-85.750434,35.092414],[-85.750421,35.09236],[-85.750393,35.092323],[-85.750347,35.092304],[-85.750286,35.092304],[-85.750239,35.092321],[-85.750207,35.092357],[-85.750191,35.092412],[-85.75019,35.092485],[-85.750204,35.092539],[-85.750233,35.092576],[-85.750276,35.092595],[-85.750335,35.092595],[-85.75038,35.092578]],[[-85.751094,35.092441],[-85.751125,35.092415],[-85.751141,35.092375],[-85.751142,35.092321],[-85.751125,35.092282],[-85.751089,35.092256],[-85.751036,35.092244],[-85.750964,35.092246],[-85.75091,35.092259],[-85.750874,35.092284],[-85.750857,35.092319],[-85.750858,35.092366],[-85.750861,35.092402],[-85.750866,35.092427],[-85.750872,35.092442],[-85.75088,35.092446],[-85.750902,35.09245],[-85.750937,35.092452],[-85.750986,35.092454],[-85.751047,35.092454],[-85.751094,35.092441]],[[-85.749187,35.091683],[-85.749218,35.091651],[-85.749234,35.091604],[-85.749235,35.091541],[-85.749222,35.091493],[-85.749195,35.091462],[-85.749153,35.091445],[-85.749098,35.091445],[-85.749055,35.09146],[-85.749025,35.091491],[-85.749007,35.091539],[-85.749001,35.091602],[-85.749011,35.091649],[-85.749038,35.091681],[-85.749082,35.091697],[-85.749142,35.091698],[-85.749187,35.091683]],[[-85.739556,35.090829],[-85.739591,35.090807],[-85.739609,35.090773],[-85.73961,35.090727],[-85.739593,35.090693],[-85.739558,35.090669],[-85.739506,35.090656],[-85.739435,35.090654],[-85.739383,35.090664],[-85.739347,35.090687],[-85.739329,35.090721],[-85.739328,35.090768],[-85.739345,35.090803],[-85.73938,35.090827],[-85.739433,35.090839],[-85.739503,35.09084],[-85.739556,35.090829]],[[-85.751926,35.090319],[-85.751955,35.090311],[-85.751969,35.090297],[-85.751969,35.090277],[-85.75198,35.090262],[-85.752002,35.090251],[-85.752035,35.090243],[-85.752079,35.090239],[-85.752111,35.090222],[-85.752134,35.090191],[-85.752145,35.090147],[-85.752146,35.09009],[-85.75216,35.090046],[-85.752187,35.090016],[-85.752228,35.09],[-85.752281,35.089997],[-85.752322,35.089981],[-85.752349,35.08995],[-85.752363,35.089906],[-85.752364,35.089846],[-85.752348,35.089802],[-85.752316,35.089772],[-85.752267,35.089757],[-85.752202,35.089756],[-85.752153,35.08977],[-85.75212,35.089798],[-85.752103,35.08984],[-85.752102,35.089896],[-85.752076,35.089938],[-85.752026,35.089966],[-85.75195,35.089979],[-85.75185,35.089978],[-85.751774,35.089967],[-85.751723,35.089947],[-85.751696,35.089917],[-85.751693,35.089877],[-85.751676,35.089847],[-85.751644,35.089826],[-85.751598,35.089816],[-85.751538,35.089815],[-85.751493,35.089828],[-85.751462,35.089853],[-85.751447,35.089891],[-85.751446,35.089941],[-85.751467,35.08998],[-85.75151,35.090006],[-85.751575,35.090019],[-85.751662,35.09002],[-85.751727,35.090026],[-85.751771,35.090038],[-85.751792,35.090054],[-85.751792,35.090076],[-85.751789,35.090093],[-85.751783,35.090105],[-85.751774,35.090111],[-85.751762,35.090112],[-85.751753,35.090126],[-85.751747,35.090152],[-85.751743,35.090191],[-85.751742,35.090241],[-85.751756,35.09028],[-85.751784,35.090306],[-85.751826,35.090321],[-85.751883,35.090323],[-85.751926,35.090319]],[[-85.739552,35.09015],[-85.739603,35.090144],[-85.739634,35.090135],[-85.739644,35.090123],[-85.739655,35.090114],[-85.739666,35.090108],[-85.739677,35.090105],[-85.739689,35.090105],[-85.739698,35.090093],[-85.739704,35.090068],[-85.739708,35.090031],[-85.739708,35.089982],[-85.739682,35.089943],[-85.739629,35.089917],[-85.739549,35.089902],[-85.739442,35.089898],[-85.73936,35.089896],[-85.739302,35.089898],[-85.739269,35.089902],[-85.73926,35.089909],[-85.739254,35.089928],[-85.73925,35.089961],[-85.739249,35.090006],[-85.73925,35.090063],[-85.739273,35.090107],[-85.73932,35.090136],[-85.739389,35.090151],[-85.739481,35.090152],[-85.739552,35.09015]],[[-85.75357,35.090061],[-85.753607,35.090055],[-85.753634,35.090045],[-85.753649,35.09003],[-85.753661,35.090008],[-85.753669,35.089977],[-85.753673,35.08994],[-85.753674,35.089894],[-85.75367,35.089859],[-85.753661,35.089833],[-85.753647,35.089818],[-85.753629,35.089812],[-85.753602,35.089808],[-85.753565,35.089805],[-85.753519,35.089803],[-85.753464,35.089802],[-85.75342,35.089804],[-85.753388,35.089809],[-85.753368,35.089816],[-85.75336,35.089825],[-85.753353,35.089844],[-85.753349,35.089871],[-85.753346,35.089907],[-85.753345,35.089953],[-85.753346,35.089989],[-85.753349,35.090016],[-85.753354,35.090033],[-85.753361,35.090042],[-85.753381,35.090049],[-85.753414,35.090054],[-85.753461,35.090059],[-85.753521,35.090062],[-85.75357,35.090061]],[[-85.750543,35.090015],[-85.75062,35.089993],[-85.750659,35.089957],[-85.750662,35.089908],[-85.750655,35.089866],[-85.750638,35.089831],[-85.750613,35.089804],[-85.750578,35.089785],[-85.75055,35.089768],[-85.75053,35.089753],[-85.750516,35.089741],[-85.75051,35.089731],[-85.750475,35.089723],[-85.750414,35.089715],[-85.750324,35.089709],[-85.750207,35.089703],[-85.750119,35.089717],[-85.750059,35.089749],[-85.750028,35.0898],[-85.750025,35.08987],[-85.750025,35.089925],[-85.750028,35.089964],[-85.750033,35.089988],[-85.750042,35.089996],[-85.750085,35.090004],[-85.750165,35.090011],[-85.75028,35.090017],[-85.75043,35.090023],[-85.750543,35.090015]],[[-85.753198,35.089527],[-85.753238,35.089511],[-85.753259,35.089487],[-85.753259,35.089454],[-85.753266,35.089429],[-85.753279,35.089413],[-85.753298,35.089405],[-85.753323,35.089405],[-85.753341,35.089409],[-85.753354,35.089417],[-85.75336,35.089428],[-85.75336,35.089443],[-85.753379,35.089455],[-85.753418,35.089463],[-85.753477,35.089467],[-85.753556,35.089468],[-85.753615,35.089457],[-85.753654,35.089436],[-85.753675,35.089403],[-85.753675,35.089359],[-85.753683,35.089325],[-85.753699,35.089302],[-85.753721,35.089289],[-85.753752,35.089287],[-85.753774,35.08928],[-85.75379,35.089268],[-85.753797,35.089252],[-85.753798,35.089232],[-85.75382,35.089217],[-85.753863,35.089207],[-85.753928,35.089202],[-85.754015,35.089203],[-85.754081,35.089206],[-85.754124,35.089211],[-85.754146,35.089219],[-85.754145,35.089229],[-85.75417,35.089236],[-85.754219,35.089241],[-85.754293,35.089244],[-85.754392,35.089245],[-85.754466,35.089249],[-85.754515,35.089254],[-85.754539,35.089261],[-85.754539,35.089271],[-85.754554,35.089278],[-85.754584,35.089284],[-85.754629,35.089286],[-85.75469,35.089287],[-85.754735,35.089279],[-85.754765,35.089263],[-85.754781,35.089238],[-85.754781,35.089206],[-85.754802,35.089181],[-85.754843,35.089165],[-85.754905,35.089157],[-85.754987,35.089158],[-85.755048,35.089146],[-85.75509,35.089121],[-85.755111,35.089083],[-85.755111,35.089032],[-85.755092,35.088994],[-85.755051,35.088968],[-85.75499,35.088955],[-85.754908,35.088954],[-85.754846,35.088951],[-85.754806,35.088946],[-85.754785,35.088938],[-85.754785,35.088929],[-85.754783,35.08892],[-85.754778,35.088913],[-85.754771,35.088908],[-85.754761,35.088904],[-85.754753,35.088891],[-85.754749,35.088868],[-85.754747,35.088838],[-85.754747,35.088798],[-85.754728,35.088768],[-85.754689,35.088747],[-85.75463,35.088737],[-85.754552,35.088736],[-85.754491,35.088738],[-85.754447,35.088742],[-85.754421,35.088749],[-85.754413,35.088759],[-85.754402,35.088767],[-85.754391,35.088773],[-85.754377,35.088779],[-85.754362,35.088783],[-85.754348,35.088797],[-85.754336,35.088821],[-85.754326,35.088855],[-85.754317,35.088898],[-85.754302,35.088931],[-85.75428,35.088953],[-85.754253,35.088964],[-85.75422,35.088963],[-85.754195,35.08895],[-85.754178,35.088925],[-85.754171,35.088887],[-85.754171,35.088836],[-85.754157,35.088797],[-85.754129,35.088772],[-85.754085,35.088759],[-85.754026,35.088758],[-85.753979,35.088755],[-85.753943,35.088751],[-85.753919,35.088745],[-85.753905,35.088736],[-85.753879,35.08873],[-85.75384,35.088725],[-85.753788,35.088723],[-85.753723,35.088722],[-85.753673,35.08872],[-85.753639,35.088718],[-85.75362,35.088715],[-85.753617,35.08871],[-85.753597,35.088707],[-85.75356,35.088705],[-85.753506,35.088703],[-85.753436,35.088702],[-85.753383,35.088715],[-85.753348,35.08874],[-85.75333,35.088778],[-85.753329,35.088828],[-85.753344,35.088867],[-85.753376,35.088893],[-85.753423,35.088906],[-85.753487,35.088906],[-85.753534,35.088917],[-85.753565,35.088937],[-85.753581,35.088967],[-85.75358,35.089007],[-85.753573,35.089037],[-85.753558,35.089058],[-85.753537,35.089068],[-85.753508,35.089069],[-85.753487,35.089066],[-85.753472,35.089057],[-85.753464,35.089044],[-85.753462,35.089026],[-85.753447,35.089013],[-85.753418,35.089004],[-85.753375,35.088999],[-85.753318,35.088998],[-85.753272,35.089001],[-85.753235,35.089006],[-85.75321,35.089016],[-85.753195,35.089028],[-85.753183,35.089054],[-85.753176,35.089095],[-85.753173,35.089149],[-85.753173,35.089218],[-85.753159,35.089269],[-85.75313,35.089303],[-85.753087,35.08932],[-85.753028,35.089319],[-85.752984,35.089332],[-85.752954,35.089359],[-85.752939,35.089399],[-85.752938,35.089452],[-85.752958,35.089493],[-85.752997,35.08952],[-85.753057,35.089534],[-85.753138,35.089535],[-85.753198,35.089527]],[[-85.751252,35.089459],[-85.75129,35.089424],[-85.75131,35.08937],[-85.751313,35.089299],[-85.751289,35.089246],[-85.75124,35.089212],[-85.751164,35.089196],[-85.751062,35.0892],[-85.750986,35.089216],[-85.750936,35.089245],[-85.750913,35.089287],[-85.750915,35.089342],[-85.750922,35.089383],[-85.750935,35.089411],[-85.750952,35.089424],[-85.750973,35.089425],[-85.75099,35.089428],[-85.751002,35.089434],[-85.751008,35.089444],[-85.75101,35.089456],[-85.751029,35.089465],[-85.751067,35.089472],[-85.751122,35.089476],[-85.751196,35.089476],[-85.751252,35.089459]],[[-85.752678,35.089411],[-85.75271,35.089382],[-85.752726,35.089338],[-85.752727,35.089279],[-85.752712,35.089234],[-85.752682,35.089204],[-85.752635,35.089189],[-85.752574,35.089188],[-85.752527,35.089203],[-85.752496,35.089232],[-85.752479,35.089276],[-85.752479,35.089335],[-85.752493,35.08938],[-85.752524,35.089409],[-85.75257,35.089425],[-85.752632,35.089425],[-85.752678,35.089411]],[[-85.752232,35.089266],[-85.752271,35.089262],[-85.752293,35.089258],[-85.752298,35.089251],[-85.752302,35.089234],[-85.752305,35.089207],[-85.752307,35.08917],[-85.752308,35.089124],[-85.752291,35.089088],[-85.752257,35.089063],[-85.752206,35.089048],[-85.752138,35.089045],[-85.752084,35.089045],[-85.752044,35.089049],[-85.75202,35.089056],[-85.752009,35.089067],[-85.752002,35.089087],[-85.751996,35.089115],[-85.751993,35.089151],[-85.751992,35.089197],[-85.75201,35.089231],[-85.752047,35.089254],[-85.752102,35.089266],[-85.752175,35.089267],[-85.752232,35.089266]],[[-85.752105,35.087363],[-85.752152,35.087339],[-85.752175,35.087304],[-85.752176,35.087255],[-85.752175,35.087218],[-85.752173,35.087192],[-85.752169,35.087177],[-85.752165,35.087173],[-85.752139,35.08717],[-85.752093,35.087167],[-85.752027,35.087165],[-85.75194,35.087164],[-85.751874,35.087177],[-85.751831,35.087202],[-85.751808,35.087241],[-85.751807,35.087294],[-85.75183,35.087333],[-85.751875,35.08736],[-85.751944,35.087373],[-85.752036,35.087374],[-85.752105,35.087363]],[[-85.749585,35.086187],[-85.74962,35.08616],[-85.749638,35.08612],[-85.749639,35.086067],[-85.749622,35.086026],[-85.749588,35.085999],[-85.749535,35.085985],[-85.749465,35.085985],[-85.749412,35.085997],[-85.749377,35.086024],[-85.749358,35.086064],[-85.749358,35.086117],[-85.749375,35.086158],[-85.749409,35.086185],[-85.749462,35.086199],[-85.749532,35.0862],[-85.749585,35.086187]],[[-85.746522,35.085761],[-85.746571,35.085739],[-85.746595,35.085705],[-85.746596,35.08566],[-85.746589,35.085626],[-85.746576,35.085603],[-85.746554,35.085592],[-85.746526,35.085591],[-85.746504,35.085587],[-85.746488,35.08558],[-85.746479,35.085568],[-85.746476,35.085553],[-85.746457,35.085542],[-85.746423,35.085535],[-85.746373,35.085531],[-85.746308,35.085532],[-85.746259,35.085547],[-85.746226,35.085577],[-85.746209,35.085622],[-85.746208,35.085681],[-85.746231,35.085725],[-85.746279,35.085755],[-85.746352,35.085771],[-85.746449,35.085772],[-85.746522,35.085761]]],[[[-85.748727,35.089682],[-85.748714,35.08968],[-85.748705,35.089679],[-85.748696,35.089678],[-85.748687,35.089677],[-85.748678,35.089676],[-85.748669,35.089674],[-85.74866,35.089673],[-85.74865,35.089672],[-85.748641,35.08967],[-85.748632,35.089669],[-85.74862,35.089667],[-85.748611,35.089665],[-85.748602,35.089664],[-85.74859,35.089662],[-85.748581,35.08966],[-85.747103,35.089387],[-85.747094,35.089385],[-85.747084,35.089383],[-85.747075,35.089381],[-85.747068,35.08938],[-85.747059,35.089378],[-85.747053,35.089377],[-85.747043,35.089375],[-85.747034,35.089373],[-85.747024,35.089371],[-85.747015,35.089369],[-85.747008,35.089367],[-85.746999,35.089365],[-85.746993,35.089364],[-85.746983,35.089362],[-85.746974,35.08936],[-85.746968,35.089358],[-85.746958,35.089356],[-85.746949,35.089354],[-85.746943,35.089352],[-85.746933,35.08935],[-85.747097,35.08919],[-85.747094,35.089207],[-85.747092,35.089271],[-85.747096,35.08932],[-85.747107,35.089353],[-85.747125,35.089371],[-85.74715,35.089372],[-85.747177,35.089377],[-85.747207,35.089385],[-85.747238,35.089396],[-85.747271,35.08941],[-85.74731,35.089421],[-85.747356,35.08943],[-85.747408,35.089436],[-85.747467,35.089439],[-85.747519,35.089444],[-85.747565,35.08945],[-85.747605,35.089457],[-85.747638,35.089466],[-85.74769,35.089472],[-85.747761,35.089475],[-85.747851,35.089476],[-85.74796,35.089475],[-85.748044,35.08947],[-85.748103,35.089462],[-85.748138,35.089452],[-85.748148,35.089438],[-85.748166,35.089428],[-85.748192,35.089422],[-85.748226,35.08942],[-85.748268,35.089422],[-85.748302,35.089426],[-85.748329,35.089432],[-85.748348,35.08944],[-85.74836,35.089449],[-85.748368,35.089464],[-85.748374,35.089484],[-85.748376,35.089509],[-85.748376,35.089539],[-85.748397,35.089568],[-85.74844,35.089593],[-85.748505,35.089617],[-85.748592,35.089639],[-85.748658,35.089657],[-85.748705,35.089672],[-85.748729,35.089682],[-85.748727,35.089682]]],[[[-85.747234,35.089057],[-85.747233,35.089061],[-85.747227,35.089073],[-85.747218,35.089084],[-85.747205,35.089092],[-85.747193,35.089097],[-85.747234,35.089057]]],[[[-85.744879,35.088119],[-85.744872,35.088113],[-85.744866,35.088107],[-85.74486,35.0881],[-85.744852,35.088092],[-85.744846,35.088086],[-85.744839,35.088079],[-85.744833,35.088073],[-85.744827,35.088067],[-85.744821,35.08806],[-85.744815,35.088054],[-85.74481,35.088047],[-85.744802,35.088039],[-85.744796,35.088032],[-85.74479,35.088026],[-85.744784,35.088019],[-85.744779,35.088012],[-85.744774,35.088007],[-85.744784,35.087997],[-85.744786,35.087971],[-85.74479,35.087948],[-85.744796,35.08793],[-85.744804,35.087915],[-85.744814,35.087904],[-85.744837,35.087887],[-85.744872,35.087862],[-85.744918,35.087831],[-85.744978,35.087793],[-85.74503,35.087765],[-85.745075,35.087745],[-85.745114,35.087735],[-85.745146,35.087734],[-85.745169,35.087739],[-85.745185,35.087749],[-85.745193,35.087765],[-85.745192,35.087787],[-85.74519,35.087806],[-85.745186,35.087822],[-85.745179,35.087835],[-85.745171,35.087844],[-85.745147,35.087862],[-85.745108,35.087889],[-85.745054,35.087923],[-85.744985,35.087967],[-85.744933,35.08801],[-85.744898,35.088055],[-85.74488,35.0881],[-85.74488,35.08812],[-85.744879,35.088119]]],[[[-85.744073,35.08728],[-85.74407,35.087275],[-85.744066,35.08727],[-85.743994,35.087155],[-85.743999,35.087157],[-85.744014,35.087165],[-85.744029,35.087176],[-85.744042,35.087188],[-85.744052,35.087199],[-85.744061,35.087212],[-85.744068,35.087224],[-85.744072,35.087244],[-85.744075,35.087271],[-85.744076,35.087284],[-85.744073,35.08728]]],[[[-85.743148,35.085962],[-85.743142,35.085956],[-85.743134,35.085947],[-85.743126,35.085939],[-85.74312,35.085932],[-85.743112,35.085924],[-85.743104,35.085915],[-85.743097,35.085909],[-85.743089,35.085901],[-85.743086,35.085897],[-85.743118,35.085915],[-85.743149,35.085962],[-85.743149,35.085964],[-85.743148,35.085962]]]]}}
]
}
