{"type":"FeatureCollection","name":"aop_trail_network","_meta":{"about":"AOP merged trail network: hand-cleaned SFWDA traced trails + OSM tracks at one level. Authoritative truth, served directly by the static viewer (layer aop-trail-network). Self-contained: each feature carries its own difficulty colour, so it renders correctly on a fresh viewer load with no pipeline, DB, or localStorage dependency.","crs":"urn:ogc:def:crs:OGC:1.3:CRS84 (WGS84 lng/lat, RFC 7946 default)","color_legend":{"#1f9d3a":"easy","#2438c8":"moderate","#111111":"difficult","#f25e0d":"road","#888888":"unknown"},"difficulty_band":"Easy 1-20 | Moderate 21-39 & 80-99 | Difficult 40-79 (park rating; onX may differ)","feature_count":120,"difficulty_counts":{"easy":27,"moderate":48,"difficult":41,"road/none":4},"color_counts":{"#1f9d3a":27,"#2438c8":48,"#111111":41,"#f25e0d":4},"named":100,"numbered":87,"property_schema":["id","trail_number","name","kind","difficulty","color","source","review_status"],"review_flags":[],"generated_from":"aop_trail_network_2025_edited_10.svg round-trip; numbers/difficulty re-attached from markers"},"features":[{"type":"Feature","geometry":{"type":"LineString","coordinates":[[-85.7565319,35.0895229],[-85.756628,35.0895409],[-85.7567005,35.0895542],[-85.7567729,35.0895829],[-85.7568349,35.0896254],[-85.7568816,35.0896689],[-85.7569074,35.0897013],[-85.7569491,35.089775],[-85.7570119,35.0898342],[-85.7571849,35.0899079]]},"properties":{"id":"sfwda-0","name":"15","description":null,"kind":"trail","source":"sfwda_trace_edited","confidence":"merged truth (traced)","permission":"SFWDA paper map — permission TBD","status":"hand-edited; normalized from SVG","last_checked":null,"trail_number":15,"difficulty":"easy","review_status":"hand-edited; normalized from SVG","color":"#1f9d3a"}},{"type":"Feature","geometry":{"type":"LineString","coordinates":[[-85.7561913,35.0861614],[-85.7561614,35.086166],[-85.7561289,35.0861824],[-85.7561162,35.0862022]]},"properties":{"id":"sfwda-1","name":null,"description":null,"kind":"trail","source":"sfwda_trace_edited","confidence":"merged truth (traced)","permission":"SFWDA paper map — permission TBD","status":"hand-edited; normalized from SVG","last_checked":null,"trail_number":null,"difficulty":"moderate","review_status":"hand-edited; normalized from SVG","color":"#2438c8"}},{"type":"Feature","geometry":{"type":"LineString","coordinates":[[-85.7560103,35.0853717],[-85.756305,35.0853766],[-85.7563462,35.0853852],[-85.756398,35.0853862],[-85.7565726,35.085372],[-85.7567731,35.0852928],[-85.7567791,35.0852921],[-85.7567871,35.0852919],[-85.7568563,35.0853269],[-85.7570044,35.0853648],[-85.7571733,35.085371],[-85.7573907,35.0853528],[-85.7575188,35.0853288],[-85.7576229,35.0853203],[-85.7577072,35.0853291],[-85.757782,35.0854256],[-85.7577725,35.0856437],[-85.757758,35.0856659],[-85.7576927,35.0857212],[-85.7576517,35.0857502],[-85.7575523,35.0857828],[-85.7574418,35.085833],[-85.757248,35.0860133],[-85.7571643,35.0860906],[-85.7570375,35.0861548],[-85.7569418,35.086238],[-85.7568509,35.0863171],[-85.7568106,35.0863391],[-85.7567403,35.0864056],[-85.756602,35.0865052],[-85.7564762,35.0865681]]},"properties":{"id":"sfwda-2","name":"27","description":null,"kind":"trail","source":"sfwda_trace_edited","confidence":"merged truth (traced)","permission":"SFWDA paper map — permission TBD","status":"hand-edited; normalized from SVG","last_checked":null,"trail_number":27,"difficulty":"moderate","review_status":"hand-edited; normalized from SVG","color":"#2438c8"}},{"type":"Feature","geometry":{"type":"LineString","coordinates":[[-85.7562364,35.0883659],[-85.7563133,35.0882457],[-85.7563406,35.0881419],[-85.7563699,35.0880866],[-85.7563909,35.0880392],[-85.7564162,35.0879983],[-85.7564394,35.08798],[-85.7565166,35.0879713],[-85.7565984,35.0880106],[-85.7566527,35.0879427],[-85.7567473,35.0878963],[-85.7568493,35.0879021],[-85.7569259,35.0879569],[-85.756956,35.088008],[-85.7569467,35.0881788]]},"properties":{"id":"sfwda-3","name":"55","description":null,"kind":"trail","source":"sfwda_trace_edited","confidence":"merged truth (traced)","permission":"SFWDA paper map — permission TBD","status":"hand-edited; normalized from SVG","last_checked":null,"trail_number":55,"difficulty":"difficult","review_status":"hand-edited; normalized from SVG","color":"#111111"}},{"type":"Feature","geometry":{"type":"LineString","coordinates":[[-85.7581592,35.087589],[-85.7581099,35.0874639],[-85.7580546,35.0873958],[-85.7579111,35.0872327],[-85.7578126,35.0870594],[-85.7577658,35.0869273],[-85.7576576,35.0868657],[-85.7576296,35.0868258],[-85.7575873,35.0867267],[-85.7575232,35.0867031],[-85.7574563,35.0866936],[-85.7574299,35.0866794],[-85.7573551,35.0865887],[-85.75729,35.0865334],[-85.7572177,35.0864826],[-85.7571776,35.0864673],[-85.7570293,35.08644],[-85.7568501,35.0863577],[-85.7568273,35.0863274],[-85.7568204,35.0863188],[-85.7567385,35.0862555],[-85.7566642,35.0862504],[-85.7566208,35.0862193],[-85.7565675,35.0861094],[-85.7565279,35.0860105],[-85.7564945,35.0859041],[-85.7564877,35.0858234],[-85.756487,35.0857763],[-85.7563818,35.0856784],[-85.756365,35.0855809],[-85.7563787,35.0854756],[-85.7563641,35.085437],[-85.7563447,35.0853855]]},"properties":{"id":"sfwda-4","name":"39","description":null,"kind":"trail","source":"sfwda_trace_edited","confidence":"merged truth (traced)","permission":"SFWDA paper map — permission TBD","status":"hand-edited; normalized from SVG","last_checked":null,"trail_number":39,"difficulty":"moderate","review_status":"hand-edited; normalized from SVG","color":"#2438c8"}},{"type":"Feature","geometry":{"type":"LineString","coordinates":[[-85.7575634,35.0880521],[-85.7573933,35.0880742],[-85.7573575,35.0880787],[-85.7572455,35.0881077],[-85.7571109,35.0881384],[-85.7569918,35.088163],[-85.756914,35.088194],[-85.7566785,35.0882703],[-85.7564141,35.0883283],[-85.7563349,35.0883427],[-85.7562977,35.0883497],[-85.7562149,35.0883722],[-85.7560781,35.088393],[-85.7559875,35.0884172],[-85.7558903,35.0884556],[-85.7558252,35.0884442],[-85.7557524,35.0885041],[-85.7555717,35.088546],[-85.7554611,35.0885542],[-85.7553889,35.0885292],[-85.7553388,35.0884711],[-85.7553597,35.088399],[-85.7554209,35.0883458],[-85.7555934,35.0882971],[-85.7556936,35.08823],[-85.7556932,35.0881542],[-85.7556995,35.088089],[-85.7557117,35.0880206],[-85.7557311,35.087942],[-85.7557521,35.0879079],[-85.7558687,35.0878467],[-85.7559359,35.087734],[-85.7559383,35.0875959],[-85.7558988,35.0875181],[-85.7558847,35.0874639]]},"properties":{"id":"sfwda-5","name":"60","description":null,"kind":"trail","source":"sfwda_trace_edited","confidence":"merged truth (traced)","permission":"SFWDA paper map — permission TBD","status":"hand-edited; normalized from SVG","last_checked":null,"trail_number":60,"difficulty":"difficult","review_status":"hand-edited; normalized from SVG","color":"#111111"}},{"type":"Feature","geometry":{"type":"LineString","coordinates":[[-85.7534863,35.0901367],[-85.7536167,35.0900452],[-85.7536773,35.09],[-85.7537477,35.0899427],[-85.7538348,35.0898587],[-85.7538904,35.0897831],[-85.7539371,35.0897316],[-85.7539741,35.0897001],[-85.7541052,35.0895704],[-85.7542064,35.0894318],[-85.7542034,35.0894339],[-85.7542944,35.0893936],[-85.754412,35.089386],[-85.7545147,35.0894043],[-85.7546231,35.0894543],[-85.7546796,35.0894797],[-85.7547142,35.0894933],[-85.7547928,35.0895184],[-85.7548894,35.089583],[-85.754961,35.0896595],[-85.754994,35.0896795],[-85.7550626,35.0897313],[-85.7551312,35.0897928],[-85.7551517,35.0898937],[-85.7551534,35.0899373],[-85.7551588,35.0900184],[-85.7552034,35.090089],[-85.7552073,35.0901982],[-85.7552052,35.0902869]]},"properties":{"id":"sfwda-6","name":"23","description":null,"kind":"trail","source":"sfwda_trace_edited","confidence":"merged truth (traced)","permission":"SFWDA paper map — permission TBD","status":"hand-edited; normalized from SVG","last_checked":null,"trail_number":23,"difficulty":"moderate","review_status":"hand-edited; normalized from SVG","color":"#2438c8"}},{"type":"Feature","geometry":{"type":"LineString","coordinates":[[-85.7557525,35.0848163],[-85.7557461,35.0848972],[-85.7557072,35.0849443],[-85.7556209,35.0849606],[-85.7555498,35.0850409],[-85.755519,35.0850956],[-85.7555137,35.0851052],[-85.7555033,35.085183],[-85.7555027,35.0852228],[-85.7555047,35.0852852],[-85.7555824,35.0854371],[-85.755586,35.0855957],[-85.7555883,35.0857082],[-85.7556222,35.085793],[-85.7556119,35.086208],[-85.7556125,35.0866142],[-85.755593,35.086726],[-85.7556099,35.0871447],[-85.7556306,35.0872821],[-85.7556778,35.0873486],[-85.7557372,35.0874006],[-85.7557481,35.08741],[-85.7558516,35.0874582],[-85.755897,35.0874639],[-85.7560109,35.0874166],[-85.756121,35.0873882],[-85.7565667,35.0873665],[-85.7566915,35.0873286],[-85.7568062,35.0872763],[-85.7568738,35.0872325],[-85.7569873,35.087143],[-85.7571011,35.0869952]]},"properties":{"id":"sfwda-7","name":"81","description":null,"kind":"trail","source":"sfwda_trace_edited","confidence":"merged truth (traced)","permission":"SFWDA paper map — permission TBD","status":"hand-edited; normalized from SVG","last_checked":null,"trail_number":81,"difficulty":"moderate","review_status":"hand-edited; normalized from SVG","color":"#2438c8"}},{"type":"Feature","geometry":{"type":"LineString","coordinates":[[-85.7576024,35.0857657],[-85.7577098,35.0857772],[-85.7577804,35.0858138],[-85.7578635,35.0858767],[-85.7579624,35.0860761],[-85.758124,35.0862664],[-85.758137,35.0862825],[-85.7582203,35.0863698],[-85.7582615,35.086424],[-85.758283,35.0865074],[-85.7582911,35.0866005],[-85.7583106,35.0867017],[-85.7583687,35.0868003],[-85.7585558,35.0869425],[-85.7585928,35.0869934],[-85.7585905,35.087301],[-85.7586359,35.0873908],[-85.7586379,35.0874431],[-85.7586118,35.0874897],[-85.7583977,35.0875648],[-85.7581611,35.0875895],[-85.7581469,35.0875903],[-85.7578618,35.0876733],[-85.7577197,35.0877519],[-85.7575997,35.087838]]},"properties":{"id":"sfwda-8","name":"GWT","description":null,"kind":"trail","source":"sfwda_trace_edited","confidence":"merged truth (traced)","permission":"SFWDA paper map — permission TBD","status":"hand-edited; normalized from SVG","last_checked":null,"trail_number":null,"difficulty":"moderate","review_status":"hand-edited; normalized from SVG","color":"#2438c8"}},{"type":"Feature","geometry":{"type":"LineString","coordinates":[[-85.7539269,35.0868154],[-85.7539185,35.0866361],[-85.753938,35.08659],[-85.7539394,35.0865381],[-85.7540493,35.086376],[-85.7542613,35.0863559],[-85.7543601,35.0863817],[-85.7544301,35.0863911],[-85.75455,35.0863873],[-85.7546336,35.0863865],[-85.7546479,35.0863658],[-85.754637,35.0863386],[-85.7545831,35.0863114],[-85.7545567,35.0863009],[-85.7544078,35.0862409],[-85.754229,35.0861752],[-85.7541389,35.0861136],[-85.7541031,35.0860793],[-85.7540966,35.0860075],[-85.7541806,35.0859761],[-85.7542366,35.085974],[-85.7543214,35.0859772],[-85.7543803,35.0860086],[-85.7544689,35.0860105],[-85.7545471,35.0859737],[-85.7545819,35.085936]]},"properties":{"id":"sfwda-9","name":"84","description":null,"kind":"trail","source":"sfwda_trace_edited","confidence":"merged truth (traced)","permission":"SFWDA paper map — permission TBD","status":"hand-edited; normalized from SVG","last_checked":null,"trail_number":84,"difficulty":"moderate","review_status":"hand-edited; normalized from SVG","color":"#2438c8"}},{"type":"Feature","geometry":{"type":"LineString","coordinates":[[-85.7554264,35.0847064],[-85.7555081,35.0846262],[-85.7556915,35.0844639],[-85.7559252,35.0843116],[-85.7560615,35.0842389],[-85.756144,35.0842171],[-85.7563274,35.0842112],[-85.756398,35.084222],[-85.7565279,35.0842692],[-85.7566238,35.0843781],[-85.7566967,35.0845164],[-85.756687,35.0847427],[-85.7566405,35.0848505],[-85.7565595,35.0849264],[-85.7565009,35.0849556],[-85.756287,35.0849748],[-85.7560794,35.0849869],[-85.7558962,35.0849499]]},"properties":{"id":"sfwda-10","name":"56","description":null,"kind":"trail","source":"sfwda_trace_edited","confidence":"merged truth (traced)","permission":"SFWDA paper map — permission TBD","status":"hand-edited; normalized from SVG","last_checked":null,"trail_number":56,"difficulty":"difficult","review_status":"hand-edited; normalized from SVG","color":"#111111"}},{"type":"Feature","geometry":{"type":"LineString","coordinates":[[-85.7538993,35.084714],[-85.7539315,35.0847395],[-85.7540089,35.0848309],[-85.7540459,35.0849141],[-85.7540966,35.0850001],[-85.7542266,35.085071],[-85.7544307,35.0851193],[-85.7545264,35.0851479],[-85.7546904,35.0852056]]},"properties":{"id":"sfwda-11","name":"16","description":null,"kind":"trail","source":"sfwda_trace_edited","confidence":"merged truth (traced)","permission":"SFWDA paper map — permission TBD","status":"hand-edited; normalized from SVG","last_checked":null,"trail_number":16,"difficulty":"easy","review_status":"hand-edited; normalized from SVG","color":"#1f9d3a"}},{"type":"Feature","geometry":{"type":"LineString","coordinates":[[-85.7586335,35.0940183],[-85.7585493,35.0941331],[-85.7584699,35.0942055],[-85.7583578,35.0942565],[-85.7583477,35.0942734],[-85.7583006,35.0943503],[-85.7580659,35.0944415],[-85.758044,35.09445],[-85.7579581,35.0945767],[-85.7579579,35.0946699],[-85.7580145,35.0947437],[-85.7580785,35.0947709],[-85.7582992,35.0947722],[-85.758349,35.0947927],[-85.7583985,35.0948532],[-85.7583913,35.0949269],[-85.7583271,35.09498],[-85.7579206,35.0951567],[-85.7578495,35.095156],[-85.7577645,35.0950621],[-85.7576992,35.094927],[-85.7576708,35.0948383],[-85.7576587,35.0947149],[-85.7576523,35.0945153],[-85.7576312,35.0944552],[-85.7575674,35.0944216],[-85.7574389,35.0944478],[-85.7573963,35.094421],[-85.7573332,35.094162],[-85.7572384,35.0939575],[-85.7571021,35.0938655],[-85.7569734,35.0938261]]},"properties":{"id":"sfwda-12","name":"35","description":null,"kind":"trail","source":"sfwda_trace_edited","confidence":"merged truth (traced)","permission":"SFWDA paper map — permission TBD","status":"hand-edited; normalized from SVG","last_checked":null,"trail_number":35,"difficulty":"moderate","review_status":"hand-edited; normalized from SVG","color":"#2438c8"}},{"type":"Feature","geometry":{"type":"LineString","coordinates":[[-85.755411,35.0847045],[-85.755306,35.0848002],[-85.7551506,35.0849321],[-85.7550363,35.0850076],[-85.7548851,35.0850672],[-85.7547668,35.0851275],[-85.7546931,35.0851993],[-85.7546904,35.0852056],[-85.7546448,35.0852995],[-85.7544662,35.08549],[-85.7542535,35.0856027],[-85.7540703,35.0856361],[-85.7538295,35.0856398],[-85.7536429,35.0856493],[-85.7535233,35.0856783],[-85.7534037,35.0858519],[-85.7533396,35.0858538],[-85.7532231,35.0857802],[-85.7530198,35.0855864],[-85.7528031,35.0854519],[-85.7524824,35.0853464],[-85.7521948,35.0852625]]},"properties":{"id":"sfwda-13","name":"18","description":null,"kind":"trail","source":"sfwda_trace_edited","confidence":"merged truth (traced)","permission":"SFWDA paper map — permission TBD","status":"hand-edited; normalized from SVG","last_checked":null,"trail_number":18,"difficulty":"easy","review_status":"hand-edited; normalized from SVG","color":"#1f9d3a"}},{"type":"Feature","geometry":{"type":"LineString","coordinates":[[-85.7532702,35.0897284],[-85.7533449,35.0896513],[-85.7533797,35.0896188],[-85.7534415,35.0895934],[-85.7535088,35.0895895],[-85.7535931,35.0896179],[-85.7536437,35.0896208],[-85.7536826,35.0895771],[-85.7537047,35.0895131],[-85.7537312,35.0894871],[-85.753768,35.0894785],[-85.7538217,35.0894717],[-85.7538483,35.0894408],[-85.7538662,35.0894152],[-85.753921,35.089396],[-85.7540389,35.0894123],[-85.7541219,35.0894375],[-85.7542034,35.0894339]]},"properties":{"id":"sfwda-14","name":"21","description":null,"kind":"trail","source":"sfwda_trace_edited","confidence":"merged truth (traced)","permission":"SFWDA paper map — permission TBD","status":"hand-edited; normalized from SVG","last_checked":null,"trail_number":21,"difficulty":"moderate","review_status":"hand-edited; normalized from SVG","color":"#2438c8"}},{"type":"Feature","geometry":{"type":"LineString","coordinates":[[-85.7459565,35.0896269],[-85.7480142,35.0899202],[-85.7481558,35.0899428],[-85.7483713,35.0899428],[-85.7485397,35.0899126],[-85.74868,35.0898512],[-85.7487832,35.08975],[-85.7488259,35.0896917],[-85.7488747,35.0896418],[-85.7489742,35.0895971],[-85.7491448,35.0895574],[-85.7493702,35.089531],[-85.7496251,35.0894709],[-85.749703,35.0894435],[-85.7501148,35.0893378]]},"properties":{"id":"sfwda-15","name":null,"description":null,"kind":"trail","source":"sfwda_trace_edited","confidence":"merged truth (traced)","permission":"SFWDA paper map — permission TBD","status":"hand-edited; normalized from SVG","last_checked":null,"trail_number":null,"difficulty":null,"review_status":"hand-edited; normalized from SVG","color":"#f25e0d"}},{"type":"Feature","geometry":{"type":"LineString","coordinates":[[-85.7501157,35.0893373],[-85.7498095,35.0900652],[-85.7497246,35.0901817],[-85.7496215,35.0902567],[-85.7496358,35.0902749],[-85.7496626,35.0902914],[-85.7497455,35.0903074],[-85.7498754,35.0903108],[-85.7500298,35.0902643],[-85.7504195,35.0901449],[-85.7504599,35.09014],[-85.7506591,35.0901151],[-85.7508012,35.0901086],[-85.7509555,35.0901515],[-85.7512205,35.0902793],[-85.7512707,35.090296],[-85.7513763,35.0903312],[-85.7517652,35.0904151],[-85.7518755,35.0904258],[-85.7519546,35.0904336],[-85.7521187,35.0904496],[-85.7524827,35.0904641],[-85.7528011,35.0904786],[-85.7530838,35.0905248],[-85.7533666,35.0906432],[-85.753505,35.0907177],[-85.7536777,35.0908107],[-85.753964,35.0909985],[-85.7543511,35.0912263],[-85.7544839,35.0913047],[-85.7551945,35.0917323],[-85.7555914,35.0919412],[-85.7557213,35.0920097],[-85.7560113,35.0921423],[-85.756121,35.0921715],[-85.7561616,35.0921696],[-85.7561858,35.0921573],[-85.7562094,35.0921327],[-85.7562303,35.0920902],[-85.7562444,35.0919807],[-85.7562482,35.0918448],[-85.7562763,35.0917092],[-85.7564354,35.0913741],[-85.7567396,35.0907241],[-85.7568562,35.0904931],[-85.7569018,35.0904434],[-85.756944,35.0903973],[-85.7569729,35.0903659],[-85.757033,35.0902706],[-85.7570931,35.0901117],[-85.7572097,35.0898547],[-85.7573901,35.0894472],[-85.7574889,35.0891266],[-85.7575102,35.0889416],[-85.7575046,35.0888451],[-85.7575031,35.0888204],[-85.7574946,35.0886946],[-85.7574944,35.0886878],[-85.7574889,35.0886094],[-85.7574961,35.0884534],[-85.7575281,35.0882454],[-85.7575634,35.0880521],[-85.7575988,35.0878583],[-85.7575997,35.087838],[-85.7576057,35.0877113],[-85.7575703,35.0875319],[-85.7574928,35.0873644],[-85.7573158,35.0871361],[-85.7571319,35.0870147],[-85.7571011,35.0869952],[-85.756881,35.0868559],[-85.7565487,35.0866247],[-85.7564855,35.0865721],[-85.7563542,35.0864628],[-85.7562763,35.0863532],[-85.7562163,35.0862376],[-85.7561526,35.0860498],[-85.7560291,35.0858215],[-85.7560113,35.0857436],[-85.7560043,35.0855674],[-85.7560113,35.085397],[-85.7560103,35.0853717],[-85.7560043,35.0852031],[-85.7559617,35.0850587],[-85.7558962,35.0849499],[-85.7558557,35.0848827],[-85.7557525,35.0848163],[-85.7556896,35.0847757],[-85.7554669,35.0847121],[-85.7554264,35.0847064],[-85.755411,35.0847045],[-85.7552794,35.0846862],[-85.7551344,35.0846255],[-85.7550167,35.0845805],[-85.7549919,35.0845686],[-85.754802,35.0845271],[-85.7545724,35.0845388],[-85.7543636,35.0845504],[-85.754341,35.0845562],[-85.7541796,35.0845966],[-85.7538993,35.084714],[-85.7537521,35.0847757],[-85.7530343,35.0850445],[-85.7525712,35.0851775],[-85.7523272,35.0852352],[-85.7521948,35.0852625],[-85.7521153,35.0852787]]},"properties":{"id":"sfwda-16","name":"1","description":null,"kind":"trail","source":"sfwda_trace_edited","confidence":"merged truth (traced)","permission":"SFWDA paper map — permission TBD","status":"hand-edited; normalized from SVG","last_checked":null,"trail_number":1,"difficulty":"easy","review_status":"hand-edited; normalized from SVG","color":"#1f9d3a"}},{"type":"Feature","geometry":{"type":"LineString","coordinates":[[-85.7546005,35.0858368],[-85.7545829,35.085901],[-85.7545817,35.0860141],[-85.7546019,35.0861109],[-85.7547581,35.0862099],[-85.7553473,35.0861773],[-85.7555006,35.0862181],[-85.7555955,35.0862214],[-85.7556361,35.0862574],[-85.755669,35.0862915],[-85.7557105,35.0863239],[-85.7557733,35.0863281],[-85.7558875,35.0863105],[-85.7560349,35.0862072],[-85.7561162,35.0862022],[-85.7561348,35.0862215],[-85.7561463,35.0862674],[-85.7561359,35.0863421],[-85.7561154,35.0864284],[-85.756001,35.0865631],[-85.755965,35.08664],[-85.7559188,35.0866834],[-85.755881,35.0867506],[-85.7558765,35.0868426],[-85.7559113,35.0869138],[-85.7559772,35.0869645],[-85.7560739,35.0869947],[-85.7562643,35.0869832],[-85.7563941,35.0868866],[-85.7564724,35.0866967],[-85.7564855,35.0865721]]},"properties":{"id":"sfwda-17","name":"85","description":null,"kind":"trail","source":"sfwda_trace_edited","confidence":"merged truth (traced)","permission":"SFWDA paper map — permission TBD","status":"hand-edited; normalized from SVG","last_checked":null,"trail_number":85,"difficulty":"moderate","review_status":"hand-edited; normalized from SVG","color":"#2438c8"}},{"type":"Feature","geometry":{"type":"LineString","coordinates":[[-85.7565346,35.0902187],[-85.7564762,35.0901851],[-85.7564409,35.0901305],[-85.7564197,35.0900282],[-85.7564351,35.0899135],[-85.7564549,35.0898185],[-85.7565078,35.0896548],[-85.7565286,35.0895501],[-85.756544,35.0894226],[-85.7565723,35.0893037],[-85.7566181,35.0892339],[-85.7567383,35.0891316],[-85.7568364,35.0890259],[-85.7568909,35.0889514],[-85.7569497,35.0888902],[-85.7570145,35.0888037],[-85.757086,35.0887123],[-85.7571486,35.0886766],[-85.7572468,35.0886721],[-85.7573592,35.0887066],[-85.7574946,35.0886946]]},"properties":{"id":"sfwda-18","name":"12","description":null,"kind":"trail","source":"sfwda_trace_edited","confidence":"merged truth (traced)","permission":"SFWDA paper map — permission TBD","status":"hand-edited; normalized from SVG","last_checked":null,"trail_number":12,"difficulty":"easy","review_status":"hand-edited; normalized from SVG","color":"#1f9d3a"}},{"type":"Feature","geometry":{"type":"LineString","coordinates":[[-85.7555851,35.0855984],[-85.755716,35.0855727],[-85.7558793,35.0855595],[-85.7560102,35.085528]]},"properties":{"id":"sfwda-19","name":"82","description":null,"kind":"trail","source":"sfwda_trace_edited","confidence":"merged truth (traced)","permission":"SFWDA paper map — permission TBD","status":"hand-edited; normalized from SVG","last_checked":null,"trail_number":82,"difficulty":"moderate","review_status":"hand-edited; normalized from SVG","color":"#2438c8"}},{"type":"Feature","geometry":{"type":"LineString","coordinates":[[-85.7585101,35.0975506],[-85.7585644,35.0975515],[-85.7586291,35.0975101],[-85.7587082,35.0974967],[-85.7588197,35.0975346],[-85.7589599,35.0975831],[-85.7590973,35.0975797],[-85.7592807,35.0975235],[-85.7594353,35.0974374],[-85.7595686,35.0972891],[-85.7595929,35.0972101],[-85.7595927,35.0971719],[-85.7595212,35.0970499],[-85.7595406,35.0969657],[-85.7595406,35.0969531],[-85.759524,35.0969044],[-85.7593886,35.096829],[-85.7593467,35.0967526],[-85.7593403,35.096668],[-85.7593478,35.0965951],[-85.7594047,35.0965459],[-85.7594276,35.0964728],[-85.759535,35.096336],[-85.7595507,35.0962477],[-85.7595577,35.0961324],[-85.7595402,35.0960317],[-85.7594671,35.0959464],[-85.7593127,35.0957027],[-85.7592419,35.0956522],[-85.7591355,35.0956358],[-85.7590922,35.0955855],[-85.7590652,35.0955122],[-85.758959,35.0954155],[-85.7588096,35.0953794],[-85.7586977,35.0953074]]},"properties":{"id":"sfwda-20","name":"92","description":null,"kind":"trail","source":"sfwda_trace_edited","confidence":"merged truth (traced)","permission":"SFWDA paper map — permission TBD","status":"hand-edited; normalized from SVG","last_checked":null,"trail_number":92,"difficulty":"moderate","review_status":"hand-edited; normalized from SVG","color":"#2438c8"}},{"type":"Feature","geometry":{"type":"LineString","coordinates":[[-85.755519,35.0850956],[-85.755462,35.0851268],[-85.7554301,35.0851716],[-85.7554098,35.0852239],[-85.7553456,35.0852816],[-85.7551427,35.0855276],[-85.7549455,35.0856471],[-85.7546909,35.085716],[-85.754629,35.0857706],[-85.7545994,35.0858449],[-85.754609,35.0859004],[-85.754666,35.085939],[-85.754674,35.0859453],[-85.7547559,35.085969],[-85.7548771,35.0859662],[-85.7549946,35.0859475],[-85.7551729,35.0858227],[-85.7552469,35.0857958],[-85.7552726,35.0857772],[-85.7552928,35.0857392],[-85.755377,35.0856542],[-85.7554442,35.0855595],[-85.7554723,35.0855179],[-85.7555229,35.0854958],[-85.755577,35.0854588],[-85.7556006,35.0854397],[-85.7557653,35.0854345],[-85.755873,35.0854787],[-85.755948,35.0854904],[-85.75601,35.0855154]]},"properties":{"id":"sfwda-21","name":"86","description":null,"kind":"trail","source":"sfwda_trace_edited","confidence":"merged truth (traced)","permission":"SFWDA paper map — permission TBD","status":"hand-edited; normalized from SVG","last_checked":null,"trail_number":86,"difficulty":"moderate","review_status":"hand-edited; normalized from SVG","color":"#2438c8"}},{"type":"Feature","geometry":{"type":"LineString","coordinates":[[-85.7557372,35.0874006],[-85.7554833,35.0873505],[-85.7553538,35.0873016],[-85.7552714,35.0872317],[-85.7552198,35.0871416],[-85.7552232,35.0870305],[-85.7550884,35.0868579],[-85.7550439,35.0867483],[-85.7549946,35.0867106],[-85.7547278,35.0865533],[-85.7546688,35.0865376],[-85.7544933,35.0865497],[-85.7543962,35.0865203],[-85.7543264,35.0865069],[-85.754249,35.0865033],[-85.7540472,35.0865565],[-85.7539747,35.0866594],[-85.753973,35.0867319],[-85.7539483,35.0867896],[-85.7538849,35.086859],[-85.7538745,35.0869882],[-85.7539461,35.0871549],[-85.7539366,35.0872844],[-85.7539702,35.0873503],[-85.7540628,35.0874346],[-85.7541637,35.0874888],[-85.7544229,35.0874865],[-85.7545792,35.0875998],[-85.7546763,35.0876432],[-85.7547486,35.0876546],[-85.7549141,35.087625],[-85.7551244,35.0877115],[-85.7553706,35.0877066],[-85.7555202,35.0876706],[-85.7556835,35.0875884],[-85.7557547,35.0875293],[-85.7558238,35.0874999],[-85.7558682,35.0874573]]},"properties":{"id":"sfwda-22","name":"83","description":null,"kind":"trail","source":"sfwda_trace_edited","confidence":"merged truth (traced)","permission":"SFWDA paper map — permission TBD","status":"hand-edited; normalized from SVG","last_checked":null,"trail_number":83,"difficulty":"moderate","review_status":"hand-edited; normalized from SVG","color":"#2438c8"}},{"type":"Feature","geometry":{"type":"LineString","coordinates":[[-85.7495122,35.0948887],[-85.7496762,35.0949715],[-85.7497759,35.0950566],[-85.7497688,35.09521],[-85.749793,35.0952716],[-85.7498941,35.0953926],[-85.7499095,35.0955],[-85.7499681,35.095568],[-85.7500938,35.0955985],[-85.7501664,35.0956502],[-85.7501998,35.0957168],[-85.7502159,35.095784]]},"properties":{"id":"sfwda-23","name":"38","description":null,"kind":"trail","source":"sfwda_trace_edited","confidence":"merged truth (traced)","permission":"SFWDA paper map — permission TBD","status":"hand-edited; normalized from SVG","last_checked":null,"trail_number":38,"difficulty":"moderate","review_status":"hand-edited; normalized from SVG","color":"#2438c8"}},{"type":"Feature","geometry":{"type":"LineString","coordinates":[[-85.7537366,35.0904837],[-85.7538303,35.0904301],[-85.7539635,35.0903334],[-85.7540726,35.090238],[-85.7542255,35.0900999],[-85.7543527,35.0899504],[-85.7544145,35.0898805],[-85.754486,35.0897856],[-85.7545438,35.0896859],[-85.7546291,35.0895646],[-85.7546997,35.0894718],[-85.7547806,35.0893757],[-85.7550218,35.0892694],[-85.7550986,35.08921],[-85.7553062,35.0889767],[-85.755442,35.0890257],[-85.7555395,35.0890378],[-85.7557065,35.0891046],[-85.7559034,35.08916],[-85.756089,35.0892088],[-85.7563372,35.0892617],[-85.7564454,35.0892751],[-85.7565917,35.0892731]]},"properties":{"id":"sfwda-24","name":"54","description":null,"kind":"trail","source":"sfwda_trace_edited","confidence":"merged truth (traced)","permission":"SFWDA paper map — permission TBD","status":"hand-edited; normalized from SVG","last_checked":null,"trail_number":54,"difficulty":"difficult","review_status":"hand-edited; normalized from SVG","color":"#111111"}},{"type":"Feature","geometry":{"type":"LineString","coordinates":[[-85.7586715,35.095149],[-85.758785,35.095152],[-85.7588962,35.0951642],[-85.758951,35.095152],[-85.7590208,35.0951354],[-85.7591315,35.0951399],[-85.7591523,35.0951437],[-85.759219,35.0951658],[-85.7592468,35.0951817],[-85.7592773,35.0952019],[-85.7593582,35.0952935],[-85.7594083,35.0953092],[-85.7594972,35.0952726],[-85.7595791,35.0952884],[-85.759678,35.0953514],[-85.759831,35.0954607],[-85.7599675,35.0955833],[-85.7600518,35.0956646],[-85.7601078,35.0957595],[-85.7601696,35.0959435],[-85.7601758,35.0960269],[-85.7601651,35.096076],[-85.7601314,35.0962257],[-85.7601453,35.0963572],[-85.7600998,35.0965187],[-85.7600927,35.0965438],[-85.7600839,35.0966587],[-85.7600609,35.0967056],[-85.7598698,35.0968243],[-85.7597712,35.09692],[-85.7597008,35.0969563],[-85.7595422,35.0969658]]},"properties":{"id":"sfwda-25","name":"91","description":null,"kind":"trail","source":"sfwda_trace_edited","confidence":"merged truth (traced)","permission":"SFWDA paper map — permission TBD","status":"hand-edited; normalized from SVG","last_checked":null,"trail_number":91,"difficulty":"moderate","review_status":"hand-edited; normalized from SVG","color":"#2438c8"}},{"type":"Feature","geometry":{"type":"LineString","coordinates":[[-85.7509621,35.0901595],[-85.7509705,35.0903249],[-85.750961,35.090551],[-85.7511053,35.0907099],[-85.7513195,35.0907606],[-85.7516941,35.0907677],[-85.7518034,35.0908199],[-85.7519594,35.0909761],[-85.7520592,35.0911581],[-85.7522658,35.0913599],[-85.7523328,35.0914052],[-85.7524707,35.0914436],[-85.7527697,35.0916547],[-85.7528907,35.0917575],[-85.7530437,35.0919501],[-85.7531731,35.0920534],[-85.7533591,35.0921573],[-85.7535692,35.0923715],[-85.7536906,35.0924496],[-85.7540796,35.0926081],[-85.7542179,35.092719],[-85.7542873,35.0927454],[-85.7546111,35.0930652],[-85.7547816,35.0930833],[-85.7548465,35.0930474]]},"properties":{"id":"sfwda-26","name":"97","description":null,"kind":"trail","source":"sfwda_trace_edited","confidence":"merged truth (traced)","permission":"SFWDA paper map — permission TBD","status":"hand-edited; normalized from SVG","last_checked":null,"trail_number":97,"difficulty":"moderate","review_status":"hand-edited; normalized from SVG","color":"#2438c8"}},{"type":"Feature","geometry":{"type":"LineString","coordinates":[[-85.7501278,35.0956268],[-85.7501342,35.0954711],[-85.7502189,35.095339],[-85.7503304,35.0952515],[-85.750439,35.0951889],[-85.7504779,35.095143],[-85.7504795,35.0950784],[-85.7503988,35.0950187],[-85.7503131,35.09498]]},"properties":{"id":"sfwda-27","name":"36","description":null,"kind":"trail","source":"sfwda_trace_edited","confidence":"merged truth (traced)","permission":"SFWDA paper map — permission TBD","status":"hand-edited; normalized from SVG","last_checked":null,"trail_number":36,"difficulty":"moderate","review_status":"hand-edited; normalized from SVG","color":"#2438c8"}},{"type":"Feature","geometry":{"type":"LineString","coordinates":[[-85.759219,35.0951658],[-85.7592382,35.095151],[-85.7594179,35.0949245],[-85.7594676,35.0948177],[-85.7594978,35.0947531],[-85.7596057,35.0946608],[-85.7596918,35.0946211],[-85.7597559,35.0946211],[-85.7598838,35.0946981],[-85.7599482,35.0946977],[-85.7600056,35.0946714],[-85.7601483,35.0946769],[-85.760255,35.0947212],[-85.7603743,35.0948547],[-85.7604212,35.0949386],[-85.7604438,35.0950295],[-85.7605134,35.0951396],[-85.7605811,35.0952327],[-85.7606128,35.0953027],[-85.7606166,35.0954171],[-85.760536,35.095572],[-85.7605134,35.095681],[-85.7603541,35.0959103],[-85.7603179,35.0960014],[-85.7602813,35.0960477],[-85.760255,35.096124],[-85.7602237,35.0962089],[-85.7601945,35.0963016],[-85.7601908,35.0963717],[-85.7601605,35.0964407],[-85.7600998,35.0965187]]},"properties":{"id":"sfwda-28","name":"93","description":null,"kind":"trail","source":"sfwda_trace_edited","confidence":"merged truth (traced)","permission":"SFWDA paper map — permission TBD","status":"hand-edited; normalized from SVG","last_checked":null,"trail_number":93,"difficulty":"moderate","review_status":"hand-edited; normalized from SVG","color":"#2438c8"}},{"type":"Feature","geometry":{"type":"LineString","coordinates":[[-85.7550167,35.0845805],[-85.7549175,35.0847292],[-85.7547703,35.0848054],[-85.7546271,35.0848617],[-85.7545246,35.0849537],[-85.7544977,35.0850474],[-85.7544572,35.0851239]]},"properties":{"id":"sfwda-29","name":"20","description":null,"kind":"trail","source":"sfwda_trace_edited","confidence":"merged truth (traced)","permission":"SFWDA paper map — permission TBD","status":"hand-edited; normalized from SVG","last_checked":null,"trail_number":20,"difficulty":"easy","review_status":"hand-edited; normalized from SVG","color":"#1f9d3a"}},{"type":"Feature","geometry":{"type":"LineString","coordinates":[[-85.7567791,35.0852921],[-85.7567534,35.0851105],[-85.7566642,35.0850284],[-85.7565897,35.0849928],[-85.756504,35.0849586]]},"properties":{"id":"sfwda-30","name":"29","description":null,"kind":"trail","source":"sfwda_trace_edited","confidence":"merged truth (traced)","permission":"SFWDA paper map — permission TBD","status":"hand-edited; normalized from SVG","last_checked":null,"trail_number":29,"difficulty":"moderate","review_status":"hand-edited; normalized from SVG","color":"#2438c8"}},{"type":"Feature","geometry":{"type":"LineString","coordinates":[[-85.7494582,35.095605],[-85.749528,35.095513],[-85.749531,35.0954322],[-85.7494981,35.095339],[-85.7494981,35.0952716],[-85.7494311,35.0951926],[-85.7494029,35.0951411],[-85.7494085,35.0951086],[-85.7494461,35.0950785],[-85.7494818,35.0950001],[-85.7494721,35.09491]]},"properties":{"id":"sfwda-31","name":"99","description":null,"kind":"trail","source":"sfwda_trace_edited","confidence":"merged truth (traced)","permission":"SFWDA paper map — permission TBD","status":"hand-edited; normalized from SVG","last_checked":null,"trail_number":99,"difficulty":"moderate","review_status":"hand-edited; normalized from SVG","color":"#2438c8"}},{"type":"Feature","geometry":{"type":"LineString","coordinates":[[-85.7486708,35.0874897],[-85.7487798,35.0874213],[-85.7488288,35.0874222],[-85.7488837,35.0873911],[-85.748898,35.0873179],[-85.7489585,35.0872461],[-85.7489722,35.0871615]]},"properties":{"id":"sfwda-32","name":"71","description":null,"kind":"trail","source":"sfwda_trace_edited","confidence":"merged truth (traced)","permission":"SFWDA paper map — permission TBD","status":"hand-edited; normalized from SVG","last_checked":null,"trail_number":71,"difficulty":"difficult","review_status":"hand-edited; normalized from SVG","color":"#111111"}},{"type":"Feature","geometry":{"type":"LineString","coordinates":[[-85.7502349,35.0892853],[-85.7501496,35.0891655],[-85.7500197,35.0890604],[-85.7498186,35.0889456],[-85.7496844,35.0888962],[-85.7494617,35.0888452],[-85.7490818,35.0888411],[-85.7488309,35.0888057],[-85.7485993,35.0887288],[-85.7484038,35.0886212],[-85.7478566,35.0881474],[-85.7473059,35.0878473],[-85.7473072,35.0876825],[-85.7473331,35.0876385],[-85.7473847,35.087608],[-85.7474531,35.0876096],[-85.7476159,35.0876896],[-85.7476846,35.0876979],[-85.7477609,35.0876357],[-85.7477165,35.0875139],[-85.7476702,35.0873713],[-85.7476464,35.0872801],[-85.7476454,35.087194],[-85.7476871,35.0871384],[-85.7477609,35.0870946],[-85.7478996,35.08707],[-85.748007,35.0870952],[-85.7480468,35.0871247],[-85.7480957,35.0871713],[-85.7481562,35.0872235],[-85.7482549,35.0873054],[-85.7484286,35.087358],[-85.7485296,35.0873495],[-85.7485914,35.0873312],[-85.7486612,35.0872855],[-85.7487781,35.0871371],[-85.748851,35.0870051],[-85.7489908,35.0868775],[-85.7491041,35.0868424],[-85.7493094,35.0868544],[-85.7495002,35.0869295],[-85.7495137,35.0869349],[-85.7495807,35.0869616],[-85.7497066,35.0869731],[-85.7498066,35.0870148],[-85.7499331,35.0870942],[-85.750007,35.0871456],[-85.7502739,35.0874109],[-85.7504262,35.0874837],[-85.7505941,35.0875124],[-85.7507814,35.0875114]]},"properties":{"id":"sfwda-33","name":"57","description":null,"kind":"trail","source":"sfwda_trace_edited","confidence":"merged truth (traced)","permission":"SFWDA paper map — permission TBD","status":"hand-edited; normalized from SVG","last_checked":null,"trail_number":57,"difficulty":"difficult","review_status":"hand-edited; normalized from SVG","color":"#111111"}},{"type":"Feature","geometry":{"type":"LineString","coordinates":[[-85.748178,35.0866921],[-85.7481005,35.0867185],[-85.7480108,35.0867479],[-85.7479576,35.0867896],[-85.7479442,35.0868796],[-85.7478672,35.0869]]},"properties":{"id":"sfwda-34","name":"73","description":null,"kind":"trail","source":"sfwda_trace_edited","confidence":"merged truth (traced)","permission":"SFWDA paper map — permission TBD","status":"hand-edited; normalized from SVG","last_checked":null,"trail_number":73,"difficulty":"difficult","review_status":"hand-edited; normalized from SVG","color":"#111111"}},{"type":"Feature","geometry":{"type":"LineString","coordinates":[[-85.7484332,35.0873576],[-85.7485587,35.0874031],[-85.7486665,35.0874639],[-85.7486906,35.0875434],[-85.7486935,35.0876272],[-85.7486069,35.0877895],[-85.748649,35.087925],[-85.7486362,35.0880014],[-85.7485992,35.0880379],[-85.7485772,35.0881601],[-85.7486036,35.0882728],[-85.7486767,35.0883925],[-85.7488584,35.0884615],[-85.7492803,35.0884601],[-85.749666,35.0885919],[-85.7497108,35.088624],[-85.7497559,35.088714],[-85.74968,35.0888952]]},"properties":{"id":"sfwda-35","name":"59","description":null,"kind":"trail","source":"sfwda_trace_edited","confidence":"merged truth (traced)","permission":"SFWDA paper map — permission TBD","status":"hand-edited; normalized from SVG","last_checked":null,"trail_number":59,"difficulty":"difficult","review_status":"hand-edited; normalized from SVG","color":"#111111"}},{"type":"Feature","geometry":{"type":"LineString","coordinates":[[-85.7501148,35.0893378],[-85.7502211,35.0892909],[-85.7502349,35.0892853],[-85.7502686,35.0892716],[-85.7503152,35.0892543],[-85.7506103,35.0891551],[-85.7506714,35.089156],[-85.7508841,35.0891074],[-85.7510451,35.0890318],[-85.7512374,35.0889241],[-85.7513092,35.0888837],[-85.7513194,35.088878],[-85.7514033,35.0888347],[-85.7515968,35.0886808],[-85.7517668,35.088425],[-85.7517555,35.0882558],[-85.7517122,35.0881429],[-85.7516276,35.0880115],[-85.7515955,35.0879679],[-85.7515615,35.0879506],[-85.7513322,35.0880158],[-85.7509853,35.0880665],[-85.7508206,35.0880909],[-85.7506193,35.0880796],[-85.7505017,35.0880428],[-85.7503943,35.0879719],[-85.750259,35.0878721],[-85.7501575,35.0878335],[-85.7500212,35.0877917],[-85.7499557,35.0877775],[-85.7498664,35.0877317],[-85.7497669,35.0876252],[-85.7496735,35.0875435],[-85.749517,35.0874639],[-85.7493513,35.0873252],[-85.7492718,35.0872544],[-85.7491133,35.0871963],[-85.748973,35.0871607],[-85.7488716,35.0871433],[-85.7487981,35.0871013],[-85.7486811,35.0869807],[-85.7485241,35.0868791],[-85.7484253,35.0868199],[-85.7483203,35.0867573],[-85.748178,35.0866921],[-85.7481005,35.0866494],[-85.74797,35.0865325],[-85.7479049,35.08649],[-85.7478568,35.0864407],[-85.7478208,35.0864015],[-85.7477793,35.0863573],[-85.7476755,35.0862446],[-85.7476096,35.086151],[-85.7476235,35.085986],[-85.7475806,35.0859162],[-85.7475836,35.0858722],[-85.7476311,35.0857537],[-85.7476851,35.0856975],[-85.7477894,35.0856687],[-85.7478466,35.0856309],[-85.7478477,35.0855649],[-85.7478466,35.0854794],[-85.7478578,35.085424],[-85.7478713,35.0853427],[-85.747934,35.0852428],[-85.74808,35.0851764],[-85.7481975,35.0851782],[-85.7483769,35.0852304],[-85.7487493,35.0853109],[-85.7489155,35.0853165],[-85.7491256,35.0852692],[-85.7491476,35.0853072],[-85.7492931,35.0854695],[-85.7494471,35.0856424],[-85.7495,35.0857687],[-85.7496658,35.085991],[-85.7498242,35.0861901],[-85.7500069,35.0863428],[-85.7500876,35.0864452],[-85.750332,35.086714],[-85.7504253,35.0868401],[-85.7504784,35.0869591],[-85.750519,35.0870022],[-85.7505515,35.0869748],[-85.7507327,35.0868819],[-85.7508566,35.0867865],[-85.750952,35.0866392],[-85.7509943,35.0864803],[-85.7511498,35.0861855],[-85.7513656,35.0858562],[-85.7516201,35.0855846],[-85.7519773,35.0853477],[-85.7521153,35.0852787]]},"properties":{"id":"sfwda-36","name":"50","description":null,"kind":"trail","source":"sfwda_trace_edited","confidence":"merged truth (traced)","permission":"SFWDA paper map — permission TBD","status":"hand-edited; normalized from SVG","last_checked":null,"trail_number":50,"difficulty":"difficult","review_status":"hand-edited; normalized from SVG","color":"#111111"}},{"type":"Feature","geometry":{"type":"LineString","coordinates":[[-85.7486864,35.0876339],[-85.7488578,35.0876801],[-85.7489539,35.0876757],[-85.749027,35.0876421],[-85.7491122,35.087594],[-85.7491526,35.0874868],[-85.7491987,35.0874006],[-85.7492583,35.0873346],[-85.749269,35.087229],[-85.7493533,35.087161],[-85.749509,35.0870951],[-85.7495301,35.0870157],[-85.7495137,35.0869349]]},"properties":{"id":"sfwda-37","name":"70","description":null,"kind":"trail","source":"sfwda_trace_edited","confidence":"merged truth (traced)","permission":"SFWDA paper map — permission TBD","status":"hand-edited; normalized from SVG","last_checked":null,"trail_number":70,"difficulty":"difficult","review_status":"hand-edited; normalized from SVG","color":"#111111"}},{"type":"Feature","geometry":{"type":"LineString","coordinates":[[-85.7507001,35.088085],[-85.7507686,35.0881582],[-85.7508656,35.0882037],[-85.7509368,35.0882414],[-85.7509896,35.0883014],[-85.7510189,35.0884021],[-85.7510227,35.0885176],[-85.7510741,35.0886455],[-85.7512363,35.0887744],[-85.7513092,35.0888837]]},"properties":{"id":"sfwda-38","name":"53","description":null,"kind":"trail","source":"sfwda_trace_edited","confidence":"merged truth (traced)","permission":"SFWDA paper map — permission TBD","status":"hand-edited; normalized from SVG","last_checked":null,"trail_number":53,"difficulty":"difficult","review_status":"hand-edited; normalized from SVG","color":"#111111"}},{"type":"Feature","geometry":{"type":"LineString","coordinates":[[-85.7484253,35.0868199],[-85.7484275,35.0869211],[-85.7483994,35.0869925],[-85.748341,35.0870048],[-85.7482346,35.0870174],[-85.7482153,35.087067],[-85.748202,35.0871188]]},"properties":{"id":"sfwda-39","name":"74","description":null,"kind":"trail","source":"sfwda_trace_edited","confidence":"merged truth (traced)","permission":"SFWDA paper map — permission TBD","status":"hand-edited; normalized from SVG","last_checked":null,"trail_number":74,"difficulty":"difficult","review_status":"hand-edited; normalized from SVG","color":"#111111"}},{"type":"Feature","geometry":{"type":"LineString","coordinates":[[-85.7478568,35.0864407],[-85.747834,35.0864605],[-85.7477255,35.0864656],[-85.7476214,35.0864792],[-85.7475437,35.0865311],[-85.7475046,35.086566],[-85.7474794,35.0866235],[-85.7474997,35.0866819],[-85.7475936,35.0867428],[-85.7476946,35.0867958],[-85.7477609,35.0868123],[-85.7478672,35.0869],[-85.747915,35.0869395],[-85.7480553,35.0870016],[-85.7481405,35.0870773],[-85.748202,35.0871188],[-85.7482559,35.0871684],[-85.7483106,35.0872147],[-85.7483948,35.0872643],[-85.7484151,35.0873533]]},"properties":{"id":"sfwda-40","name":"72","description":null,"kind":"trail","source":"sfwda_trace_edited","confidence":"merged truth (traced)","permission":"SFWDA paper map — permission TBD","status":"hand-edited; normalized from SVG","last_checked":null,"trail_number":72,"difficulty":"difficult","review_status":"hand-edited; normalized from SVG","color":"#111111"}},{"type":"Feature","geometry":{"type":"LineString","coordinates":[[-85.754341,35.0845562],[-85.754258,35.0844961],[-85.7541965,35.0844445],[-85.7541326,35.084425],[-85.7539405,35.0843189],[-85.7538495,35.0842983],[-85.7537631,35.0842374],[-85.7537313,35.0841801],[-85.7537645,35.0840951],[-85.753866,35.0840321],[-85.7540536,35.0840316],[-85.7542558,35.0840349],[-85.7545207,35.0840486],[-85.7546858,35.0840751],[-85.7547391,35.0841223],[-85.754952,35.0841698],[-85.7551129,35.0841956],[-85.7553936,35.084217],[-85.7554659,35.0841774],[-85.7555006,35.0840661],[-85.755595,35.0839494],[-85.755679,35.0839447],[-85.7557629,35.0839767],[-85.7558745,35.0839723],[-85.7559811,35.0840081],[-85.756089,35.084105],[-85.7561558,35.0842163]]},"properties":{"id":"sfwda-41","name":"87","description":null,"kind":"trail","source":"sfwda_trace_edited","confidence":"merged truth (traced)","permission":"SFWDA paper map — permission TBD","status":"hand-edited; normalized from SVG","last_checked":null,"trail_number":87,"difficulty":"moderate","review_status":"hand-edited; normalized from SVG","color":"#2438c8"}},{"type":"Feature","geometry":{"type":"LineString","coordinates":[[-85.7519029,35.0960835],[-85.7518047,35.0959583],[-85.7513858,35.0956529]]},"properties":{"id":"sfwda-42","name":null,"description":null,"kind":"trail","source":"sfwda_trace_edited","confidence":"merged truth (traced)","permission":"SFWDA paper map — permission TBD","status":"hand-edited; normalized from SVG","last_checked":null,"trail_number":null,"difficulty":"moderate","review_status":"hand-edited; normalized from SVG","color":"#2438c8"}},{"type":"Feature","geometry":{"type":"LineString","coordinates":[[-85.7508958,35.0963078],[-85.7509004,35.0962301],[-85.7509212,35.0961864],[-85.7509755,35.0961432],[-85.7510583,35.0960797],[-85.7510898,35.0960099],[-85.7510629,35.0959335],[-85.7510691,35.0957862],[-85.7511308,35.0956715]]},"properties":{"id":"sfwda-43","name":null,"description":null,"kind":"trail","source":"sfwda_trace_edited","confidence":"merged truth (traced)","permission":"SFWDA paper map — permission TBD","status":"hand-edited; normalized from SVG","last_checked":null,"trail_number":null,"difficulty":"moderate","review_status":"hand-edited; normalized from SVG","color":"#2438c8"}},{"type":"Feature","geometry":{"type":"LineString","coordinates":[[-85.7481736,35.0924696],[-85.7482545,35.092545],[-85.7484298,35.0925976],[-85.7487339,35.0925976],[-85.7489439,35.0925657],[-85.749107,35.0925191],[-85.7492621,35.0924796],[-85.7495088,35.0925048],[-85.7498958,35.0924655]]},"properties":{"id":"sfwda-44","name":null,"description":null,"kind":"trail","source":"sfwda_trace_edited","confidence":"merged truth (traced)","permission":"SFWDA paper map — permission TBD","status":"hand-edited; normalized from SVG","last_checked":null,"trail_number":null,"difficulty":"difficult","review_status":"hand-edited; normalized from SVG","color":"#111111"}},{"type":"Feature","geometry":{"type":"LineString","coordinates":[[-85.7506574,35.0922179],[-85.7508515,35.0921953],[-85.7510676,35.0922739],[-85.7511493,35.0923555],[-85.751174,35.0927773],[-85.7513648,35.0930729],[-85.7513898,35.0932626],[-85.7515925,35.0936197]]},"properties":{"id":"sfwda-45","name":"40","description":null,"kind":"trail","source":"sfwda_trace_edited","confidence":"merged truth (traced)","permission":"SFWDA paper map — permission TBD","status":"hand-edited; normalized from SVG","last_checked":null,"trail_number":40,"difficulty":"difficult","review_status":"hand-edited; normalized from SVG","color":"#111111"}},{"type":"Feature","geometry":{"type":"LineString","coordinates":[[-85.7526908,35.096524],[-85.752386,35.0965758],[-85.7521983,35.0965511],[-85.7520136,35.0964625],[-85.7518793,35.0963637],[-85.7517813,35.0963256],[-85.7516843,35.0963167],[-85.7515875,35.0963349],[-85.7513709,35.0963606],[-85.7510533,35.0963512],[-85.7508958,35.0963078],[-85.7508156,35.0962859],[-85.7506353,35.0961632],[-85.7505672,35.0960493],[-85.7506431,35.0959215],[-85.7508695,35.0958744],[-85.7510578,35.0958689],[-85.7512402,35.0959631],[-85.7514368,35.0960406],[-85.7515795,35.0960665],[-85.7517894,35.0960875],[-85.7519029,35.0960835],[-85.7520596,35.0960778],[-85.7521678,35.0961382],[-85.7523236,35.0961874],[-85.75264,35.0961956]]},"properties":{"id":"sfwda-46","name":"89X","description":null,"kind":"trail","source":"sfwda_trace_edited","confidence":"merged truth (traced)","permission":"SFWDA paper map — permission TBD","status":"hand-edited; normalized from SVG","last_checked":null,"trail_number":null,"difficulty":"moderate","review_status":"hand-edited; normalized from SVG","color":"#2438c8"}},{"type":"Feature","geometry":{"type":"LineString","coordinates":[[-85.7567679,35.087296],[-85.7569185,35.0873281],[-85.7570726,35.0873625],[-85.7570982,35.0874544],[-85.7570602,35.0875388],[-85.7570288,35.087627],[-85.7570434,35.0877189],[-85.7570753,35.0877709],[-85.7570955,35.0878639],[-85.7571002,35.0879694],[-85.7571098,35.0881386]]},"properties":{"id":"sfwda-47","name":"55X","description":null,"kind":"trail","source":"sfwda_trace_edited","confidence":"merged truth (traced)","permission":"SFWDA paper map — permission TBD","status":"hand-edited; normalized from SVG","last_checked":null,"trail_number":null,"difficulty":"difficult","review_status":"hand-edited; normalized from SVG","color":"#111111"}},{"type":"Feature","geometry":{"type":"LineString","coordinates":[[-85.7565133,35.0842639],[-85.7566841,35.0840909],[-85.7567911,35.0840651],[-85.7568639,35.0840991],[-85.7569462,35.0841637],[-85.7570129,35.0841813],[-85.757148,35.0841741],[-85.7573448,35.0842323],[-85.7575306,35.0843239],[-85.7578035,35.0845473],[-85.7579964,35.0847809],[-85.7580594,35.0849301],[-85.7580442,35.0850026],[-85.7579486,35.0850582],[-85.7578058,35.0850558],[-85.757782,35.085092],[-85.7577916,35.0852286],[-85.7578131,35.0853081],[-85.7578394,35.085379],[-85.7578132,35.085456],[-85.7578058,35.0855291],[-85.7577917,35.0855815],[-85.757782,35.0856269],[-85.7577374,35.0856517],[-85.7576846,35.0856637],[-85.7575014,35.0856659],[-85.7573304,35.0857059],[-85.7572713,35.0857227],[-85.7572215,35.0857219],[-85.7571477,35.0856855],[-85.7571133,35.0856569],[-85.7570611,35.0856373],[-85.7570131,35.0856438],[-85.7569566,35.0856721],[-85.7569269,35.085714],[-85.7569057,35.0857433],[-85.7568407,35.0857759],[-85.7566931,35.085725],[-85.7566197,35.0856468],[-85.7565695,35.0855667],[-85.7565178,35.0854665],[-85.7564189,35.085421],[-85.7563641,35.085437]]},"properties":{"id":"sfwda-48","name":"JW3","description":null,"kind":"trail","source":"sfwda_trace_edited","confidence":"merged truth (traced)","permission":"SFWDA paper map — permission TBD","status":"hand-edited; normalized from SVG","last_checked":null,"trail_number":null,"difficulty":"moderate","review_status":"hand-edited; normalized from SVG","color":"#2438c8"}},{"type":"Feature","geometry":{"type":"LineString","coordinates":[[-85.7574944,35.0886878],[-85.7577333,35.0886829],[-85.7579345,35.0887134],[-85.7579772,35.0887591],[-85.7580187,35.0887623],[-85.7580678,35.0887523],[-85.7581264,35.0887155],[-85.758228,35.0886824],[-85.7584583,35.0886776],[-85.7585725,35.0887175],[-85.7586947,35.0887406],[-85.7587256,35.0887682],[-85.7587255,35.0889469],[-85.7586864,35.0889919],[-85.7586358,35.089018],[-85.7584231,35.0890308],[-85.7583823,35.0890484],[-85.7583537,35.0890901],[-85.7583504,35.0891489],[-85.7583756,35.0892078],[-85.7585888,35.0893312],[-85.7586306,35.0893873],[-85.7586795,35.0896415],[-85.7586575,35.0898831],[-85.7585861,35.0899865],[-85.7584299,35.0900197],[-85.758217,35.0899828]]},"properties":{"id":"sfwda-49","name":"JW4","description":null,"kind":"trail","source":"sfwda_trace_edited","confidence":"merged truth (traced)","permission":"SFWDA paper map — permission TBD","status":"hand-edited; normalized from SVG","last_checked":null,"trail_number":null,"difficulty":"moderate","review_status":"hand-edited; normalized from SVG","color":"#2438c8"}},{"type":"Feature","geometry":{"type":"LineString","coordinates":[[-85.7574997,35.0905991],[-85.7576581,35.0904053],[-85.7577912,35.0903208],[-85.7580275,35.0902602],[-85.7581675,35.0901325],[-85.758217,35.0899828],[-85.7582353,35.0899277],[-85.7582262,35.089741],[-85.7581871,35.0896293],[-85.758159,35.0895523],[-85.7581644,35.0894939],[-85.7582655,35.0893884],[-85.758299,35.0892409],[-85.7582746,35.0891779],[-85.7581491,35.0890195],[-85.7580034,35.0889002],[-85.7577832,35.0888429],[-85.7577618,35.0888373],[-85.7575046,35.0888451]]},"properties":{"id":"sfwda-50","name":"30","description":null,"kind":"trail","source":"sfwda_trace_edited","confidence":"merged truth (traced)","permission":"SFWDA paper map — permission TBD","status":"hand-edited; normalized from SVG","last_checked":null,"trail_number":30,"difficulty":"moderate","review_status":"hand-edited; normalized from SVG","color":"#2438c8"}},{"type":"Feature","geometry":{"type":"LineString","coordinates":[[-85.7577832,35.0888429],[-85.7577699,35.0891394],[-85.7577866,35.0891965],[-85.7578731,35.0892595],[-85.7579111,35.0893065],[-85.757911,35.0894942],[-85.7578695,35.0896512],[-85.7578305,35.0897016],[-85.7577328,35.0897457],[-85.7575833,35.0897859],[-85.7575396,35.0898017],[-85.7575309,35.0898455],[-85.7575665,35.0899053],[-85.7576228,35.0899476],[-85.7576816,35.0899603],[-85.7577204,35.089974],[-85.7577367,35.0900126],[-85.7577084,35.090068],[-85.7576063,35.0901488],[-85.7575177,35.0902618],[-85.7574581,35.0904031],[-85.7574747,35.0905806]]},"properties":{"id":"sfwda-51","name":"JW2","description":null,"kind":"trail","source":"sfwda_trace_edited","confidence":"merged truth (traced)","permission":"SFWDA paper map — permission TBD","status":"hand-edited; normalized from SVG","last_checked":null,"trail_number":null,"difficulty":"easy","review_status":"hand-edited; normalized from SVG","color":"#1f9d3a"}},{"type":"Feature","geometry":{"type":"LineString","coordinates":[[-85.7574747,35.0905806],[-85.7574772,35.090605],[-85.7574877,35.0907164],[-85.7575576,35.0908624],[-85.7575608,35.0910644],[-85.7574928,35.091239],[-85.757482,35.0912937],[-85.7574811,35.0913316],[-85.7575028,35.0913555],[-85.7575576,35.0913776],[-85.7576377,35.0914149],[-85.7577011,35.0914712],[-85.7577137,35.0915737],[-85.7576908,35.091704],[-85.7576685,35.0918343],[-85.7576719,35.0919132],[-85.7577092,35.0919915],[-85.7577137,35.0921175],[-85.7576606,35.0923574],[-85.7576054,35.0925124],[-85.7575657,35.0928489]]},"properties":{"id":"sfwda-52","name":"JW20","description":null,"kind":"trail","source":"sfwda_trace_edited","confidence":"merged truth (traced)","permission":"SFWDA paper map — permission TBD","status":"hand-edited; normalized from SVG","last_checked":null,"trail_number":null,"difficulty":"moderate","review_status":"hand-edited; normalized from SVG","color":"#2438c8"}},{"type":"Feature","geometry":{"type":"LineString","coordinates":[[-85.7585988,35.0935214],[-85.7587034,35.0935339],[-85.7587487,35.0935257],[-85.7587883,35.0935068],[-85.758914,35.0935024],[-85.7590403,35.0935168]]},"properties":{"id":"sfwda-53","name":null,"description":null,"kind":"trail","source":"sfwda_trace_edited","confidence":"merged truth (traced)","permission":"SFWDA paper map — permission TBD","status":"hand-edited; normalized from SVG","last_checked":null,"trail_number":null,"difficulty":"easy","review_status":"hand-edited; normalized from SVG","color":"#1f9d3a"}},{"type":"Feature","geometry":{"type":"LineString","coordinates":[[-85.7584127,35.0935302],[-85.7584205,35.0936411],[-85.7584699,35.0937075],[-85.7584699,35.0938955],[-85.7583477,35.0942734]]},"properties":{"id":"sfwda-54","name":null,"description":null,"kind":"trail","source":"sfwda_trace_edited","confidence":"merged truth (traced)","permission":"SFWDA paper map — permission TBD","status":"hand-edited; normalized from SVG","last_checked":null,"trail_number":null,"difficulty":"easy","review_status":"hand-edited; normalized from SVG","color":"#1f9d3a"}},{"type":"Feature","geometry":{"type":"LineString","coordinates":[[-85.7580659,35.0944415],[-85.7578579,35.0942737],[-85.7577496,35.0942367],[-85.7575593,35.094231],[-85.7574557,35.0941614],[-85.7572625,35.0938957],[-85.7570833,35.0936841],[-85.7569421,35.0936171],[-85.7568894,35.0936009],[-85.7568624,35.0935925]]},"properties":{"id":"sfwda-55","name":"25","description":null,"kind":"trail","source":"sfwda_trace_edited","confidence":"merged truth (traced)","permission":"SFWDA paper map — permission TBD","status":"hand-edited; normalized from SVG","last_checked":null,"trail_number":25,"difficulty":"moderate","review_status":"hand-edited; normalized from SVG","color":"#2438c8"}},{"type":"Feature","geometry":{"type":"LineString","coordinates":[[-85.7566054,35.0933787],[-85.7565246,35.0934346],[-85.7564727,35.0935001],[-85.7563752,35.0935723],[-85.7562738,35.0936307],[-85.7562505,35.0936414],[-85.7561433,35.0936906],[-85.7560335,35.0937095],[-85.7559644,35.0936975],[-85.7558889,35.0936684],[-85.7558265,35.0936023],[-85.7557522,35.0935036]]},"properties":{"id":"sfwda-56","name":"65","description":null,"kind":"trail","source":"sfwda_trace_edited","confidence":"merged truth (traced)","permission":"SFWDA paper map — permission TBD","status":"hand-edited; normalized from SVG","last_checked":null,"trail_number":65,"difficulty":"difficult","review_status":"hand-edited; normalized from SVG","color":"#111111"}},{"type":"Feature","geometry":{"type":"LineString","coordinates":[[-85.7588152,35.0945946],[-85.7589322,35.0945871],[-85.758999,35.0945992],[-85.7590498,35.0946262],[-85.7591003,35.0946637],[-85.7592569,35.0947784],[-85.759356,35.0948177],[-85.7594676,35.0948177]]},"properties":{"id":"sfwda-57","name":"79","description":null,"kind":"trail","source":"sfwda_trace_edited","confidence":"merged truth (traced)","permission":"SFWDA paper map — permission TBD","status":"hand-edited; normalized from SVG","last_checked":null,"trail_number":79,"difficulty":"difficult","review_status":"hand-edited; normalized from SVG","color":"#111111"}},{"type":"Feature","geometry":{"type":"LineString","coordinates":[[-85.7580676,35.0962547],[-85.7583481,35.0964815],[-85.7584388,35.0966303],[-85.7584206,35.0967544],[-85.7583608,35.0968144],[-85.7582945,35.0968418],[-85.7582307,35.096822],[-85.7581903,35.0967675],[-85.7581134,35.0966299],[-85.7580495,35.0965919],[-85.7579846,35.0965762],[-85.7578875,35.0965762],[-85.75785,35.0966064],[-85.7578399,35.0967797],[-85.7578236,35.0968332],[-85.7577082,35.0969988]]},"properties":{"id":"sfwda-58","name":"JW1","description":null,"kind":"trail","source":"sfwda_trace_edited","confidence":"merged truth (traced)","permission":"SFWDA paper map — permission TBD","status":"hand-edited; normalized from SVG","last_checked":null,"trail_number":null,"difficulty":"easy","review_status":"hand-edited; normalized from SVG","color":"#1f9d3a"}},{"type":"Feature","geometry":{"type":"LineString","coordinates":[[-85.7512071,35.0920116],[-85.7512194,35.0921728],[-85.7511571,35.092254],[-85.7510683,35.0922695]]},"properties":{"id":"sfwda-59","name":null,"description":null,"kind":"trail","source":"sfwda_trace_edited","confidence":"merged truth (traced)","permission":"SFWDA paper map — permission TBD","status":"hand-edited; normalized from SVG","last_checked":null,"trail_number":null,"difficulty":"difficult","review_status":"hand-edited; normalized from SVG","color":"#111111"}},{"type":"Feature","geometry":{"type":"LineString","coordinates":[[-85.7475816,35.0930777],[-85.7476536,35.0928922],[-85.7478196,35.0927167],[-85.7479915,35.0925531],[-85.7481736,35.0924696],[-85.7482121,35.0924518],[-85.7485435,35.0923793],[-85.7490448,35.0922648],[-85.7492698,35.092243]]},"properties":{"id":"sfwda-60","name":null,"description":null,"kind":"trail","source":"sfwda_trace_edited","confidence":"merged truth (traced)","permission":"SFWDA paper map — permission TBD","status":"hand-edited; normalized from SVG","last_checked":null,"trail_number":null,"difficulty":"difficult","review_status":"hand-edited; normalized from SVG","color":"#111111"}},{"type":"Feature","geometry":{"type":"LineString","coordinates":[[-85.7502874,35.0929443],[-85.7503429,35.0928962],[-85.7503936,35.0928365],[-85.7504505,35.0928148],[-85.7505725,35.0928016],[-85.7507105,35.0927519],[-85.7507065,35.0927037],[-85.750737,35.0926059],[-85.7507939,35.0925295],[-85.750804,35.0924481],[-85.7507086,35.0923573],[-85.7506616,35.0922658],[-85.7506574,35.0922179],[-85.7506555,35.092196],[-85.7505235,35.0921611],[-85.750357,35.0921006]]},"properties":{"id":"sfwda-61","name":"44","description":null,"kind":"trail","source":"sfwda_trace_edited","confidence":"merged truth (traced)","permission":"SFWDA paper map — permission TBD","status":"hand-edited; normalized from SVG","last_checked":null,"trail_number":44,"difficulty":"difficult","review_status":"hand-edited; normalized from SVG","color":"#111111"}},{"type":"Feature","geometry":{"type":"LineString","coordinates":[[-85.750357,35.0921006],[-85.7502739,35.0921726],[-85.7502047,35.0921859],[-85.7500159,35.0921926],[-85.7499549,35.0922442],[-85.7499062,35.0923254],[-85.7498958,35.0924655],[-85.7498879,35.092571],[-85.7498961,35.0926622],[-85.7499142,35.0927137],[-85.7499103,35.0928297],[-85.7498982,35.0929426],[-85.7498762,35.0930175]]},"properties":{"id":"sfwda-62","name":"61","description":null,"kind":"trail","source":"sfwda_trace_edited","confidence":"merged truth (traced)","permission":"SFWDA paper map — permission TBD","status":"hand-edited; normalized from SVG","last_checked":null,"trail_number":61,"difficulty":"difficult","review_status":"hand-edited; normalized from SVG","color":"#111111"}},{"type":"Feature","geometry":{"type":"LineString","coordinates":[[-85.7459749,35.0889584],[-85.7459565,35.0896269],[-85.7459182,35.0910081]]},"properties":{"id":"sfwda-63","name":null,"description":null,"kind":"trail","source":"sfwda_trace_edited","confidence":"merged truth (traced)","permission":"SFWDA paper map — permission TBD","status":"hand-edited; normalized from SVG","last_checked":null,"trail_number":null,"difficulty":null,"review_status":"hand-edited; normalized from SVG","color":"#f25e0d"}},{"type":"Feature","geometry":{"type":"LineString","coordinates":[[-85.7555914,35.0919412],[-85.7556312,35.0920335],[-85.7557249,35.0921847],[-85.7560145,35.0925962],[-85.7562849,35.0929836],[-85.7564545,35.0932303],[-85.7564941,35.0932537],[-85.7565681,35.0933347],[-85.7566054,35.0933788],[-85.756723,35.093476],[-85.7568624,35.0935925],[-85.7568749,35.093603],[-85.7569387,35.0936955],[-85.7569734,35.0938261],[-85.7569811,35.094149],[-85.7569245,35.0943655],[-85.7568927,35.0945509],[-85.7568927,35.094721],[-85.7569104,35.0948395],[-85.7568927,35.0949867],[-85.7568326,35.0951573],[-85.7567406,35.0952757],[-85.7566222,35.0953519],[-85.7565744,35.0953826],[-85.7562041,35.0956339],[-85.7560704,35.0956999],[-85.7559786,35.095773],[-85.755909,35.0958119],[-85.7557574,35.0959093],[-85.7553593,35.0961049],[-85.755118,35.0961588],[-85.7549578,35.0961947],[-85.7547918,35.0961949],[-85.7545593,35.0961715],[-85.7545109,35.0961676],[-85.7542266,35.0961449],[-85.7541256,35.0961845],[-85.7539908,35.0962377],[-85.7538048,35.0962584],[-85.7536334,35.0962775],[-85.7532963,35.0962279],[-85.7529511,35.0961167],[-85.7527601,35.0960553],[-85.7522363,35.0958198],[-85.7520862,35.0957662]]},"properties":{"id":"sfwda-64","name":"2","description":null,"kind":"trail","source":"sfwda_trace_edited","confidence":"merged truth (traced)","permission":"SFWDA paper map — permission TBD","status":"hand-edited; normalized from SVG","last_checked":null,"trail_number":2,"difficulty":"easy","review_status":"hand-edited; normalized from SVG","color":"#1f9d3a"}},{"type":"Feature","geometry":{"type":"LineString","coordinates":[[-85.7520862,35.0957662],[-85.7518544,35.0956837],[-85.7516066,35.0956471],[-85.7513858,35.0956529],[-85.7513509,35.0956538],[-85.7511308,35.0956715],[-85.7508147,35.095697],[-85.7503682,35.0957799],[-85.7502159,35.095784],[-85.7501163,35.0957864],[-85.7498686,35.0957665],[-85.7496371,35.095707],[-85.7494503,35.0956008],[-85.749296,35.0954315],[-85.7491619,35.0952489],[-85.7489548,35.0950963],[-85.7486837,35.0949523]]},"properties":{"id":"sfwda-65","name":"32","description":null,"kind":"trail","source":"sfwda_trace_edited","confidence":"merged truth (traced)","permission":"SFWDA paper map — permission TBD","status":"hand-edited; normalized from SVG","last_checked":null,"trail_number":32,"difficulty":"moderate","review_status":"hand-edited; normalized from SVG","color":"#2438c8"}},{"type":"Feature","geometry":{"type":"LineString","coordinates":[[-85.7486837,35.0949523],[-85.7488274,35.0949599],[-85.749012,35.0949821],[-85.7492704,35.0949821],[-85.7493767,35.0949607],[-85.7494721,35.09491],[-85.7495122,35.0948887],[-85.7495353,35.0948765],[-85.7496367,35.0948452],[-85.7497169,35.0948426],[-85.7498722,35.094898],[-85.7500877,35.0949821],[-85.7501739,35.094996],[-85.7503092,35.0949821],[-85.7504031,35.0949293],[-85.7505417,35.0948615],[-85.750617,35.0948526],[-85.7507294,35.094893],[-85.7507956,35.0949407],[-85.7508678,35.0950513],[-85.7509295,35.0951493],[-85.7509834,35.0952047],[-85.7510618,35.0952324],[-85.7511942,35.0952537],[-85.7514035,35.0952562],[-85.7516542,35.0952375],[-85.7518436,35.0952135],[-85.7519389,35.0952236],[-85.7520391,35.0952651],[-85.752139,35.0953945],[-85.7521682,35.0954525],[-85.7521852,35.0955442],[-85.7521836,35.095617],[-85.7521605,35.0956699],[-85.7520862,35.0957662]]},"properties":{"id":"sfwda-66","name":"49","description":null,"kind":"trail","source":"sfwda_trace_edited","confidence":"merged truth (traced)","permission":"SFWDA paper map — permission TBD","status":"hand-edited; normalized from SVG","last_checked":null,"trail_number":49,"difficulty":"difficult","review_status":"hand-edited; normalized from SVG","color":"#111111"}},{"type":"Feature","geometry":{"type":"LineString","coordinates":[[-85.7486837,35.0949523],[-85.7484918,35.0948043],[-85.7484756,35.0947837],[-85.748362,35.0946419],[-85.7483498,35.0945291],[-85.7484149,35.0943761],[-85.748482,35.0943078],[-85.7485328,35.0942565],[-85.7487357,35.0941705],[-85.7489995,35.0940676],[-85.7493405,35.0940676],[-85.7499215,35.0941473],[-85.7503396,35.0941705],[-85.7506767,35.0941307],[-85.7507155,35.0941133],[-85.7508471,35.0940544],[-85.7509262,35.0939699],[-85.7509772,35.0939149],[-85.7509975,35.0938221],[-85.7509325,35.0936727],[-85.750847,35.0935653],[-85.7508189,35.0935301],[-85.7505671,35.0933011],[-85.7504047,35.0931451],[-85.7503189,35.0930188],[-85.7502991,35.0929893],[-85.7502874,35.0929443],[-85.7502706,35.0928798],[-85.7503153,35.0926838],[-85.750421,35.0925047],[-85.7504737,35.0923656],[-85.7504574,35.0922326],[-85.7503762,35.0921195],[-85.750357,35.0921006],[-85.7502758,35.0920203],[-85.750048,35.0919099],[-85.7498233,35.091764],[-85.7497373,35.0917891],[-85.7494756,35.0918819],[-85.7491985,35.0919651],[-85.74898,35.0919878],[-85.7489082,35.0919908]]},"properties":{"id":"sfwda-67","name":"43","description":null,"kind":"trail","source":"sfwda_trace_edited","confidence":"merged truth (traced)","permission":"SFWDA paper map — permission TBD","status":"hand-edited; normalized from SVG","last_checked":null,"trail_number":43,"difficulty":"difficult","review_status":"hand-edited; normalized from SVG","color":"#111111"}},{"type":"Feature","geometry":{"type":"LineString","coordinates":[[-85.7498233,35.091764],[-85.7496763,35.0916448],[-85.749392,35.091562],[-85.7493111,35.0915112],[-85.7492175,35.0914523],[-85.7489576,35.0912964],[-85.748726,35.0912399],[-85.7481817,35.0911868],[-85.7478709,35.091177],[-85.7478107,35.091177],[-85.7475075,35.0911671],[-85.7467644,35.0911039],[-85.7459182,35.0910081]]},"properties":{"id":"sfwda-68","name":null,"description":null,"kind":"trail","source":"sfwda_trace_edited","confidence":"merged truth (traced)","permission":"SFWDA paper map — permission TBD","status":"hand-edited; normalized from SVG","last_checked":null,"trail_number":null,"difficulty":null,"review_status":"hand-edited; normalized from SVG","color":"#f25e0d"}},{"type":"Feature","geometry":{"type":"LineString","coordinates":[[-85.7497355,35.0846537],[-85.7495165,35.0847336],[-85.7493425,35.0848195],[-85.7492083,35.0848893],[-85.7491311,35.0850251],[-85.7491256,35.0852692]]},"properties":{"id":"sfwda-69","name":null,"description":null,"kind":"trail","source":"sfwda_trace_edited","confidence":"merged truth (traced)","permission":"SFWDA paper map — permission TBD","status":"hand-edited; normalized from SVG","last_checked":null,"trail_number":null,"difficulty":"difficult","review_status":"hand-edited; normalized from SVG","color":"#111111"}},{"type":"Feature","geometry":{"type":"LineString","coordinates":[[-85.750519,35.0870022],[-85.7506527,35.0874195],[-85.7507201,35.0874733],[-85.7508319,35.0875432],[-85.7510111,35.0876249],[-85.7512494,35.0877603],[-85.7513926,35.0878493],[-85.7515542,35.0879499]]},"properties":{"id":"sfwda-70","name":"52","description":null,"kind":"trail","source":"sfwda_trace_edited","confidence":"merged truth (traced)","permission":"SFWDA paper map — permission TBD","status":"hand-edited; normalized from SVG","last_checked":null,"trail_number":52,"difficulty":"difficult","review_status":"hand-edited; normalized from SVG","color":"#111111"}},{"type":"Feature","geometry":{"type":"LineString","coordinates":[[-85.7499038,35.0893917],[-85.7496768,35.0899096],[-85.7496118,35.0901382],[-85.7496118,35.090334],[-85.7496361,35.0904469],[-85.7497214,35.0905099],[-85.7498673,35.0905465],[-85.7499849,35.0905332],[-85.7503221,35.0904502],[-85.7505942,35.0903971],[-85.7507363,35.090334],[-85.7508175,35.0902743],[-85.7508765,35.09022],[-85.7509555,35.0901515]]},"properties":{"id":"sfwda-71","name":"22","description":null,"kind":"trail","source":"sfwda_trace_edited","confidence":"merged truth (traced)","permission":"SFWDA paper map — permission TBD","status":"hand-edited; normalized from SVG","last_checked":null,"trail_number":22,"difficulty":"moderate","review_status":"hand-edited; normalized from SVG","color":"#2438c8"}},{"type":"Feature","geometry":{"type":"LineString","coordinates":[[-85.7496118,35.0902445],[-85.7495011,35.0903053],[-85.7493315,35.0905276],[-85.7492644,35.0906722],[-85.7492431,35.0908714],[-85.7492747,35.0910043],[-85.7493668,35.0912499],[-85.749409,35.0913396],[-85.7493769,35.0915112],[-85.7492644,35.0917323],[-85.749123,35.0918911],[-85.7489082,35.0919908]]},"properties":{"id":"sfwda-72","name":"1X","description":null,"kind":"trail","source":"sfwda_trace_edited","confidence":"merged truth (traced)","permission":"SFWDA paper map — permission TBD","status":"hand-edited; normalized from SVG","last_checked":null,"trail_number":null,"difficulty":"moderate","review_status":"hand-edited; normalized from SVG","color":"#2438c8"}},{"type":"Feature","geometry":{"type":"LineString","coordinates":[[-85.7492526,35.0929899],[-85.7492562,35.0929241],[-85.7492491,35.0928041],[-85.7492367,35.0926986],[-85.749242,35.0925529],[-85.7492633,35.0923234],[-85.7492698,35.092243],[-85.7492774,35.0921497],[-85.7495266,35.0920893],[-85.7496893,35.0920297],[-85.7499139,35.091975],[-85.7500039,35.0919403],[-85.750048,35.0919099]]},"properties":{"id":"sfwda-73","name":"Riot Hill","description":null,"kind":"trail","source":"sfwda_trace_edited","confidence":"merged truth (traced)","permission":"SFWDA paper map — permission TBD","status":"hand-edited; normalized from SVG","last_checked":null,"trail_number":null,"difficulty":"difficult","review_status":"hand-edited; normalized from SVG","color":"#111111"}},{"type":"Feature","geometry":{"type":"LineString","coordinates":[[-85.750048,35.0919099],[-85.7507198,35.09196],[-85.7512071,35.0920116],[-85.7512842,35.0920198],[-85.7516984,35.0920996],[-85.7520275,35.0921489],[-85.7521939,35.0922321],[-85.7522995,35.0923716],[-85.7523362,35.0925175],[-85.7522427,35.0926204],[-85.7522183,35.0927067],[-85.7522386,35.0927928],[-85.7523563,35.0928858],[-85.7523929,35.0929588],[-85.7523442,35.0930616],[-85.7523237,35.0931711],[-85.7523482,35.0932673],[-85.7523929,35.0933934],[-85.7523645,35.093503],[-85.7522183,35.0935859],[-85.7520558,35.0936225],[-85.7517309,35.0936323],[-85.7515925,35.0936197],[-85.7512194,35.0935859],[-85.750847,35.0935653]]},"properties":{"id":"sfwda-74","name":"47","description":null,"kind":"trail","source":"sfwda_trace_edited","confidence":"merged truth (traced)","permission":"SFWDA paper map — permission TBD","status":"hand-edited; normalized from SVG","last_checked":null,"trail_number":47,"difficulty":"difficult","review_status":"hand-edited; normalized from SVG","color":"#111111"}},{"type":"Feature","geometry":{"type":"LineString","coordinates":[[-85.750847,35.0935653],[-85.7504633,35.0935508],[-85.7502487,35.0935429],[-85.7499766,35.093513],[-85.7494039,35.0935063],[-85.7490167,35.093523],[-85.748589,35.0935865],[-85.7482176,35.0936846],[-85.7480126,35.0937482],[-85.747959,35.0937538],[-85.7478142,35.0937684],[-85.74756,35.0937684],[-85.7473547,35.093751],[-85.7470508,35.09365],[-85.7469317,35.0935731],[-85.746927,35.0935055],[-85.7469576,35.0933996],[-85.7470473,35.0933151],[-85.747269,35.0932041],[-85.7475816,35.0930777],[-85.747606,35.0930693],[-85.7479633,35.0930087],[-85.7482566,35.0929741],[-85.7487233,35.0929683],[-85.7491439,35.0929885],[-85.7492526,35.0929899],[-85.7495894,35.0929943],[-85.7498762,35.0930175],[-85.7499111,35.0930204],[-85.7502293,35.0930376],[-85.7503189,35.0930188]]},"properties":{"id":"sfwda-75","name":"45","description":null,"kind":"trail","source":"sfwda_trace_edited","confidence":"merged truth (traced)","permission":"SFWDA paper map — permission TBD","status":"hand-edited; normalized from SVG","last_checked":null,"trail_number":45,"difficulty":"difficult","review_status":"hand-edited; normalized from SVG","color":"#111111"}},{"type":"Feature","geometry":{"type":"LineString","coordinates":[[-85.7561616,35.0921696],[-85.7562287,35.0922305],[-85.7564049,35.0923431],[-85.7565788,35.0924208],[-85.756825,35.0925252],[-85.7568758,35.0925704],[-85.7571295,35.0927138],[-85.7571711,35.0927226],[-85.7573282,35.0927806],[-85.7574003,35.0927918],[-85.7575068,35.0928245],[-85.7575657,35.0928489],[-85.7576468,35.0928823],[-85.7579206,35.092969],[-85.7579961,35.0930005],[-85.7582253,35.0931311],[-85.7583869,35.0932683],[-85.7584425,35.0933174],[-85.7584932,35.0934081],[-85.7585247,35.0934377],[-85.7585531,35.0934645],[-85.7585947,35.0935135],[-85.7585988,35.0935214],[-85.7586239,35.0935675],[-85.7586424,35.0936455],[-85.7586517,35.0937763],[-85.7586548,35.093814],[-85.7586363,35.0938845],[-85.7586341,35.0940129],[-85.7586174,35.0941451],[-85.7586101,35.094231],[-85.7586055,35.0943973],[-85.7586178,35.0946564],[-85.7586301,35.0949017],[-85.7586517,35.0950047],[-85.7586715,35.095149],[-85.7586902,35.0952663],[-85.7586977,35.0953074],[-85.7586978,35.0953392],[-85.7587239,35.0954373],[-85.7587717,35.0955867],[-85.7588579,35.0957554],[-85.7589781,35.0960433],[-85.7590211,35.0961276],[-85.7590487,35.096276],[-85.7590686,35.0964682],[-85.7590824,35.0965449],[-85.7590686,35.0967213],[-85.7590242,35.0968921],[-85.7589594,35.0970304],[-85.7588702,35.0971862],[-85.7587456,35.0973346],[-85.7585793,35.0974957],[-85.7585101,35.0975506],[-85.7584254,35.0976175],[-85.7582824,35.0976942],[-85.7581637,35.0977256],[-85.7580331,35.0977383],[-85.7579591,35.0977181],[-85.7577176,35.0975797],[-85.7576637,35.097512],[-85.757579,35.0974076],[-85.7574789,35.0973422],[-85.7573587,35.0972969],[-85.7572128,35.0972655],[-85.7571036,35.0972757],[-85.7570113,35.0973335],[-85.7568771,35.0974529],[-85.7568142,35.0974616],[-85.7567358,35.0974353],[-85.7566697,35.097385],[-85.7565587,35.097239],[-85.7564126,35.0971221],[-85.7562187,35.0970367],[-85.75611,35.097012],[-85.7560709,35.0970027],[-85.7557508,35.097013],[-85.75562,35.0970292],[-85.7553939,35.0971009],[-85.7551906,35.0971587],[-85.7551153,35.0971573],[-85.7548751,35.0971461],[-85.7547817,35.0971132],[-85.7546784,35.0970772],[-85.7545398,35.0969989],[-85.7544535,35.0968921],[-85.7544262,35.0968593],[-85.7543719,35.096795],[-85.7543303,35.0966683],[-85.754295,35.096599],[-85.7542905,35.0965789],[-85.7542625,35.0964618],[-85.75424,35.0963589],[-85.7542333,35.0962923],[-85.7541828,35.0962357],[-85.7541256,35.0961845],[-85.7541166,35.0961062],[-85.754073,35.0960256],[-85.7540089,35.0959265],[-85.7538904,35.0957906],[-85.7538288,35.0956788],[-85.7538164,35.0955956],[-85.7538164,35.0955278],[-85.7538365,35.0954525],[-85.7539042,35.0953632],[-85.753973,35.0952613],[-85.753973,35.0951732],[-85.7539427,35.0950852]]},"properties":{"id":"sfwda-76","name":"3","description":null,"kind":"trail","source":"sfwda_trace_edited","confidence":"merged truth (traced)","permission":"SFWDA paper map — permission TBD","status":"hand-edited; normalized from SVG","last_checked":null,"trail_number":3,"difficulty":"easy","review_status":"hand-edited; normalized from SVG","color":"#1f9d3a"}},{"type":"Feature","geometry":{"type":"LineString","coordinates":[[-85.7573422,35.096183],[-85.7572771,35.0961362],[-85.7572289,35.0960706],[-85.7572261,35.0959545],[-85.7571886,35.095867],[-85.7571244,35.0958144],[-85.7569744,35.0957203],[-85.7569315,35.0956481],[-85.7569234,35.0955824],[-85.7568805,35.0954948],[-85.7568083,35.095427],[-85.7566956,35.095381],[-85.7566222,35.0953519]]},"properties":{"id":"sfwda-77","name":"94","description":null,"kind":"trail","source":"sfwda_trace_edited","confidence":"merged truth (traced)","permission":"SFWDA paper map — permission TBD","status":"hand-edited; normalized from SVG","last_checked":null,"trail_number":94,"difficulty":"moderate","review_status":"hand-edited; normalized from SVG","color":"#2438c8"}},{"type":"Feature","geometry":{"type":"LineString","coordinates":[[-85.7566222,35.0953519],[-85.7565136,35.0952716],[-85.7563741,35.0952233],[-85.7561518,35.0951664],[-85.7560473,35.0951664],[-85.7558491,35.0952059],[-85.7557552,35.0952189],[-85.7554954,35.0952365],[-85.7551559,35.0952305],[-85.7551282,35.0952299],[-85.7549916,35.0952201],[-85.7549346,35.095216],[-85.7548285,35.0952081],[-85.7544691,35.0951599],[-85.7542254,35.0951117],[-85.7539427,35.0950852],[-85.7538,35.0950761],[-85.7537671,35.0950739],[-85.753621,35.0950727],[-85.7534808,35.0950878],[-85.753304,35.0950941],[-85.7531752,35.0951206],[-85.7531516,35.0951254],[-85.7528961,35.0952991],[-85.7526577,35.0954787],[-85.7525052,35.0955706],[-85.7524094,35.095628],[-85.7522853,35.0956561],[-85.7521605,35.0956699]]},"properties":{"id":"sfwda-78","name":"11","description":null,"kind":"trail","source":"sfwda_trace_edited","confidence":"merged truth (traced)","permission":"SFWDA paper map — permission TBD","status":"hand-edited; normalized from SVG","last_checked":null,"trail_number":11,"difficulty":"easy","review_status":"hand-edited; normalized from SVG","color":"#1f9d3a"}},{"type":"Feature","geometry":{"type":"LineString","coordinates":[[-85.753505,35.0907177],[-85.7535035,35.090602],[-85.7535026,35.0905642],[-85.7534918,35.0903612],[-85.75349,35.0901677],[-85.7534863,35.0901367],[-85.7534698,35.0900016],[-85.7534376,35.0899039],[-85.7533853,35.0898244],[-85.7532702,35.0897284],[-85.7532446,35.0897133],[-85.7531684,35.0896697],[-85.7530469,35.0896131],[-85.7529161,35.0895849],[-85.7527592,35.0895925],[-85.7525775,35.0896255],[-85.7525205,35.0896746],[-85.7524712,35.0897513],[-85.7524252,35.0898812],[-85.7523727,35.0899806],[-85.752285,35.0901287],[-85.7521959,35.090238],[-85.7521359,35.0903311],[-85.7520298,35.0903979],[-85.7519546,35.0904336]]},"properties":{"id":"sfwda-79","name":"Area 51","description":null,"kind":"trail","source":"sfwda_trace_edited","confidence":"merged truth (traced)","permission":"SFWDA paper map — permission TBD","status":"hand-edited; normalized from SVG","last_checked":null,"trail_number":null,"difficulty":"difficult","review_status":"hand-edited; normalized from SVG","color":"#111111"}},{"type":"Feature","geometry":{"type":"LineString","coordinates":[[-85.7519546,35.0904336],[-85.7519775,35.0904806],[-85.7521314,35.0907083],[-85.7521852,35.0907763],[-85.7522345,35.0908126],[-85.7523052,35.0908202],[-85.7524422,35.0908467],[-85.7527115,35.0909837],[-85.7527424,35.0910139],[-85.7527916,35.091117],[-85.7529053,35.0913621],[-85.7529408,35.0914162],[-85.7530054,35.091464],[-85.7530701,35.0914942],[-85.7532301,35.0915243],[-85.7534777,35.0915874],[-85.7538164,35.0916967],[-85.754049,35.0917848],[-85.7541043,35.091816],[-85.7541839,35.091889],[-85.7542411,35.0919155],[-85.7542717,35.0919254],[-85.7543056,35.0919658],[-85.7544519,35.0922399],[-85.754529,35.0924537],[-85.7546276,35.0927492],[-85.7546965,35.0928862],[-85.7547783,35.0929868],[-85.7548465,35.0930474],[-85.7548926,35.0930886],[-85.7549756,35.0931541],[-85.7550198,35.0931678],[-85.755263,35.0931729],[-85.7555784,35.0931665],[-85.7556433,35.0931892],[-85.7556939,35.093227],[-85.7557051,35.0932405],[-85.7557247,35.0932859],[-85.7557401,35.0933679],[-85.7557447,35.0934508],[-85.7557482,35.0935271],[-85.7557562,35.0937023],[-85.7557684,35.0937521],[-85.7559146,35.0939759],[-85.7559875,35.0940175],[-85.7561115,35.094029],[-85.7562393,35.0940042],[-85.7563024,35.0939678],[-85.7562983,35.0939064],[-85.7562699,35.0938633],[-85.7562759,35.0937504],[-85.7562983,35.0936963],[-85.7563104,35.0936674],[-85.7563613,35.0936293],[-85.7564426,35.0936045],[-85.7564792,35.0935778],[-85.7565035,35.093533],[-85.756536,35.0935115],[-85.7565867,35.0935298],[-85.7566395,35.0935877],[-85.7566882,35.0936093],[-85.7567187,35.0935846],[-85.756727,35.0935315],[-85.756723,35.093476],[-85.7568466,35.0934734],[-85.7569602,35.0934799],[-85.7570639,35.0934998],[-85.7571675,35.0935546],[-85.757269,35.0936276],[-85.7573827,35.0937438],[-85.7574232,35.0937671],[-85.7574742,35.0937671],[-85.7575552,35.0937605],[-85.7576121,35.0937886],[-85.7577056,35.0938815],[-85.7577861,35.0939488],[-85.7578607,35.093985],[-85.7579878,35.0939763],[-85.7580761,35.093956],[-85.7581538,35.0939069],[-85.7581734,35.0938317],[-85.7582423,35.0937668],[-85.7582918,35.0936829],[-85.7582847,35.0935774]]},"properties":{"id":"sfwda-80","name":"41","description":null,"kind":"trail","source":"sfwda_trace_edited","confidence":"merged truth (traced)","permission":"SFWDA paper map — permission TBD","status":"hand-edited; normalized from SVG","last_checked":null,"trail_number":41,"difficulty":"difficult","review_status":"hand-edited; normalized from SVG","color":"#111111"}},{"type":"Feature","geometry":{"type":"LineString","coordinates":[[-85.7557447,35.0934508],[-85.7558078,35.0934671],[-85.7559571,35.0935111],[-85.7561017,35.093584],[-85.756151,35.0935979],[-85.7562232,35.0935865],[-85.7563171,35.0935451],[-85.7564034,35.093491],[-85.7564604,35.0934193],[-85.7565189,35.0933943],[-85.7565681,35.0933347]]},"properties":{"id":"sfwda-81","name":"64","description":null,"kind":"trail","source":"sfwda_trace_edited","confidence":"merged truth (traced)","permission":"SFWDA paper map — permission TBD","status":"hand-edited; normalized from SVG","last_checked":null,"trail_number":64,"difficulty":"difficult","review_status":"hand-edited; normalized from SVG","color":"#111111"}},{"type":"Feature","geometry":{"type":"LineString","coordinates":[[-85.7565681,35.0933347],[-85.7565871,35.0933276],[-85.7566434,35.0933162],[-85.7567527,35.0932872],[-85.7568697,35.0932872],[-85.756968,35.0933162],[-85.7570405,35.0933275],[-85.7571159,35.0933011],[-85.7573467,35.0930987],[-85.7574496,35.093037],[-85.7575113,35.0930157],[-85.7576345,35.0930107],[-85.7576855,35.0930138],[-85.7577445,35.0930233],[-85.7577995,35.0930441],[-85.7578315,35.0930758],[-85.7578376,35.0931024],[-85.7578905,35.0931659],[-85.7579223,35.0932338],[-85.7579311,35.0933233],[-85.7579453,35.0933797],[-85.7580302,35.0935459],[-85.7580903,35.0935934],[-85.7581611,35.0936093],[-85.7582264,35.0935992],[-85.7582847,35.0935774],[-85.7583908,35.0935442],[-85.7584127,35.0935302],[-85.7584704,35.0934938],[-85.7585247,35.0934377],[-85.7585677,35.0933854],[-85.7585958,35.0933132],[-85.7586064,35.0932266],[-85.7585991,35.0932012],[-85.758594,35.0931846],[-85.7585535,35.093163],[-85.7585109,35.0931601],[-85.7584792,35.0931297],[-85.7584474,35.0931009],[-85.758412,35.0930878],[-85.7583876,35.0930617]]},"properties":{"id":"sfwda-82","name":"28","description":null,"kind":"trail","source":"sfwda_trace_edited","confidence":"merged truth (traced)","permission":"SFWDA paper map — permission TBD","status":"hand-edited; normalized from SVG","last_checked":null,"trail_number":28,"difficulty":"moderate","review_status":"hand-edited; normalized from SVG","color":"#2438c8"}},{"type":"Feature","geometry":{"type":"LineString","coordinates":[[-85.7582193,35.0928172],[-85.7582346,35.0929175],[-85.758287,35.092993],[-85.7583363,35.0930446],[-85.7583876,35.0930617],[-85.7584194,35.0930724],[-85.7585456,35.0930483],[-85.7586779,35.0930031],[-85.7587625,35.0929919],[-85.75878,35.0929905],[-85.7588809,35.0929831],[-85.7589399,35.092961],[-85.7590779,35.092863],[-85.7591732,35.0928748],[-85.7593094,35.0928946],[-85.7593662,35.0928846],[-85.7594616,35.0927852],[-85.7595002,35.0926939],[-85.759478,35.0925958],[-85.7594433,35.0924881],[-85.7594189,35.092435],[-85.7593458,35.0923669],[-85.7592951,35.0923158],[-85.7592829,35.0922724],[-85.7592931,35.0922293],[-85.7593011,35.0921913],[-85.759287,35.0921395],[-85.7592504,35.0920502],[-85.7592526,35.092002],[-85.7591977,35.0919174],[-85.7591529,35.091884],[-85.7591388,35.0918559],[-85.7590718,35.0918524],[-85.7590007,35.0918145],[-85.7588992,35.0918211],[-85.75882,35.0918657],[-85.7587733,35.0919356],[-85.7587531,35.0920401],[-85.758749,35.0921311],[-85.7587389,35.0921727],[-85.7587549,35.092221],[-85.7587165,35.0923656],[-85.7586819,35.0924898],[-85.7585722,35.0926373],[-85.7585378,35.092669],[-85.7584138,35.092669],[-85.7583266,35.0926258],[-85.7582576,35.092606],[-85.7581844,35.0926176],[-85.7580992,35.0926622]]},"properties":{"id":"sfwda-83","name":"90","description":null,"kind":"trail","source":"sfwda_trace_edited","confidence":"merged truth (traced)","permission":"SFWDA paper map — permission TBD","status":"hand-edited; normalized from SVG","last_checked":null,"trail_number":90,"difficulty":"moderate","review_status":"hand-edited; normalized from SVG","color":"#2438c8"}},{"type":"Feature","geometry":{"type":"LineString","coordinates":[[-85.7576345,35.0930107],[-85.7576345,35.092944],[-85.7576468,35.0928823],[-85.7576591,35.0928572],[-85.7577131,35.0928284],[-85.7578147,35.092802],[-85.7579377,35.0927931],[-85.7580531,35.092802],[-85.7582193,35.0928172],[-85.7582738,35.0928202],[-85.7583284,35.0928189],[-85.7584007,35.0927958],[-85.758473,35.0927598],[-85.7584973,35.0927192],[-85.7585053,35.092669],[-85.7585067,35.0926283],[-85.7584932,35.0925299],[-85.7584766,35.0924327],[-85.7584745,35.0924205],[-85.7584035,35.0922453],[-85.7583786,35.0921947],[-85.7583365,35.0921092],[-85.7582695,35.092025],[-85.7581972,35.0919836],[-85.7580967,35.0919759],[-85.7580567,35.0919804],[-85.7580397,35.0919509],[-85.7580182,35.0918994],[-85.7580029,35.0917888],[-85.758001,35.0917399],[-85.757995,35.0915763],[-85.7579905,35.0914983],[-85.7579581,35.0913838],[-85.757858,35.0910897],[-85.7577382,35.0908292],[-85.7576334,35.0907338],[-85.7575259,35.0906182],[-85.7574997,35.0905991],[-85.7574025,35.0905276],[-85.7572917,35.0904811],[-85.7571856,35.0904396],[-85.7570409,35.0904068],[-85.756944,35.0903973]]},"properties":{"id":"sfwda-84","name":"14","description":null,"kind":"trail","source":"sfwda_trace_edited","confidence":"merged truth (traced)","permission":"SFWDA paper map — permission TBD","status":"hand-edited; normalized from SVG","last_checked":null,"trail_number":14,"difficulty":"easy","review_status":"hand-edited; normalized from SVG","color":"#1f9d3a"}},{"type":"Feature","geometry":{"type":"LineString","coordinates":[[-85.75805,35.0919759],[-85.758027,35.0919924],[-85.7579815,35.0920326],[-85.7579358,35.0920835],[-85.7579198,35.0921488],[-85.7579158,35.0922409],[-85.7579278,35.0923375],[-85.7579479,35.0923791],[-85.7579897,35.0924316],[-85.7580042,35.0924499],[-85.7580601,35.0925347],[-85.75807,35.0925495],[-85.7580886,35.09259],[-85.7580992,35.0926622],[-85.7580992,35.092732],[-85.7580822,35.0927786],[-85.7580531,35.092802]]},"properties":{"id":"sfwda-85","name":null,"description":null,"kind":"trail","source":"sfwda_trace_edited","confidence":"merged truth (traced)","permission":"SFWDA paper map — permission TBD","status":"hand-edited; normalized from SVG","last_checked":null,"trail_number":null,"difficulty":"easy","review_status":"hand-edited; normalized from SVG","color":"#1f9d3a"}},{"type":"Feature","geometry":{"type":"LineString","coordinates":[[-85.7585991,35.0932012],[-85.7587234,35.093199],[-85.7587504,35.0931939],[-85.7588033,35.0931437],[-85.7588081,35.0931079],[-85.7588057,35.0930261],[-85.7587902,35.0930167],[-85.75878,35.0929905]]},"properties":{"id":"sfwda-86","name":null,"description":null,"kind":"trail","source":"sfwda_trace_edited","confidence":"merged truth (traced)","permission":"SFWDA paper map — permission TBD","status":"hand-edited; normalized from SVG","last_checked":null,"trail_number":null,"difficulty":"moderate","review_status":"hand-edited; normalized from SVG","color":"#2438c8"}},{"type":"Feature","geometry":{"type":"LineString","coordinates":[[-85.7507155,35.0941133],[-85.7507111,35.0940662],[-85.7506764,35.0940247],[-85.7506337,35.0939534],[-85.7506115,35.093882],[-85.7505628,35.093741],[-85.7505303,35.0936729],[-85.7504633,35.0935508]]},"properties":{"id":"sfwda-87","name":"63","description":null,"kind":"trail","source":"sfwda_trace_edited","confidence":"merged truth (traced)","permission":"SFWDA paper map — permission TBD","status":"hand-edited; normalized from SVG","last_checked":null,"trail_number":63,"difficulty":"difficult","review_status":"hand-edited; normalized from SVG","color":"#111111"}},{"type":"Feature","geometry":{"type":"LineString","coordinates":[[-85.7564545,35.0932303],[-85.7563666,35.0931987],[-85.756332,35.0931754],[-85.7561991,35.0930793],[-85.7561077,35.0930386],[-85.7560549,35.0930329],[-85.7560001,35.0930435],[-85.7559546,35.0930759],[-85.7558783,35.0931305],[-85.7558246,35.0931522],[-85.7557655,35.0931845],[-85.755727,35.0932153],[-85.7557051,35.0932405]]},"properties":{"id":"sfwda-88","name":"66","description":null,"kind":"trail","source":"sfwda_trace_edited","confidence":"merged truth (traced)","permission":"SFWDA paper map — permission TBD","status":"hand-edited; normalized from SVG","last_checked":null,"trail_number":66,"difficulty":"difficult","review_status":"hand-edited; normalized from SVG","color":"#111111"}},{"type":"Feature","geometry":{"type":"LineString","coordinates":[[-85.7588809,35.0929831],[-85.7589009,35.0930408],[-85.7590242,35.0932721],[-85.7590403,35.0935175]]},"properties":{"id":"sfwda-89","name":"77","description":null,"kind":"trail","source":"sfwda_trace_edited","confidence":"merged truth (traced)","permission":"SFWDA paper map — permission TBD","status":"hand-edited; normalized from SVG","last_checked":null,"trail_number":77,"difficulty":"difficult","review_status":"hand-edited; normalized from SVG","color":"#111111"}},{"type":"Feature","geometry":{"type":"LineString","coordinates":[[-85.7590403,35.0935175],[-85.7590378,35.093838],[-85.7590318,35.0939374],[-85.7589717,35.0940996],[-85.7589102,35.0942338],[-85.7588809,35.0943723],[-85.7588379,35.0945387],[-85.7588152,35.0945946],[-85.7587534,35.0947459],[-85.7586851,35.094954],[-85.7586715,35.0950342],[-85.7586715,35.095149]]},"properties":{"id":"sfwda-90","name":"90X","description":null,"kind":"trail","source":"sfwda_trace_edited","confidence":"merged truth (traced)","permission":"SFWDA paper map — permission TBD","status":"hand-edited; normalized from SVG","last_checked":null,"trail_number":null,"difficulty":"moderate","review_status":"hand-edited; normalized from SVG","color":"#2438c8"}},{"type":"Feature","geometry":{"type":"LineString","coordinates":[[-85.7586715,35.095149],[-85.7586658,35.0951762],[-85.7586486,35.0952551],[-85.7586332,35.0953067],[-85.7586315,35.095435],[-85.7585916,35.0955644],[-85.7585886,35.0956287],[-85.7585778,35.0957016],[-85.7585486,35.0957468],[-85.7584594,35.0957971],[-85.75843,35.0958423],[-85.7583793,35.0959077],[-85.7583501,35.0959769],[-85.7583501,35.0960398],[-85.7583518,35.0960975],[-85.7582993,35.0961768],[-85.7582362,35.0961956],[-85.7581732,35.096192],[-85.7581193,35.0962082],[-85.7580676,35.0962547],[-85.7580439,35.0962762],[-85.7579731,35.0962962],[-85.7579345,35.0962811],[-85.7578961,35.0962735],[-85.7577636,35.0961932],[-85.7576961,35.0961252],[-85.7576267,35.0960762],[-85.757559,35.0960585],[-85.7574928,35.0960749],[-85.7573422,35.096183],[-85.7572801,35.0962255],[-85.7572617,35.0962684],[-85.7572401,35.0963514],[-85.7572047,35.0963615],[-85.7571785,35.0963665],[-85.7571538,35.0964017],[-85.7571553,35.0964111],[-85.7570978,35.0964061],[-85.7570501,35.0963795],[-85.7570206,35.0963638],[-85.7569364,35.0963654],[-85.7569018,35.0963861],[-85.7568389,35.0964036],[-85.7567739,35.0964218],[-85.7566248,35.0964177],[-85.7565841,35.0963994],[-85.7565058,35.0963795],[-85.756446,35.0963479],[-85.756185,35.0963396],[-85.7561414,35.0964019],[-85.756106,35.0964243],[-85.7560532,35.0964401],[-85.755981,35.0965468],[-85.7559718,35.09663],[-85.7559474,35.0966624],[-85.7558166,35.0966844],[-85.7558085,35.0966826],[-85.7557464,35.0966899],[-85.7557068,35.0967177],[-85.7556642,35.0967181],[-85.7556328,35.0966854],[-85.7556297,35.09665],[-85.7556438,35.0965194],[-85.7556398,35.096498],[-85.7555962,35.0964855],[-85.7555698,35.0964583],[-85.7555516,35.0964267],[-85.7555262,35.09643],[-85.7554552,35.0964706],[-85.7554186,35.0964805],[-85.7553658,35.0964665],[-85.7553172,35.0964682],[-85.7551984,35.0964985]]},"properties":{"id":"sfwda-91","name":"4","description":null,"kind":"trail","source":"sfwda_trace_edited","confidence":"merged truth (traced)","permission":"SFWDA paper map — permission TBD","status":"hand-edited; normalized from SVG","last_checked":null,"trail_number":4,"difficulty":"easy","review_status":"hand-edited; normalized from SVG","color":"#1f9d3a"}},{"type":"Feature","geometry":{"type":"LineString","coordinates":[[-85.75611,35.097012],[-85.7560875,35.0969809],[-85.7560824,35.0969572],[-85.7560867,35.0968739],[-85.7560875,35.0968006],[-85.7560761,35.0967638],[-85.7560401,35.096743],[-85.7559481,35.0967355],[-85.7558853,35.0967326],[-85.7558586,35.096708],[-85.7558383,35.0966939],[-85.755817,35.0966844]]},"properties":{"id":"sfwda-92","name":"5","description":null,"kind":"trail","source":"sfwda_trace_edited","confidence":"merged truth (traced)","permission":"SFWDA paper map — permission TBD","status":"hand-edited; normalized from SVG","last_checked":null,"trail_number":5,"difficulty":"easy","review_status":"hand-edited; normalized from SVG","color":"#1f9d3a"}},{"type":"Feature","geometry":{"type":"LineString","coordinates":[[-85.7571558,35.0964126],[-85.7571631,35.0964618],[-85.7572047,35.0964844],[-85.7572401,35.0965438],[-85.7572771,35.0965853],[-85.7572971,35.0966229],[-85.7574569,35.0966897],[-85.7575108,35.0966897],[-85.7575803,35.0967147],[-85.7576141,35.09676],[-85.7576295,35.0968026],[-85.7576248,35.0968706],[-85.7576264,35.0969147],[-85.757668,35.096974],[-85.7577082,35.0969988],[-85.7577418,35.0970193],[-85.7577743,35.0970394],[-85.7578141,35.0970971],[-85.7579219,35.0973119],[-85.7580296,35.0974541],[-85.7580572,35.097502],[-85.7580635,35.0975484],[-85.7580666,35.0976591],[-85.7580588,35.0976992],[-85.7580331,35.0977383]]},"properties":{"id":"sfwda-93","name":"17","description":null,"kind":"trail","source":"sfwda_trace_edited","confidence":"merged truth (traced)","permission":"SFWDA paper map — permission TBD","status":"hand-edited; normalized from SVG","last_checked":null,"trail_number":17,"difficulty":"easy","review_status":"hand-edited; normalized from SVG","color":"#1f9d3a"}},{"type":"Feature","geometry":{"type":"LineString","coordinates":[[-85.7480142,35.0899202],[-85.7479465,35.0904037],[-85.747896,35.0907804],[-85.7478709,35.091177]]},"properties":{"id":"sfwda-94","name":null,"description":null,"kind":"trail","source":"sfwda_trace_edited","confidence":"merged truth (traced)","permission":"SFWDA paper map — permission TBD","status":"hand-edited; normalized from SVG","last_checked":null,"trail_number":null,"difficulty":null,"review_status":"hand-edited; normalized from SVG","color":"#f25e0d"}},{"type":"Feature","geometry":{"type":"LineString","coordinates":[[-85.7518755,35.0904258],[-85.7518722,35.0903689],[-85.7518461,35.0903197],[-85.7518306,35.0902744],[-85.7518214,35.0901853],[-85.751843,35.0900721],[-85.7518367,35.0899702],[-85.7518045,35.0899324],[-85.7517214,35.089906],[-85.7516737,35.0899076],[-85.7516244,35.0899088],[-85.7515568,35.0899627],[-85.7515413,35.0900092],[-85.7515491,35.0900683],[-85.7515598,35.0900909],[-85.7515491,35.0901149],[-85.7515413,35.0901438],[-85.7514907,35.0901691],[-85.7514228,35.0902116],[-85.751359,35.0902539],[-85.7513103,35.0902724],[-85.7512707,35.090296],[-85.7512504,35.0902556],[-85.7512334,35.0901865],[-85.7512104,35.09014],[-85.7512059,35.0900997],[-85.7511413,35.090052],[-85.7510288,35.0900256],[-85.7509104,35.0900041],[-85.7508335,35.0900142],[-85.7507811,35.0900394],[-85.7506779,35.0900634],[-85.7506164,35.0900885],[-85.7505409,35.0901012],[-85.750504,35.0901125],[-85.7504599,35.09014]]},"properties":{"id":"sfwda-95","name":"95","description":null,"kind":"trail","source":"sfwda_trace_edited","confidence":"merged truth (traced)","permission":"SFWDA paper map — permission TBD","status":"hand-edited; normalized from SVG","last_checked":null,"trail_number":95,"difficulty":"moderate","review_status":"hand-edited; normalized from SVG","color":"#2438c8"}},{"type":"Feature","geometry":{"type":"LineString","coordinates":[[-85.7516737,35.0899076],[-85.7516722,35.0897879],[-85.7516535,35.0897438],[-85.7516398,35.0897072],[-85.7516443,35.0895839],[-85.7516289,35.0895465],[-85.7516076,35.0895326],[-85.7515351,35.0895251],[-85.7514629,35.0895389],[-85.751429,35.0895856],[-85.7513644,35.0896039],[-85.7513351,35.0896595],[-85.751292,35.0897262],[-85.7512935,35.0897955],[-85.7512396,35.0898295],[-85.7511672,35.0898219],[-85.7511413,35.0898119],[-85.7510273,35.0898143],[-85.7509919,35.0898521],[-85.750978,35.089885],[-85.7509396,35.0899152],[-85.7509179,35.0899504],[-85.7509071,35.0899627],[-85.7509104,35.0900041]]},"properties":{"id":"sfwda-96","name":"96","description":null,"kind":"trail","source":"sfwda_trace_edited","confidence":"merged truth (traced)","permission":"SFWDA paper map — permission TBD","status":"hand-edited; normalized from SVG","last_checked":null,"trail_number":96,"difficulty":"moderate","review_status":"hand-edited; normalized from SVG","color":"#2438c8"}},{"type":"Feature","geometry":{"type":"LineString","coordinates":[[-85.7555344,35.0912218],[-85.7554476,35.0912318],[-85.7553592,35.0912343],[-85.7553116,35.0912542],[-85.7552466,35.091265],[-85.7550871,35.0912567],[-85.7550474,35.0912409],[-85.7549143,35.0912044],[-85.7547939,35.0911953],[-85.7547559,35.0912036],[-85.754733,35.0912118],[-85.7546577,35.0912251],[-85.7545152,35.0912524],[-85.7544197,35.0912407],[-85.7543569,35.0912218],[-85.7543191,35.0912059],[-85.7542849,35.0911573],[-85.7542391,35.0909622],[-85.754212,35.090922],[-85.7541944,35.0908817],[-85.7541627,35.0908339],[-85.7541088,35.0907521],[-85.754004,35.090639],[-85.7538901,35.0905384],[-85.7537884,35.0904931],[-85.7537366,35.0904837],[-85.7536697,35.0904717],[-85.7536053,35.090483],[-85.7535743,35.0905069],[-85.7535026,35.0905642]]},"properties":{"id":"sfwda-97","name":"33","description":null,"kind":"trail","source":"sfwda_trace_edited","confidence":"merged truth (traced)","permission":"SFWDA paper map — permission TBD","status":"hand-edited; normalized from SVG","last_checked":null,"trail_number":33,"difficulty":"moderate","review_status":"hand-edited; normalized from SVG","color":"#2438c8"}},{"type":"Feature","geometry":{"type":"LineString","coordinates":[[-85.7573315,35.091437],[-85.7572915,35.0914659],[-85.7572283,35.0915308],[-85.7571737,35.0915457],[-85.7570823,35.0915622],[-85.7570396,35.0916019],[-85.7570092,35.0916717],[-85.7569847,35.0917813],[-85.7569644,35.0918294],[-85.7569117,35.0918741],[-85.7568304,35.091884],[-85.7567371,35.0918772],[-85.7566781,35.091884],[-85.7566132,35.0919271],[-85.7565096,35.0920534],[-85.7564589,35.09211],[-85.7563919,35.0921346],[-85.7562923,35.0921394],[-85.7562094,35.0921327]]},"properties":{"id":"sfwda-98","name":"7","description":null,"kind":"trail","source":"sfwda_trace_edited","confidence":"merged truth (traced)","permission":"SFWDA paper map — permission TBD","status":"hand-edited; normalized from SVG","last_checked":null,"trail_number":7,"difficulty":"easy","review_status":"hand-edited; normalized from SVG","color":"#1f9d3a"}},{"type":"Feature","geometry":{"type":"LineString","coordinates":[[-85.7562094,35.0921327],[-85.7561661,35.0921044],[-85.7561487,35.0920587],[-85.7561055,35.0920061],[-85.7561043,35.0919127],[-85.7560751,35.0917649],[-85.7560747,35.0917023],[-85.7560728,35.091459],[-85.7560787,35.0913258],[-85.7560145,35.0912085],[-85.7559923,35.0911217],[-85.7559853,35.0910447],[-85.7559796,35.0909131],[-85.7559691,35.0908081],[-85.7559424,35.0907328],[-85.7559328,35.0907063],[-85.7559108,35.0906119],[-85.7558875,35.0905252],[-85.7558233,35.0904385],[-85.7557497,35.0903774],[-85.7556577,35.0903089],[-85.7555108,35.0902478],[-85.7553883,35.0902365],[-85.755267,35.0902516],[-85.7551714,35.0903032],[-85.7551223,35.0903812],[-85.7551223,35.0904852],[-85.7551376,35.0905538],[-85.755149,35.0905743],[-85.7551983,35.0906634],[-85.7553032,35.0907396],[-85.7553883,35.0907883],[-85.7554723,35.0908607],[-85.7554968,35.090914],[-85.7555168,35.0909846],[-85.7555213,35.091102],[-85.7555344,35.0912218],[-85.7555378,35.0912506],[-85.7555564,35.0913049],[-85.7556042,35.0913373],[-85.755744,35.0914258],[-85.7557955,35.0914297],[-85.7558922,35.0914336],[-85.7559367,35.0914468],[-85.7560019,35.0915031],[-85.7560369,35.0915746],[-85.7560747,35.0917023]]},"properties":{"id":"sfwda-99","name":"9","description":null,"kind":"trail","source":"sfwda_trace_edited","confidence":"merged truth (traced)","permission":"SFWDA paper map — permission TBD","status":"hand-edited; normalized from SVG","last_checked":null,"trail_number":9,"difficulty":"easy","review_status":"hand-edited; normalized from SVG","color":"#1f9d3a"}},{"type":"Feature","geometry":{"type":"LineString","coordinates":[[-85.755149,35.0905743],[-85.7551127,35.0905923],[-85.7550846,35.0906164],[-85.7550512,35.0906514],[-85.7549332,35.0906668],[-85.7547617,35.090671],[-85.75464,35.0906853],[-85.754554,35.0907072],[-85.7545086,35.090729],[-85.7544402,35.0907795],[-85.7543504,35.0908341],[-85.7543088,35.0908451],[-85.7542389,35.0908429],[-85.7541627,35.0908339]]},"properties":{"id":"sfwda-100","name":"68","description":null,"kind":"trail","source":"sfwda_trace_edited","confidence":"merged truth (traced)","permission":"SFWDA paper map — permission TBD","status":"hand-edited; normalized from SVG","last_checked":null,"trail_number":68,"difficulty":"difficult","review_status":"hand-edited; normalized from SVG","color":"#111111"}},{"type":"Feature","geometry":{"type":"LineString","coordinates":[[-85.756944,35.0903973],[-85.7569979,35.0904245],[-85.7570978,35.0904961],[-85.7571654,35.0905488],[-85.7571995,35.0906156],[-85.7572025,35.0907124],[-85.7571872,35.0908129],[-85.7571886,35.0908733],[-85.7572102,35.0909335],[-85.7572502,35.0910142],[-85.7572856,35.0911562],[-85.7573134,35.0912167],[-85.7573148,35.0912582],[-85.7572995,35.0913122],[-85.7573134,35.0913888],[-85.7573315,35.091437],[-85.7573716,35.0914983],[-85.757421,35.091565],[-85.7574596,35.0915902],[-85.7575551,35.091614],[-85.7575842,35.0916353],[-85.7576379,35.091697],[-85.7576889,35.091736],[-85.7577613,35.0917536],[-85.7578935,35.0917486],[-85.758001,35.0917399]]},"properties":{"id":"sfwda-101","name":"8","description":null,"kind":"trail","source":"sfwda_trace_edited","confidence":"merged truth (traced)","permission":"SFWDA paper map — permission TBD","status":"hand-edited; normalized from SVG","last_checked":null,"trail_number":8,"difficulty":"easy","review_status":"hand-edited; normalized from SVG","color":"#1f9d3a"}},{"type":"Feature","geometry":{"type":"LineString","coordinates":[[-85.7569018,35.0904434],[-85.7568836,35.0903963],[-85.75685,35.0903241],[-85.7568138,35.0902846],[-85.7567628,35.0902561],[-85.7566773,35.0902321],[-85.7565766,35.0902179],[-85.7565346,35.0902187],[-85.756471,35.09022],[-85.7564388,35.0902179],[-85.7563986,35.0902365],[-85.7563798,35.090277],[-85.7563664,35.0903087],[-85.7563329,35.0903415],[-85.7562807,35.0903481],[-85.7562176,35.0903251],[-85.7561829,35.0903175],[-85.7561548,35.0903328],[-85.7561359,35.0903744],[-85.7561347,35.0904292],[-85.756156,35.0904795],[-85.7561669,35.0905222],[-85.7561548,35.0905758],[-85.7561053,35.0906394],[-85.7560676,35.0906492],[-85.756021,35.0906403],[-85.7559979,35.0906481],[-85.7559593,35.0906963],[-85.7559424,35.0907328]]},"properties":{"id":"sfwda-102","name":"10","description":null,"kind":"trail","source":"sfwda_trace_edited","confidence":"merged truth (traced)","permission":"SFWDA paper map — permission TBD","status":"hand-edited; normalized from SVG","last_checked":null,"trail_number":10,"difficulty":"easy","review_status":"hand-edited; normalized from SVG","color":"#1f9d3a"}},{"type":"Feature","geometry":{"type":"LineString","coordinates":[[-85.7584766,35.0924327],[-85.7584429,35.092453],[-85.758389,35.0924646],[-85.758254,35.0924646],[-85.7581871,35.0924771],[-85.7581169,35.092502],[-85.7580601,35.0925347]]},"properties":{"id":"sfwda-103","name":null,"description":null,"kind":"trail","source":"sfwda_trace_edited","confidence":"merged truth (traced)","permission":"SFWDA paper map — permission TBD","status":"hand-edited; normalized from SVG","last_checked":null,"trail_number":null,"difficulty":"easy","review_status":"hand-edited; normalized from SVG","color":"#1f9d3a"}},{"type":"Feature","geometry":{"type":"LineString","coordinates":[[-85.7583786,35.0921947],[-85.7583363,35.0922149],[-85.7582884,35.0922207],[-85.7582296,35.0922174],[-85.7581687,35.0922307],[-85.7581178,35.0922639],[-85.7580723,35.0923187],[-85.7580315,35.0923849],[-85.7579897,35.0924316]]},"properties":{"id":"sfwda-104","name":null,"description":null,"kind":"trail","source":"sfwda_trace_edited","confidence":"merged truth (traced)","permission":"SFWDA paper map — permission TBD","status":"hand-edited; normalized from SVG","last_checked":null,"trail_number":null,"difficulty":"easy","review_status":"hand-edited; normalized from SVG","color":"#1f9d3a"}},{"type":"Feature","geometry":{"type":"LineString","coordinates":[[-85.748482,35.0943078],[-85.7484019,35.0942423],[-85.7483837,35.0941933],[-85.7484083,35.0940888],[-85.7483727,35.0940135],[-85.7482513,35.0939079],[-85.7480328,35.0937947],[-85.747959,35.0937538]]},"properties":{"id":"sfwda-105","name":"69","description":null,"kind":"trail","source":"sfwda_trace_edited","confidence":"merged truth (traced)","permission":"SFWDA paper map — permission TBD","status":"hand-edited; normalized from SVG","last_checked":null,"trail_number":69,"difficulty":"difficult","review_status":"hand-edited; normalized from SVG","color":"#111111"}},{"type":"Feature","geometry":{"type":"LineString","coordinates":[[-85.7484747,35.094783],[-85.7484756,35.0947837],[-85.7483557,35.0948648],[-85.7481237,35.0949578],[-85.748062,35.0949692],[-85.7480217,35.0949491],[-85.747988,35.0948962],[-85.7478421,35.0948082],[-85.7477635,35.0947277],[-85.747762,35.0946522],[-85.7476402,35.094431],[-85.7476018,35.0942726],[-85.7475694,35.0941883],[-85.7475802,35.0939155],[-85.7475941,35.0938638],[-85.7476588,35.0938275],[-85.7476834,35.0937684]]},"properties":{"id":"sfwda-106","name":"67","description":null,"kind":"trail","source":"sfwda_trace_edited","confidence":"merged truth (traced)","permission":"SFWDA paper map — permission TBD","status":"hand-edited; normalized from SVG","last_checked":null,"trail_number":67,"difficulty":"difficult","review_status":"hand-edited; normalized from SVG","color":"#111111"}},{"type":"Feature","geometry":{"type":"LineString","coordinates":[[-85.7549346,35.095216],[-85.7548963,35.0951728],[-85.7548794,35.0951326],[-85.7548809,35.0950421],[-85.7549198,35.0949843],[-85.754964,35.0949264],[-85.7549658,35.0948724],[-85.7549502,35.094812],[-85.7549534,35.0947227],[-85.7549841,35.0946624],[-85.7549717,35.0946363],[-85.7548827,35.0945909],[-85.7548456,35.0945936],[-85.7547255,35.0946296],[-85.7546515,35.094641],[-85.7545775,35.0946485],[-85.7544866,35.0946837],[-85.7543342,35.0947517],[-85.7542972,35.0947466],[-85.7542254,35.0947215],[-85.754065,35.0947202],[-85.7539158,35.0947466],[-85.7537603,35.0947957],[-85.753517,35.0949415],[-85.7534138,35.0949554],[-85.7532941,35.095007],[-85.7531752,35.0951206]]},"properties":{"id":"sfwda-107","name":"42","description":null,"kind":"trail","source":"sfwda_trace_edited","confidence":"merged truth (traced)","permission":"SFWDA paper map — permission TBD","status":"hand-edited; normalized from SVG","last_checked":null,"trail_number":42,"difficulty":"difficult","review_status":"hand-edited; normalized from SVG","color":"#111111"}},{"type":"Feature","geometry":{"type":"LineString","coordinates":[[-85.7509262,35.0939699],[-85.7509581,35.0940148],[-85.7509872,35.0940764],[-85.7510672,35.0942206],[-85.7511471,35.0942915],[-85.7512318,35.0943179],[-85.7515737,35.094299],[-85.7517798,35.0942924],[-85.7519782,35.0942348],[-85.7521661,35.0942395],[-85.7523722,35.0942924],[-85.7525029,35.0944083],[-85.752586,35.0945456],[-85.7526123,35.0946711],[-85.752603,35.0949163],[-85.7525923,35.0951099],[-85.7525585,35.0952684],[-85.7524893,35.0954306],[-85.7524307,35.095525],[-85.7524094,35.095628]]},"properties":{"id":"sfwda-108","name":"Pretender","description":null,"kind":"trail","source":"sfwda_trace_edited","confidence":"merged truth (traced)","permission":"SFWDA paper map — permission TBD","status":"hand-edited; normalized from SVG","last_checked":null,"trail_number":null,"difficulty":"difficult","review_status":"hand-edited; normalized from SVG","color":"#111111"}},{"type":"Feature","geometry":{"type":"LineString","coordinates":[[-85.7524094,35.095628],[-85.752466,35.0956607],[-85.7525385,35.0956796],[-85.7525737,35.0957225],[-85.7526709,35.0957878],[-85.7527369,35.095804],[-85.752866,35.0957977],[-85.7529709,35.0957614],[-85.753054,35.09577],[-85.7532602,35.0958531],[-85.7533248,35.0958568],[-85.7534509,35.0958393],[-85.753514,35.0957662],[-85.7535385,35.0956268],[-85.7535571,35.0954971],[-85.7536324,35.0953677],[-85.7537371,35.0952596],[-85.7537957,35.0952243],[-85.7538,35.0950761],[-85.7537726,35.0950169],[-85.7537603,35.0947957]]},"properties":{"id":"sfwda-109","name":"34","description":null,"kind":"trail","source":"sfwda_trace_edited","confidence":"merged truth (traced)","permission":"SFWDA paper map — permission TBD","status":"hand-edited; normalized from SVG","last_checked":null,"trail_number":34,"difficulty":"moderate","review_status":"hand-edited; normalized from SVG","color":"#2438c8"}},{"type":"Feature","geometry":{"type":"LineString","coordinates":[[-85.7542905,35.0965789],[-85.7542557,35.0966262],[-85.754185,35.0966986],[-85.7540684,35.0967638],[-85.7539607,35.0967808],[-85.7538971,35.0967666],[-85.7538582,35.0967392],[-85.7538388,35.0966537],[-85.7538343,35.0965884],[-85.7538299,35.096525],[-85.7538246,35.0964428],[-85.7538246,35.0963229],[-85.7538048,35.0962584]]},"properties":{"id":"sfwda-110","name":"88","description":null,"kind":"trail","source":"sfwda_trace_edited","confidence":"merged truth (traced)","permission":"SFWDA paper map — permission TBD","status":"hand-edited; normalized from SVG","last_checked":null,"trail_number":88,"difficulty":"moderate","review_status":"hand-edited; normalized from SVG","color":"#2438c8"}},{"type":"Feature","geometry":{"type":"LineString","coordinates":[[-85.7538343,35.0965884],[-85.7537468,35.0965959],[-85.7537028,35.0966161],[-85.7536088,35.0966278],[-85.7535162,35.0966519],[-85.7533594,35.0966506],[-85.753187,35.0965789],[-85.7527899,35.0965649],[-85.7526908,35.096524],[-85.7526315,35.0964995],[-85.7525175,35.0964344],[-85.752507,35.0963815],[-85.7525206,35.0963198],[-85.752573,35.0962584],[-85.7525883,35.0962179],[-85.7526868,35.0961792],[-85.7527854,35.0961691],[-85.7528961,35.0961703],[-85.7529511,35.0961167]]},"properties":{"id":"sfwda-111","name":"89","description":null,"kind":"trail","source":"sfwda_trace_edited","confidence":"merged truth (traced)","permission":"SFWDA paper map — permission TBD","status":"hand-edited; normalized from SVG","last_checked":null,"trail_number":89,"difficulty":"moderate","review_status":"hand-edited; normalized from SVG","color":"#2438c8"}},{"type":"Feature","geometry":{"type":"LineString","coordinates":[[-85.7544262,35.0968593],[-85.7544687,35.0968356],[-85.7545573,35.0967402],[-85.7546055,35.0966804],[-85.7545933,35.0966518],[-85.7545933,35.0965652],[-85.7546042,35.0965223],[-85.7546415,35.0964898],[-85.7546512,35.0964526],[-85.7546512,35.0963803],[-85.7546123,35.0963266],[-85.7545573,35.0962304],[-85.7545408,35.0961989],[-85.7545109,35.0961676]]},"properties":{"id":"sfwda-112","name":"98","description":null,"kind":"trail","source":"sfwda_trace_edited","confidence":"merged truth (traced)","permission":"SFWDA paper map — permission TBD","status":"hand-edited; normalized from SVG","last_checked":null,"trail_number":98,"difficulty":"moderate","review_status":"hand-edited; normalized from SVG","color":"#2438c8"}},{"type":"Feature","geometry":{"type":"LineString","coordinates":[[-85.7560704,35.0956999],[-85.7559652,35.0956875],[-85.7557952,35.0956689],[-85.7554588,35.0956535],[-85.7552808,35.0956498],[-85.75525,35.0956491],[-85.7551774,35.0956656],[-85.7550823,35.0957259],[-85.7550047,35.0958363],[-85.7549926,35.0959141],[-85.7549994,35.0959318],[-85.7550435,35.0960521],[-85.7550796,35.0961132],[-85.755118,35.0961588]]},"properties":{"id":"sfwda-113","name":"26","description":null,"kind":"trail","source":"sfwda_trace_edited","confidence":"merged truth (traced)","permission":"SFWDA paper map — permission TBD","status":"hand-edited; normalized from SVG","last_checked":null,"trail_number":26,"difficulty":"moderate","review_status":"hand-edited; normalized from SVG","color":"#2438c8"}},{"type":"Feature","geometry":{"type":"LineString","coordinates":[[-85.755118,35.0961588],[-85.7551331,35.0961793],[-85.7551681,35.0962272],[-85.7552017,35.0963509],[-85.7552017,35.0964767],[-85.7551984,35.0964985],[-85.7551774,35.0966354],[-85.755144,35.0967155],[-85.7550491,35.096845],[-85.755014,35.0968926],[-85.7548827,35.0970623],[-85.7548614,35.0970821],[-85.7547817,35.0971132]]},"properties":{"id":"sfwda-114","name":"6","description":null,"kind":"trail","source":"sfwda_trace_edited","confidence":"merged truth (traced)","permission":"SFWDA paper map — permission TBD","status":"hand-edited; normalized from SVG","last_checked":null,"trail_number":6,"difficulty":"easy","review_status":"hand-edited; normalized from SVG","color":"#1f9d3a"}},{"type":"Feature","geometry":{"type":"LineString","coordinates":[[-85.7550491,35.096845],[-85.7550207,35.0967808],[-85.7550238,35.096744],[-85.7550502,35.0966814],[-85.7550716,35.0966387],[-85.755073,35.0965467],[-85.755083,35.0965241],[-85.7551078,35.0964691],[-85.7551468,35.0964142],[-85.7552017,35.0963672]]},"properties":{"id":"sfwda-115","name":null,"description":null,"kind":"trail","source":"sfwda_trace_edited","confidence":"merged truth (traced)","permission":"SFWDA paper map — permission TBD","status":"hand-edited; normalized from SVG","last_checked":null,"trail_number":null,"difficulty":"easy","review_status":"hand-edited; normalized from SVG","color":"#1f9d3a"}},{"type":"Feature","geometry":{"type":"LineString","coordinates":[[-85.7551331,35.0961793],[-85.7550756,35.096248],[-85.7550248,35.0963234],[-85.7550073,35.0963913],[-85.7549141,35.0965171],[-85.7549084,35.0965248],[-85.7548277,35.0966529],[-85.7547862,35.0967089],[-85.7547312,35.0967241],[-85.7546525,35.0967052],[-85.7546055,35.0966804]]},"properties":{"id":"sfwda-116","name":null,"description":null,"kind":"trail","source":"sfwda_trace_edited","confidence":"merged truth (traced)","permission":"SFWDA paper map — permission TBD","status":"hand-edited; normalized from SVG","last_checked":null,"trail_number":null,"difficulty":"moderate","review_status":"hand-edited; normalized from SVG","color":"#2438c8"}},{"type":"Feature","geometry":{"type":"LineString","coordinates":[[-85.7547918,35.0961949],[-85.7548224,35.096168],[-85.7548625,35.0960968],[-85.7548857,35.0960379],[-85.7549175,35.0959929],[-85.7549623,35.0959568],[-85.7549994,35.0959318]]},"properties":{"id":"sfwda-117","name":"46","description":null,"kind":"trail","source":"sfwda_trace_edited","confidence":"merged truth (traced)","permission":"SFWDA paper map — permission TBD","status":"hand-edited; normalized from SVG","last_checked":null,"trail_number":46,"difficulty":"difficult","review_status":"hand-edited; normalized from SVG","color":"#111111"}},{"type":"Feature","geometry":{"type":"LineString","coordinates":[[-85.7552808,35.0956498],[-85.7552767,35.0956085],[-85.7552644,35.0955607],[-85.7551559,35.0952305]]},"properties":{"id":"sfwda-118","name":"24","description":null,"kind":"trail","source":"sfwda_trace_edited","confidence":"merged truth (traced)","permission":"SFWDA paper map — permission TBD","status":"hand-edited; normalized from SVG","last_checked":null,"trail_number":24,"difficulty":"moderate","review_status":"hand-edited; normalized from SVG","color":"#2438c8"}},{"type":"Feature","geometry":{"type":"LineString","coordinates":[[-85.755083,35.0965241],[-85.7549141,35.0965171]]},"properties":{"id":"sfwda-119","name":null,"description":null,"kind":"trail","source":"sfwda_trace_edited","confidence":"merged truth (traced)","permission":"SFWDA paper map — permission TBD","status":"hand-edited; normalized from SVG","last_checked":null,"trail_number":null,"difficulty":"easy","review_status":"hand-edited; normalized from SVG","color":"#1f9d3a"}}]}