{"type":"FeatureCollection","name":"aop_trail_network","_meta":{"about":"AOP merged trail network: hand-cleaned SFWDA traced trails + OSM tracks at one level. Authoritative truth, served directly by the static viewer (layer aop-trail-network). Self-contained: each feature carries its own difficulty colour, so it renders correctly on a fresh viewer load with no pipeline, DB, or localStorage dependency.","crs":"urn:ogc:def:crs:OGC:1.3:CRS84 (WGS84 lng/lat, RFC 7946 default)","color_legend":{"#1f9d3a":"easy","#2438c8":"moderate","#111111":"difficult","#f25e0d":"road","#888888":"unknown"},"difficulty_band":"Easy 1-20 | Moderate 21-39 & 80-99 | Difficult 40-79 (park rating; onX may differ)","feature_count":130,"difficulty_counts":{"easy":27,"moderate":48,"difficult":41,"road/none":14},"color_counts":{"#1f9d3a":27,"#2438c8":48,"#111111":41,"#f25e0d":4},"named":120,"numbered":87,"property_schema":["id","trail_number","name","kind","difficulty","color","source","review_status"],"review_flags":["14 non-road trails still have no difficulty (grey): None, sfwda-15, sfwda-63, None, None, None, None, None, None, None, sfwda-68, sfwda-94, None, None"],"generated_from":"aop_satellite_trace.svg (Affinity hand-trace) round-trip; numbers/difficulty re-attached from markers","maturity":"gold","group":"AOP trail network","locked":true,"maturity_note":"gold — verified first-party, accepted in production; locked, unlock to edit"},"features":[{"type":"Feature","properties":{"id":"sfwda-0","kind":"trail","name":"15","color":"#1f9d3a","facets":{"difficulty":"easy"},"source":"sfwda_trace_edited","status":"hand-edited; normalized from SVG","confidence":"merged truth (traced)","difficulty":"easy","permission":"publish","description":null,"source_file":"aop_trail_network.geojson","last_checked":null,"trail_number":15,"review_status":"re-imported from Illustrator SVG (geometry/name updated)","maturity":"gold"},"geometry":{"type":"LineString","coordinates":[[-85.7565319,35.0895231],[-85.7566279,35.089541],[-85.7567005,35.0895544],[-85.7567729,35.0895831],[-85.7568349,35.0896255],[-85.7568816,35.089669],[-85.7569073,35.0897015],[-85.7569491,35.0897751],[-85.7570118,35.0898344],[-85.7571849,35.089908]]}},{"type":"Feature","properties":{"id":"sfwda-1","kind":"trail","name":null,"color":"#2438c8","facets":{"difficulty":"moderate"},"source":"sfwda_trace_edited","status":"hand-edited; normalized from SVG","confidence":"merged truth (traced)","difficulty":"moderate","permission":"publish","description":null,"source_file":"aop_trail_network.geojson","last_checked":null,"trail_number":null,"review_status":"re-imported from Illustrator SVG (geometry/name updated)","maturity":"gold"},"geometry":{"type":"LineString","coordinates":[[-85.7561912,35.0861615],[-85.7561614,35.0861662],[-85.7561288,35.0861825],[-85.7561161,35.0862023]]}},{"type":"Feature","properties":{"id":"sfwda-10","kind":"trail","name":"56","color":"#111111","facets":{"difficulty":"difficult"},"source":"sfwda_trace_edited","status":"hand-edited; normalized from SVG","confidence":"merged truth (traced)","difficulty":"difficult","permission":"publish","description":null,"source_file":"aop_trail_network.geojson","last_checked":null,"trail_number":56,"review_status":"re-imported from Illustrator SVG (geometry/name updated)","maturity":"gold"},"geometry":{"type":"LineString","coordinates":[[-85.7554264,35.0847065],[-85.7555081,35.0846264],[-85.7556915,35.0844641],[-85.7559252,35.0843118],[-85.7560615,35.0842391],[-85.7561439,35.0842173],[-85.7563273,35.0842114],[-85.7563979,35.0842221],[-85.7565278,35.0842694],[-85.7566238,35.0843783],[-85.7566966,35.0845166],[-85.7566869,35.0847428],[-85.7566404,35.0848506],[-85.7565594,35.0849265],[-85.7565009,35.0849558],[-85.756287,35.084975],[-85.7560794,35.0849871],[-85.7558961,35.08495]]}},{"type":"Feature","properties":{"id":"sfwda-100","kind":"trail","name":"68","color":"#111111","facets":{"difficulty":"difficult"},"source":"sfwda_trace_edited","status":"hand-edited; normalized from SVG","confidence":"merged truth (traced)","difficulty":"difficult","permission":"publish","description":null,"source_file":"aop_trail_network.geojson","last_checked":null,"trail_number":68,"review_status":"re-imported from Illustrator SVG (geometry/name updated)","maturity":"gold"},"geometry":{"type":"LineString","coordinates":[[-85.755149,35.0905745],[-85.7551126,35.0905925],[-85.7550846,35.0906165],[-85.7550512,35.0906515],[-85.7549331,35.0906669],[-85.7547617,35.0906711],[-85.7546399,35.0906854],[-85.7545539,35.0907074],[-85.7545086,35.0907292],[-85.7544402,35.0907796],[-85.7543504,35.0908342],[-85.7543087,35.0908452],[-85.7542389,35.090843],[-85.7541627,35.090834]]}},{"type":"Feature","properties":{"id":"sfwda-101","kind":"trail","name":"8","color":"#1f9d3a","facets":{"difficulty":"easy"},"source":"sfwda_trace_edited","status":"hand-edited; normalized from SVG","confidence":"merged truth (traced)","difficulty":"easy","permission":"publish","description":null,"source_file":"aop_trail_network.geojson","last_checked":null,"trail_number":8,"review_status":"re-imported from Illustrator SVG (geometry/name updated)","maturity":"gold"},"geometry":{"type":"LineString","coordinates":[[-85.7569439,35.0903975],[-85.7569978,35.0904246],[-85.7570978,35.0904963],[-85.7571653,35.090549],[-85.7571995,35.0906158],[-85.7572024,35.0907126],[-85.7571872,35.090813],[-85.7571886,35.0908734],[-85.7572101,35.0909336],[-85.7572502,35.0910144],[-85.7572855,35.0911563],[-85.7573134,35.0912168],[-85.7573148,35.0912583],[-85.7572995,35.0913123],[-85.7573134,35.0913889],[-85.7573314,35.0914371],[-85.7573715,35.0914985],[-85.7574209,35.0915651],[-85.7574595,35.0915903],[-85.757555,35.0916141],[-85.7575841,35.0916354],[-85.7576378,35.0916971],[-85.7576889,35.0917361],[-85.7577612,35.0917537],[-85.7578935,35.0917487],[-85.7580009,35.0917401]]}},{"type":"Feature","properties":{"id":"sfwda-102","kind":"trail","name":"10","color":"#1f9d3a","facets":{"difficulty":"easy"},"source":"sfwda_trace_edited","status":"hand-edited; normalized from SVG","confidence":"merged truth (traced)","difficulty":"easy","permission":"publish","description":null,"source_file":"aop_trail_network.geojson","last_checked":null,"trail_number":10,"review_status":"re-imported from Illustrator SVG (geometry/name updated)","maturity":"gold"},"geometry":{"type":"LineString","coordinates":[[-85.7569018,35.0904436],[-85.7568836,35.0903964],[-85.7568499,35.0903242],[-85.7568138,35.0902847],[-85.7567628,35.0902562],[-85.7566772,35.0902323],[-85.7565765,35.0902181],[-85.7565346,35.0902188],[-85.756471,35.0902201],[-85.7564387,35.090218],[-85.7563985,35.0902366],[-85.7563797,35.0902772],[-85.7563664,35.0903089],[-85.7563329,35.0903416],[-85.7562807,35.0903482],[-85.7562176,35.0903252],[-85.7561828,35.0903176],[-85.7561547,35.0903329],[-85.7561359,35.0903745],[-85.7561346,35.0904293],[-85.7561559,35.0904797],[-85.7561669,35.0905223],[-85.7561548,35.0905759],[-85.7561052,35.0906395],[-85.7560676,35.0906493],[-85.756021,35.0906405],[-85.7559979,35.0906483],[-85.7559592,35.0906965],[-85.7559423,35.0907329]]}},{"type":"Feature","properties":{"id":"sfwda-103","kind":"trail","name":null,"color":"#1f9d3a","facets":{"difficulty":"easy"},"source":"sfwda_trace_edited","status":"hand-edited; normalized from SVG","confidence":"merged truth (traced)","difficulty":"easy","permission":"publish","description":null,"source_file":"aop_trail_network.geojson","last_checked":null,"trail_number":null,"review_status":"re-imported from Illustrator SVG (geometry/name updated)","maturity":"gold"},"geometry":{"type":"LineString","coordinates":[[-85.7584765,35.0924328],[-85.7584428,35.0924531],[-85.7583889,35.0924647],[-85.758254,35.0924647],[-85.7581871,35.0924773],[-85.7581168,35.0925021],[-85.7580601,35.0925348]]}},{"type":"Feature","properties":{"id":"sfwda-104","kind":"trail","name":null,"color":"#1f9d3a","facets":{"difficulty":"easy"},"source":"sfwda_trace_edited","status":"hand-edited; normalized from SVG","confidence":"merged truth (traced)","difficulty":"easy","permission":"publish","description":null,"source_file":"aop_trail_network.geojson","last_checked":null,"trail_number":null,"review_status":"re-imported from Illustrator SVG (geometry/name updated)","maturity":"gold"},"geometry":{"type":"LineString","coordinates":[[-85.7583785,35.0921948],[-85.7583362,35.0922151],[-85.7582884,35.0922208],[-85.7582295,35.0922176],[-85.7581687,35.0922308],[-85.7581177,35.092264],[-85.7580722,35.0923188],[-85.7580315,35.0923851],[-85.7579897,35.0924317]]}},{"type":"Feature","properties":{"id":"sfwda-105","kind":"trail","name":"69","color":"#111111","facets":{"difficulty":"difficult"},"source":"sfwda_trace_edited","status":"hand-edited; normalized from SVG","confidence":"merged truth (traced)","difficulty":"difficult","permission":"publish","description":null,"source_file":"aop_trail_network.geojson","last_checked":null,"trail_number":69,"review_status":"re-imported from Illustrator SVG (geometry/name updated)","maturity":"gold"},"geometry":{"type":"LineString","coordinates":[[-85.748482,35.0943079],[-85.7484019,35.0942424],[-85.7483837,35.0941935],[-85.7484083,35.0940889],[-85.7483727,35.0940136],[-85.7482513,35.093908],[-85.7480327,35.0937948],[-85.747959,35.0937539]]}},{"type":"Feature","properties":{"trail_number":null,"difficulty":null,"source":"illustrator_trace_new","review_status":"new trail from Illustrator SVG; needs review","name":null,"permission":"publish"},"geometry":{"type":"LineString","coordinates":[[-85.7484747,35.0947831],[-85.7484756,35.0947838],[-85.7483735,35.0948481],[-85.7482774,35.0950384],[-85.7481327,35.0950693],[-85.7480185,35.0950906],[-85.7477962,35.0952057],[-85.7475689,35.0953505],[-85.7474051,35.0955753],[-85.7473551,35.095758],[-85.7473049,35.0958852],[-85.747118,35.0961112],[-85.7471607,35.0963613],[-85.7471294,35.0964427],[-85.747188,35.0966941],[-85.7471302,35.0967634],[-85.7466959,35.0968532],[-85.7466091,35.0969439],[-85.7464851,35.0970011],[-85.7463928,35.097148],[-85.7462785,35.0972986],[-85.7462536,35.0974688],[-85.7461782,35.0976447],[-85.7461879,35.0979124],[-85.7461587,35.0980299],[-85.7461474,35.098113],[-85.7461007,35.0983051],[-85.7461364,35.0984863],[-85.7461038,35.0988181],[-85.7461372,35.0991652],[-85.7461158,35.099214],[-85.746085,35.0993329],[-85.7461325,35.0995229],[-85.7462391,35.0997339],[-85.7463999,35.0997718],[-85.7465159,35.0998185],[-85.7469548,35.0997341],[-85.7471726,35.0996137],[-85.7474526,35.0996305],[-85.747612,35.0995815],[-85.7478411,35.0992905],[-85.7479839,35.0991843],[-85.7479898,35.0987983],[-85.7481324,35.0984094],[-85.7482135,35.0980293],[-85.7485474,35.0978129],[-85.7487023,35.0977509],[-85.7488844,35.0975586],[-85.7490296,35.0974215],[-85.7490652,35.0972963],[-85.7490481,35.0970691],[-85.749019,35.0969994],[-85.7491925,35.0967208],[-85.7491627,35.0964565],[-85.7493035,35.096239],[-85.7493125,35.096076],[-85.7493331,35.0959558],[-85.7493892,35.0959423],[-85.7495248,35.0960358],[-85.7496169,35.0959858],[-85.7499735,35.0962316],[-85.7501275,35.0962046],[-85.7502661,35.0961027],[-85.7503745,35.0960445],[-85.7506292,35.0959678]]}},{"type":"Feature","properties":{"id":"sfwda-106","kind":"trail","name":"67","color":"#111111","facets":{"difficulty":"difficult"},"source":"sfwda_trace_edited","status":"hand-edited; normalized from SVG","confidence":"merged truth (traced)","difficulty":"difficult","permission":"publish","description":null,"source_file":"aop_trail_network.geojson","last_checked":null,"trail_number":67,"review_status":"re-imported from Illustrator SVG (geometry/name updated)","maturity":"gold"},"geometry":{"type":"LineString","coordinates":[[-85.7481327,35.0950693],[-85.748062,35.0949693],[-85.7480217,35.0949492],[-85.747988,35.0948964],[-85.7478421,35.0948083],[-85.7477635,35.0947278],[-85.7477621,35.0946523],[-85.7476402,35.0944311],[-85.7476018,35.0942728],[-85.7475694,35.0941884],[-85.7475802,35.0939157],[-85.7475941,35.093864],[-85.7476588,35.0938277],[-85.7476834,35.0937685]]}},{"type":"Feature","properties":{"id":"sfwda-107","kind":"trail","name":"42","color":"#111111","facets":{"difficulty":"difficult"},"source":"sfwda_trace_edited","status":"hand-edited; normalized from SVG","confidence":"merged truth (traced)","difficulty":"difficult","permission":"publish","description":null,"source_file":"aop_trail_network.geojson","last_checked":null,"trail_number":42,"review_status":"re-imported from Illustrator SVG (geometry/name updated)","maturity":"gold"},"geometry":{"type":"LineString","coordinates":[[-85.7549346,35.0952161],[-85.7548963,35.0951729],[-85.7548794,35.0951327],[-85.7548809,35.0950422],[-85.7549198,35.0949844],[-85.754964,35.0949265],[-85.7549657,35.0948726],[-85.7549502,35.0948121],[-85.7549534,35.0947228],[-85.754984,35.0946625],[-85.7549717,35.0946364],[-85.7548827,35.094591],[-85.7548456,35.0945937],[-85.7547254,35.0946297],[-85.7546514,35.0946411],[-85.7545775,35.0946487],[-85.7544865,35.0946838],[-85.7543341,35.0947518],[-85.7542971,35.0947468],[-85.7542254,35.0947216],[-85.7540649,35.0947203],[-85.7539158,35.0947467],[-85.7537602,35.0947958],[-85.753517,35.0949416],[-85.7534138,35.0949555],[-85.7532941,35.0950071],[-85.7531752,35.0951207]]}},{"type":"Feature","properties":{"id":"sfwda-108","kind":"trail","name":"Pretender","color":"#111111","facets":{"difficulty":"difficult"},"source":"sfwda_trace_edited","status":"hand-edited; normalized from SVG","confidence":"merged truth (traced)","difficulty":"difficult","permission":"publish","description":null,"source_file":"aop_trail_network.geojson","last_checked":null,"trail_number":null,"review_status":"re-imported from Illustrator SVG (geometry/name updated)","maturity":"gold"},"geometry":{"type":"LineString","coordinates":[[-85.7509262,35.09397],[-85.7509581,35.0940149],[-85.7509871,35.0940765],[-85.7510672,35.0942207],[-85.7511471,35.0942917],[-85.7512318,35.094318],[-85.7515737,35.0942991],[-85.7517797,35.0942925],[-85.7519782,35.0942349],[-85.752166,35.0942397],[-85.7523721,35.0942925],[-85.7525029,35.0944084],[-85.7525859,35.0945457],[-85.7526122,35.0946712],[-85.752603,35.0949164],[-85.7525923,35.09511],[-85.7525585,35.0952685],[-85.7524893,35.0954307],[-85.7524307,35.0955251],[-85.7524094,35.0956281]]}},{"type":"Feature","properties":{"id":"sfwda-109","kind":"trail","name":"34","color":"#2438c8","facets":{"difficulty":"moderate"},"source":"sfwda_trace_edited","status":"hand-edited; normalized from SVG","confidence":"merged truth (traced)","difficulty":"moderate","permission":"publish","description":null,"source_file":"aop_trail_network.geojson","last_checked":null,"trail_number":34,"review_status":"re-imported from Illustrator SVG (geometry/name updated)","maturity":"gold"},"geometry":{"type":"LineString","coordinates":[[-85.7524094,35.0956281],[-85.7524659,35.0956608],[-85.7525385,35.0956797],[-85.7525737,35.0957227],[-85.7526709,35.0957879],[-85.7527369,35.0958041],[-85.7528659,35.0957978],[-85.7529709,35.0957615],[-85.7530539,35.0957702],[-85.7532601,35.0958532],[-85.7533248,35.0958569],[-85.7534509,35.0958394],[-85.753514,35.0957663],[-85.7535385,35.0956269],[-85.753557,35.0954972],[-85.7536324,35.0953678],[-85.7537371,35.0952597],[-85.7537956,35.0952244],[-85.7538,35.0950763],[-85.7537726,35.095017],[-85.7537602,35.0947958]]}},{"type":"Feature","properties":{"id":"sfwda-11","kind":"trail","name":"16","color":"#1f9d3a","facets":{"difficulty":"easy"},"source":"sfwda_trace_edited","status":"hand-edited; normalized from SVG","confidence":"merged truth (traced)","difficulty":"easy","permission":"publish","description":null,"source_file":"aop_trail_network.geojson","last_checked":null,"trail_number":16,"review_status":"re-imported from Illustrator SVG (geometry/name updated)","maturity":"gold"},"geometry":{"type":"LineString","coordinates":[[-85.7538993,35.0847142],[-85.7539314,35.0847397],[-85.7540089,35.0848311],[-85.7540458,35.0849143],[-85.7540965,35.0850003],[-85.7542265,35.0850712],[-85.7544307,35.0851195],[-85.7545263,35.085148],[-85.7546903,35.0852058]]}},{"type":"Feature","properties":{"id":"sfwda-110","kind":"trail","name":"88","color":"#2438c8","facets":{"difficulty":"moderate"},"source":"sfwda_trace_edited","status":"hand-edited; normalized from SVG","confidence":"merged truth (traced)","difficulty":"moderate","permission":"publish","description":null,"source_file":"aop_trail_network.geojson","last_checked":null,"trail_number":88,"review_status":"re-imported from Illustrator SVG (geometry/name updated)","maturity":"gold"},"geometry":{"type":"LineString","coordinates":[[-85.7542904,35.096579],[-85.7542557,35.0966263],[-85.7541849,35.0966987],[-85.7540684,35.0967639],[-85.7539606,35.0967809],[-85.7538971,35.0967667],[-85.7538581,35.0967393],[-85.7538388,35.0966538],[-85.7538342,35.0965885],[-85.7538299,35.0965252],[-85.7538246,35.0964429],[-85.7538245,35.096323],[-85.7538048,35.0962585]]}},{"type":"Feature","properties":{"id":"sfwda-111","kind":"trail","name":"89","color":"#2438c8","facets":{"difficulty":"moderate"},"source":"sfwda_trace_edited","status":"hand-edited; normalized from SVG","confidence":"merged truth (traced)","difficulty":"moderate","permission":"publish","description":null,"source_file":"aop_trail_network.geojson","last_checked":null,"trail_number":89,"review_status":"re-imported from Illustrator SVG (geometry/name updated)","maturity":"gold"},"geometry":{"type":"LineString","coordinates":[[-85.7538342,35.0965885],[-85.7537468,35.096596],[-85.7537028,35.0966162],[-85.7536087,35.0966279],[-85.7535162,35.096652],[-85.7533593,35.0966507],[-85.753187,35.096579],[-85.7527898,35.096565],[-85.7526907,35.0965241],[-85.7526314,35.0964996],[-85.7525175,35.0964345],[-85.752507,35.0963816],[-85.7525206,35.0963199],[-85.752573,35.0962585],[-85.7525882,35.096218],[-85.7526868,35.0961793],[-85.7527853,35.0961692],[-85.7528961,35.0961704],[-85.752951,35.0961168]]}},{"type":"Feature","properties":{"id":"sfwda-112","kind":"trail","name":"98","color":"#2438c8","facets":{"difficulty":"moderate"},"source":"sfwda_trace_edited","status":"hand-edited; normalized from SVG","confidence":"merged truth (traced)","difficulty":"moderate","permission":"publish","description":null,"source_file":"aop_trail_network.geojson","last_checked":null,"trail_number":98,"review_status":"re-imported from Illustrator SVG (geometry/name updated)","maturity":"gold"},"geometry":{"type":"LineString","coordinates":[[-85.7544261,35.0968594],[-85.7544686,35.0968357],[-85.7545573,35.0967403],[-85.7546055,35.0966805],[-85.7545933,35.0966519],[-85.7545933,35.0965653],[-85.7546042,35.0965224],[-85.7546415,35.0964899],[-85.7546512,35.0964527],[-85.7546512,35.0963804],[-85.7546123,35.0963267],[-85.7545573,35.0962305],[-85.7545407,35.096199],[-85.7545108,35.0961677]]}},{"type":"Feature","properties":{"id":"sfwda-113","kind":"trail","name":"26","color":"#2438c8","facets":{"difficulty":"moderate"},"source":"sfwda_trace_edited","status":"hand-edited; normalized from SVG","confidence":"merged truth (traced)","difficulty":"moderate","permission":"publish","description":null,"source_file":"aop_trail_network.geojson","last_checked":null,"trail_number":26,"review_status":"re-imported from Illustrator SVG (geometry/name updated)","maturity":"gold"},"geometry":{"type":"LineString","coordinates":[[-85.7560704,35.0957],[-85.7559651,35.0956876],[-85.7557952,35.095669],[-85.7554588,35.0956536],[-85.7552807,35.0956499],[-85.75525,35.0956492],[-85.7551773,35.0956657],[-85.7550823,35.095726],[-85.7550047,35.0958364],[-85.7549926,35.0959142],[-85.7549994,35.0959319],[-85.7550434,35.0960522],[-85.7550796,35.0961133],[-85.755118,35.0961589]]}},{"type":"Feature","properties":{"id":"sfwda-114","kind":"trail","name":"Descension","color":"#1f9d3a","facets":{"onx_tr":6,"difficulty":"easy"},"source":"sfwda_trace_edited","status":"hand-edited; normalized from SVG","_original":{"name":"6"},"confidence":"merged truth (traced)","difficulty":"easy","permission":"publish","description":"A mild descent onto a dirt flat. The work's at the bottom: a deep, eroded rut with a tree root sitting square in the line.","source_file":"aop_trail_network.geojson","last_checked":null,"trail_number":6,"review_status":"re-imported from Illustrator SVG (geometry/name updated)","maturity":"gold"},"geometry":{"type":"LineString","coordinates":[[-85.755118,35.0961589],[-85.7551331,35.0961794],[-85.755168,35.0962273],[-85.7552017,35.096351],[-85.7552017,35.0964769],[-85.7551984,35.0964986],[-85.7551774,35.0966355],[-85.7551439,35.0967156],[-85.7550491,35.0968451],[-85.755014,35.0968928],[-85.7548826,35.0970624],[-85.7548614,35.0970822],[-85.7547817,35.0971133]]}},{"type":"Feature","properties":{"id":"sfwda-115","kind":"trail","name":null,"color":"#1f9d3a","facets":{"difficulty":"easy"},"source":"sfwda_trace_edited","status":"hand-edited; normalized from SVG","confidence":"merged truth (traced)","difficulty":"easy","permission":"publish","description":null,"source_file":"aop_trail_network.geojson","last_checked":null,"trail_number":null,"review_status":"re-imported from Illustrator SVG (geometry/name updated)","maturity":"gold"},"geometry":{"type":"LineString","coordinates":[[-85.7550491,35.0968451],[-85.7550206,35.0967809],[-85.7550237,35.0967441],[-85.7550501,35.0966815],[-85.7550716,35.0966388],[-85.755073,35.0965469],[-85.755083,35.0965242],[-85.7551078,35.0964692],[-85.7551468,35.0964143],[-85.7552017,35.0963673]]}},{"type":"Feature","properties":{"id":"sfwda-116","kind":"trail","name":null,"color":"#2438c8","facets":{"difficulty":"moderate"},"source":"sfwda_trace_edited","status":"hand-edited; normalized from SVG","confidence":"merged truth (traced)","difficulty":"moderate","permission":"publish","description":null,"source_file":"aop_trail_network.geojson","last_checked":null,"trail_number":null,"review_status":"re-imported from Illustrator SVG (geometry/name updated)","maturity":"gold"},"geometry":{"type":"LineString","coordinates":[[-85.7551331,35.0961794],[-85.7550756,35.0962481],[-85.7550247,35.0963235],[-85.7550072,35.0963915],[-85.7549141,35.0965172],[-85.7549083,35.0965249],[-85.7548276,35.096653],[-85.7547862,35.096709],[-85.7547312,35.0967242],[-85.7546525,35.0967053],[-85.7546055,35.0966805]]}},{"type":"Feature","properties":{"id":"sfwda-117","kind":"trail","name":"46","color":"#111111","facets":{"difficulty":"difficult"},"source":"sfwda_trace_edited","status":"hand-edited; normalized from SVG","confidence":"merged truth (traced)","difficulty":"difficult","permission":"publish","description":null,"source_file":"aop_trail_network.geojson","last_checked":null,"trail_number":46,"review_status":"re-imported from Illustrator SVG (geometry/name updated)","maturity":"gold"},"geometry":{"type":"LineString","coordinates":[[-85.7547918,35.096195],[-85.7548224,35.0961681],[-85.7548625,35.0960969],[-85.7548857,35.096038],[-85.7549174,35.095993],[-85.7549623,35.0959569],[-85.7549994,35.0959319]]}},{"type":"Feature","properties":{"id":"sfwda-118","kind":"trail","name":"24","color":"#2438c8","facets":{"difficulty":"moderate"},"source":"sfwda_trace_edited","status":"hand-edited; normalized from SVG","confidence":"merged truth (traced)","difficulty":"moderate","permission":"publish","description":null,"source_file":"aop_trail_network.geojson","last_checked":null,"trail_number":24,"review_status":"re-imported from Illustrator SVG (geometry/name updated)","maturity":"gold"},"geometry":{"type":"LineString","coordinates":[[-85.7552807,35.0956499],[-85.7552766,35.0956086],[-85.7552644,35.0955608],[-85.7551559,35.0952307]]}},{"type":"Feature","properties":{"id":"sfwda-119","kind":"trail","name":null,"color":"#1f9d3a","facets":{"difficulty":"easy"},"source":"sfwda_trace_edited","status":"hand-edited; normalized from SVG","confidence":"merged truth (traced)","difficulty":"easy","permission":"publish","description":null,"source_file":"aop_trail_network.geojson","last_checked":null,"trail_number":null,"review_status":"re-imported from Illustrator SVG (geometry/name updated)","maturity":"gold"},"geometry":{"type":"LineString","coordinates":[[-85.755083,35.0965242],[-85.7549141,35.0965172]]}},{"type":"Feature","properties":{"id":"sfwda-12","kind":"trail","name":"35","color":"#2438c8","facets":{"difficulty":"moderate"},"source":"sfwda_trace_edited","status":"hand-edited; normalized from SVG","confidence":"merged truth (traced)","difficulty":"moderate","permission":"publish","description":null,"source_file":"aop_trail_network.geojson","last_checked":null,"trail_number":35,"review_status":"re-imported from Illustrator SVG (geometry/name updated)","maturity":"gold"},"geometry":{"type":"LineString","coordinates":[[-85.7586335,35.0940184],[-85.7585492,35.0941332],[-85.7584698,35.0942056],[-85.7583578,35.0942566],[-85.7583477,35.0942736],[-85.7583005,35.0943504],[-85.7580658,35.0944416],[-85.758044,35.0944501],[-85.757958,35.0945768],[-85.7579578,35.09467],[-85.7580145,35.0947438],[-85.7580785,35.094771],[-85.7582992,35.0947723],[-85.7583489,35.0947928],[-85.7583984,35.0948533],[-85.7583913,35.094927],[-85.7583271,35.0949802],[-85.7579206,35.0951569],[-85.7578495,35.0951561],[-85.7577645,35.0950622],[-85.7576992,35.0949271],[-85.7576708,35.0948384],[-85.7576586,35.094715],[-85.7576522,35.0945154],[-85.7576312,35.0944553],[-85.7575674,35.0944217],[-85.7574389,35.0944479],[-85.7573963,35.0944211],[-85.7573332,35.0941621],[-85.7572383,35.0939576],[-85.757102,35.0938656],[-85.7569734,35.0938262]]}},{"type":"Feature","properties":{"id":"sfwda-13","kind":"trail","name":"18","color":"#1f9d3a","facets":{"difficulty":"easy"},"source":"sfwda_trace_edited","status":"hand-edited; normalized from SVG","confidence":"merged truth (traced)","difficulty":"easy","permission":"publish","description":null,"source_file":"aop_trail_network.geojson","last_checked":null,"trail_number":18,"review_status":"re-imported from Illustrator SVG (geometry/name updated)","maturity":"gold"},"geometry":{"type":"LineString","coordinates":[[-85.7554109,35.0847047],[-85.7553059,35.0848003],[-85.7551506,35.0849323],[-85.7550362,35.0850077],[-85.7548851,35.0850673],[-85.7547668,35.0851277],[-85.7546931,35.0851994],[-85.7546903,35.0852058],[-85.7546448,35.0852996],[-85.7544662,35.0854901],[-85.7542534,35.0856028],[-85.7540703,35.0856363],[-85.7538295,35.0856399],[-85.7536428,35.0856495],[-85.7535233,35.0856784],[-85.7534037,35.0858521],[-85.7533396,35.085854],[-85.753223,35.0857804],[-85.7530197,35.0855865],[-85.7528031,35.085452],[-85.7524824,35.0853466],[-85.7521948,35.0852626]]}},{"type":"Feature","properties":{"id":"sfwda-14","kind":"trail","name":"21","color":"#2438c8","facets":{"difficulty":"moderate"},"source":"sfwda_trace_edited","status":"hand-edited; normalized from SVG","confidence":"merged truth (traced)","difficulty":"moderate","permission":"publish","description":null,"source_file":"aop_trail_network.geojson","last_checked":null,"trail_number":21,"review_status":"re-imported from Illustrator SVG (geometry/name updated)","maturity":"gold"},"geometry":{"type":"LineString","coordinates":[[-85.7532702,35.0897285],[-85.7533449,35.0896515],[-85.7533797,35.0896189],[-85.7534414,35.0895936],[-85.7535087,35.0895897],[-85.7535931,35.089618],[-85.7536437,35.0896209],[-85.7536826,35.0895772],[-85.7537047,35.0895132],[-85.7537312,35.0894873],[-85.753768,35.0894786],[-85.7538216,35.0894718],[-85.7538483,35.089441],[-85.7538661,35.0894154],[-85.7539209,35.0893962],[-85.7540388,35.0894124],[-85.7541218,35.0894376],[-85.7542034,35.0894341]]}},{"type":"Feature","properties":{"id":"sfwda-15","kind":"trail","name":null,"color":"#f25e0d","source":"sfwda_trace_edited","status":"hand-edited; normalized from SVG","confidence":"merged truth (traced)","difficulty":null,"permission":"publish","description":null,"source_file":"aop_trail_network.geojson","last_checked":null,"trail_number":null,"review_status":"re-imported from Illustrator SVG (geometry/name updated)","maturity":"gold"},"geometry":{"type":"LineString","coordinates":[[-85.7432353,35.0903706],[-85.7446972,35.0902823],[-85.7459565,35.089627],[-85.7480142,35.0899203],[-85.7481558,35.089943],[-85.7483712,35.0899429],[-85.7485397,35.0899128],[-85.74868,35.0898514],[-85.7487831,35.0897502],[-85.7488259,35.0896918],[-85.7488747,35.0896419],[-85.7489742,35.0895972],[-85.7491448,35.0895575],[-85.7493702,35.0895312],[-85.7496251,35.0894711],[-85.749703,35.0894436],[-85.7501148,35.089338]]}},{"type":"Feature","properties":{"id":"sfwda-16","kind":"trail","name":"1 Launchpad","color":"#1f9d3a","facets":{"onx_tr":2,"connects":[3,18,22,50],"length_mi":1.2,"difficulty":"easy"},"source":"sfwda_trace_edited","status":"hand-edited; normalized from SVG","_original":{"name":"1"},"confidence":"merged truth (traced)","difficulty":"easy","permission":"publish","description":"Packed dirt and an easy climb to start. At Area 51 the tread turns to loose rock and the ride gets choppy. Still easy, just rougher.","source_file":"aop_trail_network.geojson","last_checked":null,"trail_number":1,"review_status":"re-imported from Illustrator SVG (geometry/name updated)","maturity":"gold"},"geometry":{"type":"LineString","coordinates":[[-85.7501157,35.0893374],[-85.7498095,35.0900653],[-85.7497246,35.0901819],[-85.7496215,35.0902568],[-85.7496358,35.0902751],[-85.7496626,35.0902915],[-85.7497455,35.0903075],[-85.7498754,35.0903109],[-85.7500298,35.0902644],[-85.7504195,35.090145],[-85.7504598,35.0901401],[-85.7506591,35.0901152],[-85.7508012,35.0901087],[-85.7509555,35.0901516],[-85.7512205,35.0902794],[-85.7512707,35.0902962],[-85.7513763,35.0903313],[-85.7517652,35.0904152],[-85.7518755,35.0904259],[-85.7519546,35.0904338],[-85.7521187,35.0904497],[-85.7524827,35.0904643],[-85.7528011,35.0904787],[-85.7530838,35.0905249],[-85.7533665,35.0906433],[-85.7535049,35.0907179],[-85.7536777,35.0908108],[-85.7539639,35.0909987],[-85.7543511,35.0912264],[-85.7544838,35.0913048],[-85.7551945,35.0917325],[-85.7555914,35.0919413],[-85.7557213,35.0920098],[-85.7560113,35.0921424],[-85.756121,35.0921716],[-85.7561615,35.0921698],[-85.7561857,35.0921574],[-85.7562094,35.0921328],[-85.7562303,35.0920903],[-85.7562444,35.0919808],[-85.7562482,35.0918449],[-85.7562762,35.0917093],[-85.7564353,35.0913743],[-85.7567395,35.0907242],[-85.7568561,35.0904932],[-85.7569018,35.0904436],[-85.7569439,35.0903975],[-85.7569728,35.090366],[-85.7570329,35.0902707],[-85.7570931,35.0901118],[-85.7572096,35.0898549],[-85.75739,35.0894474],[-85.7574889,35.0891268],[-85.7575101,35.0889417],[-85.7575046,35.0888453],[-85.7575031,35.0888205],[-85.7574945,35.0886948],[-85.7574943,35.0886879],[-85.7574888,35.0886096],[-85.757496,35.0884536],[-85.757528,35.0882455],[-85.7575633,35.0880522],[-85.7575987,35.0878585],[-85.7575997,35.0878382],[-85.7576057,35.0877115],[-85.7575702,35.087532],[-85.7574928,35.0873645],[-85.7573158,35.0871362],[-85.7571318,35.0870149],[-85.7571011,35.0869953],[-85.7568809,35.086856],[-85.7565487,35.0866249],[-85.7564854,35.0865723],[-85.7563541,35.0864629],[-85.7562763,35.0863534],[-85.7562163,35.0862377],[-85.7561525,35.08605],[-85.7560291,35.0858217],[-85.7560113,35.0857438],[-85.7560042,35.0855676],[-85.7560113,35.0853972],[-85.7560103,35.0853718],[-85.7560043,35.0852032],[-85.7559617,35.0850589],[-85.7558961,35.08495],[-85.7558557,35.0848829],[-85.7557525,35.0848165],[-85.7556896,35.0847759],[-85.7554669,35.0847123],[-85.7554264,35.0847065],[-85.7554109,35.0847047],[-85.7552794,35.0846864],[-85.7551344,35.0846256],[-85.7550166,35.0845807],[-85.7549919,35.0845687],[-85.754802,35.0845273],[-85.7545723,35.084539],[-85.7543635,35.0845506],[-85.754341,35.0845564],[-85.7541795,35.0845968],[-85.7538993,35.0847142],[-85.7537521,35.0847759],[-85.7530342,35.0850447],[-85.7525712,35.0851777],[-85.7523271,35.0852353],[-85.7521948,35.0852626],[-85.7521153,35.0852789]]}},{"type":"Feature","properties":{"id":"sfwda-17","kind":"trail","name":"85","color":"#2438c8","facets":{"difficulty":"moderate"},"source":"sfwda_trace_edited","status":"hand-edited; normalized from SVG","confidence":"merged truth (traced)","difficulty":"moderate","permission":"publish","description":null,"source_file":"aop_trail_network.geojson","last_checked":null,"trail_number":85,"review_status":"re-imported from Illustrator SVG (geometry/name updated)","maturity":"gold"},"geometry":{"type":"LineString","coordinates":[[-85.7546004,35.0858369],[-85.7545829,35.0859011],[-85.7545816,35.0860143],[-85.7546019,35.0861111],[-85.7547581,35.08621],[-85.7553472,35.0861775],[-85.7555006,35.0862183],[-85.7555954,35.0862215],[-85.755636,35.0862576],[-85.755669,35.0862917],[-85.7557105,35.086324],[-85.7557733,35.0863283],[-85.7558875,35.0863106],[-85.7560349,35.0862074],[-85.7561161,35.0862023],[-85.7561348,35.0862216],[-85.7561463,35.0862676],[-85.7561358,35.0863423],[-85.7561153,35.0864286],[-85.7560009,35.0865633],[-85.755965,35.0866402],[-85.7559188,35.0866836],[-85.7558809,35.0867507],[-85.7558765,35.0868428],[-85.7559113,35.086914],[-85.7559772,35.0869646],[-85.7560739,35.0869948],[-85.7562643,35.0869833],[-85.7563941,35.0868868],[-85.7564723,35.0866969],[-85.7564854,35.0865723]]}},{"type":"Feature","properties":{"id":"sfwda-18","kind":"trail","name":"12","color":"#1f9d3a","facets":{"difficulty":"easy"},"source":"sfwda_trace_edited","status":"hand-edited; normalized from SVG","confidence":"merged truth (traced)","difficulty":"easy","permission":"publish","description":null,"source_file":"aop_trail_network.geojson","last_checked":null,"trail_number":12,"review_status":"re-imported from Illustrator SVG (geometry/name updated)","maturity":"gold"},"geometry":{"type":"LineString","coordinates":[[-85.7565346,35.0902188],[-85.7564762,35.0901852],[-85.7564408,35.0901307],[-85.7564197,35.0900284],[-85.756435,35.0899137],[-85.7564549,35.0898187],[-85.7565077,35.0896549],[-85.7565285,35.0895503],[-85.7565439,35.0894227],[-85.7565723,35.0893038],[-85.756618,35.0892341],[-85.7567383,35.0891317],[-85.7568364,35.089026],[-85.7568908,35.0889516],[-85.7569497,35.0888903],[-85.7570145,35.0888038],[-85.757086,35.0887125],[-85.7571485,35.0886768],[-85.7572468,35.0886722],[-85.7573591,35.0887067],[-85.7574945,35.0886948]]}},{"type":"Feature","properties":{"id":"sfwda-19","kind":"trail","name":"82","color":"#2438c8","facets":{"difficulty":"moderate"},"source":"sfwda_trace_edited","status":"hand-edited; normalized from SVG","confidence":"merged truth (traced)","difficulty":"moderate","permission":"publish","description":null,"source_file":"aop_trail_network.geojson","last_checked":null,"trail_number":82,"review_status":"re-imported from Illustrator SVG (geometry/name updated)","maturity":"gold"},"geometry":{"type":"LineString","coordinates":[[-85.755585,35.0855986],[-85.755716,35.0855728],[-85.7558793,35.0855596],[-85.7560102,35.0855282]]}},{"type":"Feature","properties":{"id":"sfwda-2","kind":"trail","name":"27","color":"#2438c8","facets":{"difficulty":"moderate"},"source":"sfwda_trace_edited","status":"hand-edited; normalized from SVG","confidence":"merged truth (traced)","difficulty":"moderate","permission":"publish","description":null,"source_file":"aop_trail_network.geojson","last_checked":null,"trail_number":27,"review_status":"re-imported from Illustrator SVG (geometry/name updated)","maturity":"gold"},"geometry":{"type":"LineString","coordinates":[[-85.7560103,35.0853718],[-85.7563049,35.0853767],[-85.7563461,35.0853854],[-85.756398,35.0853863],[-85.7565725,35.0853722],[-85.756773,35.085293],[-85.7567791,35.0852922],[-85.7567871,35.0852921],[-85.7568562,35.085327],[-85.7570044,35.085365],[-85.7571732,35.0853711],[-85.7573907,35.085353],[-85.7575187,35.085329],[-85.7576228,35.0853205],[-85.7577072,35.0853293],[-85.7577819,35.0854258],[-85.7577725,35.0856439],[-85.7577579,35.0856661],[-85.7576927,35.0857213],[-85.7576516,35.0857504],[-85.7575522,35.0857829],[-85.7574418,35.0858332],[-85.7572479,35.0860134],[-85.7571643,35.0860907],[-85.7570375,35.086155],[-85.7569418,35.0862381],[-85.7568508,35.0863173],[-85.7568106,35.0863393],[-85.7567402,35.0864058],[-85.7566019,35.0865053],[-85.7564762,35.0865682]]}},{"type":"Feature","properties":{"id":"sfwda-20","kind":"trail","name":"92","color":"#2438c8","facets":{"difficulty":"moderate"},"source":"sfwda_trace_edited","status":"hand-edited; normalized from SVG","confidence":"merged truth (traced)","difficulty":"moderate","permission":"publish","description":null,"source_file":"aop_trail_network.geojson","last_checked":null,"trail_number":92,"review_status":"re-imported from Illustrator SVG (geometry/name updated)","maturity":"gold"},"geometry":{"type":"LineString","coordinates":[[-85.75851,35.0975507],[-85.7585643,35.0975516],[-85.758629,35.0975102],[-85.7587081,35.0974968],[-85.7588197,35.0975347],[-85.7589599,35.0975832],[-85.7590972,35.0975798],[-85.7592806,35.0975236],[-85.7594353,35.0974375],[-85.7595685,35.0972892],[-85.7595929,35.0972102],[-85.7595927,35.097172],[-85.7595211,35.09705],[-85.7595405,35.0969658],[-85.7595406,35.0969532],[-85.759524,35.0969045],[-85.7593885,35.0968291],[-85.7593467,35.0967527],[-85.7593403,35.0966681],[-85.7593478,35.0965952],[-85.7594047,35.096546],[-85.7594275,35.0964729],[-85.7595349,35.0963361],[-85.7595506,35.0962478],[-85.7595576,35.0961325],[-85.7595402,35.0960318],[-85.7594671,35.0959465],[-85.7593127,35.0957028],[-85.7592418,35.0956523],[-85.7591354,35.0956359],[-85.7590922,35.0955856],[-85.7590651,35.0955123],[-85.758959,35.0954156],[-85.7588095,35.0953795],[-85.7586976,35.0953075]]}},{"type":"Feature","properties":{"id":"sfwda-21","kind":"trail","name":"86","color":"#2438c8","facets":{"difficulty":"moderate"},"source":"sfwda_trace_edited","status":"hand-edited; normalized from SVG","confidence":"merged truth (traced)","difficulty":"moderate","permission":"publish","description":null,"source_file":"aop_trail_network.geojson","last_checked":null,"trail_number":86,"review_status":"re-imported from Illustrator SVG (geometry/name updated)","maturity":"gold"},"geometry":{"type":"LineString","coordinates":[[-85.755519,35.0850957],[-85.755462,35.085127],[-85.7554301,35.0851717],[-85.7554097,35.0852241],[-85.7553456,35.0852818],[-85.7551426,35.0855277],[-85.7549455,35.0856473],[-85.7546909,35.0857161],[-85.754629,35.0857708],[-85.7545993,35.085845],[-85.754609,35.0859006],[-85.7546659,35.0859391],[-85.7546739,35.0859454],[-85.7547558,35.0859692],[-85.7548771,35.0859664],[-85.7549945,35.0859477],[-85.7551728,35.0858229],[-85.7552468,35.085796],[-85.7552726,35.0857774],[-85.7552928,35.0857394],[-85.755377,35.0856544],[-85.7554441,35.0855597],[-85.7554723,35.0855181],[-85.7555229,35.0854959],[-85.755577,35.085459],[-85.7556005,35.0854398],[-85.7557652,35.0854347],[-85.7558729,35.0854789],[-85.755948,35.0854906],[-85.7560099,35.0855155]]}},{"type":"Feature","properties":{"id":"sfwda-22","kind":"trail","name":"83","color":"#2438c8","facets":{"difficulty":"moderate"},"source":"sfwda_trace_edited","status":"hand-edited; normalized from SVG","confidence":"merged truth (traced)","difficulty":"moderate","permission":"publish","description":null,"source_file":"aop_trail_network.geojson","last_checked":null,"trail_number":83,"review_status":"re-imported from Illustrator SVG (geometry/name updated)","maturity":"gold"},"geometry":{"type":"LineString","coordinates":[[-85.7557371,35.0874007],[-85.7554833,35.0873507],[-85.7553537,35.0873017],[-85.7552714,35.0872318],[-85.7552198,35.0871418],[-85.7552231,35.0870306],[-85.7550884,35.086858],[-85.7550439,35.0867485],[-85.7549946,35.0867107],[-85.7547278,35.0865534],[-85.7546688,35.0865378],[-85.7544933,35.0865499],[-85.7543961,35.0865205],[-85.7543263,35.086507],[-85.7542489,35.0865034],[-85.7540472,35.0865566],[-85.7539746,35.0866596],[-85.753973,35.0867321],[-85.7539483,35.0867898],[-85.7538848,35.0868592],[-85.7538744,35.0869884],[-85.753946,35.087155],[-85.7539366,35.0872846],[-85.7539702,35.0873505],[-85.7540628,35.0874347],[-85.7541636,35.087489],[-85.7544229,35.0874867],[-85.7545791,35.0876],[-85.7546763,35.0876434],[-85.7547485,35.0876548],[-85.7549141,35.0876252],[-85.7551244,35.0877116],[-85.7553706,35.0877068],[-85.7555201,35.0876708],[-85.7556835,35.0875885],[-85.7557547,35.0875295],[-85.7558238,35.0875001],[-85.7558681,35.0874574]]}},{"type":"Feature","properties":{"id":"sfwda-23","kind":"trail","name":"38","color":"#2438c8","facets":{"difficulty":"moderate"},"source":"sfwda_trace_edited","status":"hand-edited; normalized from SVG","confidence":"merged truth (traced)","difficulty":"moderate","permission":"publish","description":null,"source_file":"aop_trail_network.geojson","last_checked":null,"trail_number":38,"review_status":"re-imported from Illustrator SVG (geometry/name updated)","maturity":"gold"},"geometry":{"type":"LineString","coordinates":[[-85.7495122,35.0948888],[-85.7496762,35.0949716],[-85.7497759,35.0950567],[-85.7497688,35.0952101],[-85.749793,35.0952717],[-85.749894,35.0953927],[-85.7499095,35.0955001],[-85.749968,35.0955681],[-85.7500937,35.0955987],[-85.7501663,35.0956503],[-85.7501998,35.0957169],[-85.7502159,35.0957841]]}},{"type":"Feature","properties":{"id":"sfwda-24","kind":"trail","name":"54","color":"#111111","facets":{"difficulty":"difficult"},"source":"sfwda_trace_edited","status":"hand-edited; normalized from SVG","confidence":"merged truth (traced)","difficulty":"difficult","permission":"publish","description":null,"source_file":"aop_trail_network.geojson","last_checked":null,"trail_number":54,"review_status":"re-imported from Illustrator SVG (geometry/name updated)","maturity":"gold"},"geometry":{"type":"LineString","coordinates":[[-85.7537366,35.0904838],[-85.7538303,35.0904303],[-85.7539635,35.0903335],[-85.7540726,35.0902382],[-85.7542255,35.0901001],[-85.7543526,35.0899505],[-85.7544145,35.0898807],[-85.754486,35.0897857],[-85.7545438,35.0896861],[-85.7546291,35.0895648],[-85.7546996,35.089472],[-85.7547805,35.0893759],[-85.7550218,35.0892695],[-85.7550985,35.0892102],[-85.7553062,35.0889768],[-85.7554419,35.0890258],[-85.7555395,35.089038],[-85.7557064,35.0891047],[-85.7559034,35.0891601],[-85.756089,35.089209],[-85.7563372,35.0892618],[-85.7564454,35.0892752],[-85.7565916,35.0892732]]}},{"type":"Feature","properties":{"id":"sfwda-25","kind":"trail","name":"91","color":"#2438c8","facets":{"difficulty":"moderate"},"source":"sfwda_trace_edited","status":"hand-edited; normalized from SVG","confidence":"merged truth (traced)","difficulty":"moderate","permission":"publish","description":null,"source_file":"aop_trail_network.geojson","last_checked":null,"trail_number":91,"review_status":"re-imported from Illustrator SVG (geometry/name updated)","maturity":"gold"},"geometry":{"type":"LineString","coordinates":[[-85.7586714,35.0951491],[-85.7587849,35.0951521],[-85.7588962,35.0951643],[-85.758951,35.0951521],[-85.7590208,35.0951355],[-85.7591314,35.09514],[-85.7591522,35.0951438],[-85.7592189,35.0951659],[-85.7592467,35.0951818],[-85.7592773,35.095202],[-85.7593582,35.0952936],[-85.7594083,35.0953093],[-85.7594971,35.0952727],[-85.7595791,35.0952885],[-85.7596779,35.0953515],[-85.759831,35.0954608],[-85.7599675,35.0955834],[-85.7600517,35.0956648],[-85.7601077,35.0957596],[-85.7601696,35.0959436],[-85.7601758,35.096027],[-85.760165,35.0960761],[-85.7601313,35.0962258],[-85.7601452,35.0963573],[-85.7600998,35.0965188],[-85.7600927,35.0965439],[-85.7600838,35.0966588],[-85.7600608,35.0967057],[-85.7598698,35.0968244],[-85.7597711,35.0969201],[-85.7597007,35.0969564],[-85.7595421,35.0969659]]}},{"type":"Feature","properties":{"id":"sfwda-26","kind":"trail","name":"97","color":"#2438c8","facets":{"difficulty":"moderate"},"source":"sfwda_trace_edited","status":"hand-edited; normalized from SVG","confidence":"merged truth (traced)","difficulty":"moderate","permission":"publish","description":null,"source_file":"aop_trail_network.geojson","last_checked":null,"trail_number":97,"review_status":"re-imported from Illustrator SVG (geometry/name updated)","maturity":"gold"},"geometry":{"type":"LineString","coordinates":[[-85.7509621,35.0901596],[-85.7509705,35.090325],[-85.7509609,35.0905511],[-85.7511053,35.09071],[-85.7513195,35.0907608],[-85.751694,35.0907679],[-85.7518034,35.09082],[-85.7519594,35.0909763],[-85.7520592,35.0911582],[-85.7522658,35.09136],[-85.7523328,35.0914053],[-85.7524707,35.0914437],[-85.7527697,35.0916548],[-85.7528907,35.0917577],[-85.7530437,35.0919502],[-85.7531731,35.0920535],[-85.7533591,35.0921574],[-85.7535692,35.0923716],[-85.7536905,35.0924497],[-85.7540795,35.0926082],[-85.7542178,35.0927191],[-85.7542873,35.0927455],[-85.7546111,35.0930653],[-85.7547815,35.0930834],[-85.7548465,35.0930476]]}},{"type":"Feature","properties":{"id":"sfwda-27","kind":"trail","name":"36","color":"#2438c8","facets":{"difficulty":"moderate"},"source":"sfwda_trace_edited","status":"hand-edited; normalized from SVG","confidence":"merged truth (traced)","difficulty":"moderate","permission":"publish","description":null,"source_file":"aop_trail_network.geojson","last_checked":null,"trail_number":36,"review_status":"re-imported from Illustrator SVG (geometry/name updated)","maturity":"gold"},"geometry":{"type":"LineString","coordinates":[[-85.7501278,35.095627],[-85.7501342,35.0954712],[-85.7502189,35.0953391],[-85.7503304,35.0952516],[-85.750439,35.095189],[-85.7504779,35.0951431],[-85.7504795,35.0950785],[-85.7503988,35.0950188],[-85.750313,35.0949801]]}},{"type":"Feature","properties":{"id":"sfwda-28","kind":"trail","name":"93","color":"#2438c8","facets":{"difficulty":"moderate"},"source":"sfwda_trace_edited","status":"hand-edited; normalized from SVG","confidence":"merged truth (traced)","difficulty":"moderate","permission":"publish","description":null,"source_file":"aop_trail_network.geojson","last_checked":null,"trail_number":93,"review_status":"re-imported from Illustrator SVG (geometry/name updated)","maturity":"gold"},"geometry":{"type":"LineString","coordinates":[[-85.7592189,35.0951659],[-85.7592381,35.0951511],[-85.7594178,35.0949246],[-85.7594675,35.0948178],[-85.7594978,35.0947532],[-85.7596057,35.0946609],[-85.7596918,35.0946212],[-85.7597558,35.0946212],[-85.7598838,35.0946982],[-85.7599482,35.0946978],[-85.7600055,35.0946716],[-85.7601483,35.094677],[-85.760255,35.0947214],[-85.7603742,35.0948549],[-85.7604211,35.0949387],[-85.7604437,35.0950296],[-85.7605134,35.0951398],[-85.7605811,35.0952328],[-85.7606127,35.0953028],[-85.7606166,35.0954173],[-85.7605359,35.0955721],[-85.7605133,35.0956811],[-85.760354,35.0959104],[-85.7603179,35.0960015],[-85.7602812,35.0960478],[-85.7602549,35.0961242],[-85.7602236,35.096209],[-85.7601944,35.0963017],[-85.7601907,35.0963718],[-85.7601604,35.0964408],[-85.7600998,35.0965188]]}},{"type":"Feature","properties":{"id":"sfwda-29","kind":"trail","name":"20","color":"#1f9d3a","facets":{"difficulty":"easy"},"source":"sfwda_trace_edited","status":"hand-edited; normalized from SVG","confidence":"merged truth (traced)","difficulty":"easy","permission":"publish","description":null,"source_file":"aop_trail_network.geojson","last_checked":null,"trail_number":20,"review_status":"re-imported from Illustrator SVG (geometry/name updated)","maturity":"gold"},"geometry":{"type":"LineString","coordinates":[[-85.7550166,35.0845807],[-85.7549175,35.0847294],[-85.7547702,35.0848056],[-85.7546271,35.0848619],[-85.7545246,35.0849539],[-85.7544977,35.0850476],[-85.7544572,35.0851241]]}},{"type":"Feature","properties":{"id":"sfwda-3","kind":"trail","name":"55","color":"#111111","facets":{"difficulty":"difficult"},"source":"sfwda_trace_edited","status":"hand-edited; normalized from SVG","confidence":"merged truth (traced)","difficulty":"difficult","permission":"publish","description":null,"source_file":"aop_trail_network.geojson","last_checked":null,"trail_number":55,"review_status":"re-imported from Illustrator SVG (geometry/name updated)","maturity":"gold"},"geometry":{"type":"LineString","coordinates":[[-85.7562364,35.088366],[-85.7563132,35.0882459],[-85.7563406,35.088142],[-85.7563698,35.0880868],[-85.7563909,35.0880394],[-85.7564162,35.0879984],[-85.7564394,35.0879801],[-85.7565165,35.0879714],[-85.7565984,35.0880108],[-85.7566526,35.0879429],[-85.7567472,35.0878964],[-85.7568493,35.0879023],[-85.7569259,35.0879571],[-85.7569559,35.0880081],[-85.7569467,35.088179]]}},{"type":"Feature","properties":{"id":"sfwda-30","kind":"trail","name":"29","color":"#2438c8","facets":{"difficulty":"moderate"},"source":"sfwda_trace_edited","status":"hand-edited; normalized from SVG","confidence":"merged truth (traced)","difficulty":"moderate","permission":"publish","description":null,"source_file":"aop_trail_network.geojson","last_checked":null,"trail_number":29,"review_status":"re-imported from Illustrator SVG (geometry/name updated)","maturity":"gold"},"geometry":{"type":"LineString","coordinates":[[-85.7567791,35.0852922],[-85.7567533,35.0851107],[-85.7566642,35.0850286],[-85.7565897,35.0849929],[-85.756504,35.0849588]]}},{"type":"Feature","properties":{"id":"sfwda-31","kind":"trail","name":"99","color":"#2438c8","facets":{"difficulty":"moderate"},"source":"sfwda_trace_edited","status":"hand-edited; normalized from SVG","confidence":"merged truth (traced)","difficulty":"moderate","permission":"publish","description":null,"source_file":"aop_trail_network.geojson","last_checked":null,"trail_number":99,"review_status":"re-imported from Illustrator SVG (geometry/name updated)","maturity":"gold"},"geometry":{"type":"LineString","coordinates":[[-85.7494582,35.0956051],[-85.749528,35.0955131],[-85.749531,35.0954324],[-85.7494981,35.0953391],[-85.7494981,35.0952717],[-85.7494311,35.0951927],[-85.7494029,35.0951412],[-85.7494085,35.0951088],[-85.7494461,35.0950786],[-85.7494818,35.0950002],[-85.7494721,35.0949101]]}},{"type":"Feature","properties":{"id":"sfwda-32","kind":"trail","name":"71","color":"#111111","facets":{"difficulty":"difficult"},"source":"sfwda_trace_edited","status":"hand-edited; normalized from SVG","confidence":"merged truth (traced)","difficulty":"difficult","permission":"publish","description":null,"source_file":"aop_trail_network.geojson","last_checked":null,"trail_number":71,"review_status":"re-imported from Illustrator SVG (geometry/name updated)","maturity":"gold"},"geometry":{"type":"LineString","coordinates":[[-85.7486708,35.0874898],[-85.7487798,35.0874214],[-85.7488288,35.0874223],[-85.7488837,35.0873912],[-85.748898,35.0873181],[-85.7489585,35.0872463],[-85.7489722,35.0871617]]}},{"type":"Feature","properties":{"id":"sfwda-33","kind":"trail","name":"57","color":"#111111","facets":{"difficulty":"difficult"},"source":"sfwda_trace_edited","status":"hand-edited; normalized from SVG","confidence":"merged truth (traced)","difficulty":"difficult","permission":"publish","description":null,"source_file":"aop_trail_network.geojson","last_checked":null,"trail_number":57,"review_status":"re-imported from Illustrator SVG (geometry/name updated)","maturity":"gold"},"geometry":{"type":"LineString","coordinates":[[-85.7502348,35.0892855],[-85.7501496,35.0891657],[-85.7500196,35.0890605],[-85.7498186,35.0889458],[-85.7496844,35.0888963],[-85.7494617,35.0888453],[-85.7490818,35.0888412],[-85.7488309,35.0888058],[-85.7485993,35.088729],[-85.7484038,35.0886214],[-85.7478566,35.0881476],[-85.7473059,35.0878474],[-85.7473072,35.0876827],[-85.7473331,35.0876387],[-85.7473847,35.0876081],[-85.7474531,35.0876097],[-85.7476159,35.0876898],[-85.7476846,35.087698],[-85.7477609,35.0876359],[-85.7477165,35.0875141],[-85.7476702,35.0873715],[-85.7476464,35.0872803],[-85.7476454,35.0871942],[-85.7476872,35.0871386],[-85.7477609,35.0870947],[-85.7478996,35.0870702],[-85.748007,35.0870954],[-85.7480468,35.0871248],[-85.7480957,35.0871715],[-85.7481562,35.0872237],[-85.7482549,35.0873056],[-85.7484286,35.0873581],[-85.7485296,35.0873496],[-85.7485914,35.0873313],[-85.7486612,35.0872857],[-85.7487781,35.0871372],[-85.748851,35.0870053],[-85.7489908,35.0868777],[-85.7491041,35.0868426],[-85.7493094,35.0868545],[-85.7495002,35.0869296],[-85.7495137,35.0869351],[-85.7495806,35.0869618],[-85.7497066,35.0869732],[-85.7498066,35.0870149],[-85.749933,35.0870943],[-85.750007,35.0871458],[-85.7502739,35.0874111],[-85.7504262,35.0874839],[-85.750594,35.0875126],[-85.7507814,35.0875115]]}},{"type":"Feature","properties":{"id":"sfwda-34","kind":"trail","name":"73","color":"#111111","facets":{"difficulty":"difficult"},"source":"sfwda_trace_edited","status":"hand-edited; normalized from SVG","confidence":"merged truth (traced)","difficulty":"difficult","permission":"publish","description":null,"source_file":"aop_trail_network.geojson","last_checked":null,"trail_number":73,"review_status":"re-imported from Illustrator SVG (geometry/name updated)","maturity":"gold"},"geometry":{"type":"LineString","coordinates":[[-85.7481779,35.0866923],[-85.7481005,35.0867186],[-85.7480108,35.0867481],[-85.7479576,35.0867897],[-85.7479442,35.0868798],[-85.7478672,35.0869002]]}},{"type":"Feature","properties":{"id":"sfwda-35","kind":"trail","name":"59","color":"#111111","facets":{"difficulty":"difficult"},"source":"sfwda_trace_edited","status":"hand-edited; normalized from SVG","confidence":"merged truth (traced)","difficulty":"difficult","permission":"publish","description":null,"source_file":"aop_trail_network.geojson","last_checked":null,"trail_number":59,"review_status":"re-imported from Illustrator SVG (geometry/name updated)","maturity":"gold"},"geometry":{"type":"LineString","coordinates":[[-85.7484332,35.0873577],[-85.7485587,35.0874033],[-85.7486665,35.0874641],[-85.7486906,35.0875435],[-85.7486935,35.0876274],[-85.7486069,35.0877896],[-85.748649,35.0879251],[-85.7486362,35.0880015],[-85.7485992,35.088038],[-85.7485772,35.0881602],[-85.7486036,35.088273],[-85.7486767,35.0883926],[-85.7488584,35.0884617],[-85.7492802,35.0884603],[-85.749666,35.088592],[-85.7497108,35.0886241],[-85.7497558,35.0887141],[-85.74968,35.0888954]]}},{"type":"Feature","properties":{"id":"sfwda-36","kind":"trail","name":"50","color":"#111111","facets":{"difficulty":"difficult"},"source":"sfwda_trace_edited","status":"hand-edited; normalized from SVG","confidence":"merged truth (traced)","difficulty":"difficult","permission":"publish","description":null,"source_file":"aop_trail_network.geojson","last_checked":null,"trail_number":50,"review_status":"re-imported from Illustrator SVG (geometry/name updated)","maturity":"gold"},"geometry":{"type":"LineString","coordinates":[[-85.7501148,35.089338],[-85.750221,35.089291],[-85.7502348,35.0892855],[-85.7502686,35.0892718],[-85.7503152,35.0892545],[-85.7506102,35.0891553],[-85.7506714,35.0891562],[-85.7508841,35.0891075],[-85.7510451,35.089032],[-85.7512374,35.0889242],[-85.7513092,35.0888839],[-85.7513194,35.0888781],[-85.7514033,35.0888349],[-85.7515968,35.088681],[-85.7517668,35.0884251],[-85.7517555,35.0882559],[-85.7517122,35.0881431],[-85.7516275,35.0880116],[-85.7515955,35.087968],[-85.7515615,35.0879507],[-85.7513322,35.088016],[-85.7509853,35.0880667],[-85.7508206,35.0880911],[-85.7506193,35.0880798],[-85.7505017,35.088043],[-85.7503943,35.0879721],[-85.750259,35.0878723],[-85.7501575,35.0878336],[-85.7500212,35.0877918],[-85.7499556,35.0877776],[-85.7498664,35.0877318],[-85.7497669,35.0876254],[-85.7496735,35.0875436],[-85.749517,35.087464],[-85.7493513,35.0873254],[-85.7492718,35.0872546],[-85.7491133,35.0871965],[-85.748973,35.0871609],[-85.7488716,35.0871434],[-85.748798,35.0871015],[-85.7486811,35.0869809],[-85.7485241,35.0868793],[-85.7484253,35.0868201],[-85.7483203,35.0867574],[-85.7481779,35.0866923],[-85.7481005,35.0866496],[-85.74797,35.0865326],[-85.7479049,35.0864901],[-85.7478568,35.0864408],[-85.7478208,35.0864017],[-85.7477793,35.0863574],[-85.7476755,35.0862447],[-85.7476096,35.0861512],[-85.7476235,35.0859862],[-85.7475806,35.0859164],[-85.7475837,35.0858723],[-85.7476311,35.0857539],[-85.747685,35.0856976],[-85.7477894,35.0856689],[-85.7478465,35.085631],[-85.7478477,35.0855651],[-85.7478466,35.0854796],[-85.7478578,35.0854241],[-85.7478714,35.0853429],[-85.747934,35.085243],[-85.74808,35.0851766],[-85.7481975,35.0851783],[-85.7483769,35.0852306],[-85.7487493,35.0853111],[-85.7489155,35.0853167],[-85.7491256,35.0852693],[-85.7491476,35.0853073],[-85.7492931,35.0854697],[-85.7494471,35.0856426],[-85.7495,35.0857688],[-85.7496658,35.0859912],[-85.7498242,35.0861903],[-85.7500069,35.0863429],[-85.7500876,35.0864454],[-85.750332,35.0867141],[-85.7504253,35.0868403],[-85.7504784,35.0869593],[-85.750519,35.0870024],[-85.7505515,35.0869749],[-85.7507327,35.086882],[-85.7508565,35.0867866],[-85.750952,35.0866394],[-85.7509943,35.0864805],[-85.7511498,35.0861856],[-85.7513655,35.0858563],[-85.7516201,35.0855848],[-85.7519773,35.0853479],[-85.7521153,35.0852789]]}},{"type":"Feature","properties":{"id":"sfwda-37","kind":"trail","name":"70","color":"#111111","facets":{"difficulty":"difficult"},"source":"sfwda_trace_edited","status":"hand-edited; normalized from SVG","confidence":"merged truth (traced)","difficulty":"difficult","permission":"publish","description":null,"source_file":"aop_trail_network.geojson","last_checked":null,"trail_number":70,"review_status":"re-imported from Illustrator SVG (geometry/name updated)","maturity":"gold"},"geometry":{"type":"LineString","coordinates":[[-85.7486864,35.0876341],[-85.7488578,35.0876802],[-85.7489539,35.0876759],[-85.7490269,35.0876423],[-85.7491121,35.0875941],[-85.7491526,35.087487],[-85.7491987,35.0874008],[-85.7492583,35.0873348],[-85.749269,35.0872291],[-85.7493533,35.0871612],[-85.749509,35.0870953],[-85.7495301,35.0870159],[-85.7495137,35.0869351]]}},{"type":"Feature","properties":{"id":"sfwda-38","kind":"trail","name":"53","color":"#111111","facets":{"difficulty":"difficult"},"source":"sfwda_trace_edited","status":"hand-edited; normalized from SVG","confidence":"merged truth (traced)","difficulty":"difficult","permission":"publish","description":null,"source_file":"aop_trail_network.geojson","last_checked":null,"trail_number":53,"review_status":"re-imported from Illustrator SVG (geometry/name updated)","maturity":"gold"},"geometry":{"type":"LineString","coordinates":[[-85.7507001,35.0880851],[-85.7507686,35.0881583],[-85.7508656,35.0882039],[-85.7509368,35.0882416],[-85.7509896,35.0883015],[-85.7510189,35.0884023],[-85.7510227,35.0885177],[-85.7510741,35.0886457],[-85.7512363,35.0887745],[-85.7513092,35.0888839]]}},{"type":"Feature","properties":{"id":"sfwda-39","kind":"trail","name":"74","color":"#111111","facets":{"difficulty":"difficult"},"source":"sfwda_trace_edited","status":"hand-edited; normalized from SVG","confidence":"merged truth (traced)","difficulty":"difficult","permission":"publish","description":null,"source_file":"aop_trail_network.geojson","last_checked":null,"trail_number":74,"review_status":"re-imported from Illustrator SVG (geometry/name updated)","maturity":"gold"},"geometry":{"type":"LineString","coordinates":[[-85.7484253,35.0868201],[-85.7484275,35.0869213],[-85.7483994,35.0869927],[-85.748341,35.087005],[-85.7482346,35.0870176],[-85.7482153,35.0870671],[-85.748202,35.0871189]]}},{"type":"Feature","properties":{"id":"sfwda-4","kind":"trail","name":"39","color":"#2438c8","facets":{"difficulty":"moderate"},"source":"sfwda_trace_edited","status":"hand-edited; normalized from SVG","confidence":"merged truth (traced)","difficulty":"moderate","permission":"publish","description":null,"source_file":"aop_trail_network.geojson","last_checked":null,"trail_number":39,"review_status":"re-imported from Illustrator SVG (geometry/name updated)","maturity":"gold"},"geometry":{"type":"LineString","coordinates":[[-85.7581592,35.0875891],[-85.7581098,35.0874641],[-85.7580546,35.087396],[-85.7579111,35.0872328],[-85.7578126,35.0870595],[-85.7577658,35.0869274],[-85.7576575,35.0868659],[-85.7576295,35.0868259],[-85.7575873,35.0867269],[-85.7575231,35.0867033],[-85.7574562,35.0866938],[-85.7574299,35.0866795],[-85.757355,35.0865889],[-85.75729,35.0865336],[-85.7572177,35.0864828],[-85.7571775,35.0864675],[-85.7570292,35.0864402],[-85.75685,35.0863578],[-85.7568272,35.0863276],[-85.7568203,35.0863189],[-85.7567385,35.0862557],[-85.7566642,35.0862505],[-85.7566208,35.0862194],[-85.7565675,35.0861096],[-85.7565278,35.0860106],[-85.7564945,35.0859043],[-85.7564877,35.0858236],[-85.756487,35.0857765],[-85.7563817,35.0856786],[-85.756365,35.085581],[-85.7563787,35.0854758],[-85.756364,35.0854371],[-85.7563447,35.0853856]]}},{"type":"Feature","properties":{"id":"sfwda-40","kind":"trail","name":"72","color":"#111111","facets":{"difficulty":"difficult"},"source":"sfwda_trace_edited","status":"hand-edited; normalized from SVG","confidence":"merged truth (traced)","difficulty":"difficult","permission":"publish","description":null,"source_file":"aop_trail_network.geojson","last_checked":null,"trail_number":72,"review_status":"re-imported from Illustrator SVG (geometry/name updated)","maturity":"gold"},"geometry":{"type":"LineString","coordinates":[[-85.7478568,35.0864408],[-85.747834,35.0864606],[-85.7477255,35.0864657],[-85.7476214,35.0864793],[-85.7475437,35.0865313],[-85.7475046,35.0865661],[-85.7474794,35.0866237],[-85.7474998,35.086682],[-85.7475936,35.086743],[-85.7476946,35.0867959],[-85.7477609,35.0868125],[-85.7478672,35.0869002],[-85.747915,35.0869397],[-85.7480553,35.0870017],[-85.7481405,35.0870774],[-85.748202,35.0871189],[-85.7482559,35.0871685],[-85.7483106,35.0872148],[-85.7483948,35.0872645],[-85.7484151,35.0873535]]}},{"type":"Feature","properties":{"id":"sfwda-41","kind":"trail","name":"87","color":"#2438c8","facets":{"difficulty":"moderate"},"source":"sfwda_trace_edited","status":"hand-edited; normalized from SVG","confidence":"merged truth (traced)","difficulty":"moderate","permission":"publish","description":null,"source_file":"aop_trail_network.geojson","last_checked":null,"trail_number":87,"review_status":"re-imported from Illustrator SVG (geometry/name updated)","maturity":"gold"},"geometry":{"type":"LineString","coordinates":[[-85.754341,35.0845564],[-85.754258,35.0844963],[-85.7541964,35.0844447],[-85.7541326,35.0844252],[-85.7539405,35.0843191],[-85.7538494,35.0842985],[-85.753763,35.0842375],[-85.7537313,35.0841802],[-85.7537644,35.0840953],[-85.753866,35.0840323],[-85.7540535,35.0840318],[-85.7542558,35.084035],[-85.7545207,35.0840488],[-85.7546858,35.0840753],[-85.754739,35.0841225],[-85.754952,35.08417],[-85.7551129,35.0841958],[-85.7553936,35.0842171],[-85.7554659,35.0841776],[-85.7555006,35.0840662],[-85.755595,35.0839495],[-85.7556789,35.0839449],[-85.7557629,35.0839769],[-85.7558744,35.0839725],[-85.755981,35.0840083],[-85.7560889,35.0841052],[-85.7561558,35.0842165]]}},{"type":"Feature","properties":{"id":"sfwda-42","kind":"trail","name":null,"color":"#2438c8","facets":{"difficulty":"moderate"},"source":"sfwda_trace_edited","status":"hand-edited; normalized from SVG","confidence":"merged truth (traced)","difficulty":"moderate","permission":"publish","description":null,"source_file":"aop_trail_network.geojson","last_checked":null,"trail_number":null,"review_status":"re-imported from Illustrator SVG (geometry/name updated)","maturity":"gold"},"geometry":{"type":"LineString","coordinates":[[-85.7519029,35.0960836],[-85.7518047,35.0959584],[-85.7513858,35.095653]]}},{"type":"Feature","properties":{"id":"sfwda-43","kind":"trail","name":null,"color":"#2438c8","facets":{"difficulty":"moderate"},"source":"sfwda_trace_edited","status":"hand-edited; normalized from SVG","confidence":"merged truth (traced)","difficulty":"moderate","permission":"publish","description":null,"source_file":"aop_trail_network.geojson","last_checked":null,"trail_number":null,"review_status":"re-imported from Illustrator SVG (geometry/name updated)","maturity":"gold"},"geometry":{"type":"LineString","coordinates":[[-85.7508958,35.096308],[-85.7509004,35.0962302],[-85.7509212,35.0961865],[-85.7509755,35.0961433],[-85.7510583,35.0960798],[-85.7510897,35.09601],[-85.7510629,35.0959336],[-85.7510691,35.0957863],[-85.7511308,35.0956716]]}},{"type":"Feature","properties":{"id":"sfwda-44","kind":"trail","name":null,"color":"#111111","facets":{"difficulty":"difficult"},"source":"sfwda_trace_edited","status":"hand-edited; normalized from SVG","confidence":"merged truth (traced)","difficulty":"difficult","permission":"publish","description":null,"source_file":"aop_trail_network.geojson","last_checked":null,"trail_number":null,"review_status":"re-imported from Illustrator SVG (geometry/name updated)","maturity":"gold"},"geometry":{"type":"LineString","coordinates":[[-85.7481736,35.0924698],[-85.7482545,35.0925452],[-85.7484298,35.0925977],[-85.7487339,35.0925977],[-85.7489438,35.0925658],[-85.749107,35.0925193],[-85.7492621,35.0924797],[-85.7495087,35.0925049],[-85.7498958,35.0924656]]}},{"type":"Feature","properties":{"id":"sfwda-45","kind":"trail","name":"40","color":"#111111","facets":{"difficulty":"difficult"},"source":"sfwda_trace_edited","status":"hand-edited; normalized from SVG","confidence":"merged truth (traced)","difficulty":"difficult","permission":"publish","description":null,"source_file":"aop_trail_network.geojson","last_checked":null,"trail_number":40,"review_status":"re-imported from Illustrator SVG (geometry/name updated)","maturity":"gold"},"geometry":{"type":"LineString","coordinates":[[-85.7506574,35.092218],[-85.7508515,35.0921954],[-85.7510676,35.092274],[-85.7511493,35.0923556],[-85.751174,35.0927774],[-85.7513648,35.0930731],[-85.7513898,35.0932628],[-85.7515925,35.0936198]]}},{"type":"Feature","properties":{"id":"sfwda-46","kind":"trail","name":"89X","color":"#2438c8","facets":{"difficulty":"moderate"},"source":"sfwda_trace_edited","status":"hand-edited; normalized from SVG","confidence":"merged truth (traced)","difficulty":"moderate","permission":"publish","description":null,"source_file":"aop_trail_network.geojson","last_checked":null,"trail_number":null,"review_status":"re-imported from Illustrator SVG (geometry/name updated)","maturity":"gold"},"geometry":{"type":"LineString","coordinates":[[-85.7526907,35.0965241],[-85.752386,35.0965759],[-85.7521983,35.0965512],[-85.7520136,35.0964626],[-85.7518793,35.0963638],[-85.7517812,35.0963257],[-85.7516843,35.0963168],[-85.7515875,35.096335],[-85.7513708,35.0963607],[-85.7510533,35.0963513],[-85.7508958,35.096308],[-85.7508155,35.096286],[-85.7506353,35.0961634],[-85.7505672,35.0960494],[-85.750643,35.0959216],[-85.7508695,35.0958745],[-85.7510578,35.095869],[-85.7512402,35.0959632],[-85.7514368,35.0960407],[-85.7515795,35.0960666],[-85.7517894,35.0960876],[-85.7519029,35.0960836],[-85.7520596,35.0960779],[-85.7521677,35.0961383],[-85.7523235,35.0961875],[-85.75264,35.0961957]]}},{"type":"Feature","properties":{"id":"sfwda-47","kind":"trail","name":"55X","color":"#111111","facets":{"difficulty":"difficult"},"source":"sfwda_trace_edited","status":"hand-edited; normalized from SVG","confidence":"merged truth (traced)","difficulty":"difficult","permission":"publish","description":null,"source_file":"aop_trail_network.geojson","last_checked":null,"trail_number":null,"review_status":"re-imported from Illustrator SVG (geometry/name updated)","maturity":"gold"},"geometry":{"type":"LineString","coordinates":[[-85.7567679,35.0872961],[-85.7569184,35.0873283],[-85.7570726,35.0873627],[-85.7570982,35.0874545],[-85.7570601,35.087539],[-85.7570287,35.0876271],[-85.7570434,35.0877191],[-85.7570753,35.087771],[-85.7570955,35.087864],[-85.7571001,35.0879696],[-85.7571097,35.0881387]]}},{"type":"Feature","properties":{"id":"sfwda-48","kind":"trail","name":"JW3","color":"#2438c8","facets":{"difficulty":"moderate"},"source":"sfwda_trace_edited","status":"hand-edited; normalized from SVG","confidence":"merged truth (traced)","difficulty":"moderate","permission":"publish","description":null,"source_file":"aop_trail_network.geojson","last_checked":null,"trail_number":null,"review_status":"re-imported from Illustrator SVG (geometry/name updated)","maturity":"gold"},"geometry":{"type":"LineString","coordinates":[[-85.7565132,35.0842641],[-85.7566841,35.0840911],[-85.756791,35.0840653],[-85.7568639,35.0840992],[-85.7569462,35.0841638],[-85.7570129,35.0841815],[-85.7571479,35.0841743],[-85.7573447,35.0842325],[-85.7575306,35.0843241],[-85.7578035,35.0845474],[-85.7579964,35.084781],[-85.7580593,35.0849303],[-85.7580442,35.0850028],[-85.7579485,35.0850584],[-85.7578058,35.085056],[-85.757782,35.0850922],[-85.7577915,35.0852288],[-85.757813,35.0853083],[-85.7578394,35.0853791],[-85.7578132,35.0854561],[-85.7578057,35.0855293],[-85.7577916,35.0855817],[-85.757782,35.085627],[-85.7577374,35.0856518],[-85.7576845,35.0856639],[-85.7575013,35.0856661],[-85.7573304,35.0857061],[-85.7572712,35.0857229],[-85.7572214,35.0857221],[-85.7571476,35.0856856],[-85.7571133,35.0856571],[-85.757061,35.0856375],[-85.7570131,35.0856439],[-85.7569565,35.0856722],[-85.7569269,35.0857142],[-85.7569056,35.0857435],[-85.7568406,35.0857761],[-85.7566931,35.0857252],[-85.7566197,35.0856469],[-85.7565695,35.0855669],[-85.7565178,35.0854667],[-85.7564189,35.0854212],[-85.756364,35.0854371]]}},{"type":"Feature","properties":{"id":"sfwda-49","kind":"trail","name":"JW4","color":"#2438c8","facets":{"difficulty":"moderate"},"source":"sfwda_trace_edited","status":"hand-edited; normalized from SVG","confidence":"merged truth (traced)","difficulty":"moderate","permission":"publish","description":null,"source_file":"aop_trail_network.geojson","last_checked":null,"trail_number":null,"review_status":"re-imported from Illustrator SVG (geometry/name updated)","maturity":"gold"},"geometry":{"type":"LineString","coordinates":[[-85.7574943,35.0886879],[-85.7577332,35.088683],[-85.7579345,35.0887135],[-85.7579771,35.0887592],[-85.7580186,35.0887624],[-85.7580677,35.0887525],[-85.7581263,35.0887157],[-85.7582279,35.0886825],[-85.7584583,35.0886778],[-85.7585724,35.0887176],[-85.7586947,35.0887408],[-85.7587255,35.0887683],[-85.7587255,35.088947],[-85.7586864,35.0889921],[-85.7586358,35.0890182],[-85.7584231,35.0890309],[-85.7583822,35.0890486],[-85.7583536,35.0890903],[-85.7583503,35.089149],[-85.7583755,35.0892079],[-85.7585888,35.0893314],[-85.7586306,35.0893874],[-85.7586794,35.0896416],[-85.7586574,35.0898832],[-85.7585861,35.0899867],[-85.7584298,35.0900199],[-85.7582169,35.089983]]}},{"type":"Feature","properties":{"id":"sfwda-5","kind":"trail","name":"60","color":"#111111","facets":{"difficulty":"difficult"},"source":"sfwda_trace_edited","status":"hand-edited; normalized from SVG","confidence":"merged truth (traced)","difficulty":"difficult","permission":"publish","description":null,"source_file":"aop_trail_network.geojson","last_checked":null,"trail_number":60,"review_status":"re-imported from Illustrator SVG (geometry/name updated)","maturity":"gold"},"geometry":{"type":"LineString","coordinates":[[-85.7575633,35.0880522],[-85.7573933,35.0880744],[-85.7573574,35.0880789],[-85.7572454,35.0881078],[-85.7571108,35.0881386],[-85.7569918,35.0881631],[-85.756914,35.0881942],[-85.7566785,35.0882705],[-85.756414,35.0883284],[-85.7563348,35.0883429],[-85.7562976,35.0883499],[-85.7562149,35.0883724],[-85.756078,35.0883931],[-85.7559875,35.0884174],[-85.7558903,35.0884558],[-85.7558252,35.0884444],[-85.7557524,35.0885042],[-85.7555716,35.0885462],[-85.755461,35.0885543],[-85.7553888,35.0885293],[-85.7553388,35.0884712],[-85.7553596,35.0883991],[-85.7554209,35.0883459],[-85.7555934,35.0882973],[-85.7556936,35.0882302],[-85.7556932,35.0881543],[-85.7556995,35.0880892],[-85.7557117,35.0880208],[-85.7557311,35.0879422],[-85.755752,35.0879081],[-85.7558687,35.0878469],[-85.7559359,35.0877341],[-85.7559383,35.0875961],[-85.7558988,35.0875182],[-85.7558847,35.0874641]]}},{"type":"Feature","properties":{"id":"sfwda-50","kind":"trail","name":"30","color":"#2438c8","facets":{"difficulty":"moderate"},"source":"sfwda_trace_edited","status":"hand-edited; normalized from SVG","confidence":"merged truth (traced)","difficulty":"moderate","permission":"publish","description":null,"source_file":"aop_trail_network.geojson","last_checked":null,"trail_number":30,"review_status":"re-imported from Illustrator SVG (geometry/name updated)","maturity":"gold"},"geometry":{"type":"LineString","coordinates":[[-85.7574997,35.0905992],[-85.757658,35.0904054],[-85.7577912,35.090321],[-85.7580274,35.0902604],[-85.7581675,35.0901327],[-85.7582169,35.089983],[-85.7582353,35.0899279],[-85.7582262,35.0897411],[-85.758187,35.0896295],[-85.7581589,35.0895525],[-85.7581643,35.0894941],[-85.7582654,35.0893885],[-85.7582989,35.089241],[-85.7582745,35.089178],[-85.758149,35.0890197],[-85.7580034,35.0889003],[-85.7577831,35.0888431],[-85.7577618,35.0888374],[-85.7575046,35.0888453]]}},{"type":"Feature","properties":{"id":"sfwda-51","kind":"trail","name":"JW2","color":"#1f9d3a","facets":{"difficulty":"easy"},"source":"sfwda_trace_edited","status":"hand-edited; normalized from SVG","confidence":"merged truth (traced)","difficulty":"easy","permission":"publish","description":null,"source_file":"aop_trail_network.geojson","last_checked":null,"trail_number":null,"review_status":"re-imported from Illustrator SVG (geometry/name updated)","maturity":"gold"},"geometry":{"type":"LineString","coordinates":[[-85.7577831,35.0888431],[-85.7577698,35.0891396],[-85.7577865,35.0891966],[-85.7578731,35.0892596],[-85.757911,35.0893067],[-85.7579109,35.0894944],[-85.7578695,35.0896514],[-85.7578304,35.0897017],[-85.7577328,35.0897458],[-85.7575833,35.089786],[-85.7575395,35.0898018],[-85.7575308,35.0898456],[-85.7575665,35.0899054],[-85.7576228,35.0899478],[-85.7576816,35.0899604],[-85.7577203,35.0899742],[-85.7577366,35.0900128],[-85.7577084,35.0900681],[-85.7576062,35.0901489],[-85.7575176,35.090262],[-85.7574581,35.0904032],[-85.7574746,35.0905807]]}},{"type":"Feature","properties":{"id":"sfwda-52","kind":"trail","name":"JW20","color":"#2438c8","facets":{"difficulty":"moderate"},"source":"sfwda_trace_edited","status":"hand-edited; normalized from SVG","confidence":"merged truth (traced)","difficulty":"moderate","permission":"publish","description":null,"source_file":"aop_trail_network.geojson","last_checked":null,"trail_number":null,"review_status":"re-imported from Illustrator SVG (geometry/name updated)","maturity":"gold"},"geometry":{"type":"LineString","coordinates":[[-85.7574746,35.0905807],[-85.7574772,35.0906051],[-85.7574877,35.0907166],[-85.7575575,35.0908625],[-85.7575607,35.0910645],[-85.7574927,35.0912391],[-85.757482,35.0912938],[-85.7574811,35.0913318],[-85.7575028,35.0913556],[-85.7575575,35.0913777],[-85.7576377,35.0914151],[-85.757701,35.0914714],[-85.7577136,35.0915738],[-85.7576908,35.0917041],[-85.7576684,35.0918344],[-85.7576718,35.0919133],[-85.7577091,35.0919916],[-85.7577137,35.0921176],[-85.7576606,35.0923575],[-85.7576054,35.0925125],[-85.7575657,35.092849]]}},{"type":"Feature","properties":{"id":"sfwda-53","kind":"trail","name":null,"color":"#1f9d3a","facets":{"difficulty":"easy"},"source":"sfwda_trace_edited","status":"hand-edited; normalized from SVG","confidence":"merged truth (traced)","difficulty":"easy","permission":"publish","description":null,"source_file":"aop_trail_network.geojson","last_checked":null,"trail_number":null,"review_status":"re-imported from Illustrator SVG (geometry/name updated)","maturity":"gold"},"geometry":{"type":"LineString","coordinates":[[-85.7585988,35.0935215],[-85.7587033,35.0935341],[-85.7587487,35.0935259],[-85.7587882,35.0935069],[-85.7589139,35.0935025],[-85.7590403,35.0935169]]}},{"type":"Feature","properties":{"id":"sfwda-54","kind":"trail","name":null,"color":"#1f9d3a","facets":{"difficulty":"easy"},"source":"sfwda_trace_edited","status":"hand-edited; normalized from SVG","confidence":"merged truth (traced)","difficulty":"easy","permission":"publish","description":null,"source_file":"aop_trail_network.geojson","last_checked":null,"trail_number":null,"review_status":"re-imported from Illustrator SVG (geometry/name updated)","maturity":"gold"},"geometry":{"type":"LineString","coordinates":[[-85.7584127,35.0935304],[-85.7584204,35.0936413],[-85.7584699,35.0937077],[-85.7584699,35.0938957],[-85.7583477,35.0942736]]}},{"type":"Feature","properties":{"id":"sfwda-55","kind":"trail","name":"25","color":"#2438c8","facets":{"difficulty":"moderate"},"source":"sfwda_trace_edited","status":"hand-edited; normalized from SVG","confidence":"merged truth (traced)","difficulty":"moderate","permission":"publish","description":null,"source_file":"aop_trail_network.geojson","last_checked":null,"trail_number":25,"review_status":"re-imported from Illustrator SVG (geometry/name updated)","maturity":"gold"},"geometry":{"type":"LineString","coordinates":[[-85.7580658,35.0944416],[-85.7578578,35.0942739],[-85.7577496,35.0942369],[-85.7575592,35.0942311],[-85.7574556,35.0941615],[-85.7572625,35.0938958],[-85.7570833,35.0936843],[-85.756942,35.0936173],[-85.7568894,35.093601],[-85.7568624,35.0935926]]}},{"type":"Feature","properties":{"id":"sfwda-56","kind":"trail","name":"65","color":"#111111","facets":{"difficulty":"difficult"},"source":"sfwda_trace_edited","status":"hand-edited; normalized from SVG","confidence":"merged truth (traced)","difficulty":"difficult","permission":"publish","description":null,"source_file":"aop_trail_network.geojson","last_checked":null,"trail_number":65,"review_status":"re-imported from Illustrator SVG (geometry/name updated)","maturity":"gold"},"geometry":{"type":"LineString","coordinates":[[-85.7566053,35.0933788],[-85.7565245,35.0934347],[-85.7564726,35.0935002],[-85.7563752,35.0935724],[-85.7562737,35.0936308],[-85.7562505,35.0936415],[-85.7561432,35.0936908],[-85.7560335,35.0937097],[-85.7559643,35.0936976],[-85.7558888,35.0936685],[-85.7558264,35.0936024],[-85.7557521,35.0935037]]}},{"type":"Feature","properties":{"id":"sfwda-57","kind":"trail","name":"79","color":"#111111","facets":{"difficulty":"difficult"},"source":"sfwda_trace_edited","status":"hand-edited; normalized from SVG","confidence":"merged truth (traced)","difficulty":"difficult","permission":"publish","description":null,"source_file":"aop_trail_network.geojson","last_checked":null,"trail_number":79,"review_status":"re-imported from Illustrator SVG (geometry/name updated)","maturity":"gold"},"geometry":{"type":"LineString","coordinates":[[-85.7588152,35.0945947],[-85.7589321,35.0945872],[-85.758999,35.0945993],[-85.7590498,35.0946263],[-85.7591002,35.0946638],[-85.7592568,35.0947785],[-85.7593559,35.0948178],[-85.7594675,35.0948178]]}},{"type":"Feature","properties":{"id":"sfwda-58","kind":"trail","name":"JW1","color":"#1f9d3a","facets":{"difficulty":"easy"},"source":"sfwda_trace_edited","status":"hand-edited; normalized from SVG","confidence":"merged truth (traced)","difficulty":"easy","permission":"publish","description":null,"source_file":"aop_trail_network.geojson","last_checked":null,"trail_number":null,"review_status":"re-imported from Illustrator SVG (geometry/name updated)","maturity":"gold"},"geometry":{"type":"LineString","coordinates":[[-85.7580676,35.0962548],[-85.7583481,35.0964816],[-85.7584387,35.0966304],[-85.7584205,35.0967545],[-85.7583607,35.0968145],[-85.7582945,35.0968419],[-85.7582307,35.0968221],[-85.7581903,35.0967676],[-85.7581134,35.09663],[-85.7580494,35.096592],[-85.7579845,35.0965763],[-85.7578874,35.0965764],[-85.75785,35.0966065],[-85.7578399,35.0967798],[-85.7578235,35.0968333],[-85.7577081,35.0969989]]}},{"type":"Feature","properties":{"id":"sfwda-59","kind":"trail","name":null,"color":"#111111","facets":{"difficulty":"difficult"},"source":"sfwda_trace_edited","status":"hand-edited; normalized from SVG","confidence":"merged truth (traced)","difficulty":"difficult","permission":"publish","description":null,"source_file":"aop_trail_network.geojson","last_checked":null,"trail_number":null,"review_status":"re-imported from Illustrator SVG (geometry/name updated)","maturity":"gold"},"geometry":{"type":"LineString","coordinates":[[-85.7512071,35.0920117],[-85.7512193,35.092173],[-85.7511571,35.0922541],[-85.7510682,35.0922696]]}},{"type":"Feature","properties":{"id":"sfwda-6","kind":"trail","name":"23","color":"#2438c8","facets":{"difficulty":"moderate"},"source":"sfwda_trace_edited","status":"hand-edited; normalized from SVG","confidence":"merged truth (traced)","difficulty":"moderate","permission":"publish","description":null,"source_file":"aop_trail_network.geojson","last_checked":null,"trail_number":23,"review_status":"re-imported from Illustrator SVG (geometry/name updated)","maturity":"gold"},"geometry":{"type":"LineString","coordinates":[[-85.7534862,35.0901368],[-85.7536166,35.0900453],[-85.7536772,35.0900001],[-85.7537476,35.0899429],[-85.7538348,35.0898588],[-85.7538904,35.0897832],[-85.7539371,35.0897318],[-85.753974,35.0897002],[-85.7541052,35.0895706],[-85.7542064,35.0894319],[-85.7542034,35.0894341],[-85.7542944,35.0893937],[-85.754412,35.0893862],[-85.7545147,35.0894044],[-85.7546231,35.0894544],[-85.7546795,35.0894798],[-85.7547141,35.0894934],[-85.7547927,35.0895186],[-85.7548894,35.0895831],[-85.7549609,35.0896597],[-85.754994,35.0896797],[-85.7550625,35.0897314],[-85.7551311,35.089793],[-85.7551516,35.0898938],[-85.7551534,35.0899375],[-85.7551587,35.0900185],[-85.7552034,35.0900891],[-85.7552072,35.0901983],[-85.7552051,35.090287]]}},{"type":"Feature","properties":{"id":"sfwda-60","kind":"trail","name":null,"color":"#111111","facets":{"difficulty":"difficult"},"source":"sfwda_trace_edited","status":"hand-edited; normalized from SVG","confidence":"merged truth (traced)","difficulty":"difficult","permission":"publish","description":null,"source_file":"aop_trail_network.geojson","last_checked":null,"trail_number":null,"review_status":"re-imported from Illustrator SVG (geometry/name updated)","maturity":"gold"},"geometry":{"type":"LineString","coordinates":[[-85.7475816,35.0930779],[-85.7476536,35.0928923],[-85.7478196,35.0927169],[-85.7479915,35.0925533],[-85.7481736,35.0924698],[-85.7482121,35.0924519],[-85.7485435,35.0923795],[-85.7490448,35.0922649],[-85.7492698,35.0922431]]}},{"type":"Feature","properties":{"id":"sfwda-61","kind":"trail","name":"44","color":"#111111","facets":{"difficulty":"difficult"},"source":"sfwda_trace_edited","status":"hand-edited; normalized from SVG","confidence":"merged truth (traced)","difficulty":"difficult","permission":"publish","description":null,"source_file":"aop_trail_network.geojson","last_checked":null,"trail_number":44,"review_status":"re-imported from Illustrator SVG (geometry/name updated)","maturity":"gold"},"geometry":{"type":"LineString","coordinates":[[-85.7502874,35.0929444],[-85.7503429,35.0928964],[-85.7503936,35.0928366],[-85.7504505,35.092815],[-85.7505725,35.0928017],[-85.7507105,35.092752],[-85.7507065,35.0927038],[-85.750737,35.092606],[-85.7507939,35.0925296],[-85.750804,35.0924482],[-85.7507086,35.0923574],[-85.7506616,35.092266],[-85.7506574,35.092218],[-85.7506554,35.0921961],[-85.7505235,35.0921612],[-85.750357,35.0921007]]}},{"type":"Feature","properties":{"id":"sfwda-62","kind":"trail","name":"61","color":"#111111","facets":{"difficulty":"difficult"},"source":"sfwda_trace_edited","status":"hand-edited; normalized from SVG","confidence":"merged truth (traced)","difficulty":"difficult","permission":"publish","description":null,"source_file":"aop_trail_network.geojson","last_checked":null,"trail_number":61,"review_status":"re-imported from Illustrator SVG (geometry/name updated)","maturity":"gold"},"geometry":{"type":"LineString","coordinates":[[-85.750357,35.0921007],[-85.7502739,35.0921727],[-85.7502047,35.0921861],[-85.7500158,35.0921928],[-85.7499549,35.0922443],[-85.7499062,35.0923255],[-85.7498958,35.0924656],[-85.7498879,35.0925711],[-85.7498961,35.0926624],[-85.7499142,35.0927139],[-85.7499103,35.0928299],[-85.7498982,35.0929427],[-85.7498762,35.0930176]]}},{"type":"Feature","properties":{"id":"sfwda-63","kind":"trail","name":null,"color":"#f25e0d","source":"sfwda_trace_edited","status":"hand-edited; normalized from SVG","confidence":"merged truth (traced)","difficulty":null,"permission":"publish","description":null,"source_file":"aop_trail_network.geojson","last_checked":null,"trail_number":null,"review_status":"re-imported from Illustrator SVG (geometry/name updated)","maturity":"gold"},"geometry":{"type":"LineString","coordinates":[[-85.7459749,35.0889585],[-85.7459565,35.089627],[-85.7459182,35.0910082]]}},{"type":"Feature","properties":{"id":"sfwda-64","kind":"trail","name":"Convergence","color":"#1f9d3a","facets":{"connects":[1],"difficulty":"easy"},"source":"sfwda_trace_edited","status":"hand-edited; normalized from SVG","_original":{"name":"2"},"confidence":"merged truth (traced)","difficulty":"easy","permission":"publish","description":"An easy spur off Launchpad, bending toward the buggy side of the park. Mountain runoff gathers here and drains into Battle Creek. That's the convergence it's named for.","source_file":"aop_trail_network.geojson","last_checked":null,"trail_number":2,"review_status":"re-imported from Illustrator SVG (geometry/name updated)","maturity":"gold"},"geometry":{"type":"LineString","coordinates":[[-85.7555914,35.0919413],[-85.7556312,35.0920336],[-85.7557249,35.0921849],[-85.7560145,35.0925964],[-85.7562849,35.0929837],[-85.7564544,35.0932304],[-85.756494,35.0932538],[-85.756568,35.0933348],[-85.7566053,35.0933789],[-85.756723,35.0934762],[-85.7568624,35.0935926],[-85.7568749,35.0936031],[-85.7569386,35.0936956],[-85.7569734,35.0938262],[-85.7569811,35.0941491],[-85.7569245,35.0943656],[-85.7568926,35.0945511],[-85.7568927,35.0947211],[-85.7569104,35.0948396],[-85.7568927,35.0949868],[-85.7568325,35.0951574],[-85.7567405,35.0952758],[-85.7566221,35.095352],[-85.7565744,35.0953827],[-85.756204,35.095634],[-85.7560704,35.0957],[-85.7559785,35.0957732],[-85.7559089,35.095812],[-85.7557574,35.0959094],[-85.7553593,35.096105],[-85.755118,35.0961589],[-85.7549578,35.0961948],[-85.7547918,35.096195],[-85.7545593,35.0961716],[-85.7545108,35.0961677],[-85.7542266,35.096145],[-85.7541256,35.0961846],[-85.7539907,35.0962378],[-85.7538048,35.0962585],[-85.7536334,35.0962776],[-85.7532962,35.096228],[-85.752951,35.0961168],[-85.7527601,35.0960554],[-85.7522363,35.0958199],[-85.7520862,35.0957663]]}},{"type":"Feature","properties":{"id":"sfwda-65","kind":"trail","name":"32","color":"#2438c8","facets":{"difficulty":"moderate"},"source":"sfwda_trace_edited","status":"hand-edited; normalized from SVG","confidence":"merged truth (traced)","difficulty":"moderate","permission":"publish","description":null,"source_file":"aop_trail_network.geojson","last_checked":null,"trail_number":32,"review_status":"re-imported from Illustrator SVG (geometry/name updated)","maturity":"gold"},"geometry":{"type":"LineString","coordinates":[[-85.7520862,35.0957663],[-85.7518544,35.0956838],[-85.7516066,35.0956472],[-85.7513858,35.095653],[-85.7513509,35.0956539],[-85.7511308,35.0956716],[-85.7508146,35.0956972],[-85.7503682,35.09578],[-85.7502159,35.0957841],[-85.7501163,35.0957865],[-85.7498686,35.0957667],[-85.7496371,35.0957071],[-85.7494503,35.0956009],[-85.749296,35.0954316],[-85.7491619,35.095249],[-85.7489548,35.0950964],[-85.7486837,35.0949524]]}},{"type":"Feature","properties":{"trail_number":null,"difficulty":null,"source":"illustrator_trace_new","review_status":"new trail from Illustrator SVG; needs review","name":null,"permission":"publish"},"geometry":{"type":"LineString","coordinates":[[-85.7503743,35.0960445],[-85.7501453,35.0959403],[-85.749979,35.0958577],[-85.7498893,35.095784]]}},{"type":"Feature","properties":{"trail_number":null,"difficulty":null,"source":"illustrator_trace_new","review_status":"new trail from Illustrator SVG; needs review","name":null,"permission":"publish"},"geometry":{"type":"LineString","coordinates":[[-85.7476953,35.0945352],[-85.7473641,35.0947828],[-85.7469786,35.0949347],[-85.7467115,35.0951928],[-85.7466701,35.0953412],[-85.7465395,35.0955316],[-85.746499,35.0956698],[-85.7463186,35.0958748],[-85.74633,35.0960027],[-85.7464024,35.0962995],[-85.7462502,35.0964443],[-85.7462097,35.0966148],[-85.7460287,35.096721],[-85.7458288,35.0969664],[-85.7457751,35.097255],[-85.7457655,35.0974154],[-85.7456483,35.0975255],[-85.7455922,35.0977641],[-85.7455151,35.0980158],[-85.7455549,35.098241],[-85.7455813,35.0984506],[-85.7455803,35.0985635],[-85.7455169,35.0986888],[-85.7455047,35.0987766],[-85.7456357,35.0988645]]}},{"type":"Feature","properties":{"trail_number":null,"difficulty":null,"source":"illustrator_trace_new","review_status":"new trail from Illustrator SVG; needs review","name":null,"permission":"publish"},"geometry":{"type":"LineString","coordinates":[[-85.7461685,35.0979694],[-85.7460025,35.098074],[-85.7459081,35.0981876],[-85.7458049,35.0982993],[-85.7457212,35.0985331],[-85.7456896,35.0987371],[-85.7455775,35.0989711],[-85.7453929,35.0991273],[-85.7451369,35.0991319],[-85.7449985,35.0990579],[-85.7448844,35.0990085],[-85.7447432,35.0989845],[-85.7445345,35.0990064],[-85.7443864,35.0989225],[-85.7442596,35.0988324],[-85.7441834,35.0987217],[-85.7440459,35.0986042],[-85.7438948,35.0985399],[-85.7438279,35.0984863]]}},{"type":"Feature","properties":{"trail_number":null,"difficulty":null,"source":"illustrator_trace_new","review_status":"new trail from Illustrator SVG; needs review","name":null,"permission":"publish"},"geometry":{"type":"LineString","coordinates":[[-85.7449445,35.0990346],[-85.7449879,35.098903],[-85.7448935,35.0987269],[-85.7448761,35.0985425],[-85.7449969,35.0983165],[-85.7450002,35.0980968],[-85.7448734,35.097899],[-85.744928,35.0976714],[-85.7450089,35.0975332],[-85.7451613,35.0973798],[-85.7452181,35.0968941],[-85.7452663,35.0966819],[-85.745539,35.0964609],[-85.7457133,35.096265],[-85.7456884,35.095931],[-85.745715,35.0956769],[-85.7457964,35.0953812],[-85.7460136,35.095153],[-85.7462159,35.0948782],[-85.7463384,35.0946529],[-85.7466195,35.0944732],[-85.7468492,35.0943421],[-85.7470336,35.0941776],[-85.7471806,35.0939756],[-85.7474612,35.093766]]}},{"type":"Feature","properties":{"trail_number":null,"difficulty":null,"source":"illustrator_trace_new","review_status":"new trail from Illustrator SVG; needs review","name":null,"permission":"publish"},"geometry":{"type":"LineString","coordinates":[[-85.748908,35.0919908],[-85.7486019,35.0919877],[-85.748401,35.0919257],[-85.748181,35.0918994],[-85.7477091,35.091896],[-85.7471118,35.0919723],[-85.746795,35.0920946],[-85.7466546,35.0921784],[-85.7462146,35.0923257],[-85.7459407,35.0924481],[-85.7457393,35.0925862],[-85.7456974,35.0926734],[-85.7453547,35.0928795],[-85.7452413,35.0931859],[-85.7450713,35.0934627],[-85.7449401,35.0935471],[-85.7448684,35.0937388],[-85.7446958,35.0940377],[-85.7446316,35.0942513],[-85.7443414,35.0947575],[-85.744222,35.0951092],[-85.7440497,35.095299],[-85.7441166,35.0955666],[-85.743933,35.0959031],[-85.743867,35.0959382],[-85.7437555,35.0962523],[-85.7436905,35.0963463],[-85.7437329,35.0964526],[-85.7437869,35.0973862],[-85.7438362,35.0979452],[-85.7437819,35.0982215],[-85.7438297,35.0983723],[-85.7438281,35.0984767]]}},{"type":"Feature","properties":{"trail_number":null,"difficulty":null,"source":"illustrator_trace_new","review_status":"new trail from Illustrator SVG; needs review","name":null,"permission":"publish"},"geometry":{"type":"LineString","coordinates":[[-85.7437754,35.0971888],[-85.7440028,35.0972341],[-85.7441503,35.0973538],[-85.744267,35.0973918],[-85.7443699,35.0976343],[-85.7446236,35.0977302],[-85.7446728,35.0978895],[-85.744727,35.0979574],[-85.7449047,35.0979528]]}},{"type":"Feature","properties":{"trail_number":null,"difficulty":null,"source":"illustrator_trace_new","review_status":"new trail from Illustrator SVG; needs review","name":null,"permission":"publish"},"geometry":{"type":"LineString","coordinates":[[-85.744203,35.0951334],[-85.7444318,35.0951718],[-85.7446432,35.095075],[-85.7449151,35.0951768],[-85.7450174,35.0954552],[-85.7451942,35.0955958],[-85.7453208,35.0958297],[-85.7456808,35.0959164]]}},{"type":"Feature","properties":{"id":"sfwda-66","kind":"trail","name":"49","color":"#111111","facets":{"difficulty":"difficult"},"source":"sfwda_trace_edited","status":"hand-edited; normalized from SVG","confidence":"merged truth (traced)","difficulty":"difficult","permission":"publish","description":null,"source_file":"aop_trail_network.geojson","last_checked":null,"trail_number":49,"review_status":"re-imported from Illustrator SVG (geometry/name updated)","maturity":"gold"},"geometry":{"type":"LineString","coordinates":[[-85.7486837,35.0949524],[-85.7488274,35.09496],[-85.749012,35.0949822],[-85.7492704,35.0949822],[-85.7493767,35.0949608],[-85.7494721,35.0949101],[-85.7495122,35.0948888],[-85.7495353,35.0948766],[-85.7496367,35.0948453],[-85.7497169,35.0948427],[-85.7498722,35.0948981],[-85.7500877,35.0949822],[-85.7501739,35.0949961],[-85.7503092,35.0949823],[-85.7504031,35.0949294],[-85.7505417,35.0948616],[-85.750617,35.0948527],[-85.7507294,35.0948931],[-85.7507956,35.0949408],[-85.7508678,35.0950514],[-85.7509295,35.0951494],[-85.7509834,35.0952048],[-85.7510618,35.0952326],[-85.7511942,35.0952538],[-85.7514035,35.0952564],[-85.7516542,35.0952376],[-85.7518436,35.0952136],[-85.7519389,35.0952237],[-85.7520391,35.0952652],[-85.752139,35.0953946],[-85.7521682,35.0954526],[-85.7521852,35.0955443],[-85.7521836,35.0956171],[-85.7521605,35.09567],[-85.7520862,35.0957663]]}},{"type":"Feature","properties":{"id":"sfwda-67","kind":"trail","name":"43","color":"#111111","facets":{"difficulty":"difficult"},"source":"sfwda_trace_edited","status":"hand-edited; normalized from SVG","confidence":"merged truth (traced)","difficulty":"difficult","permission":"publish","description":null,"source_file":"aop_trail_network.geojson","last_checked":null,"trail_number":43,"review_status":"re-imported from Illustrator SVG (geometry/name updated)","maturity":"gold"},"geometry":{"type":"LineString","coordinates":[[-85.7486837,35.0949524],[-85.7484918,35.0948045],[-85.7484756,35.0947838],[-85.748362,35.094642],[-85.7483498,35.0945292],[-85.7484148,35.0943762],[-85.748482,35.0943079],[-85.7485328,35.0942566],[-85.7487357,35.0941706],[-85.7489995,35.0940677],[-85.7493405,35.0940677],[-85.7499215,35.0941474],[-85.7503396,35.0941706],[-85.7506767,35.0941308],[-85.7507155,35.0941135],[-85.7508471,35.0940545],[-85.7509262,35.09397],[-85.7509772,35.093915],[-85.7509975,35.0938222],[-85.7509325,35.0936728],[-85.7508469,35.0935654],[-85.7508188,35.0935303],[-85.7505671,35.0933013],[-85.7504047,35.0931452],[-85.7503188,35.0930189],[-85.7502991,35.0929894],[-85.7502874,35.0929444],[-85.7502706,35.0928799],[-85.7503153,35.0926839],[-85.750421,35.0925049],[-85.7504737,35.0923657],[-85.7504574,35.0922327],[-85.7503762,35.0921197],[-85.750357,35.0921007],[-85.7502758,35.0920204],[-85.750048,35.0919101],[-85.7498233,35.0917641],[-85.7497373,35.0917892],[-85.7494756,35.0918821],[-85.7491985,35.0919652],[-85.74898,35.091988],[-85.7489082,35.0919909]]}},{"type":"Feature","properties":{"id":"sfwda-68","kind":"trail","name":null,"color":"#f25e0d","source":"sfwda_trace_edited","status":"hand-edited; normalized from SVG","confidence":"merged truth (traced)","difficulty":null,"permission":"publish","description":null,"source_file":"aop_trail_network.geojson","last_checked":null,"trail_number":null,"review_status":"re-imported from Illustrator SVG (geometry/name updated)","maturity":"gold"},"geometry":{"type":"LineString","coordinates":[[-85.7498233,35.0917641],[-85.7496763,35.0916449],[-85.7493919,35.0915621],[-85.7493111,35.0915113],[-85.7492174,35.0914525],[-85.7489576,35.0912965],[-85.748726,35.09124],[-85.7481817,35.091187],[-85.7478709,35.0911771],[-85.7478107,35.0911771],[-85.7475075,35.0911672],[-85.7467644,35.0911041],[-85.7459182,35.0910082],[-85.7449394,35.0908464],[-85.7435784,35.0904833],[-85.7431822,35.0903713],[-85.7427714,35.0903795]]}},{"type":"Feature","properties":{"id":"sfwda-69","kind":"trail","name":null,"color":"#111111","facets":{"difficulty":"difficult"},"source":"sfwda_trace_edited","status":"hand-edited; normalized from SVG","confidence":"merged truth (traced)","difficulty":"difficult","permission":"publish","description":null,"source_file":"aop_trail_network.geojson","last_checked":null,"trail_number":null,"review_status":"re-imported from Illustrator SVG (geometry/name updated)","maturity":"gold"},"geometry":{"type":"LineString","coordinates":[[-85.7497354,35.0846539],[-85.7495165,35.0847337],[-85.7493425,35.0848197],[-85.7492083,35.0848894],[-85.7491311,35.0850252],[-85.7491256,35.0852693]]}},{"type":"Feature","properties":{"id":"sfwda-7","kind":"trail","name":"81","color":"#2438c8","facets":{"difficulty":"moderate"},"source":"sfwda_trace_edited","status":"hand-edited; normalized from SVG","confidence":"merged truth (traced)","difficulty":"moderate","permission":"publish","description":null,"source_file":"aop_trail_network.geojson","last_checked":null,"trail_number":81,"review_status":"re-imported from Illustrator SVG (geometry/name updated)","maturity":"gold"},"geometry":{"type":"LineString","coordinates":[[-85.7557525,35.0848165],[-85.7557461,35.0848974],[-85.7557072,35.0849445],[-85.7556208,35.0849607],[-85.7555497,35.0850411],[-85.755519,35.0850957],[-85.7555137,35.0851053],[-85.7555033,35.0851831],[-85.7555027,35.085223],[-85.7555047,35.0852854],[-85.7555823,35.0854372],[-85.755586,35.0855959],[-85.7555883,35.0857084],[-85.7556221,35.0857931],[-85.7556119,35.0862082],[-85.7556125,35.0866144],[-85.7555929,35.0867262],[-85.7556098,35.0871449],[-85.7556305,35.0872822],[-85.7556778,35.0873487],[-85.7557371,35.0874007],[-85.7557481,35.0874101],[-85.7558515,35.0874583],[-85.755897,35.087464],[-85.7560109,35.0874168],[-85.7561209,35.0873883],[-85.7565666,35.0873667],[-85.7566915,35.0873287],[-85.7568061,35.0872764],[-85.7568738,35.0872327],[-85.7569873,35.0871431],[-85.7571011,35.0869953]]}},{"type":"Feature","properties":{"id":"sfwda-70","kind":"trail","name":"52","color":"#111111","facets":{"difficulty":"difficult"},"source":"sfwda_trace_edited","status":"hand-edited; normalized from SVG","confidence":"merged truth (traced)","difficulty":"difficult","permission":"publish","description":null,"source_file":"aop_trail_network.geojson","last_checked":null,"trail_number":52,"review_status":"re-imported from Illustrator SVG (geometry/name updated)","maturity":"gold"},"geometry":{"type":"LineString","coordinates":[[-85.750519,35.0870024],[-85.7506527,35.0874197],[-85.7507201,35.0874735],[-85.7508318,35.0875433],[-85.751011,35.0876251],[-85.7512494,35.0877604],[-85.7513925,35.0878494],[-85.7515542,35.08795]]}},{"type":"Feature","properties":{"id":"sfwda-71","kind":"trail","name":"22","color":"#2438c8","facets":{"difficulty":"moderate"},"source":"sfwda_trace_edited","status":"hand-edited; normalized from SVG","confidence":"merged truth (traced)","difficulty":"moderate","permission":"publish","description":null,"source_file":"aop_trail_network.geojson","last_checked":null,"trail_number":22,"review_status":"re-imported from Illustrator SVG (geometry/name updated)","maturity":"gold"},"geometry":{"type":"LineString","coordinates":[[-85.7499038,35.0893919],[-85.7496768,35.0899097],[-85.7496118,35.0901383],[-85.7496118,35.0903342],[-85.749636,35.090447],[-85.7497214,35.09051],[-85.7498673,35.0905466],[-85.7499849,35.0905333],[-85.750322,35.0904503],[-85.7505941,35.0903972],[-85.7507363,35.0903341],[-85.7508175,35.0902745],[-85.7508765,35.0902202],[-85.7509555,35.0901516]]}},{"type":"Feature","properties":{"id":"sfwda-72","kind":"trail","name":"1X","color":"#2438c8","facets":{"difficulty":"moderate"},"source":"sfwda_trace_edited","status":"hand-edited; normalized from SVG","confidence":"merged truth (traced)","difficulty":"moderate","permission":"publish","description":null,"source_file":"aop_trail_network.geojson","last_checked":null,"trail_number":null,"review_status":"re-imported from Illustrator SVG (geometry/name updated)","maturity":"gold"},"geometry":{"type":"LineString","coordinates":[[-85.7496118,35.0902446],[-85.7495011,35.0903054],[-85.7493315,35.0905277],[-85.7492643,35.0906723],[-85.7492431,35.0908715],[-85.7492747,35.0910044],[-85.7493668,35.0912501],[-85.7494089,35.0913398],[-85.7493769,35.0915114],[-85.7492644,35.0917325],[-85.749123,35.0918912],[-85.7489082,35.0919909]]}},{"type":"Feature","properties":{"id":"sfwda-73","kind":"trail","name":"Riot Hill","color":"#111111","facets":{"difficulty":"difficult"},"source":"sfwda_trace_edited","status":"hand-edited; normalized from SVG","confidence":"merged truth (traced)","difficulty":"difficult","permission":"publish","description":null,"source_file":"aop_trail_network.geojson","last_checked":null,"trail_number":null,"review_status":"re-imported from Illustrator SVG (geometry/name updated)","maturity":"gold"},"geometry":{"type":"LineString","coordinates":[[-85.7492525,35.0929901],[-85.7492562,35.0929242],[-85.7492491,35.0928042],[-85.7492367,35.0926988],[-85.749242,35.092553],[-85.7492633,35.0923235],[-85.7492698,35.0922431],[-85.7492774,35.0921498],[-85.7495266,35.0920894],[-85.7496893,35.0920298],[-85.7499138,35.0919751],[-85.7500039,35.0919404],[-85.750048,35.0919101]]}},{"type":"Feature","properties":{"id":"sfwda-74","kind":"trail","name":"47","color":"#111111","facets":{"difficulty":"difficult"},"source":"sfwda_trace_edited","status":"hand-edited; normalized from SVG","confidence":"merged truth (traced)","difficulty":"difficult","permission":"publish","description":null,"source_file":"aop_trail_network.geojson","last_checked":null,"trail_number":47,"review_status":"re-imported from Illustrator SVG (geometry/name updated)","maturity":"gold"},"geometry":{"type":"LineString","coordinates":[[-85.750048,35.0919101],[-85.7507198,35.0919601],[-85.7512071,35.0920117],[-85.7512842,35.0920199],[-85.7516984,35.0920997],[-85.7520274,35.092149],[-85.7521939,35.0922322],[-85.7522995,35.0923717],[-85.7523362,35.0925176],[-85.7522427,35.0926205],[-85.7522183,35.0927068],[-85.7522386,35.0927929],[-85.7523563,35.0928859],[-85.7523929,35.0929589],[-85.7523442,35.0930617],[-85.7523236,35.0931712],[-85.7523482,35.0932674],[-85.7523929,35.0933935],[-85.7523644,35.0935032],[-85.7522182,35.093586],[-85.7520558,35.0936226],[-85.7517309,35.0936324],[-85.7515925,35.0936198],[-85.7512194,35.093586],[-85.7508469,35.0935654]]}},{"type":"Feature","properties":{"id":"sfwda-75","kind":"trail","name":"45","color":"#111111","facets":{"difficulty":"difficult"},"source":"sfwda_trace_edited","status":"hand-edited; normalized from SVG","confidence":"merged truth (traced)","difficulty":"difficult","permission":"publish","description":null,"source_file":"aop_trail_network.geojson","last_checked":null,"trail_number":45,"review_status":"re-imported from Illustrator SVG (geometry/name updated)","maturity":"gold"},"geometry":{"type":"LineString","coordinates":[[-85.7508469,35.0935654],[-85.7504633,35.0935509],[-85.7502486,35.093543],[-85.7499766,35.0935131],[-85.7494039,35.0935065],[-85.7490167,35.0935231],[-85.7485891,35.0935866],[-85.7482176,35.0936847],[-85.7480126,35.0937484],[-85.747959,35.0937539],[-85.7478142,35.0937685],[-85.74756,35.0937685],[-85.7473547,35.0937511],[-85.7470508,35.0936502],[-85.7469318,35.0935732],[-85.746927,35.0935056],[-85.7469576,35.0933997],[-85.7470473,35.0933152],[-85.747269,35.0932042],[-85.7475816,35.0930779],[-85.747606,35.0930695],[-85.7479633,35.0930089],[-85.7482566,35.0929742],[-85.7487233,35.0929685],[-85.7491438,35.0929886],[-85.7492525,35.0929901],[-85.7495894,35.0929944],[-85.7498762,35.0930176],[-85.7499111,35.0930206],[-85.7502293,35.0930377],[-85.7503188,35.0930189]]}},{"type":"Feature","properties":{"id":"sfwda-76","kind":"trail","name":"Major Tom","color":"#1f9d3a","facets":{"difficulty":"easy"},"source":"sfwda_trace_edited","status":"hand-edited; normalized from SVG","_original":{"name":"3"},"confidence":"merged truth (traced)","difficulty":"easy","permission":"publish","description":"Looks easy, and that's the catch. A starter rig or anything low on clearance can get hung up the second you stop paying attention.","source_file":"aop_trail_network.geojson","last_checked":null,"trail_number":3,"review_status":"re-imported from Illustrator SVG (geometry/name updated)","maturity":"gold"},"geometry":{"type":"LineString","coordinates":[[-85.7561615,35.0921698],[-85.7562286,35.0922306],[-85.7564048,35.0923432],[-85.7565787,35.0924209],[-85.756825,35.0925253],[-85.7568757,35.0925705],[-85.7571295,35.0927139],[-85.757171,35.0927227],[-85.7573281,35.0927807],[-85.7574003,35.0927919],[-85.7575067,35.0928246],[-85.7575657,35.092849],[-85.7576468,35.0928824],[-85.7579205,35.0929691],[-85.7579961,35.0930006],[-85.7582252,35.0931313],[-85.7583868,35.0932684],[-85.7584425,35.0933175],[-85.7584932,35.0934082],[-85.7585247,35.0934378],[-85.758553,35.0934646],[-85.7585946,35.0935136],[-85.7585988,35.0935215],[-85.7586238,35.0935676],[-85.7586423,35.0936456],[-85.7586516,35.0937764],[-85.7586548,35.0938142],[-85.7586363,35.0938847],[-85.7586341,35.094013],[-85.7586174,35.0941452],[-85.7586101,35.0942312],[-85.7586055,35.0943974],[-85.7586178,35.0946565],[-85.7586301,35.0949018],[-85.7586516,35.0950048],[-85.7586714,35.0951491],[-85.7586901,35.0952664],[-85.7586976,35.0953075],[-85.7586977,35.0953393],[-85.7587239,35.0954374],[-85.7587716,35.0955868],[-85.7588578,35.0957555],[-85.7589781,35.0960434],[-85.759021,35.0961277],[-85.7590486,35.0962761],[-85.7590685,35.0964683],[-85.7590824,35.096545],[-85.7590685,35.0967214],[-85.7590241,35.0968922],[-85.7589594,35.0970305],[-85.7588701,35.0971863],[-85.7587456,35.0973347],[-85.7585792,35.0974958],[-85.75851,35.0975507],[-85.7584253,35.0976176],[-85.7582823,35.0976943],[-85.7581637,35.0977257],[-85.758033,35.0977384],[-85.7579591,35.0977182],[-85.7577175,35.0975798],[-85.7576637,35.0975121],[-85.7575789,35.0974077],[-85.7574789,35.0973423],[-85.7573587,35.097297],[-85.7572128,35.0972656],[-85.7571036,35.0972758],[-85.7570112,35.0973336],[-85.7568771,35.097453],[-85.7568142,35.0974617],[-85.7567357,35.0974354],[-85.7566697,35.0973851],[-85.7565587,35.0972391],[-85.7564126,35.0971222],[-85.7562187,35.0970368],[-85.7561099,35.0970121],[-85.7560709,35.0970028],[-85.7557507,35.0970131],[-85.7556199,35.0970293],[-85.7553938,35.097101],[-85.7551905,35.0971588],[-85.7551153,35.0971574],[-85.7548751,35.0971462],[-85.7547817,35.0971133],[-85.7546783,35.0970773],[-85.7545398,35.096999],[-85.7544535,35.0968922],[-85.7544261,35.0968594],[-85.7543718,35.0967951],[-85.7543303,35.0966684],[-85.7542949,35.0965991],[-85.7542904,35.096579],[-85.7542625,35.0964619],[-85.75424,35.096359],[-85.7542332,35.0962924],[-85.7541828,35.0962358],[-85.7541256,35.0961846],[-85.7541166,35.0961063],[-85.7540729,35.0960257],[-85.7540089,35.0959266],[-85.7538904,35.0957907],[-85.7538288,35.0956789],[-85.7538164,35.0955957],[-85.7538164,35.0955279],[-85.7538365,35.0954526],[-85.7539042,35.0953633],[-85.753973,35.0952614],[-85.7539729,35.0951733],[-85.7539427,35.0950853]]}},{"type":"Feature","properties":{"id":"sfwda-77","kind":"trail","name":"94","color":"#2438c8","facets":{"difficulty":"moderate"},"source":"sfwda_trace_edited","status":"hand-edited; normalized from SVG","confidence":"merged truth (traced)","difficulty":"moderate","permission":"publish","description":null,"source_file":"aop_trail_network.geojson","last_checked":null,"trail_number":94,"review_status":"re-imported from Illustrator SVG (geometry/name updated)","maturity":"gold"},"geometry":{"type":"LineString","coordinates":[[-85.7573421,35.0961831],[-85.7572771,35.0961363],[-85.7572288,35.0960707],[-85.7572261,35.0959546],[-85.7571886,35.0958671],[-85.7571243,35.0958145],[-85.7569744,35.0957204],[-85.7569315,35.0956482],[-85.7569234,35.0955825],[-85.7568805,35.095495],[-85.7568082,35.0954271],[-85.7566956,35.0953811],[-85.7566221,35.095352]]}},{"type":"Feature","properties":{"id":"sfwda-78","kind":"trail","name":"Ground Control","color":"#1f9d3a","facets":{"onx_tr":3,"difficulty":"easy"},"source":"sfwda_trace_edited","status":"hand-edited; normalized from SVG","_original":{"name":"11"},"confidence":"merged truth (traced)","difficulty":"easy","permission":"publish","description":"Up and down, over and over. A short, rolling run. Rock shows up in clusters, but none of it's hard to clear.","source_file":"aop_trail_network.geojson","last_checked":null,"trail_number":11,"review_status":"re-imported from Illustrator SVG (geometry/name updated)","maturity":"gold"},"geometry":{"type":"LineString","coordinates":[[-85.7566331,35.0953521],[-85.7565245,35.0952718],[-85.756385,35.0952235],[-85.7561627,35.0951666],[-85.7560582,35.0951666],[-85.75586,35.0952061],[-85.7557661,35.0952192],[-85.7555063,35.0952367],[-85.7551668,35.0952308],[-85.7551391,35.0952301],[-85.7550026,35.0952203],[-85.7549456,35.0952162],[-85.7548394,35.0952083],[-85.7544801,35.0951602],[-85.7542364,35.0951119],[-85.7539536,35.0950854],[-85.7538109,35.0950764],[-85.7537781,35.0950741],[-85.753632,35.0950729],[-85.7534917,35.095088],[-85.7533149,35.0950943],[-85.7531862,35.0951208],[-85.7531625,35.0951256],[-85.7529071,35.0952993],[-85.7526686,35.0954789],[-85.7525161,35.0955709],[-85.7524204,35.0956282],[-85.7522963,35.0956563],[-85.7521715,35.0956701]]}},{"type":"Feature","properties":{"id":"sfwda-79","kind":"trail","name":"Area 51","color":"#111111","facets":{"difficulty":"difficult"},"source":"sfwda_trace_edited","status":"hand-edited; normalized from SVG","confidence":"merged truth (traced)","difficulty":"difficult","permission":"publish","description":null,"source_file":"aop_trail_network.geojson","last_checked":null,"trail_number":null,"review_status":"re-imported from Illustrator SVG (geometry/name updated)","maturity":"gold"},"geometry":{"type":"LineString","coordinates":[[-85.7535049,35.0907179],[-85.7535035,35.0906022],[-85.7535026,35.0905643],[-85.7534918,35.0903613],[-85.7534899,35.0901678],[-85.7534862,35.0901368],[-85.7534698,35.0900018],[-85.7534376,35.0899041],[-85.7533852,35.0898245],[-85.7532702,35.0897285],[-85.7532446,35.0897135],[-85.7531684,35.0896698],[-85.7530469,35.0896132],[-85.7529161,35.089585],[-85.7527592,35.0895926],[-85.7525775,35.0896256],[-85.7525205,35.0896747],[-85.7524712,35.0897514],[-85.7524252,35.0898813],[-85.7523727,35.0899808],[-85.752285,35.0901288],[-85.7521959,35.0902382],[-85.7521359,35.0903312],[-85.7520298,35.090398],[-85.7519546,35.0904338]]}},{"type":"Feature","properties":{"id":"sfwda-8","kind":"trail","name":"GWT","color":"#2438c8","facets":{"difficulty":"moderate"},"source":"sfwda_trace_edited","status":"hand-edited; normalized from SVG","confidence":"merged truth (traced)","difficulty":"moderate","permission":"publish","description":null,"source_file":"aop_trail_network.geojson","last_checked":null,"trail_number":null,"review_status":"re-imported from Illustrator SVG (geometry/name updated)","maturity":"gold"},"geometry":{"type":"LineString","coordinates":[[-85.7576024,35.0857658],[-85.7577097,35.0857773],[-85.7577803,35.0858139],[-85.7578634,35.0858769],[-85.7579624,35.0860763],[-85.7581239,35.0862666],[-85.758137,35.0862827],[-85.7582202,35.08637],[-85.7582614,35.0864241],[-85.758283,35.0865076],[-85.7582911,35.0866006],[-85.7583105,35.0867019],[-85.7583687,35.0868004],[-85.7585558,35.0869426],[-85.7585927,35.0869936],[-85.7585905,35.0873011],[-85.7586358,35.0873909],[-85.7586379,35.0874433],[-85.7586117,35.0874899],[-85.7583977,35.087565],[-85.758161,35.0875897],[-85.7581469,35.0875904],[-85.7578617,35.0876734],[-85.7577197,35.087752],[-85.7575997,35.0878382]]}},{"type":"Feature","properties":{"id":"sfwda-80","kind":"trail","name":"41","color":"#111111","facets":{"difficulty":"difficult"},"source":"sfwda_trace_edited","status":"hand-edited; normalized from SVG","confidence":"merged truth (traced)","difficulty":"difficult","permission":"publish","description":null,"source_file":"aop_trail_network.geojson","last_checked":null,"trail_number":41,"review_status":"re-imported from Illustrator SVG (geometry/name updated)","maturity":"gold"},"geometry":{"type":"LineString","coordinates":[[-85.7519546,35.0904338],[-85.7519775,35.0904807],[-85.7521314,35.0907084],[-85.7521851,35.0907764],[-85.7522345,35.0908127],[-85.7523051,35.0908203],[-85.7524422,35.0908469],[-85.7527115,35.0909838],[-85.7527424,35.0910141],[-85.7527916,35.0911171],[-85.7529053,35.0913622],[-85.7529408,35.0914164],[-85.7530054,35.0914642],[-85.7530701,35.0914943],[-85.75323,35.0915245],[-85.7534777,35.0915875],[-85.7538164,35.0916968],[-85.7540489,35.0917849],[-85.7541043,35.0918161],[-85.7541838,35.0918892],[-85.7542411,35.0919156],[-85.7542717,35.0919255],[-85.7543055,35.091966],[-85.7544519,35.09224],[-85.754529,35.0924538],[-85.7546275,35.0927493],[-85.7546964,35.0928863],[-85.7547783,35.0929869],[-85.7548465,35.0930476],[-85.7548926,35.0930887],[-85.7549756,35.0931542],[-85.7550197,35.0931679],[-85.755263,35.093173],[-85.7555783,35.0931666],[-85.7556433,35.0931894],[-85.7556938,35.0932271],[-85.755705,35.0932407],[-85.7557246,35.093286],[-85.7557401,35.093368],[-85.7557447,35.0934509],[-85.7557482,35.0935272],[-85.7557561,35.0937024],[-85.7557683,35.0937522],[-85.7559146,35.093976],[-85.7559874,35.0940176],[-85.7561114,35.0940291],[-85.7562393,35.0940043],[-85.7563024,35.0939679],[-85.7562983,35.0939065],[-85.7562698,35.0938635],[-85.7562758,35.0937505],[-85.7562983,35.0936964],[-85.7563103,35.0936675],[-85.7563613,35.0936294],[-85.7564426,35.0936047],[-85.7564791,35.0935779],[-85.7565035,35.0935332],[-85.756536,35.0935117],[-85.7565867,35.0935299],[-85.7566395,35.0935878],[-85.7566882,35.0936094],[-85.7567187,35.0935847],[-85.756727,35.0935317],[-85.756723,35.0934762],[-85.7568466,35.0934736],[-85.7569601,35.09348],[-85.7570638,35.0934999],[-85.7571674,35.0935547],[-85.757269,35.0936277],[-85.7573826,35.093744],[-85.7574232,35.0937672],[-85.7574742,35.0937673],[-85.7575552,35.0937606],[-85.7576121,35.0937887],[-85.7577056,35.0938816],[-85.7577861,35.0939489],[-85.7578607,35.0939851],[-85.7579877,35.0939764],[-85.758076,35.0939561],[-85.7581538,35.093907],[-85.7581733,35.0938319],[-85.7582422,35.0937669],[-85.7582918,35.093683],[-85.7582846,35.0935776]]}},{"type":"Feature","properties":{"id":"sfwda-81","kind":"trail","name":"64","color":"#111111","facets":{"difficulty":"difficult"},"source":"sfwda_trace_edited","status":"hand-edited; normalized from SVG","confidence":"merged truth (traced)","difficulty":"difficult","permission":"publish","description":null,"source_file":"aop_trail_network.geojson","last_checked":null,"trail_number":64,"review_status":"re-imported from Illustrator SVG (geometry/name updated)","maturity":"gold"},"geometry":{"type":"LineString","coordinates":[[-85.7557447,35.0934509],[-85.7558078,35.0934672],[-85.7559571,35.0935112],[-85.7561016,35.0935841],[-85.756151,35.0935981],[-85.7562232,35.0935866],[-85.756317,35.0935452],[-85.7564033,35.0934911],[-85.7564603,35.0934195],[-85.7565189,35.0933945],[-85.756568,35.0933348]]}},{"type":"Feature","properties":{"id":"sfwda-82","kind":"trail","name":"28","color":"#2438c8","facets":{"difficulty":"moderate"},"source":"sfwda_trace_edited","status":"hand-edited; normalized from SVG","confidence":"merged truth (traced)","difficulty":"moderate","permission":"publish","description":null,"source_file":"aop_trail_network.geojson","last_checked":null,"trail_number":28,"review_status":"re-imported from Illustrator SVG (geometry/name updated)","maturity":"gold"},"geometry":{"type":"LineString","coordinates":[[-85.756568,35.0933348],[-85.756587,35.0933277],[-85.7566434,35.0933163],[-85.7567526,35.0932873],[-85.7568697,35.0932873],[-85.756968,35.0933163],[-85.7570404,35.0933276],[-85.7571159,35.0933012],[-85.7573467,35.0930988],[-85.7574495,35.0930371],[-85.7575113,35.0930158],[-85.7576344,35.0930108],[-85.7576854,35.0930139],[-85.7577445,35.0930235],[-85.7577995,35.0930442],[-85.7578315,35.0930759],[-85.7578375,35.0931025],[-85.7578904,35.0931661],[-85.7579222,35.0932339],[-85.757931,35.0933235],[-85.7579452,35.0933799],[-85.7580301,35.093546],[-85.7580903,35.0935935],[-85.758161,35.0936094],[-85.7582263,35.0935993],[-85.7582846,35.0935776],[-85.7583908,35.0935443],[-85.7584127,35.0935304],[-85.7584704,35.0934939],[-85.7585247,35.0934378],[-85.7585677,35.0933855],[-85.7585958,35.0933133],[-85.7586063,35.0932267],[-85.758599,35.0932014],[-85.758594,35.0931847],[-85.7585534,35.0931631],[-85.7585109,35.0931602],[-85.7584792,35.0931298],[-85.7584474,35.093101],[-85.7584119,35.0930879],[-85.7583875,35.0930618]]}},{"type":"Feature","properties":{"id":"sfwda-83","kind":"trail","name":"90","color":"#2438c8","facets":{"difficulty":"moderate"},"source":"sfwda_trace_edited","status":"hand-edited; normalized from SVG","confidence":"merged truth (traced)","difficulty":"moderate","permission":"publish","description":null,"source_file":"aop_trail_network.geojson","last_checked":null,"trail_number":90,"review_status":"re-imported from Illustrator SVG (geometry/name updated)","maturity":"gold"},"geometry":{"type":"LineString","coordinates":[[-85.7582192,35.0928173],[-85.7582346,35.0929177],[-85.758287,35.0929931],[-85.7583362,35.0930448],[-85.7583875,35.0930618],[-85.7584193,35.0930726],[-85.7585456,35.0930484],[-85.7586778,35.0930033],[-85.7587625,35.092992],[-85.7587799,35.0929906],[-85.7588808,35.0929832],[-85.7589399,35.0929611],[-85.7590778,35.0928631],[-85.7591731,35.0928749],[-85.7593094,35.0928948],[-85.7593661,35.0928847],[-85.7594615,35.0927853],[-85.7595001,35.092694],[-85.7594779,35.092596],[-85.7594432,35.0924882],[-85.7594188,35.0924351],[-85.7593458,35.092367],[-85.759295,35.0923159],[-85.7592828,35.0922725],[-85.759293,35.0922294],[-85.759301,35.0921914],[-85.7592869,35.0921397],[-85.7592503,35.0920503],[-85.7592526,35.0920021],[-85.7591977,35.0919175],[-85.7591529,35.0918841],[-85.7591387,35.091856],[-85.7590717,35.0918525],[-85.7590007,35.0918147],[-85.7588991,35.0918212],[-85.7588199,35.0918658],[-85.7587732,35.0919357],[-85.7587531,35.0920403],[-85.758749,35.0921312],[-85.7587389,35.0921728],[-85.7587548,35.0922211],[-85.7587164,35.0923657],[-85.7586819,35.0924899],[-85.7585721,35.0926375],[-85.7585377,35.0926691],[-85.7584138,35.0926691],[-85.7583266,35.0926259],[-85.7582575,35.0926061],[-85.7581843,35.0926177],[-85.7580992,35.0926624]]}},{"type":"Feature","properties":{"id":"sfwda-84","kind":"trail","name":"14","color":"#1f9d3a","facets":{"difficulty":"easy"},"source":"sfwda_trace_edited","status":"hand-edited; normalized from SVG","confidence":"merged truth (traced)","difficulty":"easy","permission":"publish","description":null,"source_file":"aop_trail_network.geojson","last_checked":null,"trail_number":14,"review_status":"re-imported from Illustrator SVG (geometry/name updated)","maturity":"gold"},"geometry":{"type":"LineString","coordinates":[[-85.7576344,35.0930108],[-85.7576345,35.0929442],[-85.7576468,35.0928824],[-85.757659,35.0928573],[-85.757713,35.0928286],[-85.7578147,35.0928021],[-85.7579377,35.0927933],[-85.758053,35.0928021],[-85.7582192,35.0928173],[-85.7582737,35.0928203],[-85.7583284,35.092819],[-85.7584007,35.0927959],[-85.758473,35.09276],[-85.7584973,35.0927193],[-85.7585053,35.0926691],[-85.7585067,35.0926284],[-85.7584931,35.09253],[-85.7584765,35.0924328],[-85.7584745,35.0924206],[-85.7584034,35.0922454],[-85.7583785,35.0921948],[-85.7583365,35.0921093],[-85.7582694,35.0920251],[-85.7581972,35.0919837],[-85.7580966,35.091976],[-85.7580566,35.0919806],[-85.7580396,35.091951],[-85.7580181,35.0918996],[-85.7580028,35.0917889],[-85.7580009,35.0917401],[-85.7579949,35.0915764],[-85.7579904,35.0914984],[-85.757958,35.0913839],[-85.757858,35.0910899],[-85.7577382,35.0908293],[-85.7576333,35.0907339],[-85.7575258,35.0906183],[-85.7574997,35.0905992],[-85.7574025,35.0905278],[-85.7572916,35.0904812],[-85.7571856,35.0904397],[-85.7570409,35.0904069],[-85.7569439,35.0903975]]}},{"type":"Feature","properties":{"id":"sfwda-85","kind":"trail","name":null,"color":"#1f9d3a","facets":{"difficulty":"easy"},"source":"sfwda_trace_edited","status":"hand-edited; normalized from SVG","confidence":"merged truth (traced)","difficulty":"easy","permission":"publish","description":null,"source_file":"aop_trail_network.geojson","last_checked":null,"trail_number":null,"review_status":"re-imported from Illustrator SVG (geometry/name updated)","maturity":"gold"},"geometry":{"type":"LineString","coordinates":[[-85.75805,35.0919761],[-85.7580269,35.0919925],[-85.7579814,35.0920327],[-85.7579357,35.0920836],[-85.7579198,35.0921489],[-85.7579158,35.092241],[-85.7579278,35.0923376],[-85.7579479,35.0923792],[-85.7579897,35.0924317],[-85.7580042,35.0924501],[-85.7580601,35.0925348],[-85.7580699,35.0925496],[-85.7580885,35.0925901],[-85.7580992,35.0926624],[-85.7580992,35.0927322],[-85.7580821,35.0927787],[-85.758053,35.0928021]]}},{"type":"Feature","properties":{"id":"sfwda-86","kind":"trail","name":null,"color":"#2438c8","facets":{"difficulty":"moderate"},"source":"sfwda_trace_edited","status":"hand-edited; normalized from SVG","confidence":"merged truth (traced)","difficulty":"moderate","permission":"publish","description":null,"source_file":"aop_trail_network.geojson","last_checked":null,"trail_number":null,"review_status":"re-imported from Illustrator SVG (geometry/name updated)","maturity":"gold"},"geometry":{"type":"LineString","coordinates":[[-85.758599,35.0932014],[-85.7587233,35.0931991],[-85.7587504,35.093194],[-85.7588033,35.0931439],[-85.7588081,35.093108],[-85.7588056,35.0930262],[-85.7587902,35.0930169],[-85.7587799,35.0929906]]}},{"type":"Feature","properties":{"id":"sfwda-87","kind":"trail","name":"63","color":"#111111","facets":{"difficulty":"difficult"},"source":"sfwda_trace_edited","status":"hand-edited; normalized from SVG","confidence":"merged truth (traced)","difficulty":"difficult","permission":"publish","description":null,"source_file":"aop_trail_network.geojson","last_checked":null,"trail_number":63,"review_status":"re-imported from Illustrator SVG (geometry/name updated)","maturity":"gold"},"geometry":{"type":"LineString","coordinates":[[-85.7507155,35.0941135],[-85.7507111,35.0940663],[-85.7506764,35.0940248],[-85.7506337,35.0939536],[-85.7506115,35.0938821],[-85.7505628,35.0937411],[-85.7505302,35.093673],[-85.7504633,35.0935509]]}},{"type":"Feature","properties":{"id":"sfwda-88","kind":"trail","name":"66","color":"#111111","facets":{"difficulty":"difficult"},"source":"sfwda_trace_edited","status":"hand-edited; normalized from SVG","confidence":"merged truth (traced)","difficulty":"difficult","permission":"publish","description":null,"source_file":"aop_trail_network.geojson","last_checked":null,"trail_number":66,"review_status":"re-imported from Illustrator SVG (geometry/name updated)","maturity":"gold"},"geometry":{"type":"LineString","coordinates":[[-85.7564544,35.0932304],[-85.7563666,35.0931989],[-85.756332,35.0931755],[-85.756199,35.0930794],[-85.7561076,35.0930387],[-85.7560548,35.093033],[-85.756,35.0930436],[-85.7559546,35.0930761],[-85.7558783,35.0931306],[-85.7558245,35.0931524],[-85.7557654,35.0931847],[-85.755727,35.0932155],[-85.755705,35.0932407]]}},{"type":"Feature","properties":{"id":"sfwda-89","kind":"trail","name":"77","color":"#111111","facets":{"difficulty":"difficult"},"source":"sfwda_trace_edited","status":"hand-edited; normalized from SVG","confidence":"merged truth (traced)","difficulty":"difficult","permission":"publish","description":null,"source_file":"aop_trail_network.geojson","last_checked":null,"trail_number":77,"review_status":"re-imported from Illustrator SVG (geometry/name updated)","maturity":"gold"},"geometry":{"type":"LineString","coordinates":[[-85.7588808,35.0929832],[-85.7589008,35.0930409],[-85.7590241,35.0932723],[-85.7590403,35.0935177]]}},{"type":"Feature","properties":{"id":"sfwda-9","kind":"trail","name":"84","color":"#2438c8","facets":{"difficulty":"moderate"},"source":"sfwda_trace_edited","status":"hand-edited; normalized from SVG","confidence":"merged truth (traced)","difficulty":"moderate","permission":"publish","description":null,"source_file":"aop_trail_network.geojson","last_checked":null,"trail_number":84,"review_status":"re-imported from Illustrator SVG (geometry/name updated)","maturity":"gold"},"geometry":{"type":"LineString","coordinates":[[-85.7539269,35.0868155],[-85.7539185,35.0866363],[-85.753938,35.0865901],[-85.7539394,35.0865382],[-85.7540493,35.0863761],[-85.7542613,35.0863561],[-85.75436,35.0863819],[-85.7544301,35.0863912],[-85.75455,35.0863874],[-85.7546336,35.0863867],[-85.7546479,35.086366],[-85.754637,35.0863387],[-85.754583,35.0863116],[-85.7545566,35.086301],[-85.7544078,35.0862411],[-85.7542289,35.0861754],[-85.7541388,35.0861138],[-85.754103,35.0860794],[-85.7540966,35.0860077],[-85.7541806,35.0859763],[-85.7542366,35.0859741],[-85.7543213,35.0859773],[-85.7543803,35.0860088],[-85.7544689,35.0860107],[-85.754547,35.0859739],[-85.7545818,35.0859362]]}},{"type":"Feature","properties":{"id":"sfwda-90","kind":"trail","name":"90X","color":"#2438c8","facets":{"difficulty":"moderate"},"source":"sfwda_trace_edited","status":"hand-edited; normalized from SVG","confidence":"merged truth (traced)","difficulty":"moderate","permission":"publish","description":null,"source_file":"aop_trail_network.geojson","last_checked":null,"trail_number":null,"review_status":"re-imported from Illustrator SVG (geometry/name updated)","maturity":"gold"},"geometry":{"type":"LineString","coordinates":[[-85.7590403,35.0935177],[-85.7590377,35.0938381],[-85.7590317,35.0939375],[-85.7589717,35.0940997],[-85.7589102,35.094234],[-85.7588809,35.0943724],[-85.7588379,35.0945388],[-85.7588152,35.0945947],[-85.7587533,35.094746],[-85.758685,35.0949542],[-85.7586715,35.0950344],[-85.7586714,35.0951491]]}},{"type":"Feature","properties":{"id":"sfwda-91","kind":"trail","name":"4","color":"#1f9d3a","facets":{"difficulty":"easy"},"source":"sfwda_trace_edited","status":"hand-edited; normalized from SVG","confidence":"merged truth (traced)","difficulty":"easy","permission":"publish","description":null,"source_file":"aop_trail_network.geojson","last_checked":null,"trail_number":4,"review_status":"re-imported from Illustrator SVG (geometry/name updated)","maturity":"gold"},"geometry":{"type":"LineString","coordinates":[[-85.7586714,35.0951491],[-85.7586657,35.0951763],[-85.7586485,35.0952552],[-85.7586331,35.0953068],[-85.7586314,35.0954351],[-85.7585916,35.0955645],[-85.7585885,35.0956288],[-85.7585778,35.0957017],[-85.7585486,35.0957469],[-85.7584594,35.0957972],[-85.75843,35.0958424],[-85.7583793,35.0959079],[-85.75835,35.095977],[-85.7583501,35.0960399],[-85.7583517,35.0960976],[-85.7582993,35.0961769],[-85.7582361,35.0961957],[-85.7581731,35.0961921],[-85.7581192,35.0962083],[-85.7580676,35.0962548],[-85.7580438,35.0962764],[-85.7579731,35.0962963],[-85.7579345,35.0962812],[-85.7578961,35.0962736],[-85.7577635,35.0961933],[-85.757696,35.0961253],[-85.7576267,35.0960763],[-85.7575589,35.0960586],[-85.7574927,35.096075],[-85.7573421,35.0961831],[-85.75728,35.0962256],[-85.7572616,35.0962685],[-85.75724,35.0963515],[-85.7572047,35.0963616],[-85.7571785,35.0963666],[-85.7571537,35.0964018],[-85.7571552,35.0964112],[-85.7570978,35.0964062],[-85.75705,35.0963796],[-85.7570206,35.0963639],[-85.7569364,35.0963655],[-85.7569017,35.0963862],[-85.7568388,35.0964037],[-85.7567738,35.0964219],[-85.7566248,35.0964178],[-85.756584,35.0963995],[-85.7565058,35.0963796],[-85.7564459,35.096348],[-85.756185,35.0963397],[-85.7561413,35.096402],[-85.756106,35.0964244],[-85.7560532,35.0964402],[-85.7559809,35.0965469],[-85.7559718,35.0966301],[-85.7559474,35.0966625],[-85.7558166,35.0966845],[-85.7558085,35.0966827],[-85.7557464,35.09669],[-85.7557067,35.0967178],[-85.7556641,35.0967182],[-85.7556327,35.0966855],[-85.7556296,35.0966501],[-85.7556438,35.0965195],[-85.7556397,35.0964981],[-85.7555961,35.0964856],[-85.7555698,35.0964585],[-85.7555516,35.0964268],[-85.7555261,35.0964301],[-85.7554552,35.0964707],[-85.7554186,35.0964806],[-85.7553657,35.0964666],[-85.7553172,35.0964683],[-85.7551984,35.0964986]]}},{"type":"Feature","properties":{"id":"sfwda-92","kind":"trail","name":"Lifeform","color":"#1f9d3a","facets":{"connects":[3],"difficulty":"easy"},"source":"sfwda_trace_edited","status":"hand-edited; normalized from SVG","_original":{"name":"5"},"confidence":"merged truth (traced)","difficulty":"easy","permission":"publish","description":"A quiet uphill connector. Small rock, some exposed roots, a few bends, then it feeds back out onto Trail 3.","source_file":"aop_trail_network.geojson","last_checked":null,"trail_number":5,"review_status":"re-imported from Illustrator SVG (geometry/name updated)","maturity":"gold"},"geometry":{"type":"LineString","coordinates":[[-85.7561099,35.0970121],[-85.7560875,35.096981],[-85.7560823,35.0969573],[-85.7560867,35.096874],[-85.7560874,35.0968007],[-85.756076,35.0967639],[-85.7560401,35.0967431],[-85.755948,35.0967356],[-85.7558853,35.0967327],[-85.7558586,35.0967081],[-85.7558383,35.096694],[-85.7558169,35.0966845]]}},{"type":"Feature","properties":{"id":"sfwda-93","kind":"trail","name":"17","color":"#1f9d3a","facets":{"difficulty":"easy"},"source":"sfwda_trace_edited","status":"hand-edited; normalized from SVG","confidence":"merged truth (traced)","difficulty":"easy","permission":"publish","description":null,"source_file":"aop_trail_network.geojson","last_checked":null,"trail_number":17,"review_status":"re-imported from Illustrator SVG (geometry/name updated)","maturity":"gold"},"geometry":{"type":"LineString","coordinates":[[-85.7571557,35.0964127],[-85.757163,35.0964619],[-85.7572047,35.0964845],[-85.7572401,35.0965439],[-85.7572771,35.0965854],[-85.757297,35.096623],[-85.7574568,35.0966898],[-85.7575107,35.0966898],[-85.7575802,35.0967148],[-85.7576141,35.0967601],[-85.7576295,35.0968027],[-85.7576247,35.0968707],[-85.7576263,35.0969148],[-85.757668,35.0969741],[-85.7577081,35.0969989],[-85.7577418,35.0970194],[-85.7577743,35.0970395],[-85.757814,35.0970972],[-85.7579219,35.097312],[-85.7580296,35.0974542],[-85.7580571,35.0975021],[-85.7580634,35.0975485],[-85.7580666,35.0976592],[-85.7580587,35.0976993],[-85.758033,35.0977384]]}},{"type":"Feature","properties":{"id":"sfwda-94","kind":"trail","name":null,"color":"#f25e0d","source":"sfwda_trace_edited","status":"hand-edited; normalized from SVG","confidence":"merged truth (traced)","difficulty":null,"permission":"publish","description":null,"source_file":"aop_trail_network.geojson","last_checked":null,"trail_number":null,"review_status":"re-imported from Illustrator SVG (geometry/name updated)","maturity":"gold"},"geometry":{"type":"LineString","coordinates":[[-85.7480142,35.0899203],[-85.7479465,35.0904038],[-85.747896,35.0907805],[-85.7478709,35.0911771]]}},{"type":"Feature","properties":{"id":"sfwda-95","kind":"trail","name":"95","color":"#2438c8","facets":{"difficulty":"moderate"},"source":"sfwda_trace_edited","status":"hand-edited; normalized from SVG","confidence":"merged truth (traced)","difficulty":"moderate","permission":"publish","description":null,"source_file":"aop_trail_network.geojson","last_checked":null,"trail_number":95,"review_status":"re-imported from Illustrator SVG (geometry/name updated)","maturity":"gold"},"geometry":{"type":"LineString","coordinates":[[-85.7518755,35.0904259],[-85.7518722,35.090369],[-85.7518461,35.0903199],[-85.7518306,35.0902745],[-85.7518214,35.0901854],[-85.751843,35.0900722],[-85.7518367,35.0899704],[-85.7518045,35.0899325],[-85.7517214,35.0899062],[-85.7516737,35.0899077],[-85.7516244,35.0899089],[-85.7515568,35.0899628],[-85.7515413,35.0900093],[-85.751549,35.0900685],[-85.7515598,35.090091],[-85.7515491,35.090115],[-85.7515413,35.090144],[-85.7514907,35.0901692],[-85.7514228,35.0902117],[-85.7513589,35.0902541],[-85.7513103,35.0902725],[-85.7512707,35.0902962],[-85.7512504,35.0902557],[-85.7512334,35.0901866],[-85.7512104,35.0901401],[-85.7512059,35.0900998],[-85.7511413,35.0900521],[-85.7510288,35.0900257],[-85.7509104,35.0900042],[-85.7508335,35.0900143],[-85.750781,35.0900396],[-85.7506779,35.0900636],[-85.7506164,35.0900886],[-85.7505408,35.0901014],[-85.750504,35.0901126],[-85.7504598,35.0901401]]}},{"type":"Feature","properties":{"id":"sfwda-96","kind":"trail","name":"96","color":"#2438c8","facets":{"difficulty":"moderate"},"source":"sfwda_trace_edited","status":"hand-edited; normalized from SVG","confidence":"merged truth (traced)","difficulty":"moderate","permission":"publish","description":"A short loop with many rock and ledge obstacles that challenge drivers to negotiate angles and clearance. Passable by modified Jeeps and Trucks.","source_file":"aop_trail_network.geojson","last_checked":null,"trail_number":96,"review_status":"re-imported from Illustrator SVG (geometry/name updated)","maturity":"gold"},"geometry":{"type":"LineString","coordinates":[[-85.7516737,35.0899077],[-85.7516722,35.0897881],[-85.7516535,35.089744],[-85.7516398,35.0897073],[-85.7516443,35.089584],[-85.7516288,35.0895466],[-85.7516075,35.0895328],[-85.751535,35.0895253],[-85.7514629,35.089539],[-85.751429,35.0895858],[-85.7513644,35.089604],[-85.7513351,35.0896596],[-85.751292,35.0897264],[-85.7512935,35.0897956],[-85.7512396,35.0898296],[-85.7511672,35.089822],[-85.7511412,35.089812],[-85.7510272,35.0898144],[-85.7509919,35.0898522],[-85.750978,35.0898852],[-85.7509396,35.0899153],[-85.7509179,35.0899505],[-85.750907,35.0899629],[-85.7509104,35.0900042]]}},{"type":"Feature","properties":{"id":"sfwda-97","kind":"trail","name":"33","color":"#2438c8","facets":{"difficulty":"moderate"},"source":"sfwda_trace_edited","status":"hand-edited; normalized from SVG","confidence":"merged truth (traced)","difficulty":"moderate","permission":"publish","description":null,"source_file":"aop_trail_network.geojson","last_checked":null,"trail_number":33,"review_status":"re-imported from Illustrator SVG (geometry/name updated)","maturity":"gold"},"geometry":{"type":"LineString","coordinates":[[-85.7555344,35.0912219],[-85.7554476,35.0912319],[-85.7553591,35.0912345],[-85.7553115,35.0912543],[-85.7552465,35.0912651],[-85.755087,35.0912568],[-85.7550474,35.091241],[-85.7549143,35.0912046],[-85.7547939,35.0911955],[-85.7547559,35.0912037],[-85.754733,35.091212],[-85.7546576,35.0912253],[-85.7545151,35.0912526],[-85.7544197,35.0912409],[-85.7543569,35.0912219],[-85.754319,35.091206],[-85.7542849,35.0911574],[-85.7542391,35.0909624],[-85.754212,35.0909222],[-85.7541944,35.0908818],[-85.7541627,35.090834],[-85.7541087,35.0907522],[-85.7540039,35.0906391],[-85.7538901,35.0905385],[-85.7537884,35.0904932],[-85.7537366,35.0904838],[-85.7536697,35.0904719],[-85.7536053,35.0904831],[-85.7535743,35.0905071],[-85.7535026,35.0905643]]}},{"type":"Feature","properties":{"id":"sfwda-98","kind":"trail","name":"Ascension","color":"#1f9d3a","facets":{"onx_tr":5,"difficulty":"easy"},"source":"sfwda_trace_edited","status":"hand-edited; normalized from SVG","_original":{"name":"7"},"confidence":"merged truth (traced)","difficulty":"easy","permission":"publish","description":"A hill climb. Dry, anything makes it. Wet, it gets greasy fast.","source_file":"aop_trail_network.geojson","last_checked":null,"trail_number":7,"review_status":"re-imported from Illustrator SVG (geometry/name updated)","maturity":"gold"},"geometry":{"type":"LineString","coordinates":[[-85.7573314,35.0914371],[-85.7572915,35.0914661],[-85.7572283,35.091531],[-85.7571736,35.0915458],[-85.7570822,35.0915623],[-85.7570395,35.0916021],[-85.7570092,35.0916718],[-85.7569847,35.0917814],[-85.7569643,35.0918295],[-85.7569116,35.0918742],[-85.7568303,35.0918841],[-85.7567371,35.0918773],[-85.756678,35.0918841],[-85.7566131,35.0919273],[-85.7565096,35.0920535],[-85.7564588,35.0921102],[-85.7563919,35.0921347],[-85.7562923,35.0921396],[-85.7562094,35.0921328]]}},{"type":"Feature","properties":{"id":"sfwda-99","kind":"trail","name":"Little Dipper","color":"#1f9d3a","facets":{"onx_tr":2,"difficulty":"easy"},"source":"sfwda_trace_edited","status":"hand-edited; normalized from SVG","_original":{"name":"9"},"confidence":"merged truth (traced)","difficulty":"easy","permission":"publish","description":"A full loop back to its own start, with feeders off to harder trails. Flat and clean almost the whole way, barely an obstacle on it.","source_file":"aop_trail_network.geojson","last_checked":null,"trail_number":9,"review_status":"re-imported from Illustrator SVG (geometry/name updated)","maturity":"gold"},"geometry":{"type":"LineString","coordinates":[[-85.7562094,35.0921328],[-85.756166,35.0921045],[-85.7561486,35.0920588],[-85.7561054,35.0920063],[-85.7561043,35.0919128],[-85.7560751,35.091765],[-85.7560747,35.0917025],[-85.7560728,35.0914592],[-85.7560787,35.091326],[-85.7560144,35.0912086],[-85.7559923,35.0911218],[-85.7559853,35.0910449],[-85.7559795,35.0909133],[-85.755969,35.0908082],[-85.7559423,35.0907329],[-85.7559327,35.0907065],[-85.7559108,35.090612],[-85.7558874,35.0905253],[-85.7558233,35.0904386],[-85.7557496,35.0903776],[-85.7556576,35.090309],[-85.7555108,35.090248],[-85.7553882,35.0902366],[-85.755267,35.0902517],[-85.7551713,35.0903034],[-85.7551223,35.0903813],[-85.7551223,35.0904854],[-85.7551376,35.090554],[-85.755149,35.0905745],[-85.7551983,35.0906635],[-85.7553031,35.0907398],[-85.7553883,35.0907884],[-85.7554723,35.0908608],[-85.7554967,35.0909142],[-85.7555167,35.0909847],[-85.7555213,35.0911021],[-85.7555344,35.0912219],[-85.7555378,35.0912507],[-85.7555564,35.091305],[-85.7556042,35.0913374],[-85.755744,35.0914259],[-85.7557955,35.0914298],[-85.7558922,35.0914337],[-85.7559366,35.091447],[-85.7560018,35.0915033],[-85.7560368,35.0915748],[-85.7560747,35.0917025]]}},{"type":"Feature","properties":{"trail_number":null,"difficulty":null,"source":"illustrator_trace_new","review_status":"new trail from Illustrator SVG; needs review","name":null,"permission":"publish"},"geometry":{"type":"LineString","coordinates":[[-85.7451097,35.0933902],[-85.7452175,35.0935111],[-85.7453242,35.0936456],[-85.7452742,35.0939197],[-85.7454188,35.0939402],[-85.7454844,35.0939952],[-85.745711,35.0939483],[-85.7457092,35.0940635],[-85.7458506,35.0942034],[-85.7458299,35.0943296],[-85.7459433,35.0943629],[-85.7461045,35.0947429],[-85.7462311,35.0948335],[-85.7463465,35.0951916],[-85.7464736,35.0951929],[-85.7466688,35.0953261]]}},{"type":"Feature","properties":{"trail_number":null,"difficulty":null,"source":"illustrator_trace_new","review_status":"new trail from Illustrator SVG; needs review","name":null,"permission":"publish"},"geometry":{"type":"LineString","coordinates":[[-85.7472213,35.0919608],[-85.7470713,35.0921064],[-85.747071,35.0922704],[-85.7470877,35.0923908],[-85.7470849,35.0925138],[-85.7471608,35.0927225],[-85.7473865,35.0927986],[-85.7475423,35.0927708],[-85.7476643,35.0928805]]}}]}