{
 "type": "FeatureCollection",
 "name": "sfwda_trails_edited",
 "features": [
  {
   "type": "Feature",
   "geometry": {
    "type": "LineString",
    "coordinates": [
     [
      -85.7565304,
      35.0895151
     ],
     [
      -85.7566265,
      35.0895331
     ],
     [
      -85.756699,
      35.0895464
     ],
     [
      -85.7567715,
      35.0895753
     ],
     [
      -85.7568335,
      35.0896178
     ],
     [
      -85.7568803,
      35.0896613
     ],
     [
      -85.7569061,
      35.0896937
     ],
     [
      -85.7569478,
      35.0897674
     ],
     [
      -85.7570106,
      35.0898266
     ],
     [
      -85.7571836,
      35.0899003
     ]
    ]
   },
   "properties": {
    "trail_number": 15,
    "name": "15",
    "kind": "trail",
    "difficulty": "easy",
    "source": "sfwda_trace_edited",
    "review_status": "hand-edited; normalized from SVG",
    "id": "sfwda-0",
    "color": "#1f9d3a"
   }
  },
  {
   "type": "Feature",
   "geometry": {
    "type": "LineString",
    "coordinates": [
     [
      -85.7561898,
      35.0861508
     ],
     [
      -85.7561598,
      35.0861555
     ],
     [
      -85.7561272,
      35.0861718
     ],
     [
      -85.7561145,
      35.0861916
     ]
    ]
   },
   "properties": {
    "trail_number": null,
    "name": null,
    "kind": "trail",
    "difficulty": "moderate",
    "source": "sfwda_trace_edited",
    "review_status": "hand-edited; normalized from SVG",
    "id": "sfwda-1",
    "color": "#2438c8"
   }
  },
  {
   "type": "Feature",
   "geometry": {
    "type": "LineString",
    "coordinates": [
     [
      -85.7560087,
      35.0853605
     ],
     [
      -85.7563035,
      35.0853654
     ],
     [
      -85.7563447,
      35.085374
     ],
     [
      -85.7563965,
      35.085375
     ],
     [
      -85.7565712,
      35.0853608
     ],
     [
      -85.7567717,
      35.0852814
     ],
     [
      -85.7567777,
      35.0852809
     ],
     [
      -85.7567857,
      35.0852806
     ],
     [
      -85.7568549,
      35.0853156
     ],
     [
      -85.757003,
      35.0853536
     ],
     [
      -85.7571721,
      35.0853598
     ],
     [
      -85.7573895,
      35.0853416
     ],
     [
      -85.7575177,
      35.0853174
     ],
     [
      -85.7576218,
      35.0853089
     ],
     [
      -85.7577061,
      35.0853179
     ],
     [
      -85.7577809,
      35.0854144
     ],
     [
      -85.7577714,
      35.0856327
     ],
     [
      -85.757757,
      35.085655
     ],
     [
      -85.7576916,
      35.0857103
     ],
     [
      -85.7576506,
      35.0857394
     ],
     [
      -85.7575512,
      35.0857719
     ],
     [
      -85.7574406,
      35.0858222
     ],
     [
      -85.7572468,
      35.0860027
     ],
     [
      -85.7571631,
      35.08608
     ],
     [
      -85.7570362,
      35.0861442
     ],
     [
      -85.7569405,
      35.0862275
     ],
     [
      -85.7568496,
      35.0863067
     ],
     [
      -85.7568092,
      35.0863287
     ],
     [
      -85.7567389,
      35.0863952
     ],
     [
      -85.7566005,
      35.0864949
     ],
     [
      -85.7564747,
      35.0865579
     ]
    ]
   },
   "properties": {
    "trail_number": 27,
    "name": "27",
    "kind": "trail",
    "difficulty": "moderate",
    "source": "sfwda_trace_edited",
    "review_status": "hand-edited; normalized from SVG",
    "id": "sfwda-2",
    "color": "#2438c8"
   }
  },
  {
   "type": "Feature",
   "geometry": {
    "type": "LineString",
    "coordinates": [
     [
      -85.7562348,
      35.0883572
     ],
     [
      -85.7563117,
      35.0882368
     ],
     [
      -85.7563391,
      35.0881329
     ],
     [
      -85.7563684,
      35.0880776
     ],
     [
      -85.7563893,
      35.0880302
     ],
     [
      -85.7564147,
      35.0879893
     ],
     [
      -85.7564379,
      35.087971
     ],
     [
      -85.7565151,
      35.0879623
     ],
     [
      -85.7565969,
      35.0880016
     ],
     [
      -85.7566512,
      35.0879335
     ],
     [
      -85.7567459,
      35.0878871
     ],
     [
      -85.7568479,
      35.087893
     ],
     [
      -85.7569246,
      35.0879477
     ],
     [
      -85.7569546,
      35.087999
     ],
     [
      -85.7569454,
      35.0881698
     ]
    ]
   },
   "properties": {
    "trail_number": 55,
    "name": "55",
    "kind": "trail",
    "difficulty": "difficult",
    "source": "sfwda_trace_edited",
    "review_status": "hand-edited; normalized from SVG",
    "id": "sfwda-3",
    "color": "#111111"
   }
  },
  {
   "type": "Feature",
   "geometry": {
    "type": "LineString",
    "coordinates": [
     [
      -85.7581583,
      35.0875796
     ],
     [
      -85.758109,
      35.0874544
     ],
     [
      -85.7580536,
      35.0873864
     ],
     [
      -85.7579101,
      35.0872231
     ],
     [
      -85.7578116,
      35.0870496
     ],
     [
      -85.7577647,
      35.0869174
     ],
     [
      -85.7576565,
      35.0868557
     ],
     [
      -85.7576285,
      35.0868158
     ],
     [
      -85.7575862,
      35.0867166
     ],
     [
      -85.7575221,
      35.086693
     ],
     [
      -85.7574552,
      35.0866835
     ],
     [
      -85.7574288,
      35.0866693
     ],
     [
      -85.7573539,
      35.0865785
     ],
     [
      -85.7572888,
      35.0865232
     ],
     [
      -85.7572165,
      35.0864723
     ],
     [
      -85.7571764,
      35.086457
     ],
     [
      -85.757028,
      35.0864297
     ],
     [
      -85.7568488,
      35.0863473
     ],
     [
      -85.756826,
      35.086317
     ],
     [
      -85.756819,
      35.0863084
     ],
     [
      -85.7567371,
      35.0862451
     ],
     [
      -85.7566628,
      35.08624
     ],
     [
      -85.7566193,
      35.0862087
     ],
     [
      -85.7565661,
      35.0860988
     ],
     [
      -85.7565263,
      35.0859999
     ],
     [
      -85.756493,
      35.0858934
     ],
     [
      -85.7564862,
      35.0858126
     ],
     [
      -85.7564855,
      35.0857654
     ],
     [
      -85.7563802,
      35.0856675
     ],
     [
      -85.7563634,
      35.0855699
     ],
     [
      -85.7563772,
      35.0854645
     ],
     [
      -85.7563626,
      35.0854258
     ],
     [
      -85.7563431,
      35.0853744
     ]
    ]
   },
   "properties": {
    "trail_number": 39,
    "name": "39",
    "kind": "trail",
    "difficulty": "moderate",
    "source": "sfwda_trace_edited",
    "review_status": "hand-edited; normalized from SVG",
    "id": "sfwda-4",
    "color": "#2438c8"
   }
  },
  {
   "type": "Feature",
   "geometry": {
    "type": "LineString",
    "coordinates": [
     [
      -85.7575623,
      35.0880431
     ],
     [
      -85.7573921,
      35.0880652
     ],
     [
      -85.7573563,
      35.0880697
     ],
     [
      -85.7572443,
      35.0880987
     ],
     [
      -85.7571096,
      35.0881295
     ],
     [
      -85.7569905,
      35.0881542
     ],
     [
      -85.7569126,
      35.0881851
     ],
     [
      -85.7566771,
      35.0882615
     ],
     [
      -85.7564126,
      35.0883196
     ],
     [
      -85.7563334,
      35.0883339
     ],
     [
      -85.7562961,
      35.0883409
     ],
     [
      -85.7562134,
      35.0883634
     ],
     [
      -85.7560765,
      35.0883842
     ],
     [
      -85.7559858,
      35.0884085
     ],
     [
      -85.7558886,
      35.0884469
     ],
     [
      -85.7558235,
      35.0884355
     ],
     [
      -85.7557506,
      35.0884955
     ],
     [
      -85.7555699,
      35.0885374
     ],
     [
      -85.7554592,
      35.0885456
     ],
     [
      -85.7553871,
      35.0885206
     ],
     [
      -85.7553368,
      35.0884625
     ],
     [
      -85.7553579,
      35.0883903
     ],
     [
      -85.7554189,
      35.088337
     ],
     [
      -85.7555916,
      35.0882883
     ],
     [
      -85.7556919,
      35.0882211
     ],
     [
      -85.7556914,
      35.0881452
     ],
     [
      -85.7556977,
      35.08808
     ],
     [
      -85.75571,
      35.0880116
     ],
     [
      -85.7557293,
      35.087933
     ],
     [
      -85.7557504,
      35.0878989
     ],
     [
      -85.7558671,
      35.0878375
     ],
     [
      -85.7559342,
      35.0877246
     ],
     [
      -85.7559367,
      35.0875865
     ],
     [
      -85.7558971,
      35.0875087
     ],
     [
      -85.755883,
      35.0874544
     ]
    ]
   },
   "properties": {
    "trail_number": 60,
    "name": "60",
    "kind": "trail",
    "difficulty": "difficult",
    "source": "sfwda_trace_edited",
    "review_status": "hand-edited; normalized from SVG",
    "id": "sfwda-5",
    "color": "#111111"
   }
  },
  {
   "type": "Feature",
   "geometry": {
    "type": "LineString",
    "coordinates": [
     [
      -85.7535333,
      35.0901295
     ],
     [
      -85.7536143,
      35.0900378
     ],
     [
      -85.7536749,
      35.0899926
     ],
     [
      -85.7537453,
      35.0899351
     ],
     [
      -85.7538324,
      35.0898511
     ],
     [
      -85.753888,
      35.0897755
     ],
     [
      -85.7539349,
      35.089724
     ],
     [
      -85.7539718,
      35.0896925
     ],
     [
      -85.7541028,
      35.0895626
     ],
     [
      -85.7542041,
      35.0894239
     ],
     [
      -85.7542012,
      35.0894261
     ],
     [
      -85.7542922,
      35.0893857
     ],
     [
      -85.7544098,
      35.0893781
     ],
     [
      -85.7545125,
      35.0893964
     ],
     [
      -85.7546209,
      35.0894464
     ],
     [
      -85.7546774,
      35.0894719
     ],
     [
      -85.754712,
      35.0894854
     ],
     [
      -85.7547906,
      35.0895106
     ],
     [
      -85.7548872,
      35.0895754
     ],
     [
      -85.7549589,
      35.0896519
     ],
     [
      -85.754992,
      35.0896719
     ],
     [
      -85.7550606,
      35.0897237
     ],
     [
      -85.7551292,
      35.0897852
     ],
     [
      -85.7551497,
      35.0898861
     ],
     [
      -85.7551514,
      35.0899299
     ],
     [
      -85.7551569,
      35.090011
     ],
     [
      -85.7552015,
      35.0900816
     ],
     [
      -85.7552053,
      35.090191
     ],
     [
      -85.7552032,
      35.0902797
     ]
    ]
   },
   "properties": {
    "trail_number": 23,
    "name": "23",
    "kind": "trail",
    "difficulty": "moderate",
    "source": "sfwda_trace_edited",
    "review_status": "hand-edited; normalized from SVG",
    "id": "sfwda-6",
    "color": "#2438c8"
   }
  },
  {
   "type": "Feature",
   "geometry": {
    "type": "LineString",
    "coordinates": [
     [
      -85.7557507,
      35.0848047
     ],
     [
      -85.7557443,
      35.0848857
     ],
     [
      -85.7557055,
      35.0849329
     ],
     [
      -85.7556191,
      35.0849492
     ],
     [
      -85.7555479,
      35.0850295
     ],
     [
      -85.7555172,
      35.0850842
     ],
     [
      -85.7555119,
      35.0850938
     ],
     [
      -85.7555015,
      35.0851716
     ],
     [
      -85.7555008,
      35.0852114
     ],
     [
      -85.7555029,
      35.0852738
     ],
     [
      -85.7555806,
      35.0854259
     ],
     [
      -85.7555842,
      35.0855847
     ],
     [
      -85.7555865,
      35.0856972
     ],
     [
      -85.7556204,
      35.0857822
     ],
     [
      -85.7556101,
      35.0861975
     ],
     [
      -85.7556107,
      35.086604
     ],
     [
      -85.7555912,
      35.0867159
     ],
     [
      -85.7556081,
      35.0871351
     ],
     [
      -85.7556288,
      35.0872725
     ],
     [
      -85.7556761,
      35.0873391
     ],
     [
      -85.7557355,
      35.087391
     ],
     [
      -85.7557463,
      35.0874005
     ],
     [
      -85.7558498,
      35.0874487
     ],
     [
      -85.7558953,
      35.0874544
     ],
     [
      -85.7560091,
      35.0874072
     ],
     [
      -85.7561193,
      35.0873786
     ],
     [
      -85.7565652,
      35.0873571
     ],
     [
      -85.75669,
      35.087319
     ],
     [
      -85.7568048,
      35.0872667
     ],
     [
      -85.7568725,
      35.0872229
     ],
     [
      -85.756986,
      35.0871333
     ],
     [
      -85.7570998,
      35.0869853
     ]
    ]
   },
   "properties": {
    "trail_number": 81,
    "name": "81",
    "kind": "trail",
    "difficulty": "moderate",
    "source": "sfwda_trace_edited",
    "review_status": "hand-edited; normalized from SVG",
    "id": "sfwda-7",
    "color": "#2438c8"
   }
  },
  {
   "type": "Feature",
   "geometry": {
    "type": "LineString",
    "coordinates": [
     [
      -85.7576013,
      35.0857548
     ],
     [
      -85.7577087,
      35.0857664
     ],
     [
      -85.7577794,
      35.085803
     ],
     [
      -85.7578625,
      35.085866
     ],
     [
      -85.7579614,
      35.0860655
     ],
     [
      -85.7581231,
      35.086256
     ],
     [
      -85.7581361,
      35.0862721
     ],
     [
      -85.7582194,
      35.0863594
     ],
     [
      -85.7582606,
      35.0864137
     ],
     [
      -85.7582822,
      35.0864972
     ],
     [
      -85.7582902,
      35.0865903
     ],
     [
      -85.7583097,
      35.0866917
     ],
     [
      -85.7583678,
      35.0867903
     ],
     [
      -85.758555,
      35.0869326
     ],
     [
      -85.758592,
      35.0869835
     ],
     [
      -85.7585897,
      35.0872914
     ],
     [
      -85.7586352,
      35.0873812
     ],
     [
      -85.7586371,
      35.0874336
     ],
     [
      -85.758611,
      35.0874803
     ],
     [
      -85.7583969,
      35.0875554
     ],
     [
      -85.7581602,
      35.0875802
     ],
     [
      -85.758146,
      35.0875809
     ],
     [
      -85.7578608,
      35.0876639
     ],
     [
      -85.7577186,
      35.0877425
     ],
     [
      -85.7575986,
      35.0878288
     ]
    ]
   },
   "properties": {
    "trail_number": null,
    "name": "GWT",
    "kind": "trail",
    "difficulty": "moderate",
    "source": "sfwda_trace_edited",
    "review_status": "hand-edited; normalized from SVG",
    "id": "sfwda-8",
    "color": "#2438c8"
   }
  },
  {
   "type": "Feature",
   "geometry": {
    "type": "LineString",
    "coordinates": [
     [
      -85.7539245,
      35.0868054
     ],
     [
      -85.7539161,
      35.0866259
     ],
     [
      -85.7539356,
      35.0865798
     ],
     [
      -85.7539371,
      35.0865279
     ],
     [
      -85.7540469,
      35.0863656
     ],
     [
      -85.7542591,
      35.0863455
     ],
     [
      -85.7543578,
      35.0863713
     ],
     [
      -85.7544279,
      35.0863807
     ],
     [
      -85.7545478,
      35.0863769
     ],
     [
      -85.7546314,
      35.0863762
     ],
     [
      -85.7546452,
      35.0863341
     ],
     [
      -85.7545809,
      35.086301
     ],
     [
      -85.7545545,
      35.0862905
     ],
     [
      -85.7544056,
      35.0862304
     ],
     [
      -85.7542268,
      35.0861647
     ],
     [
      -85.7541365,
      35.086103
     ],
     [
      -85.7541009,
      35.0860687
     ],
     [
      -85.7540944,
      35.0859968
     ],
     [
      -85.7541783,
      35.0859654
     ],
     [
      -85.7542344,
      35.0859633
     ],
     [
      -85.7543192,
      35.0859665
     ],
     [
      -85.7543781,
      35.085998
     ],
     [
      -85.7544667,
      35.0859999
     ],
     [
      -85.7545449,
      35.085963
     ],
     [
      -85.7545797,
      35.0859253
     ]
    ]
   },
   "properties": {
    "trail_number": 84,
    "name": "84",
    "kind": "trail",
    "difficulty": "moderate",
    "source": "sfwda_trace_edited",
    "review_status": "hand-edited; normalized from SVG",
    "id": "sfwda-9",
    "color": "#2438c8"
   }
  },
  {
   "type": "Feature",
   "geometry": {
    "type": "LineString",
    "coordinates": [
     [
      -85.7554244,
      35.0846948
     ],
     [
      -85.7555063,
      35.0846144
     ],
     [
      -85.7556898,
      35.084452
     ],
     [
      -85.7559235,
      35.0842995
     ],
     [
      -85.7560598,
      35.0842268
     ],
     [
      -85.7561424,
      35.0842051
     ],
     [
      -85.7563258,
      35.0841991
     ],
     [
      -85.7563965,
      35.0842098
     ],
     [
      -85.7565263,
      35.0842572
     ],
     [
      -85.7566224,
      35.0843661
     ],
     [
      -85.7566953,
      35.0845045
     ],
     [
      -85.7566855,
      35.084731
     ],
     [
      -85.7566391,
      35.0848389
     ],
     [
      -85.756558,
      35.084915
     ],
     [
      -85.7564994,
      35.084944
     ],
     [
      -85.7562855,
      35.0849634
     ],
     [
      -85.7560777,
      35.0849755
     ],
     [
      -85.7558944,
      35.0849383
     ]
    ]
   },
   "properties": {
    "trail_number": 56,
    "name": "56",
    "kind": "trail",
    "difficulty": "difficult",
    "source": "sfwda_trace_edited",
    "review_status": "hand-edited; normalized from SVG",
    "id": "sfwda-10",
    "color": "#111111"
   }
  },
  {
   "type": "Feature",
   "geometry": {
    "type": "LineString",
    "coordinates": [
     [
      -85.7538969,
      35.0847024
     ],
     [
      -85.7539293,
      35.0847279
     ],
     [
      -85.7540067,
      35.0848192
     ],
     [
      -85.7540437,
      35.0849026
     ],
     [
      -85.7540944,
      35.0849887
     ],
     [
      -85.7542243,
      35.0850596
     ],
     [
      -85.7544285,
      35.0851079
     ],
     [
      -85.7545242,
      35.0851365
     ],
     [
      -85.7546882,
      35.0851942
     ]
    ]
   },
   "properties": {
    "trail_number": 16,
    "name": "16",
    "kind": "trail",
    "difficulty": "easy",
    "source": "sfwda_trace_edited",
    "review_status": "hand-edited; normalized from SVG",
    "id": "sfwda-11",
    "color": "#1f9d3a"
   }
  },
  {
   "type": "Feature",
   "geometry": {
    "type": "LineString",
    "coordinates": [
     [
      -85.7586328,
      35.0940141
     ],
     [
      -85.7585485,
      35.0941291
     ],
     [
      -85.7584691,
      35.0942015
     ],
     [
      -85.7583569,
      35.0942527
     ],
     [
      -85.7583468,
      35.0942694
     ],
     [
      -85.7582997,
      35.0943465
     ],
     [
      -85.758065,
      35.0944377
     ],
     [
      -85.7580431,
      35.0944462
     ],
     [
      -85.7579571,
      35.094573
     ],
     [
      -85.7579569,
      35.0946663
     ],
     [
      -85.7580136,
      35.0947401
     ],
     [
      -85.7580776,
      35.0947673
     ],
     [
      -85.7582983,
      35.0947686
     ],
     [
      -85.7583481,
      35.0947891
     ],
     [
      -85.7583977,
      35.0948497
     ],
     [
      -85.7583904,
      35.0949235
     ],
     [
      -85.7583262,
      35.0949767
     ],
     [
      -85.7579197,
      35.0951535
     ],
     [
      -85.7578484,
      35.0951528
     ],
     [
      -85.7577634,
      35.0950587
     ],
     [
      -85.7576982,
      35.0949236
     ],
     [
      -85.7576697,
      35.0948347
     ],
     [
      -85.7576576,
      35.0947113
     ],
     [
      -85.7576512,
      35.0945115
     ],
     [
      -85.7576301,
      35.0944514
     ],
     [
      -85.7575663,
      35.0944178
     ],
     [
      -85.7574378,
      35.094444
     ],
     [
      -85.7573952,
      35.0944172
     ],
     [
      -85.757332,
      35.0941579
     ],
     [
      -85.7572372,
      35.0939533
     ],
     [
      -85.7571008,
      35.0938612
     ],
     [
      -85.7569721,
      35.0938219
     ]
    ]
   },
   "properties": {
    "trail_number": 35,
    "name": "35",
    "kind": "trail",
    "difficulty": "easy",
    "source": "sfwda_trace_edited",
    "review_status": "hand-edited; normalized from SVG",
    "id": "sfwda-12",
    "color": "#1f9d3a"
   }
  },
  {
   "type": "Feature",
   "geometry": {
    "type": "LineString",
    "coordinates": [
     [
      -85.7554092,
      35.0846929
     ],
     [
      -85.7553041,
      35.0847886
     ],
     [
      -85.7551486,
      35.0849207
     ],
     [
      -85.7550342,
      35.0849962
     ],
     [
      -85.7548831,
      35.0850558
     ],
     [
      -85.7547646,
      35.0851161
     ],
     [
      -85.754691,
      35.085188
     ],
     [
      -85.7546882,
      35.0851942
     ],
     [
      -85.7546426,
      35.0852881
     ],
     [
      -85.754464,
      35.0854788
     ],
     [
      -85.7542512,
      35.0855917
     ],
     [
      -85.7540679,
      35.0856251
     ],
     [
      -85.753827,
      35.0856288
     ],
     [
      -85.7536404,
      35.0856383
     ],
     [
      -85.7535209,
      35.0856674
     ],
     [
      -85.7534011,
      35.0858411
     ],
     [
      -85.753337,
      35.085843
     ],
     [
      -85.7532205,
      35.0857692
     ],
     [
      -85.7530172,
      35.0855754
     ],
     [
      -85.7528003,
      35.0854408
     ],
     [
      -85.7524795,
      35.0853352
     ],
     [
      -85.7521918,
      35.0852511
     ]
    ]
   },
   "properties": {
    "trail_number": 18,
    "name": "18",
    "kind": "trail",
    "difficulty": "easy",
    "source": "sfwda_trace_edited",
    "review_status": "hand-edited; normalized from SVG",
    "id": "sfwda-13",
    "color": "#1f9d3a"
   }
  },
  {
   "type": "Feature",
   "geometry": {
    "type": "LineString",
    "coordinates": [
     [
      -85.7532919,
      35.0897095
     ],
     [
      -85.7533424,
      35.0896437
     ],
     [
      -85.7533771,
      35.0896112
     ],
     [
      -85.7534391,
      35.0895858
     ],
     [
      -85.7535063,
      35.0895819
     ],
     [
      -85.7535907,
      35.0896103
     ],
     [
      -85.7536413,
      35.0896132
     ],
     [
      -85.7536801,
      35.0895693
     ],
     [
      -85.7537022,
      35.0895053
     ],
     [
      -85.7537288,
      35.0894793
     ],
     [
      -85.7537656,
      35.0894707
     ],
     [
      -85.7538193,
      35.0894639
     ],
     [
      -85.7538459,
      35.089433
     ],
     [
      -85.7538638,
      35.0894074
     ],
     [
      -85.7539186,
      35.0893881
     ],
     [
      -85.7540365,
      35.0894045
     ],
     [
      -85.7541195,
      35.0894296
     ],
     [
      -85.7542012,
      35.0894261
     ]
    ]
   },
   "properties": {
    "trail_number": 21,
    "name": "21",
    "kind": "trail",
    "difficulty": "moderate",
    "source": "sfwda_trace_edited",
    "review_status": "hand-edited; normalized from SVG",
    "id": "sfwda-14",
    "color": "#2438c8"
   }
  },
  {
   "type": "Feature",
   "geometry": {
    "type": "LineString",
    "coordinates": [
     [
      -85.7459513,
      35.0896191
     ],
     [
      -85.7480098,
      35.0899126
     ],
     [
      -85.7481514,
      35.0899353
     ],
     [
      -85.7483669,
      35.0899353
     ],
     [
      -85.7485353,
      35.089905
     ],
     [
      -85.7486756,
      35.0898436
     ],
     [
      -85.7487791,
      35.0897424
     ],
     [
      -85.7488218,
      35.0896841
     ],
     [
      -85.7488705,
      35.0896342
     ],
     [
      -85.7489701,
      35.0895895
     ],
     [
      -85.7491408,
      35.0895498
     ],
     [
      -85.7493662,
      35.0895232
     ],
     [
      -85.7496211,
      35.0894631
     ],
     [
      -85.7496991,
      35.0894357
     ],
     [
      -85.7501111,
      35.0893298
     ]
    ]
   },
   "properties": {
    "trail_number": null,
    "name": null,
    "kind": "road",
    "difficulty": null,
    "source": "sfwda_trace_edited",
    "review_status": "hand-edited; normalized from SVG",
    "id": "sfwda-15",
    "color": "#f25e0d"
   }
  },
  {
   "type": "Feature",
   "geometry": {
    "type": "LineString",
    "coordinates": [
     [
      -85.7501148,
      35.0893228
     ],
     [
      -85.7498057,
      35.0900578
     ],
     [
      -85.7497208,
      35.0901743
     ],
     [
      -85.7496176,
      35.0902495
     ],
     [
      -85.749632,
      35.0902677
     ],
     [
      -85.7496588,
      35.0902843
     ],
     [
      -85.7497416,
      35.0903003
     ],
     [
      -85.7498715,
      35.0903036
     ],
     [
      -85.750026,
      35.0902571
     ],
     [
      -85.7504159,
      35.0901376
     ],
     [
      -85.7504563,
      35.0901326
     ],
     [
      -85.7506555,
      35.0901078
     ],
     [
      -85.7507977,
      35.0901012
     ],
     [
      -85.7509521,
      35.0901441
     ],
     [
      -85.7512172,
      35.0902721
     ],
     [
      -85.7512674,
      35.0902888
     ],
     [
      -85.751373,
      35.0903241
     ],
     [
      -85.7517621,
      35.090408
     ],
     [
      -85.7518723,
      35.0904188
     ],
     [
      -85.7519516,
      35.0904265
     ],
     [
      -85.7521157,
      35.0904426
     ],
     [
      -85.7524799,
      35.0904571
     ],
     [
      -85.7527983,
      35.0904716
     ],
     [
      -85.7530812,
      35.0905178
     ],
     [
      -85.753364,
      35.0906363
     ],
     [
      -85.7535024,
      35.0907109
     ],
     [
      -85.7536752,
      35.090804
     ],
     [
      -85.7539618,
      35.0909919
     ],
     [
      -85.7543488,
      35.0912199
     ],
     [
      -85.7544817,
      35.0912984
     ],
     [
      -85.7551927,
      35.0917263
     ],
     [
      -85.7555896,
      35.0919354
     ],
     [
      -85.7557195,
      35.0920039
     ],
     [
      -85.7560097,
      35.0921367
     ],
     [
      -85.7561193,
      35.0921658
     ],
     [
      -85.75616,
      35.092164
     ],
     [
      -85.7561841,
      35.0921516
     ],
     [
      -85.7562078,
      35.0921271
     ],
     [
      -85.7562287,
      35.0920846
     ],
     [
      -85.7562429,
      35.0919749
     ],
     [
      -85.7562466,
      35.091839
     ],
     [
      -85.7562747,
      35.0917032
     ],
     [
      -85.7564339,
      35.0913678
     ],
     [
      -85.7567382,
      35.0907173
     ],
     [
      -85.7568548,
      35.0904861
     ],
     [
      -85.7569005,
      35.0904363
     ],
     [
      -85.7569427,
      35.0903903
     ],
     [
      -85.7569715,
      35.0903588
     ],
     [
      -85.7570317,
      35.0902634
     ],
     [
      -85.7570918,
      35.0901043
     ],
     [
      -85.7572085,
      35.0898471
     ],
     [
      -85.7573889,
      35.0894394
     ],
     [
      -85.7574878,
      35.0891185
     ],
     [
      -85.7575091,
      35.0889333
     ],
     [
      -85.7575035,
      35.0888368
     ],
     [
      -85.757502,
      35.088812
     ],
     [
      -85.7574935,
      35.0886861
     ],
     [
      -85.7574932,
      35.0886794
     ],
     [
      -85.7574878,
      35.0886009
     ],
     [
      -85.757495,
      35.0884447
     ],
     [
      -85.757527,
      35.0882366
     ],
     [
      -85.7575623,
      35.0880431
     ],
     [
      -85.7575977,
      35.0878491
     ],
     [
      -85.7575986,
      35.0878288
     ],
     [
      -85.7576046,
      35.0877019
     ],
     [
      -85.7575692,
      35.0875224
     ],
     [
      -85.7574916,
      35.0873548
     ],
     [
      -85.7573146,
      35.0871264
     ],
     [
      -85.7571306,
      35.0870049
     ],
     [
      -85.7570998,
      35.0869853
     ],
     [
      -85.7568796,
      35.0868459
     ],
     [
      -85.7565472,
      35.0866145
     ],
     [
      -85.7564841,
      35.0865619
     ],
     [
      -85.7563527,
      35.0864526
     ],
     [
      -85.7562747,
      35.0863428
     ],
     [
      -85.7562147,
      35.0862271
     ],
     [
      -85.756151,
      35.0860392
     ],
     [
      -85.7560274,
      35.0858107
     ],
     [
      -85.7560097,
      35.0857328
     ],
     [
      -85.7560026,
      35.0855564
     ],
     [
      -85.7560097,
      35.0853858
     ],
     [
      -85.7560087,
      35.0853605
     ],
     [
      -85.7560026,
      35.0851918
     ],
     [
      -85.7559601,
      35.0850473
     ],
     [
      -85.7558944,
      35.0849383
     ],
     [
      -85.7558539,
      35.0848711
     ],
     [
      -85.7557507,
      35.0848047
     ],
     [
      -85.7556878,
      35.0847641
     ],
     [
      -85.7554649,
      35.0847005
     ],
     [
      -85.7554244,
      35.0846948
     ],
     [
      -85.7554092,
      35.0846929
     ],
     [
      -85.7552774,
      35.0846744
     ],
     [
      -85.7551324,
      35.0846137
     ],
     [
      -85.755023,
      35.0845619
     ],
     [
      -85.7549982,
      35.08455
     ],
     [
      -85.7547999,
      35.0845153
     ],
     [
      -85.7545702,
      35.0845269
     ],
     [
      -85.7543614,
      35.0845385
     ],
     [
      -85.7543387,
      35.0845443
     ],
     [
      -85.7541774,
      35.0845848
     ],
     [
      -85.7538969,
      35.0847024
     ],
     [
      -85.7537496,
      35.0847641
     ],
     [
      -85.7530316,
      35.0850331
     ],
     [
      -85.7525683,
      35.0851661
     ],
     [
      -85.7523242,
      35.0852239
     ],
     [
      -85.7521918,
      35.0852511
     ],
     [
      -85.7521123,
      35.0852674
     ]
    ]
   },
   "properties": {
    "trail_number": 1,
    "name": "1",
    "kind": "trail",
    "difficulty": "easy",
    "source": "sfwda_trace_edited",
    "review_status": "hand-edited; normalized from SVG",
    "id": "sfwda-16",
    "color": "#1f9d3a"
   }
  },
  {
   "type": "Feature",
   "geometry": {
    "type": "LineString",
    "coordinates": [
     [
      -85.7545983,
      35.085826
     ],
     [
      -85.7545807,
      35.0858902
     ],
     [
      -85.7545795,
      35.0860034
     ],
     [
      -85.7545997,
      35.0861003
     ],
     [
      -85.7547559,
      35.0861994
     ],
     [
      -85.7553455,
      35.0861668
     ],
     [
      -85.7554986,
      35.0862076
     ],
     [
      -85.7555937,
      35.0862109
     ],
     [
      -85.7556343,
      35.086247
     ],
     [
      -85.7556673,
      35.0862811
     ],
     [
      -85.7557087,
      35.0863135
     ],
     [
      -85.7557716,
      35.0863177
     ],
     [
      -85.7558858,
      35.0863001
     ],
     [
      -85.7560333,
      35.0861967
     ],
     [
      -85.7561145,
      35.0861916
     ],
     [
      -85.7561332,
      35.0862111
     ],
     [
      -85.7561447,
      35.086257
     ],
     [
      -85.7561343,
      35.0863317
     ],
     [
      -85.7561137,
      35.086418
     ],
     [
      -85.7559994,
      35.0865529
     ],
     [
      -85.7559786,
      35.0866325
     ],
     [
      -85.755917,
      35.0866732
     ],
     [
      -85.7558793,
      35.0867405
     ],
     [
      -85.7558749,
      35.0868326
     ],
     [
      -85.7559097,
      35.0869038
     ],
     [
      -85.7559754,
      35.0869547
     ],
     [
      -85.7560723,
      35.0869849
     ],
     [
      -85.7562628,
      35.0869733
     ],
     [
      -85.7563925,
      35.0868766
     ],
     [
      -85.7564709,
      35.0866865
     ],
     [
      -85.7564841,
      35.0865619
     ]
    ]
   },
   "properties": {
    "trail_number": 85,
    "name": "85",
    "kind": "trail",
    "difficulty": "moderate",
    "source": "sfwda_trace_edited",
    "review_status": "hand-edited; normalized from SVG",
    "id": "sfwda-17",
    "color": "#2438c8"
   }
  },
  {
   "type": "Feature",
   "geometry": {
    "type": "LineString",
    "coordinates": [
     [
      -85.7565331,
      35.0902115
     ],
     [
      -85.7564747,
      35.0901779
     ],
     [
      -85.7564394,
      35.0901231
     ],
     [
      -85.7564182,
      35.0900208
     ],
     [
      -85.7564336,
      35.089906
     ],
     [
      -85.7564534,
      35.0898109
     ],
     [
      -85.7565063,
      35.0896472
     ],
     [
      -85.7565271,
      35.0895423
     ],
     [
      -85.7565426,
      35.0894148
     ],
     [
      -85.7565708,
      35.0892957
     ],
     [
      -85.7566167,
      35.0892259
     ],
     [
      -85.7567369,
      35.0891236
     ],
     [
      -85.756835,
      35.0890177
     ],
     [
      -85.7568895,
      35.0889432
     ],
     [
      -85.7569484,
      35.0888819
     ],
     [
      -85.7570131,
      35.0887953
     ],
     [
      -85.7570847,
      35.0887038
     ],
     [
      -85.7571474,
      35.0886681
     ],
     [
      -85.7572456,
      35.0886636
     ],
     [
      -85.757358,
      35.0886981
     ],
     [
      -85.7574935,
      35.0886861
     ]
    ]
   },
   "properties": {
    "trail_number": 12,
    "name": "12",
    "kind": "trail",
    "difficulty": "easy",
    "source": "sfwda_trace_edited",
    "review_status": "hand-edited; normalized from SVG",
    "id": "sfwda-18",
    "color": "#1f9d3a"
   }
  },
  {
   "type": "Feature",
   "geometry": {
    "type": "LineString",
    "coordinates": [
     [
      -85.7555833,
      35.0855874
     ],
     [
      -85.7557143,
      35.0855617
     ],
     [
      -85.7558775,
      35.0855485
     ],
     [
      -85.7560086,
      35.0855168
     ]
    ]
   },
   "properties": {
    "trail_number": 82,
    "name": "82",
    "kind": "trail",
    "difficulty": "moderate",
    "source": "sfwda_trace_edited",
    "review_status": "hand-edited; normalized from SVG",
    "id": "sfwda-19",
    "color": "#2438c8"
   }
  },
  {
   "type": "Feature",
   "geometry": {
    "type": "LineString",
    "coordinates": [
     [
      -85.7585093,
      35.0975493
     ],
     [
      -85.7585637,
      35.0975502
     ],
     [
      -85.7586284,
      35.0975089
     ],
     [
      -85.7587075,
      35.0974954
     ],
     [
      -85.7587852,
      35.0974905
     ],
     [
      -85.7590121,
      35.0975838
     ],
     [
      -85.7590967,
      35.0975784
     ],
     [
      -85.7592801,
      35.0975223
     ],
     [
      -85.7594348,
      35.097436
     ],
     [
      -85.7595682,
      35.0972876
     ],
     [
      -85.7596171,
      35.0972017
     ],
     [
      -85.7596169,
      35.0971636
     ],
     [
      -85.7595455,
      35.0970413
     ],
     [
      -85.7595402,
      35.0969639
     ],
     [
      -85.7595402,
      35.0969513
     ],
     [
      -85.7595235,
      35.0969026
     ],
     [
      -85.7593964,
      35.0968205
     ],
     [
      -85.7593544,
      35.096744
     ],
     [
      -85.759348,
      35.0966592
     ],
     [
      -85.7593555,
      35.0965863
     ],
     [
      -85.7594125,
      35.0965371
     ],
     [
      -85.7594271,
      35.0964706
     ],
     [
      -85.7595346,
      35.0963338
     ],
     [
      -85.7595503,
      35.0962453
     ],
     [
      -85.7595572,
      35.09613
     ],
     [
      -85.7595398,
      35.0960292
     ],
     [
      -85.7594667,
      35.0959438
     ],
     [
      -85.7593122,
      35.0956999
     ],
     [
      -85.7592414,
      35.0956494
     ],
     [
      -85.7591349,
      35.095633
     ],
     [
      -85.7590646,
      35.0955093
     ],
     [
      -85.7589583,
      35.0954125
     ],
     [
      -85.7588089,
      35.0953763
     ],
     [
      -85.7586971,
      35.0953043
     ]
    ]
   },
   "properties": {
    "trail_number": 92,
    "name": "92",
    "kind": "trail",
    "difficulty": "moderate",
    "source": "sfwda_trace_edited",
    "review_status": "hand-edited; normalized from SVG",
    "id": "sfwda-20",
    "color": "#2438c8"
   }
  },
  {
   "type": "Feature",
   "geometry": {
    "type": "LineString",
    "coordinates": [
     [
      -85.7555172,
      35.0850842
     ],
     [
      -85.7554602,
      35.0851154
     ],
     [
      -85.7554282,
      35.0851602
     ],
     [
      -85.7554078,
      35.0852126
     ],
     [
      -85.7553436,
      35.0852704
     ],
     [
      -85.7551407,
      35.0855166
     ],
     [
      -85.7549434,
      35.0856362
     ],
     [
      -85.7546889,
      35.0857051
     ],
     [
      -85.7546268,
      35.0857598
     ],
     [
      -85.7545972,
      35.0858341
     ],
     [
      -85.7546068,
      35.0858897
     ],
     [
      -85.7546638,
      35.0859283
     ],
     [
      -85.7546718,
      35.0859345
     ],
     [
      -85.7547537,
      35.0859582
     ],
     [
      -85.7548749,
      35.0859554
     ],
     [
      -85.7549926,
      35.0859368
     ],
     [
      -85.7551709,
      35.0858119
     ],
     [
      -85.7552449,
      35.085785
     ],
     [
      -85.7552706,
      35.0857664
     ],
     [
      -85.7552908,
      35.0857283
     ],
     [
      -85.755375,
      35.0856432
     ],
     [
      -85.7554423,
      35.0855485
     ],
     [
      -85.7554704,
      35.0855069
     ],
     [
      -85.755521,
      35.0854846
     ],
     [
      -85.7555751,
      35.0854476
     ],
     [
      -85.7555988,
      35.0854285
     ],
     [
      -85.7557636,
      35.0854234
     ],
     [
      -85.7558713,
      35.0854675
     ],
     [
      -85.7559462,
      35.0854794
     ],
     [
      -85.7560083,
      35.0855043
     ]
    ]
   },
   "properties": {
    "trail_number": 86,
    "name": "86",
    "kind": "trail",
    "difficulty": "moderate",
    "source": "sfwda_trace_edited",
    "review_status": "hand-edited; normalized from SVG",
    "id": "sfwda-21",
    "color": "#2438c8"
   }
  },
  {
   "type": "Feature",
   "geometry": {
    "type": "LineString",
    "coordinates": [
     [
      -85.7557355,
      35.087391
     ],
     [
      -85.7554815,
      35.087341
     ],
     [
      -85.755352,
      35.087292
     ],
     [
      -85.7552694,
      35.0872221
     ],
     [
      -85.7552178,
      35.0871318
     ],
     [
      -85.7552212,
      35.0870207
     ],
     [
      -85.7550864,
      35.0868479
     ],
     [
      -85.7550419,
      35.0867383
     ],
     [
      -85.7549926,
      35.0867005
     ],
     [
      -85.7546979,
      35.0865268
     ],
     [
      -85.7544911,
      35.0865395
     ],
     [
      -85.754394,
      35.08651
     ],
     [
      -85.7543242,
      35.0864967
     ],
     [
      -85.7542467,
      35.086493
     ],
     [
      -85.754045,
      35.0865463
     ],
     [
      -85.7539723,
      35.0866493
     ],
     [
      -85.7539706,
      35.0867218
     ],
     [
      -85.753946,
      35.0867796
     ],
     [
      -85.7538825,
      35.086849
     ],
     [
      -85.7538721,
      35.0869784
     ],
     [
      -85.7539438,
      35.0871452
     ],
     [
      -85.7539342,
      35.0872747
     ],
     [
      -85.7539678,
      35.0873407
     ],
     [
      -85.7540606,
      35.0874252
     ],
     [
      -85.7541614,
      35.0874794
     ],
     [
      -85.7544207,
      35.0874771
     ],
     [
      -85.754577,
      35.0875904
     ],
     [
      -85.7546741,
      35.0876338
     ],
     [
      -85.7547465,
      35.0876452
     ],
     [
      -85.7549119,
      35.0876156
     ],
     [
      -85.7551224,
      35.0877023
     ],
     [
      -85.7553687,
      35.0876972
     ],
     [
      -85.7555184,
      35.0876612
     ],
     [
      -85.7556818,
      35.087579
     ],
     [
      -85.7557529,
      35.0875199
     ],
     [
      -85.7558221,
      35.0874905
     ],
     [
      -85.7558664,
      35.0874479
     ]
    ]
   },
   "properties": {
    "trail_number": 83,
    "name": "83",
    "kind": "trail",
    "difficulty": "moderate",
    "source": "sfwda_trace_edited",
    "review_status": "hand-edited; normalized from SVG",
    "id": "sfwda-22",
    "color": "#2438c8"
   }
  },
  {
   "type": "Feature",
   "geometry": {
    "type": "LineString",
    "coordinates": [
     [
      -85.7495083,
      35.0948853
     ],
     [
      -85.7496724,
      35.0949682
     ],
     [
      -85.749772,
      35.0950533
     ],
     [
      -85.749765,
      35.0952068
     ],
     [
      -85.7497892,
      35.0952684
     ],
     [
      -85.7498903,
      35.0953896
     ],
     [
      -85.7499057,
      35.0954971
     ],
     [
      -85.7499643,
      35.0955651
     ],
     [
      -85.75009,
      35.0955957
     ],
     [
      -85.7501627,
      35.0956474
     ],
     [
      -85.7501962,
      35.095714
     ],
     [
      -85.7502122,
      35.0957813
     ]
    ]
   },
   "properties": {
    "trail_number": 38,
    "name": "38",
    "kind": "trail",
    "difficulty": "moderate",
    "source": "sfwda_trace_edited",
    "review_status": "hand-edited; normalized from SVG",
    "id": "sfwda-23",
    "color": "#2438c8"
   }
  },
  {
   "type": "Feature",
   "geometry": {
    "type": "LineString",
    "coordinates": [
     [
      -85.7537342,
      35.0904767
     ],
     [
      -85.7538279,
      35.0904229
     ],
     [
      -85.7539611,
      35.0903262
     ],
     [
      -85.7540702,
      35.0902308
     ],
     [
      -85.7542233,
      35.0900926
     ],
     [
      -85.7543505,
      35.0899428
     ],
     [
      -85.7544123,
      35.0898729
     ],
     [
      -85.7544838,
      35.089778
     ],
     [
      -85.7545416,
      35.0896783
     ],
     [
      -85.7546269,
      35.0895568
     ],
     [
      -85.7546975,
      35.089464
     ],
     [
      -85.7547784,
      35.0893677
     ],
     [
      -85.7550196,
      35.0892614
     ],
     [
      -85.7550966,
      35.089202
     ],
     [
      -85.7553042,
      35.0889685
     ],
     [
      -85.7554401,
      35.0890175
     ],
     [
      -85.7555377,
      35.0890296
     ],
     [
      -85.7557047,
      35.0890964
     ],
     [
      -85.7559018,
      35.089152
     ],
     [
      -85.7560874,
      35.0892007
     ],
     [
      -85.7563357,
      35.0892537
     ],
     [
      -85.7564439,
      35.0892671
     ],
     [
      -85.7565903,
      35.0892651
     ]
    ]
   },
   "properties": {
    "trail_number": 54,
    "name": "54",
    "kind": "trail",
    "difficulty": "difficult",
    "source": "sfwda_trace_edited",
    "review_status": "hand-edited; normalized from SVG",
    "id": "sfwda-24",
    "color": "#111111"
   }
  },
  {
   "type": "Feature",
   "geometry": {
    "type": "LineString",
    "coordinates": [
     [
      -85.7586707,
      35.0951457
     ],
     [
      -85.7587843,
      35.0951488
     ],
     [
      -85.7588955,
      35.095161
     ],
     [
      -85.7589503,
      35.0951488
     ],
     [
      -85.7590202,
      35.0951322
     ],
     [
      -85.7591309,
      35.0951367
     ],
     [
      -85.7591517,
      35.0951405
     ],
     [
      -85.7592185,
      35.0951626
     ],
     [
      -85.7592462,
      35.0951785
     ],
     [
      -85.7592767,
      35.0951987
     ],
     [
      -85.7593577,
      35.0952903
     ],
     [
      -85.7594078,
      35.0953061
     ],
     [
      -85.7594967,
      35.0952694
     ],
     [
      -85.7595786,
      35.0952853
     ],
     [
      -85.7596777,
      35.0953483
     ],
     [
      -85.7598306,
      35.0954578
     ],
     [
      -85.7599673,
      35.0955805
     ],
     [
      -85.7600516,
      35.0956618
     ],
     [
      -85.7601076,
      35.0957567
     ],
     [
      -85.7601694,
      35.0959409
     ],
     [
      -85.7601755,
      35.0960243
     ],
     [
      -85.7601649,
      35.0960735
     ],
     [
      -85.7601312,
      35.0962234
     ],
     [
      -85.7601451,
      35.096355
     ],
     [
      -85.7600924,
      35.0965418
     ],
     [
      -85.7600901,
      35.0966854
     ],
     [
      -85.7598696,
      35.0968224
     ],
     [
      -85.7597709,
      35.0969182
     ],
     [
      -85.7597004,
      35.0969545
     ],
     [
      -85.7595417,
      35.096964
     ]
    ]
   },
   "properties": {
    "trail_number": 91,
    "name": "91",
    "kind": "trail",
    "difficulty": "moderate",
    "source": "sfwda_trace_edited",
    "review_status": "hand-edited; normalized from SVG",
    "id": "sfwda-25",
    "color": "#2438c8"
   }
  },
  {
   "type": "Feature",
   "geometry": {
    "type": "LineString",
    "coordinates": [
     [
      -85.7509587,
      35.0901523
     ],
     [
      -85.7509671,
      35.0903177
     ],
     [
      -85.7509576,
      35.0905441
     ],
     [
      -85.7511019,
      35.090703
     ],
     [
      -85.7513162,
      35.0907538
     ],
     [
      -85.7516909,
      35.0907609
     ],
     [
      -85.7518003,
      35.0908131
     ],
     [
      -85.7519563,
      35.0909695
     ],
     [
      -85.7520562,
      35.0911517
     ],
     [
      -85.7522628,
      35.0913535
     ],
     [
      -85.7523298,
      35.0913989
     ],
     [
      -85.7524678,
      35.0914374
     ],
     [
      -85.7527669,
      35.0916486
     ],
     [
      -85.752888,
      35.0917515
     ],
     [
      -85.7530411,
      35.0919443
     ],
     [
      -85.7531704,
      35.0920477
     ],
     [
      -85.7533565,
      35.0921516
     ],
     [
      -85.7535666,
      35.0923659
     ],
     [
      -85.7536882,
      35.0924442
     ],
     [
      -85.7540773,
      35.0926029
     ],
     [
      -85.7542157,
      35.0927138
     ],
     [
      -85.7542851,
      35.0927402
     ],
     [
      -85.7546089,
      35.0930603
     ],
     [
      -85.7547794,
      35.0930784
     ],
     [
      -85.7548443,
      35.0930425
     ]
    ]
   },
   "properties": {
    "trail_number": 97,
    "name": "97",
    "kind": "trail",
    "difficulty": "moderate",
    "source": "sfwda_trace_edited",
    "review_status": "hand-edited; normalized from SVG",
    "id": "sfwda-26",
    "color": "#2438c8"
   }
  },
  {
   "type": "Feature",
   "geometry": {
    "type": "LineString",
    "coordinates": [
     [
      -85.7501241,
      35.0956239
     ],
     [
      -85.7501304,
      35.0954682
     ],
     [
      -85.7502153,
      35.0953359
     ],
     [
      -85.7503267,
      35.0952484
     ],
     [
      -85.7504354,
      35.0951858
     ],
     [
      -85.7504743,
      35.0951398
     ],
     [
      -85.7504759,
      35.0950751
     ],
     [
      -85.7503952,
      35.0950153
     ],
     [
      -85.7503095,
      35.0949766
     ]
    ]
   },
   "properties": {
    "trail_number": 36,
    "name": "36",
    "kind": "trail",
    "difficulty": "moderate",
    "source": "sfwda_trace_edited",
    "review_status": "hand-edited; normalized from SVG",
    "id": "sfwda-27",
    "color": "#2438c8"
   }
  },
  {
   "type": "Feature",
   "geometry": {
    "type": "LineString",
    "coordinates": [
     [
      -85.7592185,
      35.0951626
     ],
     [
      -85.7592377,
      35.0951478
     ],
     [
      -85.7594175,
      35.0949211
     ],
     [
      -85.7594672,
      35.0948143
     ],
     [
      -85.7594974,
      35.0947495
     ],
     [
      -85.7596053,
      35.0946572
     ],
     [
      -85.7596914,
      35.0946175
     ],
     [
      -85.7597555,
      35.0946174
     ],
     [
      -85.7598834,
      35.0946945
     ],
     [
      -85.7599479,
      35.0946941
     ],
     [
      -85.7600054,
      35.0946678
     ],
     [
      -85.7601481,
      35.0946733
     ],
     [
      -85.7602548,
      35.0947177
     ],
     [
      -85.7603743,
      35.0948513
     ],
     [
      -85.760421,
      35.0949352
     ],
     [
      -85.7604438,
      35.0950262
     ],
     [
      -85.7605134,
      35.0951364
     ],
     [
      -85.7606183,
      35.0952806
     ],
     [
      -85.7606166,
      35.0954141
     ],
     [
      -85.760536,
      35.0955692
     ],
     [
      -85.7605134,
      35.0956782
     ],
     [
      -85.7603541,
      35.0959077
     ],
     [
      -85.7603177,
      35.0959988
     ],
     [
      -85.7602813,
      35.0960452
     ],
     [
      -85.7602548,
      35.0961216
     ],
     [
      -85.7602235,
      35.0962065
     ],
     [
      -85.7601943,
      35.0962993
     ],
     [
      -85.7601906,
      35.0963695
     ],
     [
      -85.7601603,
      35.0964385
     ],
     [
      -85.7600966,
      35.0965204
     ]
    ]
   },
   "properties": {
    "trail_number": 93,
    "name": "93",
    "kind": "trail",
    "difficulty": "moderate",
    "source": "sfwda_trace_edited",
    "review_status": "hand-edited; normalized from SVG",
    "id": "sfwda-28",
    "color": "#2438c8"
   }
  },
  {
   "type": "Feature",
   "geometry": {
    "type": "LineString",
    "coordinates": [
     [
      -85.755023,
      35.0845619
     ],
     [
      -85.7549154,
      35.0847176
     ],
     [
      -85.7547681,
      35.0847937
     ],
     [
      -85.7546251,
      35.0848501
     ],
     [
      -85.7545224,
      35.0849422
     ],
     [
      -85.7544955,
      35.085036
     ],
     [
      -85.754455,
      35.0851125
     ]
    ]
   },
   "properties": {
    "trail_number": 20,
    "name": "20",
    "kind": "trail",
    "difficulty": "easy",
    "source": "sfwda_trace_edited",
    "review_status": "hand-edited; normalized from SVG",
    "id": "sfwda-29",
    "color": "#1f9d3a"
   }
  },
  {
   "type": "Feature",
   "geometry": {
    "type": "LineString",
    "coordinates": [
     [
      -85.7567777,
      35.0852809
     ],
     [
      -85.756752,
      35.0850991
     ],
     [
      -85.7566628,
      35.085017
     ],
     [
      -85.7565882,
      35.0849814
     ],
     [
      -85.7565025,
      35.0849472
     ]
    ]
   },
   "properties": {
    "trail_number": 29,
    "name": "29",
    "kind": "trail",
    "difficulty": "moderate",
    "source": "sfwda_trace_edited",
    "review_status": "hand-edited; normalized from SVG",
    "id": "sfwda-30",
    "color": "#2438c8"
   }
  },
  {
   "type": "Feature",
   "geometry": {
    "type": "LineString",
    "coordinates": [
     [
      -85.7494543,
      35.0956021
     ],
     [
      -85.7495241,
      35.0955101
     ],
     [
      -85.749527,
      35.0954292
     ],
     [
      -85.7494941,
      35.0953359
     ],
     [
      -85.7494941,
      35.0952684
     ],
     [
      -85.7494271,
      35.0951894
     ],
     [
      -85.7493989,
      35.0951379
     ],
     [
      -85.7494045,
      35.0951054
     ],
     [
      -85.7494422,
      35.0950753
     ],
     [
      -85.7494779,
      35.0949968
     ],
     [
      -85.7494682,
      35.0949066
     ]
    ]
   },
   "properties": {
    "trail_number": 99,
    "name": "99",
    "kind": "trail",
    "difficulty": "moderate",
    "source": "sfwda_trace_edited",
    "review_status": "hand-edited; normalized from SVG",
    "id": "sfwda-31",
    "color": "#2438c8"
   }
  },
  {
   "type": "Feature",
   "geometry": {
    "type": "LineString",
    "coordinates": [
     [
      -85.7486665,
      35.0874803
     ],
     [
      -85.7487756,
      35.0874117
     ],
     [
      -85.7488246,
      35.0874126
     ],
     [
      -85.7488795,
      35.0873817
     ],
     [
      -85.7488938,
      35.0873083
     ],
     [
      -85.7489544,
      35.0872365
     ],
     [
      -85.748968,
      35.0871517
     ]
    ]
   },
   "properties": {
    "trail_number": 71,
    "name": "71",
    "kind": "trail",
    "difficulty": "difficult",
    "source": "sfwda_trace_edited",
    "review_status": "hand-edited; normalized from SVG",
    "id": "sfwda-32",
    "color": "#111111"
   }
  },
  {
   "type": "Feature",
   "geometry": {
    "type": "LineString",
    "coordinates": [
     [
      -85.7502312,
      35.0892773
     ],
     [
      -85.7501459,
      35.0891575
     ],
     [
      -85.7500159,
      35.0890522
     ],
     [
      -85.7498148,
      35.0889374
     ],
     [
      -85.7496805,
      35.0888879
     ],
     [
      -85.7494578,
      35.0888369
     ],
     [
      -85.7490778,
      35.0888327
     ],
     [
      -85.7488267,
      35.0887973
     ],
     [
      -85.748595,
      35.0887203
     ],
     [
      -85.7483994,
      35.0886127
     ],
     [
      -85.747852,
      35.0881384
     ],
     [
      -85.7473011,
      35.0878382
     ],
     [
      -85.7473026,
      35.0876732
     ],
     [
      -85.7473285,
      35.0876291
     ],
     [
      -85.7473801,
      35.0875986
     ],
     [
      -85.7474485,
      35.0876002
     ],
     [
      -85.7476113,
      35.0876802
     ],
     [
      -85.74768,
      35.0876885
     ],
     [
      -85.7477563,
      35.0876263
     ],
     [
      -85.7477119,
      35.0875045
     ],
     [
      -85.7476656,
      35.0873618
     ],
     [
      -85.7476418,
      35.0872705
     ],
     [
      -85.7476408,
      35.0871844
     ],
     [
      -85.7476825,
      35.0871286
     ],
     [
      -85.7477563,
      35.0870849
     ],
     [
      -85.7478952,
      35.0870602
     ],
     [
      -85.7480024,
      35.0870854
     ],
     [
      -85.7480424,
      35.0871149
     ],
     [
      -85.7480912,
      35.0871617
     ],
     [
      -85.7481518,
      35.0872139
     ],
     [
      -85.7482506,
      35.0872958
     ],
     [
      -85.7484242,
      35.0873484
     ],
     [
      -85.7485252,
      35.0873401
     ],
     [
      -85.7485871,
      35.0873216
     ],
     [
      -85.748657,
      35.0872759
     ],
     [
      -85.7487739,
      35.0871274
     ],
     [
      -85.7488468,
      35.0869953
     ],
     [
      -85.7489868,
      35.0868676
     ],
     [
      -85.7491001,
      35.0868324
     ],
     [
      -85.7493054,
      35.0868444
     ],
     [
      -85.7494963,
      35.0869197
     ],
     [
      -85.7495098,
      35.086925
     ],
     [
      -85.7495769,
      35.0869518
     ],
     [
      -85.7497028,
      35.0869633
     ],
     [
      -85.7498028,
      35.087005
     ],
     [
      -85.7499293,
      35.0870844
     ],
     [
      -85.7500033,
      35.0871359
     ],
     [
      -85.7502703,
      35.0874015
     ],
     [
      -85.7504226,
      35.0874742
     ],
     [
      -85.7505905,
      35.087503
     ],
     [
      -85.750778,
      35.087502
     ]
    ]
   },
   "properties": {
    "trail_number": 57,
    "name": "57",
    "kind": "trail",
    "difficulty": "difficult",
    "source": "sfwda_trace_edited",
    "review_status": "hand-edited; normalized from SVG",
    "id": "sfwda-33",
    "color": "#111111"
   }
  },
  {
   "type": "Feature",
   "geometry": {
    "type": "LineString",
    "coordinates": [
     [
      -85.7482038,
      35.0866762
     ],
     [
      -85.7480961,
      35.0867084
     ],
     [
      -85.7480064,
      35.0867378
     ],
     [
      -85.747953,
      35.0867795
     ],
     [
      -85.7479397,
      35.0868696
     ],
     [
      -85.7478677,
      35.086886
     ]
    ]
   },
   "properties": {
    "trail_number": 73,
    "name": "73",
    "kind": "trail",
    "difficulty": "difficult",
    "source": "sfwda_trace_edited",
    "review_status": "hand-edited; normalized from SVG",
    "id": "sfwda-34",
    "color": "#111111"
   }
  },
  {
   "type": "Feature",
   "geometry": {
    "type": "LineString",
    "coordinates": [
     [
      -85.748429,
      35.087348
     ],
     [
      -85.7485543,
      35.0873935
     ],
     [
      -85.7486622,
      35.0874545
     ],
     [
      -85.7486864,
      35.087534
     ],
     [
      -85.7486893,
      35.0876178
     ],
     [
      -85.7486025,
      35.0877803
     ],
     [
      -85.7486448,
      35.087916
     ],
     [
      -85.7486318,
      35.0879923
     ],
     [
      -85.7485948,
      35.0880289
     ],
     [
      -85.748573,
      35.0881513
     ],
     [
      -85.7485992,
      35.088264
     ],
     [
      -85.7486724,
      35.0883838
     ],
     [
      -85.7488543,
      35.0884529
     ],
     [
      -85.7492763,
      35.0884515
     ],
     [
      -85.7496622,
      35.0885833
     ],
     [
      -85.7497069,
      35.0886155
     ],
     [
      -85.7497521,
      35.0887055
     ],
     [
      -85.7496761,
      35.0888869
     ]
    ]
   },
   "properties": {
    "trail_number": 59,
    "name": "59",
    "kind": "trail",
    "difficulty": "difficult",
    "source": "sfwda_trace_edited",
    "review_status": "hand-edited; normalized from SVG",
    "id": "sfwda-35",
    "color": "#111111"
   }
  },
  {
   "type": "Feature",
   "geometry": {
    "type": "LineString",
    "coordinates": [
     [
      -85.7501111,
      35.0893298
     ],
     [
      -85.7502174,
      35.0892829
     ],
     [
      -85.7502312,
      35.0892773
     ],
     [
      -85.7502649,
      35.0892636
     ],
     [
      -85.7503115,
      35.0892463
     ],
     [
      -85.7506067,
      35.0891471
     ],
     [
      -85.7506678,
      35.0891479
     ],
     [
      -85.7508807,
      35.0890992
     ],
     [
      -85.7510417,
      35.0890236
     ],
     [
      -85.7512341,
      35.0889158
     ],
     [
      -85.7513059,
      35.0888753
     ],
     [
      -85.7513161,
      35.0888696
     ],
     [
      -85.7514,
      35.0888264
     ],
     [
      -85.7515936,
      35.0886723
     ],
     [
      -85.7517636,
      35.0884163
     ],
     [
      -85.7517524,
      35.088247
     ],
     [
      -85.751709,
      35.0881339
     ],
     [
      -85.7516244,
      35.0880024
     ],
     [
      -85.7515923,
      35.0879588
     ],
     [
      -85.7515582,
      35.0879416
     ],
     [
      -85.7513289,
      35.0880068
     ],
     [
      -85.7509819,
      35.0880575
     ],
     [
      -85.7508171,
      35.088082
     ],
     [
      -85.7506157,
      35.0880707
     ],
     [
      -85.7504981,
      35.0880338
     ],
     [
      -85.7503907,
      35.0879627
     ],
     [
      -85.7502552,
      35.087863
     ],
     [
      -85.7501538,
      35.0878243
     ],
     [
      -85.7500175,
      35.0877825
     ],
     [
      -85.7499519,
      35.0877682
     ],
     [
      -85.7498625,
      35.0877225
     ],
     [
      -85.749763,
      35.0876158
     ],
     [
      -85.7496695,
      35.0875341
     ],
     [
      -85.7495131,
      35.0874543
     ],
     [
      -85.7493473,
      35.0873156
     ],
     [
      -85.7492678,
      35.0872448
     ],
     [
      -85.7491093,
      35.0871865
     ],
     [
      -85.7489689,
      35.087151
     ],
     [
      -85.7488674,
      35.0871335
     ],
     [
      -85.7487939,
      35.0870915
     ],
     [
      -85.7486767,
      35.0869709
     ],
     [
      -85.7485199,
      35.0868692
     ],
     [
      -85.7484209,
      35.0868099
     ],
     [
      -85.7483159,
      35.0867472
     ],
     [
      -85.7482038,
      35.0866762
     ],
     [
      -85.7481455,
      35.0866392
     ],
     [
      -85.7480149,
      35.0865223
     ],
     [
      -85.7479498,
      35.0864797
     ],
     [
      -85.747877,
      35.0864034
     ],
     [
      -85.7478657,
      35.0863911
     ],
     [
      -85.7478243,
      35.0863469
     ],
     [
      -85.7477203,
      35.0862341
     ],
     [
      -85.7476544,
      35.0861404
     ],
     [
      -85.7476682,
      35.0859752
     ],
     [
      -85.7476254,
      35.0859055
     ],
     [
      -85.7476284,
      35.0858614
     ],
     [
      -85.7476759,
      35.0857427
     ],
     [
      -85.74773,
      35.0856866
     ],
     [
      -85.7478343,
      35.0856577
     ],
     [
      -85.7478915,
      35.0856199
     ],
     [
      -85.7478925,
      35.0855539
     ],
     [
      -85.7478915,
      35.0854683
     ],
     [
      -85.7479027,
      35.0854128
     ],
     [
      -85.7479163,
      35.0853315
     ],
     [
      -85.7479788,
      35.0852316
     ],
     [
      -85.7481248,
      35.085165
     ],
     [
      -85.7482425,
      35.0851668
     ],
     [
      -85.7483725,
      35.085219
     ],
     [
      -85.7487451,
      35.0852997
     ],
     [
      -85.7489115,
      35.0853051
     ],
     [
      -85.7491216,
      35.0852578
     ],
     [
      -85.7491434,
      35.085296
     ],
     [
      -85.7492891,
      35.0854583
     ],
     [
      -85.7494432,
      35.0856315
     ],
     [
      -85.7494961,
      35.0857579
     ],
     [
      -85.7496619,
      35.0859804
     ],
     [
      -85.7498204,
      35.0861796
     ],
     [
      -85.7500032,
      35.0863324
     ],
     [
      -85.7500839,
      35.0864349
     ],
     [
      -85.7503283,
      35.086704
     ],
     [
      -85.7504217,
      35.0868301
     ],
     [
      -85.7504748,
      35.0869492
     ],
     [
      -85.7505155,
      35.0869924
     ],
     [
      -85.7505479,
      35.086965
     ],
     [
      -85.7507292,
      35.086872
     ],
     [
      -85.7508531,
      35.0867764
     ],
     [
      -85.7509486,
      35.0866291
     ],
     [
      -85.7509909,
      35.08647
     ],
     [
      -85.7511465,
      35.086175
     ],
     [
      -85.7513623,
      35.0858454
     ],
     [
      -85.7516169,
      35.0855736
     ],
     [
      -85.7519742,
      35.0853365
     ],
     [
      -85.7521123,
      35.0852674
     ]
    ]
   },
   "properties": {
    "trail_number": 50,
    "name": "50",
    "kind": "trail",
    "difficulty": "difficult",
    "source": "sfwda_trace_edited",
    "review_status": "hand-edited; normalized from SVG",
    "id": "sfwda-36",
    "color": "#111111"
   }
  },
  {
   "type": "Feature",
   "geometry": {
    "type": "LineString",
    "coordinates": [
     [
      -85.7486822,
      35.0876245
     ],
     [
      -85.7488536,
      35.0876707
     ],
     [
      -85.7489498,
      35.0876665
     ],
     [
      -85.7490229,
      35.0876327
     ],
     [
      -85.7491082,
      35.0875846
     ],
     [
      -85.7491486,
      35.0874774
     ],
     [
      -85.7491947,
      35.0873911
     ],
     [
      -85.7492543,
      35.087325
     ],
     [
      -85.749265,
      35.0872194
     ],
     [
      -85.7493493,
      35.0871513
     ],
     [
      -85.7495051,
      35.0870853
     ],
     [
      -85.7495262,
      35.0870059
     ],
     [
      -85.7495098,
      35.086925
     ]
    ]
   },
   "properties": {
    "trail_number": 70,
    "name": "70",
    "kind": "trail",
    "difficulty": "difficult",
    "source": "sfwda_trace_edited",
    "review_status": "hand-edited; normalized from SVG",
    "id": "sfwda-37",
    "color": "#111111"
   }
  },
  {
   "type": "Feature",
   "geometry": {
    "type": "LineString",
    "coordinates": [
     [
      -85.7506966,
      35.088076
     ],
     [
      -85.7507651,
      35.0881493
     ],
     [
      -85.7508621,
      35.0881949
     ],
     [
      -85.7509334,
      35.0882325
     ],
     [
      -85.7509862,
      35.0882926
     ],
     [
      -85.7510155,
      35.0883934
     ],
     [
      -85.7510193,
      35.088509
     ],
     [
      -85.7510708,
      35.088637
     ],
     [
      -85.751233,
      35.088766
     ],
     [
      -85.7513059,
      35.0888753
     ]
    ]
   },
   "properties": {
    "trail_number": 53,
    "name": "53",
    "kind": "trail",
    "difficulty": "difficult",
    "source": "sfwda_trace_edited",
    "review_status": "hand-edited; normalized from SVG",
    "id": "sfwda-38",
    "color": "#111111"
   }
  },
  {
   "type": "Feature",
   "geometry": {
    "type": "LineString",
    "coordinates": [
     [
      -85.7484209,
      35.0868099
     ],
     [
      -85.7484231,
      35.0869112
     ],
     [
      -85.748395,
      35.0869826
     ],
     [
      -85.7483366,
      35.0869949
     ],
     [
      -85.7482302,
      35.0870076
     ],
     [
      -85.7482109,
      35.0870572
     ],
     [
      -85.7481976,
      35.087109
     ]
    ]
   },
   "properties": {
    "trail_number": 74,
    "name": "74",
    "kind": "trail",
    "difficulty": "difficult",
    "source": "sfwda_trace_edited",
    "review_status": "hand-edited; normalized from SVG",
    "id": "sfwda-39",
    "color": "#111111"
   }
  },
  {
   "type": "Feature",
   "geometry": {
    "type": "LineString",
    "coordinates": [
     [
      -85.7478657,
      35.0863911
     ],
     [
      -85.7478294,
      35.0864502
     ],
     [
      -85.747721,
      35.0864553
     ],
     [
      -85.7476332,
      35.0864689
     ],
     [
      -85.7475555,
      35.0865209
     ],
     [
      -85.7475164,
      35.0865558
     ],
     [
      -85.7474913,
      35.0866134
     ],
     [
      -85.7475116,
      35.0866718
     ],
     [
      -85.7476054,
      35.0867327
     ],
     [
      -85.7477147,
      35.0867858
     ],
     [
      -85.747781,
      35.0868023
     ],
     [
      -85.7479106,
      35.0869295
     ],
     [
      -85.7480508,
      35.0869918
     ],
     [
      -85.748136,
      35.0870675
     ],
     [
      -85.7481976,
      35.087109
     ],
     [
      -85.7482516,
      35.0871588
     ],
     [
      -85.7483062,
      35.0872051
     ],
     [
      -85.7483904,
      35.0872547
     ],
     [
      -85.7484107,
      35.0873437
     ]
    ]
   },
   "properties": {
    "trail_number": 72,
    "name": "72",
    "kind": "trail",
    "difficulty": "difficult",
    "source": "sfwda_trace_edited",
    "review_status": "hand-edited; normalized from SVG",
    "id": "sfwda-40",
    "color": "#111111"
   }
  },
  {
   "type": "Feature",
   "geometry": {
    "type": "LineString",
    "coordinates": [
     [
      -85.7543387,
      35.0845443
     ],
     [
      -85.7542558,
      35.0844842
     ],
     [
      -85.7541963,
      35.0844225
     ],
     [
      -85.7541304,
      35.084413
     ],
     [
      -85.7539381,
      35.0843069
     ],
     [
      -85.7538471,
      35.0842862
     ],
     [
      -85.7537606,
      35.0842253
     ],
     [
      -85.7537533,
      35.0841154
     ],
     [
      -85.7538636,
      35.0840198
     ],
     [
      -85.7540512,
      35.0840193
     ],
     [
      -85.7542536,
      35.0840226
     ],
     [
      -85.7545185,
      35.0840364
     ],
     [
      -85.7546836,
      35.0840629
     ],
     [
      -85.7547369,
      35.0841101
     ],
     [
      -85.7549499,
      35.0841576
     ],
     [
      -85.7551109,
      35.0841835
     ],
     [
      -85.7553917,
      35.0842049
     ],
     [
      -85.755464,
      35.0841652
     ],
     [
      -85.7554987,
      35.0840538
     ],
     [
      -85.7555932,
      35.0839371
     ],
     [
      -85.7556773,
      35.0839324
     ],
     [
      -85.7557611,
      35.0839644
     ],
     [
      -85.7558728,
      35.08396
     ],
     [
      -85.7559795,
      35.0839958
     ],
     [
      -85.7560874,
      35.0840928
     ],
     [
      -85.7561541,
      35.0842041
     ]
    ]
   },
   "properties": {
    "trail_number": 87,
    "name": "87",
    "kind": "trail",
    "difficulty": "easy",
    "source": "sfwda_trace_edited",
    "review_status": "hand-edited; normalized from SVG",
    "id": "sfwda-41",
    "color": "#1f9d3a"
   }
  },
  {
   "type": "Feature",
   "geometry": {
    "type": "LineString",
    "coordinates": [
     [
      -85.7518998,
      35.096081
     ],
     [
      -85.7518015,
      35.0959557
     ],
     [
      -85.7513825,
      35.0956501
     ]
    ]
   },
   "properties": {
    "trail_number": 32,
    "name": "32",
    "kind": "trail",
    "difficulty": "moderate",
    "source": "sfwda_trace_edited",
    "review_status": "hand-edited; normalized from SVG",
    "id": "sfwda-42",
    "color": "#2438c8"
   }
  },
  {
   "type": "Feature",
   "geometry": {
    "type": "LineString",
    "coordinates": [
     [
      -85.7508923,
      35.0963056
     ],
     [
      -85.7509005,
      35.0961989
     ],
     [
      -85.7509721,
      35.0961408
     ],
     [
      -85.7510549,
      35.0960772
     ],
     [
      -85.7510999,
      35.0960048
     ],
     [
      -85.7510595,
      35.0959097
     ],
     [
      -85.7510657,
      35.0957835
     ],
     [
      -85.7511274,
      35.0956687
     ]
    ]
   },
   "properties": {
    "trail_number": 32,
    "name": "32",
    "kind": "trail",
    "difficulty": "moderate",
    "source": "sfwda_trace_edited",
    "review_status": "hand-edited; normalized from SVG",
    "id": "sfwda-43",
    "color": "#2438c8"
   }
  },
  {
   "type": "Feature",
   "geometry": {
    "type": "LineString",
    "coordinates": [
     [
      -85.7481692,
      35.0924642
     ],
     [
      -85.7482501,
      35.0925396
     ],
     [
      -85.7484254,
      35.0925924
     ],
     [
      -85.7487296,
      35.0925924
     ],
     [
      -85.7489398,
      35.0925604
     ],
     [
      -85.7491028,
      35.0925138
     ],
     [
      -85.749258,
      35.0924742
     ],
     [
      -85.7495049,
      35.0924995
     ],
     [
      -85.749892,
      35.0924601
     ]
    ]
   },
   "properties": {
    "trail_number": null,
    "name": null,
    "kind": "trail",
    "difficulty": "difficult",
    "source": "sfwda_trace_edited",
    "review_status": "hand-edited; normalized from SVG",
    "id": "sfwda-44",
    "color": "#111111"
   }
  },
  {
   "type": "Feature",
   "geometry": {
    "type": "LineString",
    "coordinates": [
     [
      -85.7506539,
      35.0922123
     ],
     [
      -85.7508481,
      35.0921897
     ],
     [
      -85.7510642,
      35.0922683
     ],
     [
      -85.7511459,
      35.0923499
     ],
     [
      -85.7511706,
      35.0927721
     ],
     [
      -85.7513615,
      35.093068
     ],
     [
      -85.7513865,
      35.0932578
     ],
     [
      -85.7515893,
      35.0936153
     ]
    ]
   },
   "properties": {
    "trail_number": 40,
    "name": "40",
    "kind": "trail",
    "difficulty": "difficult",
    "source": "sfwda_trace_edited",
    "review_status": "hand-edited; normalized from SVG",
    "id": "sfwda-45",
    "color": "#111111"
   }
  },
  {
   "type": "Feature",
   "geometry": {
    "type": "LineString",
    "coordinates": [
     [
      -85.752688,
      35.096522
     ],
     [
      -85.7523831,
      35.0965736
     ],
     [
      -85.7521953,
      35.0965489
     ],
     [
      -85.7520105,
      35.0964605
     ],
     [
      -85.7518763,
      35.0963615
     ],
     [
      -85.7517782,
      35.0963233
     ],
     [
      -85.7516812,
      35.0963144
     ],
     [
      -85.7515843,
      35.0963326
     ],
     [
      -85.7513676,
      35.0963583
     ],
     [
      -85.7510499,
      35.096349
     ],
     [
      -85.7508923,
      35.0963056
     ],
     [
      -85.7508121,
      35.0962836
     ],
     [
      -85.7506318,
      35.0961608
     ],
     [
      -85.7505636,
      35.0960468
     ],
     [
      -85.7506396,
      35.0959189
     ],
     [
      -85.7508661,
      35.0958718
     ],
     [
      -85.7510544,
      35.0958663
     ],
     [
      -85.7512369,
      35.0959606
     ],
     [
      -85.7514335,
      35.0960382
     ],
     [
      -85.7515763,
      35.096064
     ],
     [
      -85.7517863,
      35.096085
     ],
     [
      -85.7518998,
      35.096081
     ],
     [
      -85.7520565,
      35.0960753
     ],
     [
      -85.7521648,
      35.0961358
     ],
     [
      -85.7523207,
      35.096185
     ],
     [
      -85.7526372,
      35.0961932
     ]
    ]
   },
   "properties": {
    "trail_number": 890,
    "name": "890",
    "kind": "trail",
    "difficulty": "moderate",
    "source": "sfwda_trace_edited",
    "review_status": "hand-edited; normalized from SVG",
    "id": "sfwda-46",
    "color": "#2438c8"
   }
  },
  {
   "type": "Feature",
   "geometry": {
    "type": "LineString",
    "coordinates": [
     [
      -85.7567665,
      35.0872864
     ],
     [
      -85.7569171,
      35.0873185
     ],
     [
      -85.7570713,
      35.0873529
     ],
     [
      -85.7570969,
      35.087445
     ],
     [
      -85.7570589,
      35.0875294
     ],
     [
      -85.7570275,
      35.0876176
     ],
     [
      -85.7570421,
      35.0877095
     ],
     [
      -85.757074,
      35.0877616
     ],
     [
      -85.7570942,
      35.0878547
     ],
     [
      -85.757099,
      35.0879604
     ],
     [
      -85.7571086,
      35.0881297
     ]
    ]
   },
   "properties": {
    "trail_number": 56,
    "name": "56",
    "kind": "trail",
    "difficulty": "difficult",
    "source": "sfwda_trace_edited",
    "review_status": "hand-edited; normalized from SVG",
    "id": "sfwda-47",
    "color": "#111111"
   }
  },
  {
   "type": "Feature",
   "geometry": {
    "type": "LineString",
    "coordinates": [
     [
      -85.7565117,
      35.0842518
     ],
     [
      -85.7566826,
      35.0840787
     ],
     [
      -85.7567897,
      35.0840529
     ],
     [
      -85.7569371,
      35.0841641
     ],
     [
      -85.7571468,
      35.0841619
     ],
     [
      -85.7573435,
      35.0842202
     ],
     [
      -85.7575295,
      35.0843119
     ],
     [
      -85.7578024,
      35.0845354
     ],
     [
      -85.7579954,
      35.0847693
     ],
     [
      -85.7580585,
      35.0849185
     ],
     [
      -85.7580321,
      35.0850113
     ],
     [
      -85.7579476,
      35.0850468
     ],
     [
      -85.7578047,
      35.0850444
     ],
     [
      -85.7577809,
      35.0850806
     ],
     [
      -85.7577905,
      35.0852173
     ],
     [
      -85.7578121,
      35.0852969
     ],
     [
      -85.7578384,
      35.0853678
     ],
     [
      -85.7578122,
      35.0854448
     ],
     [
      -85.7578047,
      35.0855181
     ],
     [
      -85.7577906,
      35.0855705
     ],
     [
      -85.7577714,
      35.0856327
     ],
     [
      -85.7577364,
      35.0856407
     ],
     [
      -85.7576835,
      35.0856527
     ],
     [
      -85.7575003,
      35.0856549
     ],
     [
      -85.7573292,
      35.085695
     ],
     [
      -85.7572203,
      35.0857111
     ],
     [
      -85.7570946,
      35.085629
     ],
     [
      -85.7570118,
      35.0856328
     ],
     [
      -85.7569332,
      35.0856628
     ],
     [
      -85.7569208,
      35.0857276
     ],
     [
      -85.7568394,
      35.0857651
     ],
     [
      -85.7566917,
      35.0857141
     ],
     [
      -85.7566182,
      35.0856358
     ],
     [
      -85.756568,
      35.0855557
     ],
     [
      -85.7565162,
      35.0854553
     ],
     [
      -85.7564173,
      35.0854098
     ],
     [
      -85.7563626,
      35.0854258
     ]
    ]
   },
   "properties": {
    "trail_number": null,
    "name": "JW3",
    "kind": "trail",
    "difficulty": "moderate",
    "source": "sfwda_trace_edited",
    "review_status": "hand-edited; normalized from SVG",
    "id": "sfwda-48",
    "color": "#2438c8"
   }
  },
  {
   "type": "Feature",
   "geometry": {
    "type": "LineString",
    "coordinates": [
     [
      -85.7574932,
      35.0886794
     ],
     [
      -85.7577322,
      35.0886744
     ],
     [
      -85.7579335,
      35.088705
     ],
     [
      -85.7579762,
      35.0887507
     ],
     [
      -85.7580177,
      35.0887539
     ],
     [
      -85.7580669,
      35.0887439
     ],
     [
      -85.7581254,
      35.088707
     ],
     [
      -85.7582272,
      35.0886739
     ],
     [
      -85.7584575,
      35.0886691
     ],
     [
      -85.7585717,
      35.088709
     ],
     [
      -85.758694,
      35.0887321
     ],
     [
      -85.7587249,
      35.0887598
     ],
     [
      -85.7587248,
      35.0889386
     ],
     [
      -85.7586857,
      35.0889837
     ],
     [
      -85.7586351,
      35.0890098
     ],
     [
      -85.758391,
      35.0890203
     ],
     [
      -85.7583529,
      35.089082
     ],
     [
      -85.7583496,
      35.0891408
     ],
     [
      -85.7583748,
      35.0891997
     ],
     [
      -85.7586287,
      35.089362
     ],
     [
      -85.7586787,
      35.0896337
     ],
     [
      -85.7586568,
      35.0898755
     ],
     [
      -85.7585853,
      35.0899791
     ],
     [
      -85.7584291,
      35.0900123
     ],
     [
      -85.7582161,
      35.0899754
     ]
    ]
   },
   "properties": {
    "trail_number": null,
    "name": "JW4",
    "kind": "trail",
    "difficulty": "moderate",
    "source": "sfwda_trace_edited",
    "review_status": "hand-edited; normalized from SVG",
    "id": "sfwda-49",
    "color": "#2438c8"
   }
  },
  {
   "type": "Feature",
   "geometry": {
    "type": "LineString",
    "coordinates": [
     [
      -85.7574986,
      35.0905921
     ],
     [
      -85.757657,
      35.0903982
     ],
     [
      -85.7577901,
      35.0903137
     ],
     [
      -85.7580265,
      35.090253
     ],
     [
      -85.7581666,
      35.0901251
     ],
     [
      -85.7582161,
      35.0899754
     ],
     [
      -85.7582344,
      35.0899201
     ],
     [
      -85.7582253,
      35.0897334
     ],
     [
      -85.7581862,
      35.0896217
     ],
     [
      -85.7581687,
      35.0894865
     ],
     [
      -85.7582646,
      35.0893805
     ],
     [
      -85.7583049,
      35.0892092
     ],
     [
      -85.7581482,
      35.0890113
     ],
     [
      -85.7580024,
      35.088892
     ],
     [
      -85.7577821,
      35.0888345
     ],
     [
      -85.7577607,
      35.0888289
     ],
     [
      -85.7575035,
      35.0888368
     ]
    ]
   },
   "properties": {
    "trail_number": 30,
    "name": "30",
    "kind": "trail",
    "difficulty": "moderate",
    "source": "sfwda_trace_edited",
    "review_status": "hand-edited; normalized from SVG",
    "id": "sfwda-50",
    "color": "#2438c8"
   }
  },
  {
   "type": "Feature",
   "geometry": {
    "type": "LineString",
    "coordinates": [
     [
      -85.7577821,
      35.0888345
     ],
     [
      -85.7577855,
      35.0891884
     ],
     [
      -85.7579101,
      35.0892985
     ],
     [
      -85.75791,
      35.0894863
     ],
     [
      -85.7578747,
      35.0896736
     ],
     [
      -85.7577317,
      35.0897381
     ],
     [
      -85.7575822,
      35.0897783
     ],
     [
      -85.7575385,
      35.0897941
     ],
     [
      -85.7575298,
      35.089838
     ],
     [
      -85.7575654,
      35.0898979
     ],
     [
      -85.7576217,
      35.0899402
     ],
     [
      -85.7577328,
      35.0899641
     ],
     [
      -85.7577073,
      35.0900606
     ],
     [
      -85.7576052,
      35.0901415
     ],
     [
      -85.7575166,
      35.0902546
     ],
     [
      -85.757457,
      35.0903961
     ],
     [
      -85.7574735,
      35.0905737
     ]
    ]
   },
   "properties": {
    "trail_number": null,
    "name": "JW2",
    "kind": "trail",
    "difficulty": "easy",
    "source": "sfwda_trace_edited",
    "review_status": "hand-edited; normalized from SVG",
    "id": "sfwda-51",
    "color": "#1f9d3a"
   }
  },
  {
   "type": "Feature",
   "geometry": {
    "type": "LineString",
    "coordinates": [
     [
      -85.7574735,
      35.0905737
     ],
     [
      -85.7574761,
      35.0905981
     ],
     [
      -85.7574866,
      35.0907096
     ],
     [
      -85.7575565,
      35.0908557
     ],
     [
      -85.7575597,
      35.0910579
     ],
     [
      -85.7574916,
      35.0912326
     ],
     [
      -85.7574808,
      35.0912873
     ],
     [
      -85.75748,
      35.0913253
     ],
     [
      -85.7575016,
      35.0913493
     ],
     [
      -85.7575565,
      35.0913713
     ],
     [
      -85.7576366,
      35.0914086
     ],
     [
      -85.7577,
      35.091465
     ],
     [
      -85.7577126,
      35.0915677
     ],
     [
      -85.7576898,
      35.091698
     ],
     [
      -85.7576674,
      35.0918284
     ],
     [
      -85.7576708,
      35.0919074
     ],
     [
      -85.7577081,
      35.0919857
     ],
     [
      -85.7577126,
      35.0921117
     ],
     [
      -85.7576595,
      35.0923518
     ],
     [
      -85.7576043,
      35.0925071
     ],
     [
      -85.7575646,
      35.0928439
     ]
    ]
   },
   "properties": {
    "trail_number": null,
    "name": "JW20",
    "kind": "trail",
    "difficulty": "moderate",
    "source": "sfwda_trace_edited",
    "review_status": "hand-edited; normalized from SVG",
    "id": "sfwda-52",
    "color": "#2438c8"
   }
  },
  {
   "type": "Feature",
   "geometry": {
    "type": "LineString",
    "coordinates": [
     [
      -85.7585981,
      35.0935168
     ],
     [
      -85.7587341,
      35.0935403
     ],
     [
      -85.7588007,
      35.0935025
     ],
     [
      -85.7590397,
      35.0935123
     ]
    ]
   },
   "properties": {
    "trail_number": null,
    "name": null,
    "kind": "trail",
    "difficulty": "easy",
    "source": "sfwda_trace_edited",
    "review_status": "hand-edited; normalized from SVG",
    "id": "sfwda-53",
    "color": "#1f9d3a"
   }
  },
  {
   "type": "Feature",
   "geometry": {
    "type": "LineString",
    "coordinates": [
     [
      -85.7584119,
      35.0935257
     ],
     [
      -85.7584197,
      35.0936367
     ],
     [
      -85.7584691,
      35.0937031
     ],
     [
      -85.7584691,
      35.0938912
     ],
     [
      -85.7583468,
      35.0942694
     ]
    ]
   },
   "properties": {
    "trail_number": null,
    "name": null,
    "kind": "trail",
    "difficulty": "easy",
    "source": "sfwda_trace_edited",
    "review_status": "hand-edited; normalized from SVG",
    "id": "sfwda-54",
    "color": "#1f9d3a"
   }
  },
  {
   "type": "Feature",
   "geometry": {
    "type": "LineString",
    "coordinates": [
     [
      -85.758065,
      35.0944377
     ],
     [
      -85.7578569,
      35.0942699
     ],
     [
      -85.7577485,
      35.0942329
     ],
     [
      -85.7575582,
      35.0942272
     ],
     [
      -85.7574546,
      35.0941574
     ],
     [
      -85.7572613,
      35.0938914
     ],
     [
      -85.757082,
      35.0936797
     ],
     [
      -85.7569408,
      35.0936126
     ],
     [
      -85.7568881,
      35.0935964
     ],
     [
      -85.756861,
      35.093588
     ]
    ]
   },
   "properties": {
    "trail_number": 25,
    "name": "25",
    "kind": "trail",
    "difficulty": "moderate",
    "source": "sfwda_trace_edited",
    "review_status": "hand-edited; normalized from SVG",
    "id": "sfwda-55",
    "color": "#2438c8"
   }
  },
  {
   "type": "Feature",
   "geometry": {
    "type": "LineString",
    "coordinates": [
     [
      -85.7566039,
      35.093374
     ],
     [
      -85.7565231,
      35.09343
     ],
     [
      -85.7564711,
      35.0934955
     ],
     [
      -85.7563736,
      35.0935678
     ],
     [
      -85.7562722,
      35.0936263
     ],
     [
      -85.7562489,
      35.0936369
     ],
     [
      -85.7561417,
      35.0936862
     ],
     [
      -85.7560318,
      35.0937051
     ],
     [
      -85.7559627,
      35.0936931
     ],
     [
      -85.7558873,
      35.093664
     ],
     [
      -85.7558247,
      35.0935979
     ],
     [
      -85.7557505,
      35.0934991
     ]
    ]
   },
   "properties": {
    "trail_number": 65,
    "name": "65",
    "kind": "trail",
    "difficulty": "difficult",
    "source": "sfwda_trace_edited",
    "review_status": "hand-edited; normalized from SVG",
    "id": "sfwda-56",
    "color": "#111111"
   }
  },
  {
   "type": "Feature",
   "geometry": {
    "type": "LineString",
    "coordinates": [
     [
      -85.7588144,
      35.0945908
     ],
     [
      -85.7589315,
      35.0945833
     ],
     [
      -85.7590082,
      35.0945924
     ],
     [
      -85.7590997,
      35.0946599
     ],
     [
      -85.7592563,
      35.0947748
     ],
     [
      -85.7593555,
      35.0948143
     ],
     [
      -85.7594672,
      35.0948143
     ]
    ]
   },
   "properties": {
    "trail_number": 79,
    "name": "79",
    "kind": "trail",
    "difficulty": "difficult",
    "source": "sfwda_trace_edited",
    "review_status": "hand-edited; normalized from SVG",
    "id": "sfwda-57",
    "color": "#111111"
   }
  },
  {
   "type": "Feature",
   "geometry": {
    "type": "LineString",
    "coordinates": [
     [
      -85.7580667,
      35.0962525
     ],
     [
      -85.7583473,
      35.0964795
     ],
     [
      -85.758438,
      35.0966283
     ],
     [
      -85.7584198,
      35.0967524
     ],
     [
      -85.7583599,
      35.0968126
     ],
     [
      -85.7582936,
      35.09684
     ],
     [
      -85.7582298,
      35.0968202
     ],
     [
      -85.7581894,
      35.0967655
     ],
     [
      -85.7581126,
      35.0966279
     ],
     [
      -85.7580485,
      35.0965898
     ],
     [
      -85.7579837,
      35.0965742
     ],
     [
      -85.7578865,
      35.0965742
     ],
     [
      -85.757849,
      35.0966044
     ],
     [
      -85.7578388,
      35.0967777
     ],
     [
      -85.7578225,
      35.0968314
     ],
     [
      -85.7577072,
      35.096997
     ]
    ]
   },
   "properties": {
    "trail_number": null,
    "name": "JW1",
    "kind": "trail",
    "difficulty": "easy",
    "source": "sfwda_trace_edited",
    "review_status": "hand-edited; normalized from SVG",
    "id": "sfwda-58",
    "color": "#1f9d3a"
   }
  },
  {
   "type": "Feature",
   "geometry": {
    "type": "LineString",
    "coordinates": [
     [
      -85.7512037,
      35.0920058
     ],
     [
      -85.751216,
      35.0921672
     ],
     [
      -85.7511537,
      35.0922484
     ],
     [
      -85.7510649,
      35.0922639
     ]
    ]
   },
   "properties": {
    "trail_number": null,
    "name": null,
    "kind": "trail",
    "difficulty": "difficult",
    "source": "sfwda_trace_edited",
    "review_status": "hand-edited; normalized from SVG",
    "id": "sfwda-59",
    "color": "#111111"
   }
  },
  {
   "type": "Feature",
   "geometry": {
    "type": "LineString",
    "coordinates": [
     [
      -85.747577,
      35.0930728
     ],
     [
      -85.747649,
      35.0928871
     ],
     [
      -85.747815,
      35.0927115
     ],
     [
      -85.7479871,
      35.0925479
     ],
     [
      -85.7481692,
      35.0924642
     ],
     [
      -85.7482077,
      35.0924464
     ],
     [
      -85.7485139,
      35.0924104
     ],
     [
      -85.7485393,
      35.0923737
     ],
     [
      -85.7490408,
      35.0922592
     ],
     [
      -85.7492657,
      35.0922374
     ]
    ]
   },
   "properties": {
    "trail_number": null,
    "name": null,
    "kind": "trail",
    "difficulty": "difficult",
    "source": "sfwda_trace_edited",
    "review_status": "hand-edited; normalized from SVG",
    "id": "sfwda-60",
    "color": "#111111"
   }
  },
  {
   "type": "Feature",
   "geometry": {
    "type": "LineString",
    "coordinates": [
     [
      -85.7502838,
      35.0929393
     ],
     [
      -85.7503392,
      35.0928912
     ],
     [
      -85.75039,
      35.0928314
     ],
     [
      -85.7504469,
      35.0928098
     ],
     [
      -85.7505525,
      35.0927965
     ],
     [
      -85.7506906,
      35.0927467
     ],
     [
      -85.7506865,
      35.0926985
     ],
     [
      -85.750717,
      35.0926005
     ],
     [
      -85.7507739,
      35.0925242
     ],
     [
      -85.750784,
      35.0924427
     ],
     [
      -85.7506886,
      35.0923517
     ],
     [
      -85.7506581,
      35.0922602
     ],
     [
      -85.7506539,
      35.0922123
     ],
     [
      -85.750652,
      35.0921904
     ],
     [
      -85.75052,
      35.0921554
     ],
     [
      -85.7503534,
      35.0920949
     ]
    ]
   },
   "properties": {
    "trail_number": 44,
    "name": "44",
    "kind": "trail",
    "difficulty": "difficult",
    "source": "sfwda_trace_edited",
    "review_status": "hand-edited; normalized from SVG",
    "id": "sfwda-61",
    "color": "#111111"
   }
  },
  {
   "type": "Feature",
   "geometry": {
    "type": "LineString",
    "coordinates": [
     [
      -85.7503534,
      35.0920949
     ],
     [
      -85.7502702,
      35.092167
     ],
     [
      -85.750201,
      35.0921803
     ],
     [
      -85.7500121,
      35.092187
     ],
     [
      -85.7499512,
      35.0922386
     ],
     [
      -85.7499024,
      35.0923199
     ],
     [
      -85.749892,
      35.0924601
     ],
     [
      -85.7498841,
      35.0925657
     ],
     [
      -85.7498923,
      35.092657
     ],
     [
      -85.7499104,
      35.0927085
     ],
     [
      -85.7499065,
      35.0928246
     ],
     [
      -85.7498943,
      35.0929376
     ],
     [
      -85.7498724,
      35.0930125
     ]
    ]
   },
   "properties": {
    "trail_number": 61,
    "name": "61",
    "kind": "trail",
    "difficulty": "difficult",
    "source": "sfwda_trace_edited",
    "review_status": "hand-edited; normalized from SVG",
    "id": "sfwda-62",
    "color": "#111111"
   }
  },
  {
   "type": "Feature",
   "geometry": {
    "type": "LineString",
    "coordinates": [
     [
      -85.7459697,
      35.0889502
     ],
     [
      -85.7459513,
      35.0896191
     ],
     [
      -85.745913,
      35.0910015
     ]
    ]
   },
   "properties": {
    "trail_number": null,
    "name": null,
    "kind": "road",
    "difficulty": null,
    "source": "sfwda_trace_edited",
    "review_status": "hand-edited; normalized from SVG",
    "id": "sfwda-63",
    "color": "#f25e0d"
   }
  },
  {
   "type": "Feature",
   "geometry": {
    "type": "LineString",
    "coordinates": [
     [
      -85.7555896,
      35.0919354
     ],
     [
      -85.7556294,
      35.0920277
     ],
     [
      -85.7557232,
      35.092179
     ],
     [
      -85.7560128,
      35.0925908
     ],
     [
      -85.7562834,
      35.0929786
     ],
     [
      -85.756453,
      35.0932255
     ],
     [
      -85.7564925,
      35.0932489
     ],
     [
      -85.7565666,
      35.09333
     ],
     [
      -85.7566039,
      35.0933741
     ],
     [
      -85.7567215,
      35.0934714
     ],
     [
      -85.756861,
      35.093588
     ],
     [
      -85.7568736,
      35.0935985
     ],
     [
      -85.7569373,
      35.0936911
     ],
     [
      -85.7569721,
      35.0938219
     ],
     [
      -85.7569798,
      35.094145
     ],
     [
      -85.7569231,
      35.0943617
     ],
     [
      -85.7568913,
      35.0945471
     ],
     [
      -85.7568913,
      35.0947174
     ],
     [
      -85.7569091,
      35.0948361
     ],
     [
      -85.7568913,
      35.0949834
     ],
     [
      -85.7568312,
      35.0951541
     ],
     [
      -85.7567392,
      35.0952726
     ],
     [
      -85.7566207,
      35.0953488
     ],
     [
      -85.756573,
      35.0953795
     ],
     [
      -85.7562025,
      35.0956311
     ],
     [
      -85.7560687,
      35.0956971
     ],
     [
      -85.7559769,
      35.0957703
     ],
     [
      -85.7559074,
      35.0958092
     ],
     [
      -85.7557557,
      35.0959067
     ],
     [
      -85.7553574,
      35.0961025
     ],
     [
      -85.755116,
      35.0961564
     ],
     [
      -85.7549556,
      35.0961923
     ],
     [
      -85.7547896,
      35.0961925
     ],
     [
      -85.7545571,
      35.0961691
     ],
     [
      -85.7545087,
      35.0961652
     ],
     [
      -85.7542242,
      35.0961425
     ],
     [
      -85.7541234,
      35.0961821
     ],
     [
      -85.7539884,
      35.0962354
     ],
     [
      -85.7538023,
      35.0962561
     ],
     [
      -85.753631,
      35.0962753
     ],
     [
      -85.7532937,
      35.0962255
     ],
     [
      -85.7529483,
      35.0961143
     ],
     [
      -85.7527573,
      35.0960528
     ],
     [
      -85.7522333,
      35.0958171
     ],
     [
      -85.7520832,
      35.0957635
     ]
    ]
   },
   "properties": {
    "trail_number": 2,
    "name": "2",
    "kind": "trail",
    "difficulty": "easy",
    "source": "sfwda_trace_edited",
    "review_status": "hand-edited; normalized from SVG",
    "id": "sfwda-64",
    "color": "#1f9d3a"
   }
  },
  {
   "type": "Feature",
   "geometry": {
    "type": "LineString",
    "coordinates": [
     [
      -85.7520832,
      35.0957635
     ],
     [
      -85.7518513,
      35.0956809
     ],
     [
      -85.7516034,
      35.0956443
     ],
     [
      -85.7513825,
      35.0956501
     ],
     [
      -85.7513476,
      35.095651
     ],
     [
      -85.7511274,
      35.0956687
     ],
     [
      -85.7508112,
      35.0956942
     ],
     [
      -85.7503646,
      35.0957772
     ],
     [
      -85.7502122,
      35.0957813
     ],
     [
      -85.7501125,
      35.0957838
     ],
     [
      -85.7498647,
      35.0957639
     ],
     [
      -85.7496332,
      35.0957042
     ],
     [
      -85.7494464,
      35.0955979
     ],
     [
      -85.749292,
      35.0954285
     ],
     [
      -85.7491578,
      35.0952457
     ],
     [
      -85.7489508,
      35.095093
     ],
     [
      -85.7486795,
      35.0949489
     ]
    ]
   },
   "properties": {
    "trail_number": 32,
    "name": "32",
    "kind": "trail",
    "difficulty": "moderate",
    "source": "sfwda_trace_edited",
    "review_status": "hand-edited; normalized from SVG",
    "id": "sfwda-65",
    "color": "#2438c8"
   }
  },
  {
   "type": "Feature",
   "geometry": {
    "type": "LineString",
    "coordinates": [
     [
      -85.7486795,
      35.0949489
     ],
     [
      -85.7488232,
      35.0949565
     ],
     [
      -85.7490079,
      35.0949788
     ],
     [
      -85.7492664,
      35.0949788
     ],
     [
      -85.7493727,
      35.0949573
     ],
     [
      -85.7494682,
      35.0949066
     ],
     [
      -85.7495083,
      35.0948853
     ],
     [
      -85.7495313,
      35.0948731
     ],
     [
      -85.7496328,
      35.0948418
     ],
     [
      -85.749713,
      35.0948392
     ],
     [
      -85.7498684,
      35.0948945
     ],
     [
      -85.750084,
      35.0949788
     ],
     [
      -85.7501702,
      35.0949926
     ],
     [
      -85.7503055,
      35.0949788
     ],
     [
      -85.7503995,
      35.0949259
     ],
     [
      -85.7505381,
      35.0948581
     ],
     [
      -85.7506134,
      35.0948492
     ],
     [
      -85.7507259,
      35.0948895
     ],
     [
      -85.7507921,
      35.0949373
     ],
     [
      -85.7508644,
      35.095048
     ],
     [
      -85.7509261,
      35.0951461
     ],
     [
      -85.7509799,
      35.0952016
     ],
     [
      -85.7510584,
      35.0952293
     ],
     [
      -85.7511908,
      35.0952505
     ],
     [
      -85.7514002,
      35.0952531
     ],
     [
      -85.751651,
      35.0952343
     ],
     [
      -85.7518405,
      35.0952104
     ],
     [
      -85.7519359,
      35.0952205
     ],
     [
      -85.752036,
      35.0952619
     ],
     [
      -85.752136,
      35.0953915
     ],
     [
      -85.7521652,
      35.0954495
     ],
     [
      -85.7521821,
      35.0955413
     ],
     [
      -85.7521806,
      35.0956142
     ],
     [
      -85.7521575,
      35.0956671
     ],
     [
      -85.7520832,
      35.0957635
     ]
    ]
   },
   "properties": {
    "trail_number": 49,
    "name": "49",
    "kind": "trail",
    "difficulty": "difficult",
    "source": "sfwda_trace_edited",
    "review_status": "hand-edited; normalized from SVG",
    "id": "sfwda-66",
    "color": "#111111"
   }
  },
  {
   "type": "Feature",
   "geometry": {
    "type": "LineString",
    "coordinates": [
     [
      -85.7486795,
      35.0949489
     ],
     [
      -85.7484876,
      35.0948008
     ],
     [
      -85.7484712,
      35.0947803
     ],
     [
      -85.7483576,
      35.0946382
     ],
     [
      -85.7483454,
      35.0945253
     ],
     [
      -85.7484105,
      35.0943723
     ],
     [
      -85.7484777,
      35.094304
     ],
     [
      -85.7485284,
      35.0942527
     ],
     [
      -85.7487315,
      35.0941665
     ],
     [
      -85.7489953,
      35.0940636
     ],
     [
      -85.7493365,
      35.0940636
     ],
     [
      -85.7499177,
      35.0941433
     ],
     [
      -85.7503359,
      35.0941665
     ],
     [
      -85.7506732,
      35.0941266
     ],
     [
      -85.750712,
      35.0941093
     ],
     [
      -85.7508437,
      35.0940503
     ],
     [
      -85.7509228,
      35.0939657
     ],
     [
      -85.7509738,
      35.0939107
     ],
     [
      -85.7509941,
      35.0938178
     ],
     [
      -85.7509291,
      35.0936683
     ],
     [
      -85.7508436,
      35.0935609
     ],
     [
      -85.7508154,
      35.0935256
     ],
     [
      -85.7505635,
      35.0932964
     ],
     [
      -85.750401,
      35.0931403
     ],
     [
      -85.7503153,
      35.0930138
     ],
     [
      -85.7502954,
      35.0929843
     ],
     [
      -85.7502838,
      35.0929393
     ],
     [
      -85.750267,
      35.0928747
     ],
     [
      -85.7503116,
      35.0926786
     ],
     [
      -85.7504174,
      35.0924993
     ],
     [
      -85.7504701,
      35.0923601
     ],
     [
      -85.7504538,
      35.092227
     ],
     [
      -85.7503726,
      35.0921139
     ],
     [
      -85.7503534,
      35.0920949
     ],
     [
      -85.750272,
      35.0920146
     ],
     [
      -85.7500443,
      35.0919041
     ],
     [
      -85.7498195,
      35.091758
     ],
     [
      -85.7497334,
      35.0917832
     ],
     [
      -85.7494716,
      35.0918761
     ],
     [
      -85.7491945,
      35.0919593
     ],
     [
      -85.7489758,
      35.091982
     ],
     [
      -85.748904,
      35.091985
     ]
    ]
   },
   "properties": {
    "trail_number": 43,
    "name": "43",
    "kind": "trail",
    "difficulty": "difficult",
    "source": "sfwda_trace_edited",
    "review_status": "hand-edited; normalized from SVG",
    "id": "sfwda-67",
    "color": "#111111"
   }
  },
  {
   "type": "Feature",
   "geometry": {
    "type": "LineString",
    "coordinates": [
     [
      -85.7498195,
      35.091758
     ],
     [
      -85.7496725,
      35.0916388
     ],
     [
      -85.7493881,
      35.0915558
     ],
     [
      -85.7493071,
      35.091505
     ],
     [
      -85.7492135,
      35.0914461
     ],
     [
      -85.7489534,
      35.09129
     ],
     [
      -85.7487218,
      35.0912335
     ],
     [
      -85.7481773,
      35.0911804
     ],
     [
      -85.7478663,
      35.0911706
     ],
     [
      -85.7478061,
      35.0911706
     ],
     [
      -85.7475029,
      35.0911606
     ],
     [
      -85.7467596,
      35.0910974
     ],
     [
      -85.745913,
      35.0910015
     ]
    ]
   },
   "properties": {
    "trail_number": null,
    "name": null,
    "kind": "road",
    "difficulty": null,
    "source": "sfwda_trace_edited",
    "review_status": "hand-edited; normalized from SVG",
    "id": "sfwda-68",
    "color": "#f25e0d"
   }
  },
  {
   "type": "Feature",
   "geometry": {
    "type": "LineString",
    "coordinates": [
     [
      -85.7497316,
      35.0846419
     ],
     [
      -85.7495125,
      35.0847218
     ],
     [
      -85.7493385,
      35.0848078
     ],
     [
      -85.7492042,
      35.0848777
     ],
     [
      -85.7491271,
      35.0850137
     ],
     [
      -85.7491216,
      35.0852578
     ]
    ]
   },
   "properties": {
    "trail_number": null,
    "name": null,
    "kind": "trail",
    "difficulty": "difficult",
    "source": "sfwda_trace_edited",
    "review_status": "hand-edited; normalized from SVG",
    "id": "sfwda-69",
    "color": "#111111"
   }
  },
  {
   "type": "Feature",
   "geometry": {
    "type": "LineString",
    "coordinates": [
     [
      -85.7505155,
      35.0869924
     ],
     [
      -85.7506492,
      35.08741
     ],
     [
      -85.7507166,
      35.0874638
     ],
     [
      -85.7508285,
      35.0875338
     ],
     [
      -85.7510077,
      35.0876155
     ],
     [
      -85.7512461,
      35.087751
     ],
     [
      -85.7513894,
      35.0878402
     ],
     [
      -85.7515509,
      35.0879408
     ]
    ]
   },
   "properties": {
    "trail_number": 52,
    "name": "52",
    "kind": "trail",
    "difficulty": "difficult",
    "source": "sfwda_trace_edited",
    "review_status": "hand-edited; normalized from SVG",
    "id": "sfwda-70",
    "color": "#111111"
   }
  },
  {
   "type": "Feature",
   "geometry": {
    "type": "LineString",
    "coordinates": [
     [
      -85.7499,
      35.0893838
     ],
     [
      -85.7496728,
      35.089902
     ],
     [
      -85.7496079,
      35.0901308
     ],
     [
      -85.7496079,
      35.0903269
     ],
     [
      -85.7496322,
      35.0904398
     ],
     [
      -85.7497175,
      35.0905029
     ],
     [
      -85.7498635,
      35.0905395
     ],
     [
      -85.7499811,
      35.0905262
     ],
     [
      -85.7503185,
      35.0904431
     ],
     [
      -85.7505907,
      35.09039
     ],
     [
      -85.7507328,
      35.0903269
     ],
     [
      -85.750814,
      35.0902671
     ],
     [
      -85.750873,
      35.0902128
     ],
     [
      -85.7509521,
      35.0901441
     ]
    ]
   },
   "properties": {
    "trail_number": 22,
    "name": "22",
    "kind": "trail",
    "difficulty": "moderate",
    "source": "sfwda_trace_edited",
    "review_status": "hand-edited; normalized from SVG",
    "id": "sfwda-71",
    "color": "#2438c8"
   }
  },
  {
   "type": "Feature",
   "geometry": {
    "type": "LineString",
    "coordinates": [
     [
      -85.7496079,
      35.0902373
     ],
     [
      -85.7494972,
      35.0902981
     ],
     [
      -85.7493275,
      35.0905207
     ],
     [
      -85.7492603,
      35.0906653
     ],
     [
      -85.7492391,
      35.0908647
     ],
     [
      -85.7492707,
      35.0909977
     ],
     [
      -85.7493628,
      35.0912435
     ],
     [
      -85.7494051,
      35.0913333
     ],
     [
      -85.7493729,
      35.091505
     ],
     [
      -85.7492603,
      35.0917263
     ],
     [
      -85.7491189,
      35.0918853
     ],
     [
      -85.748904,
      35.091985
     ]
    ]
   },
   "properties": {
    "trail_number": 1,
    "name": "1",
    "kind": "trail",
    "difficulty": "moderate",
    "source": "sfwda_trace_edited",
    "review_status": "hand-edited; normalized from SVG",
    "id": "sfwda-72",
    "color": "#2438c8"
   }
  },
  {
   "type": "Feature",
   "geometry": {
    "type": "LineString",
    "coordinates": [
     [
      -85.7492486,
      35.0929849
     ],
     [
      -85.7492521,
      35.092919
     ],
     [
      -85.7492451,
      35.0927989
     ],
     [
      -85.7492327,
      35.0926934
     ],
     [
      -85.749238,
      35.0925475
     ],
     [
      -85.7492592,
      35.0923178
     ],
     [
      -85.7492657,
      35.0922374
     ],
     [
      -85.7492734,
      35.0921441
     ],
     [
      -85.7495226,
      35.0920836
     ],
     [
      -85.7496853,
      35.0920241
     ],
     [
      -85.74991,
      35.0919692
     ],
     [
      -85.7500001,
      35.0919345
     ],
     [
      -85.7500443,
      35.0919041
     ]
    ]
   },
   "properties": {
    "trail_number": null,
    "name": "Riot Hill",
    "kind": "trail",
    "difficulty": "difficult",
    "source": "sfwda_trace_edited",
    "review_status": "hand-edited; normalized from SVG",
    "id": "sfwda-73",
    "color": "#111111"
   }
  },
  {
   "type": "Feature",
   "geometry": {
    "type": "LineString",
    "coordinates": [
     [
      -85.7500443,
      35.0919041
     ],
     [
      -85.7507162,
      35.0919542
     ],
     [
      -85.7512037,
      35.0920058
     ],
     [
      -85.7512809,
      35.092014
     ],
     [
      -85.7516953,
      35.0920938
     ],
     [
      -85.7520245,
      35.0921433
     ],
     [
      -85.7521909,
      35.0922265
     ],
     [
      -85.7522965,
      35.092366
     ],
     [
      -85.7523332,
      35.0925121
     ],
     [
      -85.7522397,
      35.0926152
     ],
     [
      -85.7522153,
      35.0927015
     ],
     [
      -85.7522356,
      35.0927876
     ],
     [
      -85.7523534,
      35.0928808
     ],
     [
      -85.75239,
      35.0929538
     ],
     [
      -85.7523412,
      35.0930567
     ],
     [
      -85.7523208,
      35.0931663
     ],
     [
      -85.7523453,
      35.0932626
     ],
     [
      -85.75239,
      35.0933887
     ],
     [
      -85.7523615,
      35.0934985
     ],
     [
      -85.7522153,
      35.0935814
     ],
     [
      -85.7520528,
      35.093618
     ],
     [
      -85.7517278,
      35.0936279
     ],
     [
      -85.7515893,
      35.0936153
     ],
     [
      -85.751216,
      35.0935814
     ],
     [
      -85.7508436,
      35.0935609
     ]
    ]
   },
   "properties": {
    "trail_number": 47,
    "name": "47",
    "kind": "trail",
    "difficulty": "difficult",
    "source": "sfwda_trace_edited",
    "review_status": "hand-edited; normalized from SVG",
    "id": "sfwda-74",
    "color": "#111111"
   }
  },
  {
   "type": "Feature",
   "geometry": {
    "type": "LineString",
    "coordinates": [
     [
      -85.7508436,
      35.0935609
     ],
     [
      -85.7504597,
      35.0935463
     ],
     [
      -85.750245,
      35.0935384
     ],
     [
      -85.7499728,
      35.0935085
     ],
     [
      -85.7493999,
      35.0935017
     ],
     [
      -85.7490127,
      35.0935185
     ],
     [
      -85.7485846,
      35.093582
     ],
     [
      -85.7482132,
      35.0936802
     ],
     [
      -85.7480082,
      35.0937438
     ],
     [
      -85.7479546,
      35.0937494
     ],
     [
      -85.7478098,
      35.0937641
     ],
     [
      -85.7475554,
      35.0937641
     ],
     [
      -85.7473501,
      35.0937467
     ],
     [
      -85.747046,
      35.0936455
     ],
     [
      -85.7469269,
      35.0935686
     ],
     [
      -85.7469057,
      35.0934875
     ],
     [
      -85.7469363,
      35.0933815
     ],
     [
      -85.747026,
      35.0932968
     ],
     [
      -85.7472477,
      35.0931858
     ],
     [
      -85.747577,
      35.0930728
     ],
     [
      -85.7476014,
      35.0930644
     ],
     [
      -85.7479588,
      35.0930037
     ],
     [
      -85.7482522,
      35.0929691
     ],
     [
      -85.7487191,
      35.0929633
     ],
     [
      -85.7491398,
      35.0929835
     ],
     [
      -85.7492486,
      35.0929849
     ],
     [
      -85.7495855,
      35.0929893
     ],
     [
      -85.7498724,
      35.0930125
     ],
     [
      -85.7499073,
      35.0930154
     ],
     [
      -85.7502256,
      35.0930327
     ],
     [
      -85.7503153,
      35.0930138
     ]
    ]
   },
   "properties": {
    "trail_number": 45,
    "name": "45",
    "kind": "trail",
    "difficulty": "difficult",
    "source": "sfwda_trace_edited",
    "review_status": "hand-edited; normalized from SVG",
    "id": "sfwda-75",
    "color": "#111111"
   }
  },
  {
   "type": "Feature",
   "geometry": {
    "type": "LineString",
    "coordinates": [
     [
      -85.75616,
      35.092164
     ],
     [
      -85.7562272,
      35.0922249
     ],
     [
      -85.7564034,
      35.0923375
     ],
     [
      -85.7565774,
      35.0924153
     ],
     [
      -85.7568237,
      35.0925198
     ],
     [
      -85.7568744,
      35.0925651
     ],
     [
      -85.7571283,
      35.0927086
     ],
     [
      -85.7571699,
      35.0927174
     ],
     [
      -85.757327,
      35.0927754
     ],
     [
      -85.7573992,
      35.0927866
     ],
     [
      -85.7575057,
      35.0928194
     ],
     [
      -85.7575646,
      35.0928439
     ],
     [
      -85.7576457,
      35.0928772
     ],
     [
      -85.7579197,
      35.092964
     ],
     [
      -85.7579951,
      35.0929955
     ],
     [
      -85.7582244,
      35.0931262
     ],
     [
      -85.7583861,
      35.0932636
     ],
     [
      -85.7584417,
      35.0933127
     ],
     [
      -85.7584924,
      35.0934034
     ],
     [
      -85.758524,
      35.0934331
     ],
     [
      -85.7585524,
      35.0934599
     ],
     [
      -85.758594,
      35.093509
     ],
     [
      -85.7585981,
      35.0935168
     ],
     [
      -85.7586232,
      35.093563
     ],
     [
      -85.7586416,
      35.0936411
     ],
     [
      -85.758651,
      35.0937719
     ],
     [
      -85.7586541,
      35.0938097
     ],
     [
      -85.7586356,
      35.0938802
     ],
     [
      -85.7586334,
      35.0940089
     ],
     [
      -85.7586166,
      35.094141
     ],
     [
      -85.7586094,
      35.0942272
     ],
     [
      -85.7586048,
      35.0943935
     ],
     [
      -85.7586171,
      35.0946528
     ],
     [
      -85.7586294,
      35.0948983
     ],
     [
      -85.758651,
      35.0950014
     ],
     [
      -85.7586707,
      35.0951457
     ],
     [
      -85.7586895,
      35.0952632
     ],
     [
      -85.7586971,
      35.0953043
     ],
     [
      -85.7586972,
      35.0953362
     ],
     [
      -85.7587232,
      35.0954343
     ],
     [
      -85.758771,
      35.0955839
     ],
     [
      -85.7588572,
      35.0957527
     ],
     [
      -85.7589774,
      35.0960409
     ],
     [
      -85.7590205,
      35.0961252
     ],
     [
      -85.7590481,
      35.0962737
     ],
     [
      -85.7590681,
      35.0964662
     ],
     [
      -85.7590819,
      35.0965429
     ],
     [
      -85.7590681,
      35.0967193
     ],
     [
      -85.7590235,
      35.0968903
     ],
     [
      -85.7589588,
      35.0970288
     ],
     [
      -85.7588695,
      35.0971847
     ],
     [
      -85.7587448,
      35.0973332
     ],
     [
      -85.7585785,
      35.0974943
     ],
     [
      -85.7585093,
      35.0975493
     ],
     [
      -85.7584246,
      35.0976163
     ],
     [
      -85.7582815,
      35.0976931
     ],
     [
      -85.7581628,
      35.0977245
     ],
     [
      -85.7580321,
      35.0977371
     ],
     [
      -85.7579581,
      35.097717
     ],
     [
      -85.7577165,
      35.0975785
     ],
     [
      -85.7576626,
      35.0975108
     ],
     [
      -85.7575779,
      35.0974062
     ],
     [
      -85.7574778,
      35.0973408
     ],
     [
      -85.7573576,
      35.0972955
     ],
     [
      -85.7572115,
      35.097264
     ],
     [
      -85.7571023,
      35.0972741
     ],
     [
      -85.75701,
      35.097332
     ],
     [
      -85.7568758,
      35.0974515
     ],
     [
      -85.7568129,
      35.0974602
     ],
     [
      -85.7567344,
      35.0974339
     ],
     [
      -85.7566683,
      35.0973836
     ],
     [
      -85.7565573,
      35.0972376
     ],
     [
      -85.7564111,
      35.0971205
     ],
     [
      -85.7562171,
      35.0970349
     ],
     [
      -85.7561084,
      35.0970102
     ],
     [
      -85.7560693,
      35.0970009
     ],
     [
      -85.7557491,
      35.0970112
     ],
     [
      -85.7556182,
      35.0970274
     ],
     [
      -85.7553919,
      35.0970992
     ],
     [
      -85.7551886,
      35.0971571
     ],
     [
      -85.7551133,
      35.0971557
     ],
     [
      -85.7548731,
      35.0971445
     ],
     [
      -85.7547795,
      35.0971116
     ],
     [
      -85.7546762,
      35.0970755
     ],
     [
      -85.7545376,
      35.0969971
     ],
     [
      -85.7544513,
      35.0968903
     ],
     [
      -85.754424,
      35.0968575
     ],
     [
      -85.7543697,
      35.0967932
     ],
     [
      -85.7543281,
      35.0966663
     ],
     [
      -85.7542927,
      35.096597
     ],
     [
      -85.7542883,
      35.0965769
     ],
     [
      -85.7542603,
      35.0964597
     ],
     [
      -85.7542376,
      35.0963567
     ],
     [
      -85.754231,
      35.0962899
     ],
     [
      -85.7541806,
      35.0962333
     ],
     [
      -85.7541234,
      35.0961821
     ],
     [
      -85.7541143,
      35.0961037
     ],
     [
      -85.7540708,
      35.0960231
     ],
     [
      -85.7540065,
      35.0959239
     ],
     [
      -85.753888,
      35.0957879
     ],
     [
      -85.7538264,
      35.095676
     ],
     [
      -85.753814,
      35.0955928
     ],
     [
      -85.753814,
      35.0955249
     ],
     [
      -85.7538341,
      35.0954495
     ],
     [
      -85.7539018,
      35.0953601
     ],
     [
      -85.7539708,
      35.0952581
     ],
     [
      -85.7539708,
      35.09517
     ],
     [
      -85.7539403,
      35.095082
     ]
    ]
   },
   "properties": {
    "trail_number": 3,
    "name": "3",
    "kind": "trail",
    "difficulty": "easy",
    "source": "sfwda_trace_edited",
    "review_status": "hand-edited; normalized from SVG",
    "id": "sfwda-76",
    "color": "#1f9d3a"
   }
  },
  {
   "type": "Feature",
   "geometry": {
    "type": "LineString",
    "coordinates": [
     [
      -85.757341,
      35.0961807
     ],
     [
      -85.7572759,
      35.0961338
     ],
     [
      -85.7572277,
      35.0960681
     ],
     [
      -85.7572249,
      35.095952
     ],
     [
      -85.7571873,
      35.0958644
     ],
     [
      -85.7571232,
      35.0958117
     ],
     [
      -85.7569731,
      35.0957176
     ],
     [
      -85.7569301,
      35.0956453
     ],
     [
      -85.756922,
      35.0955796
     ],
     [
      -85.7568792,
      35.0954919
     ],
     [
      -85.7568069,
      35.095424
     ],
     [
      -85.7566942,
      35.095378
     ],
     [
      -85.7566207,
      35.0953488
     ]
    ]
   },
   "properties": {
    "trail_number": 94,
    "name": "94",
    "kind": "trail",
    "difficulty": "moderate",
    "source": "sfwda_trace_edited",
    "review_status": "hand-edited; normalized from SVG",
    "id": "sfwda-77",
    "color": "#2438c8"
   }
  },
  {
   "type": "Feature",
   "geometry": {
    "type": "LineString",
    "coordinates": [
     [
      -85.7566207,
      35.0953488
     ],
     [
      -85.7565121,
      35.0952684
     ],
     [
      -85.7563725,
      35.0952201
     ],
     [
      -85.7561502,
      35.0951632
     ],
     [
      -85.7560457,
      35.0951632
     ],
     [
      -85.7558473,
      35.0952028
     ],
     [
      -85.7557535,
      35.0952158
     ],
     [
      -85.7554936,
      35.0952333
     ],
     [
      -85.7551539,
      35.0952274
     ],
     [
      -85.7551262,
      35.0952267
     ],
     [
      -85.7549896,
      35.0952169
     ],
     [
      -85.7548263,
      35.0952049
     ],
     [
      -85.7544669,
      35.0951567
     ],
     [
      -85.7542232,
      35.0951085
     ],
     [
      -85.7539403,
      35.095082
     ],
     [
      -85.7537976,
      35.0950728
     ],
     [
      -85.7537647,
      35.0950707
     ],
     [
      -85.7536186,
      35.0950694
     ],
     [
      -85.7534784,
      35.0950845
     ],
     [
      -85.7533014,
      35.0950908
     ],
     [
      -85.7531726,
      35.0951174
     ],
     [
      -85.753149,
      35.0951222
     ],
     [
      -85.7528933,
      35.0952959
     ],
     [
      -85.7526548,
      35.0954758
     ],
     [
      -85.7525024,
      35.0955678
     ],
     [
      -85.752407,
      35.095623
     ],
     [
      -85.7522823,
      35.0956533
     ],
     [
      -85.7521575,
      35.0956671
     ]
    ]
   },
   "properties": {
    "trail_number": 11,
    "name": "11",
    "kind": "trail",
    "difficulty": "easy",
    "source": "sfwda_trace_edited",
    "review_status": "hand-edited; normalized from SVG",
    "id": "sfwda-78",
    "color": "#1f9d3a"
   }
  },
  {
   "type": "Feature",
   "geometry": {
    "type": "LineString",
    "coordinates": [
     [
      -85.7535024,
      35.0907109
     ],
     [
      -85.7535336,
      35.0905957
     ],
     [
      -85.7535327,
      35.0905579
     ],
     [
      -85.7535277,
      35.0903555
     ],
     [
      -85.7535369,
      35.0901604
     ],
     [
      -85.7535333,
      35.0901295
     ],
     [
      -85.7535167,
      35.0899942
     ],
     [
      -85.7534844,
      35.0898963
     ],
     [
      -85.7534323,
      35.0898168
     ],
     [
      -85.7533106,
      35.089721
     ],
     [
      -85.7532919,
      35.0897095
     ],
     [
      -85.7532152,
      35.0896619
     ],
     [
      -85.7530443,
      35.0896055
     ],
     [
      -85.7529133,
      35.0895773
     ],
     [
      -85.7527564,
      35.0895849
     ],
     [
      -85.752624,
      35.0896179
     ],
     [
      -85.752567,
      35.089667
     ],
     [
      -85.7525177,
      35.0897437
     ],
     [
      -85.7524716,
      35.0898736
     ],
     [
      -85.7524192,
      35.0899731
     ],
     [
      -85.7523315,
      35.0901213
     ],
     [
      -85.7522423,
      35.0902308
     ],
     [
      -85.7521329,
      35.090324
     ],
     [
      -85.7520268,
      35.0903907
     ],
     [
      -85.7519516,
      35.0904265
     ]
    ]
   },
   "properties": {
    "trail_number": null,
    "name": "Area 51",
    "kind": "trail",
    "difficulty": "difficult",
    "source": "sfwda_trace_edited",
    "review_status": "hand-edited; normalized from SVG",
    "id": "sfwda-79",
    "color": "#111111"
   }
  },
  {
   "type": "Feature",
   "geometry": {
    "type": "LineString",
    "coordinates": [
     [
      -85.7519516,
      35.0904265
     ],
     [
      -85.7519744,
      35.0904736
     ],
     [
      -85.7521284,
      35.0907015
     ],
     [
      -85.7521821,
      35.0907695
     ],
     [
      -85.7522315,
      35.0908059
     ],
     [
      -85.7523023,
      35.0908135
     ],
     [
      -85.7524393,
      35.09084
     ],
     [
      -85.7527087,
      35.0909771
     ],
     [
      -85.7527396,
      35.0910073
     ],
     [
      -85.7527888,
      35.0911105
     ],
     [
      -85.7529026,
      35.0913559
     ],
     [
      -85.752938,
      35.09141
     ],
     [
      -85.7530028,
      35.0914578
     ],
     [
      -85.7530673,
      35.091488
     ],
     [
      -85.7532275,
      35.0915182
     ],
     [
      -85.7534752,
      35.0915812
     ],
     [
      -85.753814,
      35.0916907
     ],
     [
      -85.7540466,
      35.0917788
     ],
     [
      -85.754102,
      35.09181
     ],
     [
      -85.7541817,
      35.0918832
     ],
     [
      -85.7542389,
      35.0919096
     ],
     [
      -85.7542695,
      35.0919196
     ],
     [
      -85.7543034,
      35.09196
     ],
     [
      -85.7544498,
      35.0922343
     ],
     [
      -85.7545268,
      35.0924483
     ],
     [
      -85.7546254,
      35.092744
     ],
     [
      -85.7546944,
      35.0928811
     ],
     [
      -85.7547761,
      35.0929818
     ],
     [
      -85.7548443,
      35.0930425
     ],
     [
      -85.7548904,
      35.0930837
     ],
     [
      -85.7549735,
      35.0931493
     ],
     [
      -85.7550178,
      35.093163
     ],
     [
      -85.7552612,
      35.0931681
     ],
     [
      -85.7555766,
      35.0931617
     ],
     [
      -85.7556415,
      35.0931844
     ],
     [
      -85.7556921,
      35.0932222
     ],
     [
      -85.7557033,
      35.0932357
     ],
     [
      -85.7557229,
      35.0932812
     ],
     [
      -85.7557383,
      35.0933632
     ],
     [
      -85.7557429,
      35.0934462
     ],
     [
      -85.7557464,
      35.0935226
     ],
     [
      -85.7557544,
      35.0936979
     ],
     [
      -85.7557666,
      35.0937478
     ],
     [
      -85.7559129,
      35.0939718
     ],
     [
      -85.7559859,
      35.0940133
     ],
     [
      -85.7561099,
      35.094025
     ],
     [
      -85.7562377,
      35.094
     ],
     [
      -85.7563009,
      35.0939636
     ],
     [
      -85.7562968,
      35.0939022
     ],
     [
      -85.7562684,
      35.093859
     ],
     [
      -85.7562744,
      35.093746
     ],
     [
      -85.7562968,
      35.0936919
     ],
     [
      -85.7563089,
      35.093663
     ],
     [
      -85.7563598,
      35.0936248
     ],
     [
      -85.756441,
      35.0936
     ],
     [
      -85.7564777,
      35.0935733
     ],
     [
      -85.756502,
      35.0935285
     ],
     [
      -85.7565346,
      35.093507
     ],
     [
      -85.7565853,
      35.0935252
     ],
     [
      -85.7566381,
      35.0935832
     ],
     [
      -85.7566867,
      35.0936048
     ],
     [
      -85.7567173,
      35.0935801
     ],
     [
      -85.7567256,
      35.093527
     ],
     [
      -85.7567215,
      35.0934714
     ],
     [
      -85.7568452,
      35.0934688
     ],
     [
      -85.7569589,
      35.0934754
     ],
     [
      -85.7570626,
      35.0934953
     ],
     [
      -85.7571663,
      35.0935501
     ],
     [
      -85.7572677,
      35.0936231
     ],
     [
      -85.7573815,
      35.0937394
     ],
     [
      -85.7574221,
      35.0937627
     ],
     [
      -85.757473,
      35.0937627
     ],
     [
      -85.7575541,
      35.0937561
     ],
     [
      -85.757611,
      35.0937842
     ],
     [
      -85.7577045,
      35.0938772
     ],
     [
      -85.7577851,
      35.0939446
     ],
     [
      -85.7578596,
      35.0939808
     ],
     [
      -85.7579868,
      35.0939721
     ],
     [
      -85.7580752,
      35.0939518
     ],
     [
      -85.758153,
      35.0939026
     ],
     [
      -85.7581725,
      35.0938275
     ],
     [
      -85.7582414,
      35.0937624
     ],
     [
      -85.7582909,
      35.0936785
     ],
     [
      -85.7582838,
      35.0935729
     ]
    ]
   },
   "properties": {
    "trail_number": 41,
    "name": "41",
    "kind": "trail",
    "difficulty": "difficult",
    "source": "sfwda_trace_edited",
    "review_status": "hand-edited; normalized from SVG",
    "id": "sfwda-80",
    "color": "#111111"
   }
  },
  {
   "type": "Feature",
   "geometry": {
    "type": "LineString",
    "coordinates": [
     [
      -85.7557429,
      35.0934462
     ],
     [
      -85.7558061,
      35.0934625
     ],
     [
      -85.7559554,
      35.0935066
     ],
     [
      -85.7561001,
      35.0935795
     ],
     [
      -85.7561493,
      35.0935934
     ],
     [
      -85.7562216,
      35.093582
     ],
     [
      -85.7563156,
      35.0935406
     ],
     [
      -85.7564019,
      35.0934864
     ],
     [
      -85.7564588,
      35.0934147
     ],
     [
      -85.7565173,
      35.0933896
     ],
     [
      -85.7565666,
      35.09333
     ]
    ]
   },
   "properties": {
    "trail_number": 64,
    "name": "64",
    "kind": "trail",
    "difficulty": "difficult",
    "source": "sfwda_trace_edited",
    "review_status": "hand-edited; normalized from SVG",
    "id": "sfwda-81",
    "color": "#111111"
   }
  },
  {
   "type": "Feature",
   "geometry": {
    "type": "LineString",
    "coordinates": [
     [
      -85.7565666,
      35.09333
     ],
     [
      -85.7565856,
      35.0933229
     ],
     [
      -85.756642,
      35.0933115
     ],
     [
      -85.7567513,
      35.0932825
     ],
     [
      -85.7568683,
      35.0932825
     ],
     [
      -85.7569667,
      35.0933115
     ],
     [
      -85.7570392,
      35.0933228
     ],
     [
      -85.7571146,
      35.0932964
     ],
     [
      -85.7573455,
      35.0930938
     ],
     [
      -85.7574485,
      35.0930321
     ],
     [
      -85.7575102,
      35.0930107
     ],
     [
      -85.7576334,
      35.0930057
     ],
     [
      -85.7576844,
      35.0930088
     ],
     [
      -85.7577434,
      35.0930183
     ],
     [
      -85.7577984,
      35.0930391
     ],
     [
      -85.7578304,
      35.0930709
     ],
     [
      -85.7578365,
      35.0930975
     ],
     [
      -85.7578895,
      35.0931611
     ],
     [
      -85.7579214,
      35.093229
     ],
     [
      -85.7579301,
      35.0933186
     ],
     [
      -85.7579444,
      35.093375
     ],
     [
      -85.7580293,
      35.0935413
     ],
     [
      -85.7580894,
      35.0935889
     ],
     [
      -85.7581602,
      35.0936048
     ],
     [
      -85.7582255,
      35.0935947
     ],
     [
      -85.7582838,
      35.0935729
     ],
     [
      -85.75839,
      35.0935397
     ],
     [
      -85.7584119,
      35.0935257
     ],
     [
      -85.7584696,
      35.0934892
     ],
     [
      -85.758524,
      35.0934331
     ],
     [
      -85.7585669,
      35.0933808
     ],
     [
      -85.7585951,
      35.0933085
     ],
     [
      -85.7586056,
      35.0932218
     ],
     [
      -85.7585983,
      35.0931964
     ],
     [
      -85.7585932,
      35.0931798
     ],
     [
      -85.7585527,
      35.0931582
     ],
     [
      -85.7585101,
      35.0931552
     ],
     [
      -85.7584783,
      35.0931248
     ],
     [
      -85.7584466,
      35.093096
     ],
     [
      -85.7584112,
      35.093083
     ],
     [
      -85.7583868,
      35.0930568
     ]
    ]
   },
   "properties": {
    "trail_number": 28,
    "name": "28",
    "kind": "trail",
    "difficulty": "moderate",
    "source": "sfwda_trace_edited",
    "review_status": "hand-edited; normalized from SVG",
    "id": "sfwda-82",
    "color": "#2438c8"
   }
  },
  {
   "type": "Feature",
   "geometry": {
    "type": "LineString",
    "coordinates": [
     [
      -85.7582184,
      35.092812
     ],
     [
      -85.7582338,
      35.0929125
     ],
     [
      -85.7582861,
      35.0929881
     ],
     [
      -85.7583354,
      35.0930397
     ],
     [
      -85.7583868,
      35.0930568
     ],
     [
      -85.7584186,
      35.0930674
     ],
     [
      -85.7585448,
      35.0930434
     ],
     [
      -85.7586772,
      35.0929981
     ],
     [
      -85.7587617,
      35.0929869
     ],
     [
      -85.7587793,
      35.0929856
     ],
     [
      -85.7588803,
      35.0929781
     ],
     [
      -85.7589392,
      35.092956
     ],
     [
      -85.7590773,
      35.092858
     ],
     [
      -85.7591728,
      35.0928697
     ],
     [
      -85.7593089,
      35.0928895
     ],
     [
      -85.7593658,
      35.0928795
     ],
     [
      -85.7594612,
      35.09278
     ],
     [
      -85.7594998,
      35.0926887
     ],
     [
      -85.7594775,
      35.0925906
     ],
     [
      -85.7594428,
      35.0924827
     ],
     [
      -85.7594185,
      35.0924295
     ],
     [
      -85.7593453,
      35.0923613
     ],
     [
      -85.7592945,
      35.0923102
     ],
     [
      -85.7592824,
      35.0922668
     ],
     [
      -85.7592926,
      35.0922237
     ],
     [
      -85.7593007,
      35.0921856
     ],
     [
      -85.7592865,
      35.0921339
     ],
     [
      -85.7592499,
      35.0920444
     ],
     [
      -85.759252,
      35.0919962
     ],
     [
      -85.7591971,
      35.0919115
     ],
     [
      -85.7591524,
      35.0918781
     ],
     [
      -85.7591382,
      35.09185
     ],
     [
      -85.7590712,
      35.0918466
     ],
     [
      -85.7590001,
      35.0918087
     ],
     [
      -85.7588985,
      35.0918153
     ],
     [
      -85.7588194,
      35.0918599
     ],
     [
      -85.7587726,
      35.0919298
     ],
     [
      -85.7587524,
      35.0920345
     ],
     [
      -85.7587482,
      35.0921255
     ],
     [
      -85.7587381,
      35.0921671
     ],
     [
      -85.7587543,
      35.0922154
     ],
     [
      -85.7587157,
      35.0923601
     ],
     [
      -85.7586812,
      35.0924844
     ],
     [
      -85.7585715,
      35.0926321
     ],
     [
      -85.758537,
      35.0926637
     ],
     [
      -85.758413,
      35.0926637
     ],
     [
      -85.7583257,
      35.0926205
     ],
     [
      -85.7582567,
      35.0926007
     ],
     [
      -85.7581835,
      35.0926124
     ],
     [
      -85.7580983,
      35.092657
     ]
    ]
   },
   "properties": {
    "trail_number": 90,
    "name": "90",
    "kind": "trail",
    "difficulty": "moderate",
    "source": "sfwda_trace_edited",
    "review_status": "hand-edited; normalized from SVG",
    "id": "sfwda-83",
    "color": "#2438c8"
   }
  },
  {
   "type": "Feature",
   "geometry": {
    "type": "LineString",
    "coordinates": [
     [
      -85.7576334,
      35.0930057
     ],
     [
      -85.7576334,
      35.092939
     ],
     [
      -85.7576457,
      35.0928772
     ],
     [
      -85.757658,
      35.0928521
     ],
     [
      -85.757712,
      35.0928233
     ],
     [
      -85.7578136,
      35.0927968
     ],
     [
      -85.7579367,
      35.092788
     ],
     [
      -85.7580522,
      35.0927968
     ],
     [
      -85.7582184,
      35.092812
     ],
     [
      -85.7582729,
      35.092815
     ],
     [
      -85.7583276,
      35.0928138
     ],
     [
      -85.7583999,
      35.0927907
     ],
     [
      -85.7584723,
      35.0927546
     ],
     [
      -85.7584965,
      35.092714
     ],
     [
      -85.7585045,
      35.0926637
     ],
     [
      -85.7585059,
      35.092623
     ],
     [
      -85.7584924,
      35.0925245
     ],
     [
      -85.7584758,
      35.0924273
     ],
     [
      -85.7584737,
      35.0924151
     ],
     [
      -85.7584026,
      35.0922397
     ],
     [
      -85.7583778,
      35.0921891
     ],
     [
      -85.7583356,
      35.0921036
     ],
     [
      -85.7582687,
      35.0920194
     ],
     [
      -85.7581962,
      35.0919778
     ],
     [
      -85.7580957,
      35.0919701
     ],
     [
      -85.7580557,
      35.0919746
     ],
     [
      -85.7580388,
      35.0919451
     ],
     [
      -85.7580172,
      35.0918936
     ],
     [
      -85.7580019,
      35.0917828
     ],
     [
      -85.7580001,
      35.0917339
     ],
     [
      -85.757994,
      35.0915701
     ],
     [
      -85.7579895,
      35.0914921
     ],
     [
      -85.7579571,
      35.0913776
     ],
     [
      -85.757857,
      35.0910831
     ],
     [
      -85.7577371,
      35.0908225
     ],
     [
      -85.7576323,
      35.090727
     ],
     [
      -85.7575247,
      35.0906113
     ],
     [
      -85.7574986,
      35.0905921
     ],
     [
      -85.7574014,
      35.0905206
     ],
     [
      -85.7572905,
      35.090474
     ],
     [
      -85.7571844,
      35.0904325
     ],
     [
      -85.7570396,
      35.0903998
     ],
     [
      -85.7569427,
      35.0903903
     ]
    ]
   },
   "properties": {
    "trail_number": 14,
    "name": "14",
    "kind": "trail",
    "difficulty": "easy",
    "source": "sfwda_trace_edited",
    "review_status": "hand-edited; normalized from SVG",
    "id": "sfwda-84",
    "color": "#1f9d3a"
   }
  },
  {
   "type": "Feature",
   "geometry": {
    "type": "LineString",
    "coordinates": [
     [
      -85.758049,
      35.0919701
     ],
     [
      -85.758026,
      35.0919866
     ],
     [
      -85.7579805,
      35.0920269
     ],
     [
      -85.7579349,
      35.0920777
     ],
     [
      -85.7579188,
      35.0921431
     ],
     [
      -85.7579148,
      35.0922353
     ],
     [
      -85.7579268,
      35.0923319
     ],
     [
      -85.7579469,
      35.0923735
     ],
     [
      -85.7579888,
      35.0924262
     ],
     [
      -85.7580032,
      35.0924445
     ],
     [
      -85.7580591,
      35.0925293
     ],
     [
      -85.7580691,
      35.0925442
     ],
     [
      -85.7580877,
      35.0925848
     ],
     [
      -85.7580983,
      35.092657
     ],
     [
      -85.7580983,
      35.0927268
     ],
     [
      -85.7580813,
      35.0927734
     ],
     [
      -85.7580522,
      35.0927968
     ]
    ]
   },
   "properties": {
    "trail_number": null,
    "name": null,
    "kind": "trail",
    "difficulty": "easy",
    "source": "sfwda_trace_edited",
    "review_status": "hand-edited; normalized from SVG",
    "id": "sfwda-85",
    "color": "#1f9d3a"
   }
  },
  {
   "type": "Feature",
   "geometry": {
    "type": "LineString",
    "coordinates": [
     [
      -85.7585983,
      35.0931964
     ],
     [
      -85.7587227,
      35.0931942
     ],
     [
      -85.7587497,
      35.0931891
     ],
     [
      -85.7588027,
      35.0931389
     ],
     [
      -85.7588074,
      35.093103
     ],
     [
      -85.7588051,
      35.0930211
     ],
     [
      -85.7587895,
      35.0930118
     ],
     [
      -85.7587793,
      35.0929856
     ]
    ]
   },
   "properties": {
    "trail_number": 28,
    "name": "28",
    "kind": "trail",
    "difficulty": "moderate",
    "source": "sfwda_trace_edited",
    "review_status": "hand-edited; normalized from SVG",
    "id": "sfwda-86",
    "color": "#2438c8"
   }
  },
  {
   "type": "Feature",
   "geometry": {
    "type": "LineString",
    "coordinates": [
     [
      -85.750712,
      35.0941093
     ],
     [
      -85.7507076,
      35.0940621
     ],
     [
      -85.7506729,
      35.0940205
     ],
     [
      -85.7506302,
      35.0939492
     ],
     [
      -85.750608,
      35.0938778
     ],
     [
      -85.7505593,
      35.0937366
     ],
     [
      -85.7505268,
      35.0936685
     ],
     [
      -85.7504597,
      35.0935463
     ]
    ]
   },
   "properties": {
    "trail_number": 63,
    "name": "63",
    "kind": "trail",
    "difficulty": "difficult",
    "source": "sfwda_trace_edited",
    "review_status": "hand-edited; normalized from SVG",
    "id": "sfwda-87",
    "color": "#111111"
   }
  },
  {
   "type": "Feature",
   "geometry": {
    "type": "LineString",
    "coordinates": [
     [
      -85.756453,
      35.0932255
     ],
     [
      -85.7563651,
      35.0931939
     ],
     [
      -85.7563305,
      35.0931706
     ],
     [
      -85.7561975,
      35.0930744
     ],
     [
      -85.7561061,
      35.0930337
     ],
     [
      -85.7560533,
      35.093028
     ],
     [
      -85.7559985,
      35.0930386
     ],
     [
      -85.7559528,
      35.093071
     ],
     [
      -85.7558765,
      35.0931257
     ],
     [
      -85.7558228,
      35.0931474
     ],
     [
      -85.7557638,
      35.0931797
     ],
     [
      -85.7557252,
      35.0932105
     ],
     [
      -85.7557033,
      35.0932357
     ]
    ]
   },
   "properties": {
    "trail_number": 66,
    "name": "66",
    "kind": "trail",
    "difficulty": "difficult",
    "source": "sfwda_trace_edited",
    "review_status": "hand-edited; normalized from SVG",
    "id": "sfwda-88",
    "color": "#111111"
   }
  },
  {
   "type": "Feature",
   "geometry": {
    "type": "LineString",
    "coordinates": [
     [
      -85.7588803,
      35.0929781
     ],
     [
      -85.7589003,
      35.0930359
     ],
     [
      -85.7590235,
      35.0932674
     ],
     [
      -85.7590397,
      35.0935129
     ]
    ]
   },
   "properties": {
    "trail_number": 77,
    "name": "77",
    "kind": "trail",
    "difficulty": "difficult",
    "source": "sfwda_trace_edited",
    "review_status": "hand-edited; normalized from SVG",
    "id": "sfwda-89",
    "color": "#111111"
   }
  },
  {
   "type": "Feature",
   "geometry": {
    "type": "LineString",
    "coordinates": [
     [
      -85.7590397,
      35.0935129
     ],
     [
      -85.7590372,
      35.0938337
     ],
     [
      -85.7590312,
      35.0939332
     ],
     [
      -85.7589711,
      35.0940954
     ],
     [
      -85.7589096,
      35.09423
     ],
     [
      -85.7588803,
      35.0943685
     ],
     [
      -85.7588373,
      35.0945349
     ],
     [
      -85.7588144,
      35.0945908
     ],
     [
      -85.7587526,
      35.0947424
     ],
     [
      -85.7586843,
      35.0949506
     ],
     [
      -85.7586707,
      35.0950309
     ],
     [
      -85.7586707,
      35.0951457
     ]
    ]
   },
   "properties": {
    "trail_number": 90,
    "name": "90",
    "kind": "trail",
    "difficulty": "moderate",
    "source": "sfwda_trace_edited",
    "review_status": "hand-edited; normalized from SVG",
    "id": "sfwda-90",
    "color": "#2438c8"
   }
  },
  {
   "type": "Feature",
   "geometry": {
    "type": "LineString",
    "coordinates": [
     [
      -85.7586707,
      35.0951457
     ],
     [
      -85.758665,
      35.095173
     ],
     [
      -85.7586479,
      35.095252
     ],
     [
      -85.7586324,
      35.0953035
     ],
     [
      -85.7586309,
      35.095432
     ],
     [
      -85.7585908,
      35.0955616
     ],
     [
      -85.7585879,
      35.0956259
     ],
     [
      -85.7585771,
      35.0956988
     ],
     [
      -85.7585479,
      35.095744
     ],
     [
      -85.7584586,
      35.0957944
     ],
     [
      -85.7584292,
      35.0958397
     ],
     [
      -85.7583785,
      35.0959051
     ],
     [
      -85.7583492,
      35.0959744
     ],
     [
      -85.7583492,
      35.0960373
     ],
     [
      -85.7583509,
      35.0960951
     ],
     [
      -85.7582984,
      35.0961744
     ],
     [
      -85.7582353,
      35.0961932
     ],
     [
      -85.7581723,
      35.0961896
     ],
     [
      -85.7581184,
      35.0962058
     ],
     [
      -85.7580667,
      35.0962525
     ],
     [
      -85.7580429,
      35.0962738
     ],
     [
      -85.7579721,
      35.0962938
     ],
     [
      -85.7579335,
      35.0962788
     ],
     [
      -85.7578951,
      35.0962712
     ],
     [
      -85.7577626,
      35.0961908
     ],
     [
      -85.757695,
      35.0961228
     ],
     [
      -85.7576256,
      35.0960737
     ],
     [
      -85.7575579,
      35.0960561
     ],
     [
      -85.7574917,
      35.0960724
     ],
     [
      -85.757341,
      35.0961807
     ],
     [
      -85.7572789,
      35.0962233
     ],
     [
      -85.7572604,
      35.0962661
     ],
     [
      -85.7572389,
      35.0963492
     ],
     [
      -85.7572035,
      35.0963592
     ],
     [
      -85.7571772,
      35.0963643
     ],
     [
      -85.7571525,
      35.0963995
     ],
     [
      -85.7571541,
      35.0964089
     ],
     [
      -85.7570965,
      35.0964039
     ],
     [
      -85.7570488,
      35.0963773
     ],
     [
      -85.7570193,
      35.0963616
     ],
     [
      -85.7569351,
      35.0963632
     ],
     [
      -85.7569005,
      35.0963839
     ],
     [
      -85.7568376,
      35.0964014
     ],
     [
      -85.7567725,
      35.0964197
     ],
     [
      -85.7566234,
      35.0964155
     ],
     [
      -85.7565826,
      35.0963972
     ],
     [
      -85.7565044,
      35.0963773
     ],
     [
      -85.7564444,
      35.0963457
     ],
     [
      -85.7561834,
      35.0963373
     ],
     [
      -85.7561398,
      35.0963997
     ],
     [
      -85.7561043,
      35.0964221
     ],
     [
      -85.7560515,
      35.0964379
     ],
     [
      -85.7559794,
      35.0965448
     ],
     [
      -85.7559702,
      35.096628
     ],
     [
      -85.7559458,
      35.0966604
     ],
     [
      -85.7558148,
      35.0966825
     ],
     [
      -85.7558067,
      35.0966807
     ],
     [
      -85.7557447,
      35.0966879
     ],
     [
      -85.7557265,
      35.096707
     ],
     [
      -85.7557052,
      35.0967326
     ],
     [
      -85.7556625,
      35.0967161
     ],
     [
      -85.755631,
      35.0966835
     ],
     [
      -85.7556279,
      35.096648
     ],
     [
      -85.755642,
      35.0965174
     ],
     [
      -85.755638,
      35.0964958
     ],
     [
      -85.7555944,
      35.0964834
     ],
     [
      -85.755568,
      35.0964561
     ],
     [
      -85.7555498,
      35.0964246
     ],
     [
      -85.7555243,
      35.0964278
     ],
     [
      -85.7554534,
      35.0964684
     ],
     [
      -85.7554166,
      35.0964785
     ],
     [
      -85.7553638,
      35.0964644
     ],
     [
      -85.7553153,
      35.0964662
     ],
     [
      -85.7551964,
      35.0964965
     ]
    ]
   },
   "properties": {
    "trail_number": 4,
    "name": "4",
    "kind": "trail",
    "difficulty": "easy",
    "source": "sfwda_trace_edited",
    "review_status": "hand-edited; normalized from SVG",
    "id": "sfwda-91",
    "color": "#1f9d3a"
   }
  },
  {
   "type": "Feature",
   "geometry": {
    "type": "LineString",
    "coordinates": [
     [
      -85.7561084,
      35.0970102
     ],
     [
      -85.7560859,
      35.0969791
     ],
     [
      -85.7560807,
      35.0969554
     ],
     [
      -85.7560851,
      35.0968721
     ],
     [
      -85.7560859,
      35.0967987
     ],
     [
      -85.7560744,
      35.0967618
     ],
     [
      -85.7560383,
      35.0967411
     ],
     [
      -85.7559463,
      35.0967335
     ],
     [
      -85.7558836,
      35.0967306
     ],
     [
      -85.755857,
      35.096706
     ],
     [
      -85.7558367,
      35.096692
     ],
     [
      -85.7558153,
      35.0966826
     ]
    ]
   },
   "properties": {
    "trail_number": 5,
    "name": "5",
    "kind": "trail",
    "difficulty": "easy",
    "source": "sfwda_trace_edited",
    "review_status": "hand-edited; normalized from SVG",
    "id": "sfwda-92",
    "color": "#1f9d3a"
   }
  },
  {
   "type": "Feature",
   "geometry": {
    "type": "LineString",
    "coordinates": [
     [
      -85.7571545,
      35.0964104
     ],
     [
      -85.7571619,
      35.0964597
     ],
     [
      -85.7572035,
      35.0964824
     ],
     [
      -85.7572389,
      35.0965418
     ],
     [
      -85.7572759,
      35.0965832
     ],
     [
      -85.7572958,
      35.0966209
     ],
     [
      -85.7574558,
      35.0966877
     ],
     [
      -85.7575097,
      35.0966877
     ],
     [
      -85.7575791,
      35.0967128
     ],
     [
      -85.757613,
      35.0967581
     ],
     [
      -85.7576284,
      35.0968008
     ],
     [
      -85.7576237,
      35.0968688
     ],
     [
      -85.7576253,
      35.0969129
     ],
     [
      -85.7576669,
      35.0969722
     ],
     [
      -85.7577072,
      35.096997
     ],
     [
      -85.7577407,
      35.0970176
     ],
     [
      -85.7577732,
      35.0970376
     ],
     [
      -85.757813,
      35.0970954
     ],
     [
      -85.7579209,
      35.0973105
     ],
     [
      -85.7580287,
      35.0974527
     ],
     [
      -85.7580563,
      35.0975007
     ],
     [
      -85.7580625,
      35.0975471
     ],
     [
      -85.7580657,
      35.0976579
     ],
     [
      -85.7580579,
      35.0976981
     ],
     [
      -85.7580321,
      35.0977371
     ]
    ]
   },
   "properties": {
    "trail_number": 17,
    "name": "17",
    "kind": "trail",
    "difficulty": "easy",
    "source": "sfwda_trace_edited",
    "review_status": "hand-edited; normalized from SVG",
    "id": "sfwda-93",
    "color": "#1f9d3a"
   }
  },
  {
   "type": "Feature",
   "geometry": {
    "type": "LineString",
    "coordinates": [
     [
      -85.7480098,
      35.0899126
     ],
     [
      -85.747942,
      35.0903966
     ],
     [
      -85.7478914,
      35.0907736
     ],
     [
      -85.7478663,
      35.0911706
     ]
    ]
   },
   "properties": {
    "trail_number": null,
    "name": null,
    "kind": "road",
    "difficulty": null,
    "source": "sfwda_trace_edited",
    "review_status": "hand-edited; normalized from SVG",
    "id": "sfwda-94",
    "color": "#f25e0d"
   }
  },
  {
   "type": "Feature",
   "geometry": {
    "type": "LineString",
    "coordinates": [
     [
      -85.7518723,
      35.0904188
     ],
     [
      -85.751869,
      35.0903618
     ],
     [
      -85.751843,
      35.0903126
     ],
     [
      -85.7518274,
      35.0902673
     ],
     [
      -85.7518183,
      35.090178
     ],
     [
      -85.7518398,
      35.0900647
     ],
     [
      -85.7518337,
      35.0899627
     ],
     [
      -85.7518014,
      35.0899249
     ],
     [
      -85.7517183,
      35.0898984
     ],
     [
      -85.7516706,
      35.0899
     ],
     [
      -85.7516212,
      35.0899013
     ],
     [
      -85.7515536,
      35.0899551
     ],
     [
      -85.751538,
      35.0900018
     ],
     [
      -85.7515458,
      35.0900609
     ],
     [
      -85.7515565,
      35.0900835
     ],
     [
      -85.7515458,
      35.0901077
     ],
     [
      -85.751538,
      35.0901364
     ],
     [
      -85.7514874,
      35.0901618
     ],
     [
      -85.7514195,
      35.0902044
     ],
     [
      -85.7513558,
      35.0902467
     ],
     [
      -85.751307,
      35.0902652
     ],
     [
      -85.7512674,
      35.0902888
     ],
     [
      -85.7512471,
      35.0902484
     ],
     [
      -85.7512301,
      35.0901792
     ],
     [
      -85.7512071,
      35.0901326
     ],
     [
      -85.7512026,
      35.0900925
     ],
     [
      -85.7511379,
      35.0900446
     ],
     [
      -85.7510254,
      35.0900182
     ],
     [
      -85.750907,
      35.0899967
     ],
     [
      -85.75083,
      35.0900068
     ],
     [
      -85.7507776,
      35.090032
     ],
     [
      -85.7506744,
      35.090056
     ],
     [
      -85.7506128,
      35.0900812
     ],
     [
      -85.7505374,
      35.0900938
     ],
     [
      -85.7505004,
      35.0901051
     ],
     [
      -85.7504563,
      35.0901326
     ]
    ]
   },
   "properties": {
    "trail_number": 95,
    "name": "95",
    "kind": "trail",
    "difficulty": "easy",
    "source": "sfwda_trace_edited",
    "review_status": "hand-edited; normalized from SVG",
    "id": "sfwda-95",
    "color": "#1f9d3a"
   }
  },
  {
   "type": "Feature",
   "geometry": {
    "type": "LineString",
    "coordinates": [
     [
      -85.7516706,
      35.0899
     ],
     [
      -85.751669,
      35.0897803
     ],
     [
      -85.7516504,
      35.0897362
     ],
     [
      -85.7516366,
      35.0896996
     ],
     [
      -85.7516411,
      35.0895763
     ],
     [
      -85.7516257,
      35.0895387
     ],
     [
      -85.7516043,
      35.0895248
     ],
     [
      -85.7515319,
      35.0895173
     ],
     [
      -85.7514597,
      35.0895311
     ],
     [
      -85.7514257,
      35.0895778
     ],
     [
      -85.7513611,
      35.0895963
     ],
     [
      -85.7513318,
      35.0896519
     ],
     [
      -85.7512887,
      35.0897186
     ],
     [
      -85.7512902,
      35.0897879
     ],
     [
      -85.7512363,
      35.0898219
     ],
     [
      -85.7511639,
      35.0898143
     ],
     [
      -85.7511379,
      35.0898043
     ],
     [
      -85.7510239,
      35.0898068
     ],
     [
      -85.7509885,
      35.0898446
     ],
     [
      -85.7509746,
      35.0898774
     ],
     [
      -85.7509362,
      35.0899076
     ],
     [
      -85.7509145,
      35.0899428
     ],
     [
      -85.7509037,
      35.0899551
     ],
     [
      -85.750907,
      35.0899967
     ]
    ]
   },
   "properties": {
    "trail_number": 96,
    "name": "96",
    "kind": "trail",
    "difficulty": "moderate",
    "source": "sfwda_trace_edited",
    "review_status": "hand-edited; normalized from SVG",
    "id": "sfwda-96",
    "color": "#2438c8"
   }
  },
  {
   "type": "Feature",
   "geometry": {
    "type": "LineString",
    "coordinates": [
     [
      -85.7555326,
      35.0912154
     ],
     [
      -85.7554457,
      35.0912254
     ],
     [
      -85.7553572,
      35.0912279
     ],
     [
      -85.7553097,
      35.0912478
     ],
     [
      -85.7552446,
      35.0912586
     ],
     [
      -85.7550851,
      35.0912503
     ],
     [
      -85.7550454,
      35.0912345
     ],
     [
      -85.7549123,
      35.0911979
     ],
     [
      -85.7547917,
      35.0911889
     ],
     [
      -85.7547537,
      35.0911972
     ],
     [
      -85.7547308,
      35.0912054
     ],
     [
      -85.7546555,
      35.0912187
     ],
     [
      -85.754513,
      35.091246
     ],
     [
      -85.7544175,
      35.0912343
     ],
     [
      -85.7543547,
      35.0912154
     ],
     [
      -85.7543097,
      35.0912009
     ],
     [
      -85.754293,
      35.0911617
     ],
     [
      -85.7542369,
      35.0909556
     ],
     [
      -85.7542096,
      35.0909153
     ],
     [
      -85.7541922,
      35.090875
     ],
     [
      -85.7541605,
      35.0908272
     ],
     [
      -85.7541064,
      35.0907453
     ],
     [
      -85.7540016,
      35.0906321
     ],
     [
      -85.7538876,
      35.0905314
     ],
     [
      -85.753786,
      35.0904861
     ],
     [
      -85.7537342,
      35.0904767
     ],
     [
      -85.7536673,
      35.0904647
     ],
     [
      -85.7536029,
      35.090476
     ],
     [
      -85.7535718,
      35.0904999
     ],
     [
      -85.7535327,
      35.0905579
     ]
    ]
   },
   "properties": {
    "trail_number": 33,
    "name": "33",
    "kind": "trail",
    "difficulty": "moderate",
    "source": "sfwda_trace_edited",
    "review_status": "hand-edited; normalized from SVG",
    "id": "sfwda-97",
    "color": "#2438c8"
   }
  },
  {
   "type": "Feature",
   "geometry": {
    "type": "LineString",
    "coordinates": [
     [
      -85.7573303,
      35.0914308
     ],
     [
      -85.7572902,
      35.0914597
     ],
     [
      -85.7572271,
      35.0915246
     ],
     [
      -85.7571724,
      35.0915395
     ],
     [
      -85.757081,
      35.0915561
     ],
     [
      -85.7570383,
      35.0915959
     ],
     [
      -85.7570079,
      35.0916656
     ],
     [
      -85.7569834,
      35.0917754
     ],
     [
      -85.7569631,
      35.0918234
     ],
     [
      -85.7569103,
      35.0918683
     ],
     [
      -85.756829,
      35.0918781
     ],
     [
      -85.7567357,
      35.0918714
     ],
     [
      -85.7566767,
      35.0918781
     ],
     [
      -85.7566117,
      35.0919213
     ],
     [
      -85.7565081,
      35.0920477
     ],
     [
      -85.7564574,
      35.0921043
     ],
     [
      -85.7563903,
      35.0921289
     ],
     [
      -85.7562908,
      35.0921338
     ],
     [
      -85.7562078,
      35.0921271
     ]
    ]
   },
   "properties": {
    "trail_number": 7,
    "name": "7",
    "kind": "trail",
    "difficulty": "easy",
    "source": "sfwda_trace_edited",
    "review_status": "hand-edited; normalized from SVG",
    "id": "sfwda-98",
    "color": "#1f9d3a"
   }
  },
  {
   "type": "Feature",
   "geometry": {
    "type": "LineString",
    "coordinates": [
     [
      -85.7562078,
      35.0921271
     ],
     [
      -85.7561645,
      35.0920987
     ],
     [
      -85.756147,
      35.0920529
     ],
     [
      -85.7561039,
      35.0920003
     ],
     [
      -85.7561027,
      35.0919069
     ],
     [
      -85.7560735,
      35.0917589
     ],
     [
      -85.7560731,
      35.0916963
     ],
     [
      -85.7560712,
      35.0914528
     ],
     [
      -85.7560771,
      35.0913194
     ],
     [
      -85.7560128,
      35.0912021
     ],
     [
      -85.7559907,
      35.0911152
     ],
     [
      -85.7559836,
      35.0910381
     ],
     [
      -85.7559779,
      35.0909064
     ],
     [
      -85.7559674,
      35.0908013
     ],
     [
      -85.7559406,
      35.090726
     ],
     [
      -85.7559312,
      35.0906995
     ],
     [
      -85.755909,
      35.090605
     ],
     [
      -85.7558858,
      35.0905182
     ],
     [
      -85.7558215,
      35.0904315
     ],
     [
      -85.755748,
      35.0903704
     ],
     [
      -85.7556559,
      35.0903017
     ],
     [
      -85.7555089,
      35.0902406
     ],
     [
      -85.7553863,
      35.0902292
     ],
     [
      -85.755265,
      35.0902444
     ],
     [
      -85.7551694,
      35.090296
     ],
     [
      -85.7551203,
      35.0903742
     ],
     [
      -85.7551203,
      35.0904782
     ],
     [
      -85.7551356,
      35.0905469
     ],
     [
      -85.755147,
      35.0905673
     ],
     [
      -85.7551963,
      35.0906564
     ],
     [
      -85.7553012,
      35.0907328
     ],
     [
      -85.7553863,
      35.0907815
     ],
     [
      -85.7554704,
      35.090854
     ],
     [
      -85.755495,
      35.0909074
     ],
     [
      -85.755515,
      35.090978
     ],
     [
      -85.7555195,
      35.0910954
     ],
     [
      -85.7555326,
      35.0912154
     ],
     [
      -85.7555359,
      35.0912442
     ],
     [
      -85.7555546,
      35.0912985
     ],
     [
      -85.7556024,
      35.0913309
     ],
     [
      -85.7557423,
      35.0914196
     ],
     [
      -85.7557937,
      35.0914234
     ],
     [
      -85.7558906,
      35.0914273
     ],
     [
      -85.7559349,
      35.0914405
     ],
     [
      -85.7560001,
      35.0914969
     ],
     [
      -85.7560352,
      35.0915685
     ],
     [
      -85.7560731,
      35.0916963
     ]
    ]
   },
   "properties": {
    "trail_number": 9,
    "name": "9",
    "kind": "trail",
    "difficulty": "easy",
    "source": "sfwda_trace_edited",
    "review_status": "hand-edited; normalized from SVG",
    "id": "sfwda-99",
    "color": "#1f9d3a"
   }
  },
  {
   "type": "Feature",
   "geometry": {
    "type": "LineString",
    "coordinates": [
     [
      -85.755147,
      35.0905673
     ],
     [
      -85.7551108,
      35.0905853
     ],
     [
      -85.7550827,
      35.0906095
     ],
     [
      -85.7550492,
      35.0906445
     ],
     [
      -85.7549311,
      35.0906599
     ],
     [
      -85.7547597,
      35.0906641
     ],
     [
      -85.7546378,
      35.0906784
     ],
     [
      -85.7545518,
      35.0907004
     ],
     [
      -85.7545064,
      35.0907222
     ],
     [
      -85.754438,
      35.0907727
     ],
     [
      -85.7543482,
      35.0908273
     ],
     [
      -85.7543066,
      35.0908383
     ],
     [
      -85.7542366,
      35.0908362
     ],
     [
      -85.7541605,
      35.0908272
     ]
    ]
   },
   "properties": {
    "trail_number": 68,
    "name": "68",
    "kind": "trail",
    "difficulty": "difficult",
    "source": "sfwda_trace_edited",
    "review_status": "hand-edited; normalized from SVG",
    "id": "sfwda-100",
    "color": "#111111"
   }
  },
  {
   "type": "Feature",
   "geometry": {
    "type": "LineString",
    "coordinates": [
     [
      -85.7569427,
      35.0903903
     ],
     [
      -85.7569966,
      35.0904173
     ],
     [
      -85.7570965,
      35.0904891
     ],
     [
      -85.7571642,
      35.0905418
     ],
     [
      -85.7571982,
      35.0906087
     ],
     [
      -85.7572013,
      35.0907055
     ],
     [
      -85.757186,
      35.0908062
     ],
     [
      -85.7571873,
      35.0908666
     ],
     [
      -85.757209,
      35.0909269
     ],
     [
      -85.757249,
      35.0910076
     ],
     [
      -85.7572844,
      35.0911498
     ],
     [
      -85.7573121,
      35.0912102
     ],
     [
      -85.7573136,
      35.0912518
     ],
     [
      -85.7572983,
      35.0913059
     ],
     [
      -85.7573121,
      35.0913826
     ],
     [
      -85.7573303,
      35.0914308
     ],
     [
      -85.7573705,
      35.0914921
     ],
     [
      -85.7574198,
      35.0915589
     ],
     [
      -85.7574584,
      35.091584
     ],
     [
      -85.7575539,
      35.0916078
     ],
     [
      -85.7575831,
      35.0916293
     ],
     [
      -85.7576368,
      35.091691
     ],
     [
      -85.7576878,
      35.09173
     ],
     [
      -85.7577602,
      35.0917476
     ],
     [
      -85.7578925,
      35.0917426
     ],
     [
      -85.7580001,
      35.0917339
     ]
    ]
   },
   "properties": {
    "trail_number": 8,
    "name": "8",
    "kind": "trail",
    "difficulty": "easy",
    "source": "sfwda_trace_edited",
    "review_status": "hand-edited; normalized from SVG",
    "id": "sfwda-101",
    "color": "#1f9d3a"
   }
  },
  {
   "type": "Feature",
   "geometry": {
    "type": "LineString",
    "coordinates": [
     [
      -85.7569005,
      35.0904363
     ],
     [
      -85.7568822,
      35.0903892
     ],
     [
      -85.7568486,
      35.0903169
     ],
     [
      -85.7568125,
      35.0902774
     ],
     [
      -85.7567614,
      35.0902489
     ],
     [
      -85.7566758,
      35.0902249
     ],
     [
      -85.7565752,
      35.0902107
     ],
     [
      -85.7565331,
      35.0902115
     ],
     [
      -85.7564695,
      35.0902128
     ],
     [
      -85.7564373,
      35.0902107
     ],
     [
      -85.756397,
      35.0902292
     ],
     [
      -85.7563783,
      35.0902698
     ],
     [
      -85.7563649,
      35.0903015
     ],
     [
      -85.7563314,
      35.0903344
     ],
     [
      -85.7562791,
      35.090341
     ],
     [
      -85.756216,
      35.0903179
     ],
     [
      -85.7561813,
      35.0903103
     ],
     [
      -85.7561532,
      35.0903256
     ],
     [
      -85.7561343,
      35.0903673
     ],
     [
      -85.7561331,
      35.090422
     ],
     [
      -85.7561544,
      35.0904725
     ],
     [
      -85.7561653,
      35.0905152
     ],
     [
      -85.7561532,
      35.0905689
     ],
     [
      -85.7561036,
      35.0906325
     ],
     [
      -85.756066,
      35.0906422
     ],
     [
      -85.7560192,
      35.0906334
     ],
     [
      -85.7559963,
      35.0906412
     ],
     [
      -85.7559575,
      35.0906894
     ],
     [
      -85.7559406,
      35.090726
     ]
    ]
   },
   "properties": {
    "trail_number": 10,
    "name": "10",
    "kind": "trail",
    "difficulty": "easy",
    "source": "sfwda_trace_edited",
    "review_status": "hand-edited; normalized from SVG",
    "id": "sfwda-102",
    "color": "#1f9d3a"
   }
  },
  {
   "type": "Feature",
   "geometry": {
    "type": "LineString",
    "coordinates": [
     [
      -85.7584758,
      35.0924273
     ],
     [
      -85.7584421,
      35.0924476
     ],
     [
      -85.7583882,
      35.0924592
     ],
     [
      -85.7582531,
      35.0924592
     ],
     [
      -85.7581861,
      35.0924717
     ],
     [
      -85.7581159,
      35.0924966
     ],
     [
      -85.7580591,
      35.0925293
     ]
    ]
   },
   "properties": {
    "trail_number": null,
    "name": null,
    "kind": "trail",
    "difficulty": "easy",
    "source": "sfwda_trace_edited",
    "review_status": "hand-edited; normalized from SVG",
    "id": "sfwda-103",
    "color": "#1f9d3a"
   }
  },
  {
   "type": "Feature",
   "geometry": {
    "type": "LineString",
    "coordinates": [
     [
      -85.7583778,
      35.0921891
     ],
     [
      -85.7583354,
      35.0922093
     ],
     [
      -85.7582876,
      35.0922151
     ],
     [
      -85.7582287,
      35.0922118
     ],
     [
      -85.7581678,
      35.0922251
     ],
     [
      -85.7581169,
      35.0922583
     ],
     [
      -85.7580714,
      35.0923131
     ],
     [
      -85.7580305,
      35.0923794
     ],
     [
      -85.7579888,
      35.0924262
     ]
    ]
   },
   "properties": {
    "trail_number": null,
    "name": null,
    "kind": "trail",
    "difficulty": "easy",
    "source": "sfwda_trace_edited",
    "review_status": "hand-edited; normalized from SVG",
    "id": "sfwda-104",
    "color": "#1f9d3a"
   }
  },
  {
   "type": "Feature",
   "geometry": {
    "type": "LineString",
    "coordinates": [
     [
      -85.7484777,
      35.094304
     ],
     [
      -85.7483977,
      35.0942385
     ],
     [
      -85.7483793,
      35.0941893
     ],
     [
      -85.7484039,
      35.0940848
     ],
     [
      -85.7483685,
      35.0940093
     ],
     [
      -85.7482469,
      35.0939037
     ],
     [
      -85.7480284,
      35.0937905
     ],
     [
      -85.7479546,
      35.0937494
     ]
    ]
   },
   "properties": {
    "trail_number": 69,
    "name": "69",
    "kind": "trail",
    "difficulty": "difficult",
    "source": "sfwda_trace_edited",
    "review_status": "hand-edited; normalized from SVG",
    "id": "sfwda-105",
    "color": "#111111"
   }
  },
  {
   "type": "Feature",
   "geometry": {
    "type": "LineString",
    "coordinates": [
     [
      -85.7484703,
      35.0947795
     ],
     [
      -85.7484712,
      35.0947803
     ],
     [
      -85.7483513,
      35.0948613
     ],
     [
      -85.7481192,
      35.0949544
     ],
     [
      -85.7480575,
      35.0949658
     ],
     [
      -85.7480173,
      35.0949457
     ],
     [
      -85.7479835,
      35.0948928
     ],
     [
      -85.7478375,
      35.0948048
     ],
     [
      -85.7477589,
      35.0947241
     ],
     [
      -85.7477574,
      35.0946486
     ],
     [
      -85.7476357,
      35.0944272
     ],
     [
      -85.7475972,
      35.0942687
     ],
     [
      -85.7475648,
      35.0941843
     ],
     [
      -85.7475756,
      35.0939113
     ],
     [
      -85.7475895,
      35.0938596
     ],
     [
      -85.7476542,
      35.0938231
     ],
     [
      -85.7476788,
      35.0937641
     ]
    ]
   },
   "properties": {
    "trail_number": null,
    "name": null,
    "kind": "trail",
    "difficulty": "difficult",
    "source": "sfwda_trace_edited",
    "review_status": "hand-edited; normalized from SVG",
    "id": "sfwda-106",
    "color": "#111111"
   }
  },
  {
   "type": "Feature",
   "geometry": {
    "type": "LineString",
    "coordinates": [
     [
      -85.7549896,
      35.0952169
     ],
     [
      -85.7549355,
      35.0951696
     ],
     [
      -85.7549186,
      35.0951294
     ],
     [
      -85.7549201,
      35.0950387
     ],
     [
      -85.754959,
      35.0949809
     ],
     [
      -85.7550032,
      35.094923
     ],
     [
      -85.755005,
      35.0948689
     ],
     [
      -85.7549894,
      35.0948086
     ],
     [
      -85.7549926,
      35.0947191
     ],
     [
      -85.7550233,
      35.0946588
     ],
     [
      -85.7550109,
      35.0946325
     ],
     [
      -85.7549219,
      35.0945871
     ],
     [
      -85.7548434,
      35.0945898
     ],
     [
      -85.7547233,
      35.0946259
     ],
     [
      -85.7546493,
      35.0946373
     ],
     [
      -85.7545753,
      35.0946448
     ],
     [
      -85.7544844,
      35.0946801
     ],
     [
      -85.754332,
      35.0947482
     ],
     [
      -85.754295,
      35.094743
     ],
     [
      -85.754223,
      35.0947179
     ],
     [
      -85.7540628,
      35.0947166
     ],
     [
      -85.7539134,
      35.094743
     ],
     [
      -85.7537579,
      35.0947921
     ],
     [
      -85.7535145,
      35.0949381
     ],
     [
      -85.7534112,
      35.094952
     ],
     [
      -85.7532915,
      35.0950036
     ],
     [
      -85.7531726,
      35.0951174
     ]
    ]
   },
   "properties": {
    "trail_number": 47,
    "name": "47",
    "kind": "trail",
    "difficulty": "easy",
    "source": "sfwda_trace_edited",
    "review_status": "hand-edited; normalized from SVG",
    "id": "sfwda-107",
    "color": "#1f9d3a"
   }
  },
  {
   "type": "Feature",
   "geometry": {
    "type": "LineString",
    "coordinates": [
     [
      -85.7509228,
      35.0939657
     ],
     [
      -85.7509546,
      35.0940108
     ],
     [
      -85.7509837,
      35.0940724
     ],
     [
      -85.7510638,
      35.0942168
     ],
     [
      -85.7511437,
      35.0942877
     ],
     [
      -85.7512285,
      35.0943141
     ],
     [
      -85.7515705,
      35.0942952
     ],
     [
      -85.7517767,
      35.0942886
     ],
     [
      -85.7519752,
      35.0942309
     ],
     [
      -85.7521631,
      35.0942357
     ],
     [
      -85.7523692,
      35.0942886
     ],
     [
      -85.7525001,
      35.0944045
     ],
     [
      -85.7525832,
      35.0945418
     ],
     [
      -85.7526094,
      35.0946675
     ],
     [
      -85.7526002,
      35.0949129
     ],
     [
      -85.7525894,
      35.0951067
     ],
     [
      -85.7525556,
      35.0952653
     ],
     [
      -85.7524864,
      35.0954276
     ],
     [
      -85.7524277,
      35.0955221
     ],
     [
      -85.752407,
      35.095623
     ],
     [
      -85.7524078,
      35.0956429
     ]
    ]
   },
   "properties": {
    "trail_number": null,
    "name": "Pretender",
    "kind": "trail",
    "difficulty": "difficult",
    "source": "sfwda_trace_edited",
    "review_status": "hand-edited; normalized from SVG",
    "id": "sfwda-108",
    "color": "#111111"
   }
  },
  {
   "type": "Feature",
   "geometry": {
    "type": "LineString",
    "coordinates": [
     [
      -85.7524078,
      35.0956429
     ],
     [
      -85.7524632,
      35.0956579
     ],
     [
      -85.7525355,
      35.0956768
     ],
     [
      -85.7525709,
      35.0957197
     ],
     [
      -85.752668,
      35.0957851
     ],
     [
      -85.7527342,
      35.0958013
     ],
     [
      -85.7528633,
      35.0957951
     ],
     [
      -85.7529682,
      35.0957586
     ],
     [
      -85.7530513,
      35.0957673
     ],
     [
      -85.7532576,
      35.0958505
     ],
     [
      -85.7533222,
      35.0958541
     ],
     [
      -85.7534483,
      35.0958366
     ],
     [
      -85.7535114,
      35.0957635
     ],
     [
      -85.7535359,
      35.095624
     ],
     [
      -85.7535547,
      35.0954942
     ],
     [
      -85.75363,
      35.0953647
     ],
     [
      -85.7537347,
      35.0952565
     ],
     [
      -85.7537932,
      35.0952211
     ],
     [
      -85.7537976,
      35.0950728
     ],
     [
      -85.7537702,
      35.0950136
     ],
     [
      -85.7537579,
      35.0947921
     ]
    ]
   },
   "properties": {
    "trail_number": 34,
    "name": "34",
    "kind": "trail",
    "difficulty": "moderate",
    "source": "sfwda_trace_edited",
    "review_status": "hand-edited; normalized from SVG",
    "id": "sfwda-109",
    "color": "#2438c8"
   }
  },
  {
   "type": "Feature",
   "geometry": {
    "type": "LineString",
    "coordinates": [
     [
      -85.7542883,
      35.0965769
     ],
     [
      -85.7542535,
      35.0966242
     ],
     [
      -85.7541828,
      35.0966966
     ],
     [
      -85.7540661,
      35.0967618
     ],
     [
      -85.7539584,
      35.0967789
     ],
     [
      -85.7538947,
      35.0967647
     ],
     [
      -85.7538558,
      35.0967372
     ],
     [
      -85.7538364,
      35.0966517
     ],
     [
      -85.7538319,
      35.0965864
     ],
     [
      -85.7538275,
      35.096523
     ],
     [
      -85.7538222,
      35.0964407
     ],
     [
      -85.7538222,
      35.0963207
     ],
     [
      -85.7538023,
      35.0962561
     ]
    ]
   },
   "properties": {
    "trail_number": 88,
    "name": "88",
    "kind": "trail",
    "difficulty": "moderate",
    "source": "sfwda_trace_edited",
    "review_status": "hand-edited; normalized from SVG",
    "id": "sfwda-110",
    "color": "#2438c8"
   }
  },
  {
   "type": "Feature",
   "geometry": {
    "type": "LineString",
    "coordinates": [
     [
      -85.7538319,
      35.0965864
     ],
     [
      -85.7537444,
      35.0965939
     ],
     [
      -85.7537002,
      35.0966141
     ],
     [
      -85.7536064,
      35.0966257
     ],
     [
      -85.7535136,
      35.0966499
     ],
     [
      -85.7533568,
      35.0966486
     ],
     [
      -85.7531844,
      35.0965769
     ],
     [
      -85.7527871,
      35.0965629
     ],
     [
      -85.752688,
      35.096522
     ],
     [
      -85.7526286,
      35.0964975
     ],
     [
      -85.7525147,
      35.0964322
     ],
     [
      -85.752504,
      35.0963793
     ],
     [
      -85.7525177,
      35.0963175
     ],
     [
      -85.7525701,
      35.096256
     ],
     [
      -85.7525855,
      35.0962157
     ],
     [
      -85.752684,
      35.0961768
     ],
     [
      -85.7527826,
      35.0961667
     ],
     [
      -85.7528933,
      35.0961679
     ],
     [
      -85.7529483,
      35.0961143
     ]
    ]
   },
   "properties": {
    "trail_number": 89,
    "name": "89",
    "kind": "trail",
    "difficulty": "moderate",
    "source": "sfwda_trace_edited",
    "review_status": "hand-edited; normalized from SVG",
    "id": "sfwda-111",
    "color": "#2438c8"
   }
  },
  {
   "type": "Feature",
   "geometry": {
    "type": "LineString",
    "coordinates": [
     [
      -85.754424,
      35.0968575
     ],
     [
      -85.7544665,
      35.0968338
     ],
     [
      -85.7545551,
      35.0967383
     ],
     [
      -85.7546033,
      35.0966784
     ],
     [
      -85.7545911,
      35.0966498
     ],
     [
      -85.7545911,
      35.0965631
     ],
     [
      -85.754602,
      35.0965203
     ],
     [
      -85.7546393,
      35.0964877
     ],
     [
      -85.754649,
      35.0964504
     ],
     [
      -85.754649,
      35.0963781
     ],
     [
      -85.7546101,
      35.0963244
     ],
     [
      -85.7545551,
      35.0962281
     ],
     [
      -85.7545386,
      35.0961966
     ],
     [
      -85.7545087,
      35.0961652
     ]
    ]
   },
   "properties": {
    "trail_number": 98,
    "name": "98",
    "kind": "trail",
    "difficulty": "moderate",
    "source": "sfwda_trace_edited",
    "review_status": "hand-edited; normalized from SVG",
    "id": "sfwda-112",
    "color": "#2438c8"
   }
  },
  {
   "type": "Feature",
   "geometry": {
    "type": "LineString",
    "coordinates": [
     [
      -85.7560687,
      35.0956971
     ],
     [
      -85.7559636,
      35.0956847
     ],
     [
      -85.7557934,
      35.0956661
     ],
     [
      -85.7554569,
      35.0956507
     ],
     [
      -85.7552788,
      35.095647
     ],
     [
      -85.755248,
      35.0956463
     ],
     [
      -85.7551754,
      35.0956628
     ],
     [
      -85.7550804,
      35.0957231
     ],
     [
      -85.7550027,
      35.0958336
     ],
     [
      -85.7549905,
      35.0959115
     ],
     [
      -85.7549972,
      35.0959293
     ],
     [
      -85.7550415,
      35.0960496
     ],
     [
      -85.7550776,
      35.0961108
     ],
     [
      -85.755116,
      35.0961564
     ]
    ]
   },
   "properties": {
    "trail_number": 26,
    "name": "26",
    "kind": "trail",
    "difficulty": "moderate",
    "source": "sfwda_trace_edited",
    "review_status": "hand-edited; normalized from SVG",
    "id": "sfwda-113",
    "color": "#2438c8"
   }
  },
  {
   "type": "Feature",
   "geometry": {
    "type": "LineString",
    "coordinates": [
     [
      -85.755116,
      35.0961564
     ],
     [
      -85.7551311,
      35.0961769
     ],
     [
      -85.7551661,
      35.0962248
     ],
     [
      -85.7551997,
      35.0963486
     ],
     [
      -85.7551997,
      35.0964747
     ],
     [
      -85.7551964,
      35.0964965
     ],
     [
      -85.7551754,
      35.0966334
     ],
     [
      -85.7551421,
      35.0967135
     ],
     [
      -85.7550471,
      35.0968432
     ],
     [
      -85.755012,
      35.0968908
     ],
     [
      -85.7548806,
      35.0970605
     ],
     [
      -85.7548592,
      35.0970803
     ],
     [
      -85.7547795,
      35.0971116
     ]
    ]
   },
   "properties": {
    "trail_number": 6,
    "name": "6",
    "kind": "trail",
    "difficulty": "easy",
    "source": "sfwda_trace_edited",
    "review_status": "hand-edited; normalized from SVG",
    "id": "sfwda-114",
    "color": "#1f9d3a"
   }
  },
  {
   "type": "Feature",
   "geometry": {
    "type": "LineString",
    "coordinates": [
     [
      -85.7550471,
      35.0968432
     ],
     [
      -85.7550187,
      35.0967789
     ],
     [
      -85.7550218,
      35.096742
     ],
     [
      -85.7550482,
      35.0966794
     ],
     [
      -85.7550696,
      35.0966367
     ],
     [
      -85.755071,
      35.0965447
     ],
     [
      -85.755081,
      35.0965221
     ],
     [
      -85.7551058,
      35.096467
     ],
     [
      -85.7551448,
      35.0964121
     ],
     [
      -85.7551997,
      35.0963649
     ]
    ]
   },
   "properties": {
    "trail_number": null,
    "name": null,
    "kind": "trail",
    "difficulty": "easy",
    "source": "sfwda_trace_edited",
    "review_status": "hand-edited; normalized from SVG",
    "id": "sfwda-115",
    "color": "#1f9d3a"
   }
  },
  {
   "type": "Feature",
   "geometry": {
    "type": "LineString",
    "coordinates": [
     [
      -85.7551311,
      35.0961769
     ],
     [
      -85.7550737,
      35.0962456
     ],
     [
      -85.7550228,
      35.0963211
     ],
     [
      -85.7550053,
      35.0963891
     ],
     [
      -85.7549119,
      35.0965149
     ],
     [
      -85.7549062,
      35.0965228
     ],
     [
      -85.7548256,
      35.0966509
     ],
     [
      -85.754784,
      35.0967069
     ],
     [
      -85.754729,
      35.0967222
     ],
     [
      -85.7546503,
      35.0967033
     ],
     [
      -85.7546033,
      35.0966784
     ]
    ]
   },
   "properties": {
    "trail_number": null,
    "name": null,
    "kind": "trail",
    "difficulty": "moderate",
    "source": "sfwda_trace_edited",
    "review_status": "hand-edited; normalized from SVG",
    "id": "sfwda-116",
    "color": "#2438c8"
   }
  },
  {
   "type": "Feature",
   "geometry": {
    "type": "LineString",
    "coordinates": [
     [
      -85.7547896,
      35.0961925
     ],
     [
      -85.7548204,
      35.0961656
     ],
     [
      -85.7548604,
      35.0960944
     ],
     [
      -85.7548836,
      35.0960354
     ],
     [
      -85.7549154,
      35.0959903
     ],
     [
      -85.7549601,
      35.0959542
     ],
     [
      -85.7549972,
      35.0959293
     ]
    ]
   },
   "properties": {
    "trail_number": 46,
    "name": "46",
    "kind": "trail",
    "difficulty": "difficult",
    "source": "sfwda_trace_edited",
    "review_status": "hand-edited; normalized from SVG",
    "id": "sfwda-117",
    "color": "#111111"
   }
  },
  {
   "type": "Feature",
   "geometry": {
    "type": "LineString",
    "coordinates": [
     [
      -85.7552788,
      35.095647
     ],
     [
      -85.7552748,
      35.0956057
     ],
     [
      -85.7552625,
      35.0955578
     ],
     [
      -85.7551539,
      35.0952274
     ]
    ]
   },
   "properties": {
    "trail_number": 24,
    "name": "24",
    "kind": "trail",
    "difficulty": "moderate",
    "source": "sfwda_trace_edited",
    "review_status": "hand-edited; normalized from SVG",
    "id": "sfwda-118",
    "color": "#2438c8"
   }
  },
  {
   "type": "Feature",
   "geometry": {
    "type": "LineString",
    "coordinates": [
     [
      -85.755081,
      35.0965221
     ],
     [
      -85.7549119,
      35.0965149
     ]
    ]
   },
   "properties": {
    "trail_number": null,
    "name": null,
    "kind": "trail",
    "difficulty": "easy",
    "source": "sfwda_trace_edited",
    "review_status": "hand-edited; normalized from SVG",
    "id": "sfwda-119",
    "color": "#1f9d3a"
   }
  }
 ]
}