{"type":"FeatureCollection","features":[{"type":"Feature","properties":{"id":"139316350","name":null,"description":null,"kind":"water","source":"USGS NHD","confidence":"observed","permission":"public domain (USGS)","status":"raw context","last_checked":null,"gnis_id":null,"fcode":46006,"ftype":460,"water_kind":"flowline","water_class":"stream","lengthkm":0.54803004,"areasqkm":null,"elevation":null,"permanent_identifier":"139316350","nhd_layer_id":6,"nhd_layer_name":"Flowline - Large Scale"},"geometry":{"type":"LineString","coordinates":[[-85.73687184454181,35.09529667630811],[-85.73713924509285,35.09519207625363],[-85.73736657884747,35.09506554322856],[-85.73770084514426,35.094807076370564],[-85.73792804571053,35.09452667656321],[-85.73816857863703,35.0941254761531],[-85.73892377833559,35.09335027617577],[-85.7389972452281,35.09324027585605],[-85.73910404562253,35.093020342882234],[-85.73909057903344,35.092690542773255],[-85.73906364585524,35.09265214257527],[-85.73907024492092,35.09235527539204],[-85.73912364615867,35.09217934264632],[-85.73927737879187,35.091937542947846],[-85.73954457956043,35.09158014202345],[-85.73965804561469,35.091233875897814]]}},{"type":"Feature","properties":{"id":"139316329","name":null,"description":null,"kind":"water","source":"USGS NHD","confidence":"observed","permission":"public domain (USGS)","status":"raw context","last_checked":null,"gnis_id":null,"fcode":46006,"ftype":460,"water_kind":"flowline","water_class":"stream","lengthkm":0.8732752300000001,"areasqkm":null,"elevation":null,"permanent_identifier":"139316329","nhd_layer_id":6,"nhd_layer_name":"Flowline - Large Scale"},"geometry":{"type":"LineString","coordinates":[[-85.74957284940895,35.09802847705145],[-85.74915798231953,35.097676876589695],[-85.74889704868636,35.097479143177274],[-85.74865624834268,35.09734187659911],[-85.74825464910042,35.09701227615658],[-85.74802724771111,35.09685294362696],[-85.7478064485091,35.096737676494804],[-85.74680978148464,35.096353343706376],[-85.74637504748243,35.09624907618328],[-85.74533178014947,35.096139676572406],[-85.74498404726356,35.09606834254266],[-85.74449578091634,35.09603554328994],[-85.74380018091564,35.09583247640866],[-85.74357278056691,35.095744676869195],[-85.74325164684781,35.09556894299191],[-85.7431512467771,35.09546454335635],[-85.74307097999589,35.09530514309865],[-85.74307084680754,35.09512927631277],[-85.74317764616143,35.09493134261071],[-85.74317757956726,35.0947939431868],[-85.74314404628286,35.094706076122364],[-85.74296357921342,35.09459627600053],[-85.74292324604032,35.09453027615393],[-85.74290957966872,35.09395314258591],[-85.74278917949688,35.09377187600213]]}},{"type":"Feature","properties":{"id":"139318877","name":"Battle Creek","description":null,"kind":"water","source":"USGS NHD","confidence":"observed","permission":"public domain (USGS)","status":"raw context","last_checked":null,"gnis_id":"01276480","fcode":55800,"ftype":558,"water_kind":"flowline","water_class":"artificial_path","lengthkm":0.09425178000000001,"areasqkm":null,"elevation":null,"permanent_identifier":"139318877","nhd_layer_id":6,"nhd_layer_name":"Flowline - Large Scale"},"geometry":{"type":"LineString","coordinates":[[-85.7396911793341,35.09115507586481],[-85.73965404476203,35.09113654248237],[-85.73957544491603,35.0911054755586],[-85.73953824479035,35.091086475594636],[-85.739405979411,35.09099494178454],[-85.73925644533188,35.09086654277187],[-85.73920437909905,35.09081207563984],[-85.73918104512745,35.09078334230376],[-85.73914517792564,35.090720875274236],[-85.7391021789048,35.09062254254205],[-85.73909244575115,35.09058787565789],[-85.73905224472584,35.090523742266456]]}},{"type":"Feature","properties":{"id":"139318911","name":null,"description":null,"kind":"water","source":"USGS NHD","confidence":"observed","permission":"public domain (USGS)","status":"raw context","last_checked":null,"gnis_id":null,"fcode":55800,"ftype":558,"water_kind":"flowline","water_class":"artificial_path","lengthkm":0.014617400000000001,"areasqkm":null,"elevation":null,"permanent_identifier":"139318911","nhd_layer_id":6,"nhd_layer_name":"Flowline - Large Scale"},"geometry":{"type":"LineString","coordinates":[[-85.74330364648645,35.093331942515626],[-85.74315038001241,35.09329034227277]]}},{"type":"Feature","properties":{"id":"139314484","name":null,"description":null,"kind":"water","source":"USGS NHD","confidence":"observed","permission":"public domain (USGS)","status":"raw context","last_checked":null,"gnis_id":null,"fcode":46006,"ftype":460,"water_kind":"flowline","water_class":"stream","lengthkm":1.5064501200000002,"areasqkm":null,"elevation":null,"permanent_identifier":"139314484","nhd_layer_id":6,"nhd_layer_name":"Flowline - Large Scale"},"geometry":{"type":"LineString","coordinates":[[-85.76123178355705,35.0783060720883],[-85.76127865128275,35.07813013884146],[-85.76137905135346,35.07799827168278]]}},{"type":"Feature","properties":{"id":"139318878","name":"Battle Creek","description":null,"kind":"water","source":"USGS NHD","confidence":"observed","permission":"public domain (USGS)","status":"raw context","last_checked":null,"gnis_id":"01276480","fcode":55800,"ftype":558,"water_kind":"flowline","water_class":"artificial_path","lengthkm":1.10932673,"areasqkm":null,"elevation":null,"permanent_identifier":"139318878","nhd_layer_id":6,"nhd_layer_name":"Flowline - Large Scale"},"geometry":{"type":"LineString","coordinates":[[-85.74207004678263,35.10190374414116],[-85.742081646654,35.101655277843975],[-85.74209378031922,35.10154974441352],[-85.74210184653765,35.10151527797322],[-85.74211044654992,35.10144534477457],[-85.74212078009158,35.10141147760374],[-85.74213277952795,35.10134247733913],[-85.74217724674205,35.10120767752228],[-85.74219498056047,35.10113987827029],[-85.74222498019192,35.10107434427455],[-85.74227878099465,35.10097774450984],[-85.74242844722157,35.1007636774637],[-85.7424766468306,35.100706477442884],[-85.74254858101675,35.10057647709158],[-85.7425785806482,35.10047387757294],[-85.74258417976085,35.10043887775907],[-85.742588779961,35.100367744143114],[-85.74258438058389,35.10033247782397],[-85.7425604472648,35.10026427772851],[-85.74251684681538,35.10016374394823],[-85.74241097977982,35.099970077329466],[-85.74233097937527,35.09984494361799],[-85.74226618012972,35.099753944049674],[-85.7422414466401,35.09972494399747],[-85.74217898027145,35.099634477219205],[-85.74216464691766,35.09960227787668],[-85.74211918079106,35.09954507704103],[-85.7421027798965,35.09951474375128],[-85.74204998008733,35.099461077526996],[-85.74179684733645,35.099266943566896],[-85.74159617934282,35.099131743602165],[-85.74153157987978,35.099084143646905],[-85.74145937931696,35.09904747719838],[-85.74128704714117,35.09894007769612],[-85.7412213800904,35.09889234397107],[-85.74116098022199,35.09884127728237],[-85.741031446244,35.09874534401347],[-85.74078798005259,35.09854467696334],[-85.7407295790497,35.09849287706331],[-85.74070184674152,35.098465276998006],[-85.74062784605512,35.09837927745],[-85.74058664611732,35.098316743876296],[-85.74048977969957,35.098117943593955],[-85.74046724589849,35.09801494426001],[-85.74045144643252,35.097911477413376],[-85.74044464654379,35.09784174374093],[-85.74044497951463,35.097772077264395],[-85.74042918004865,35.097563544010825],[-85.74042717910207,35.097493543571794],[-85.74039084574105,35.09728574346159],[-85.74037737915198,35.09725234365175],[-85.74036884677439,35.09721827722781],[-85.74036524548674,35.09718387706365],[-85.74033584624331,35.09708154315117],[-85.74030597980021,35.096944343159834],[-85.74029257980528,35.09684047652485],[-85.74029097946423,35.09673487726735],[-85.74031377964195,35.09648814303633],[-85.74031164654757,35.09641834344397],[-85.74033464546726,35.0959251439018],[-85.740342445309,35.09585414341579],[-85.74043797984342,35.09543727599896],[-85.74049104602926,35.0952672762331],[-85.74050684653577,35.09523494320467],[-85.74052877994882,35.095167876265904],[-85.74054704652058,35.09513634262817],[-85.74056057866329,35.0951034765942],[-85.74056797998055,35.095068543435254],[-85.74062177974278,35.09497314293848],[-85.74068037948764,35.0948783433945],[-85.74080204598918,35.09468987629513],[-85.74086824579328,35.09459747643067],[-85.74091457868458,35.094536743157114],[-85.74105464598672,35.09440134293859],[-85.74114604648015,35.09432454243309],[-85.74134624623353,35.094184076191794],[-85.74152044616758,35.09407774301475],[-85.74159364668344,35.094039476284465],[-85.74175477959339,35.093986342822625],[-85.7423076464442,35.09386387665514],[-85.74243237939899,35.09382967600067],[-85.74259457989668,35.09377934258253],[-85.74263264678707,35.09376154283266],[-85.74266657963648,35.093738676529426],[-85.74273017914648,35.09370727600533]]}},{"type":"Feature","properties":{"id":"139318875","name":"Battle Creek","description":null,"kind":"water","source":"USGS NHD","confidence":"observed","permission":"public domain (USGS)","status":"raw context","last_checked":null,"gnis_id":"01276480","fcode":55800,"ftype":558,"water_kind":"flowline","water_class":"artificial_path","lengthkm":0.30635151,"areasqkm":null,"elevation":null,"permanent_identifier":"139318875","nhd_layer_id":6,"nhd_layer_name":"Flowline - Large Scale"},"geometry":{"type":"LineString","coordinates":[[-85.73905224472584,35.090523742266456],[-85.73904524505464,35.090452875857544],[-85.73904697858403,35.09031114285492],[-85.7390429787719,35.090240741984935],[-85.73904557802547,35.090169342344225],[-85.73906337843805,35.09006387578226],[-85.7391459791367,35.08979107560882],[-85.73916004507329,35.08975714229475],[-85.73922144489474,35.08966294204678],[-85.73929864522272,35.08953514204069],[-85.73937117875637,35.089447341680675],[-85.73940144476447,35.089422142120355],[-85.73942617825412,35.08939387572595],[-85.73944664555495,35.08936347565432],[-85.73958717901627,35.08923294125372],[-85.7396180454124,35.089208942136636],[-85.73964964538492,35.08918494216108],[-85.73972344524826,35.089148474751745],[-85.73983557837867,35.08909647560867],[-85.73995264468006,35.089051542423626],[-85.74011817904818,35.08901654196365],[-85.74019924495941,35.088995475098834],[-85.7403676449578,35.0889702753989],[-85.74044844553289,35.08894814168299],[-85.74053284531458,35.088937541405336],[-85.74066277885755,35.08892587513835],[-85.74114544609213,35.08890307559347]]}},{"type":"Feature","properties":{"id":"139316341","name":null,"description":null,"kind":"water","source":"USGS NHD","confidence":"observed","permission":"public domain (USGS)","status":"raw context","last_checked":null,"gnis_id":null,"fcode":46006,"ftype":460,"water_kind":"flowline","water_class":"stream","lengthkm":0.6073415600000001,"areasqkm":null,"elevation":null,"permanent_identifier":"139316341","nhd_layer_id":6,"nhd_layer_name":"Flowline - Large Scale"},"geometry":{"type":"LineString","coordinates":[[-85.75040984755456,35.08358807386854],[-85.75034238142078,35.08445634092535],[-85.75028198155235,35.08476407439211],[-85.75009438162337,35.08511574074922],[-85.74997818104615,35.08522014086166],[-85.74988464849886,35.08528814067382],[-85.74950364870523,35.08551914053887],[-85.7489554476082,35.08577214065413],[-85.74870818138716,35.08584927447187],[-85.74811304701083,35.085877074643264],[-85.74781224740424,35.08592114108853],[-85.74760504693911,35.08600367386455],[-85.74702357997491,35.08634467466084],[-85.74645524662895,35.08643847430082],[-85.74620784721958,35.08643294155208],[-85.74592704771413,35.08640567458055],[-85.74577998074078,35.086405740993996]]}},{"type":"Feature","properties":{"id":"139316306","name":null,"description":null,"kind":"water","source":"USGS NHD","confidence":"observed","permission":"public domain (USGS)","status":"raw context","last_checked":null,"gnis_id":null,"fcode":46006,"ftype":460,"water_kind":"flowline","water_class":"stream","lengthkm":0.83764679,"areasqkm":null,"elevation":null,"permanent_identifier":"139316306","nhd_layer_id":6,"nhd_layer_name":"Flowline - Large Scale"},"geometry":{"type":"LineString","coordinates":[[-85.75432758340642,35.10220014410426],[-85.75412678430554,35.102337543816375],[-85.75360478385088,35.10278247767354],[-85.75333038362861,35.103172477767046],[-85.75318978357313,35.103304276985185],[-85.75228658354233,35.10378194467983],[-85.75223305015679,35.103858877587875],[-85.75227305035908,35.103979878176666],[-85.75239998300242,35.104194344534676]]}},{"type":"Feature","properties":{"id":"139318879","name":"Battle Creek","description":null,"kind":"water","source":"USGS NHD","confidence":"observed","permission":"public domain (USGS)","status":"raw context","last_checked":null,"gnis_id":"01276480","fcode":55800,"ftype":558,"water_kind":"flowline","water_class":"artificial_path","lengthkm":0.06106570000000001,"areasqkm":null,"elevation":null,"permanent_identifier":"139318879","nhd_layer_id":6,"nhd_layer_name":"Flowline - Large Scale"},"geometry":{"type":"LineString","coordinates":[[-85.74273017914648,35.09370727600533],[-85.7427675800952,35.09368807572229],[-85.742870980025,35.093622143250954],[-85.74296184672455,35.09354434249149],[-85.74303717929429,35.09345654304235],[-85.74315038001241,35.09329034227277]]}},{"type":"Feature","properties":{"id":"139318902","name":"Kelly Cove Branch","description":null,"kind":"water","source":"USGS NHD","confidence":"observed","permission":"public domain (USGS)","status":"raw context","last_checked":null,"gnis_id":"01650200","fcode":55800,"ftype":558,"water_kind":"flowline","water_class":"artificial_path","lengthkm":0.00922335,"areasqkm":null,"elevation":null,"permanent_identifier":"139318902","nhd_layer_id":6,"nhd_layer_name":"Flowline - Large Scale"},"geometry":{"type":"LineString","coordinates":[[-85.74433704643691,35.078497273014875],[-85.74443904684867,35.07849707290368]]}},{"type":"Feature","properties":{"id":"139314324","name":"Kelly Cove Branch","description":null,"kind":"water","source":"USGS NHD","confidence":"observed","permission":"public domain (USGS)","status":"raw context","last_checked":null,"gnis_id":"01650200","fcode":46006,"ftype":460,"water_kind":"flowline","water_class":"stream","lengthkm":3.87342179,"areasqkm":null,"elevation":null,"permanent_identifier":"139314324","nhd_layer_id":6,"nhd_layer_name":"Flowline - Large Scale"},"geometry":{"type":"LineString","coordinates":[[-85.73693717758121,35.080841540167086],[-85.73707097774799,35.08093507365152],[-85.737191444514,35.081061339938756],[-85.73737197713706,35.08112174008919],[-85.73753917739991,35.081132673471274],[-85.73783997700649,35.081110541034576],[-85.73840157809843,35.08100047396719],[-85.73874244450147,35.080901473851775],[-85.73886957796786,35.08082987359366],[-85.73904317855441,35.080560473291456],[-85.73919017789306,35.08043407339247],[-85.73935737815592,35.08037894021919],[-85.74005264518576,35.08035127356529],[-85.7404671782638,35.08027967367583],[-85.74068097883514,35.08020267338918],[-85.7409884451421,35.08004314026725],[-85.74145644605204,35.07987807278846],[-85.74179057812,35.07970747347396],[-85.74216484565962,35.07960847349251],[-85.74243884631687,35.079448940060146],[-85.74270637901573,35.07938287345756],[-85.74298704533282,35.07928374024377],[-85.74336144606079,35.07926727252765],[-85.74362217991145,35.079179140088144],[-85.74377597913882,35.079162539512176],[-85.74387617942703,35.07912407333774],[-85.7439296462184,35.07904153956189],[-85.74393617973045,35.078893273355625],[-85.74390924655226,35.078706339546436],[-85.74392937880121,35.078640473304915],[-85.74400944579995,35.07857447331898],[-85.74433704643691,35.078497273014875]]}},{"type":"Feature","properties":{"id":"139318925","name":null,"description":null,"kind":"water","source":"USGS NHD","confidence":"observed","permission":"public domain (USGS)","status":"raw context","last_checked":null,"gnis_id":null,"fcode":55800,"ftype":558,"water_kind":"flowline","water_class":"artificial_path","lengthkm":0.02348834,"areasqkm":null,"elevation":null,"permanent_identifier":"139318925","nhd_layer_id":6,"nhd_layer_name":"Flowline - Large Scale"},"geometry":{"type":"LineString","coordinates":[[-85.74513744692595,35.08553207427095],[-85.7450497809085,35.08533447403864]]}},{"type":"Feature","properties":{"id":"139314329","name":null,"description":null,"kind":"water","source":"USGS NHD","confidence":"observed","permission":"public domain (USGS)","status":"raw context","last_checked":null,"gnis_id":null,"fcode":46006,"ftype":460,"water_kind":"flowline","water_class":"stream","lengthkm":1.15144446,"areasqkm":null,"elevation":null,"permanent_identifier":"139314329","nhd_layer_id":6,"nhd_layer_name":"Flowline - Large Scale"},"geometry":{"type":"LineString","coordinates":[[-85.73670264541344,35.103441944690886],[-85.73713724518682,35.10334287817559],[-85.73733124543949,35.103408744899404],[-85.73750517899687,35.103408744899404],[-85.73769904606124,35.10335914438572],[-85.7382340459053,35.103320477654606],[-85.73834104608221,35.10327654489809],[-85.73844124637043,35.10318847841205],[-85.73854164644112,35.10315007890184],[-85.73908324535086,35.10307834494517],[-85.73921024562891,35.10301234515459],[-85.7392235800702,35.10280894492203],[-85.7392970459222,35.10275394435095],[-85.73951104627602,35.10269894459402],[-85.73963817870187,35.102643878399746],[-85.73971837992949,35.102572478552894],[-85.74006604622122,35.10247887794361],[-85.74042704591372,35.1023413439662],[-85.74125624629868,35.10209914450154],[-85.74156378024033,35.101961677986836],[-85.74197837991252,35.10188454493697]]}},{"type":"Feature","properties":{"id":"139318924","name":null,"description":null,"kind":"water","source":"USGS NHD","confidence":"observed","permission":"public domain (USGS)","status":"raw context","last_checked":null,"gnis_id":null,"fcode":55800,"ftype":558,"water_kind":"flowline","water_class":"artificial_path","lengthkm":0.00898346,"areasqkm":null,"elevation":null,"permanent_identifier":"139318924","nhd_layer_id":6,"nhd_layer_name":"Flowline - Large Scale"},"geometry":{"type":"LineString","coordinates":[[-85.74278917949688,35.09377187600213],[-85.74273017914648,35.09370727600533]]}},{"type":"Feature","properties":{"id":"139316348","name":null,"description":null,"kind":"water","source":"USGS NHD","confidence":"observed","permission":"public domain (USGS)","status":"raw context","last_checked":null,"gnis_id":null,"fcode":46006,"ftype":460,"water_kind":"flowline","water_class":"stream","lengthkm":0.6629342300000001,"areasqkm":null,"elevation":null,"permanent_identifier":"139316348","nhd_layer_id":6,"nhd_layer_name":"Flowline - Large Scale"},"geometry":{"type":"LineString","coordinates":[[-85.7365666445176,35.087602075050974],[-85.73709497766127,35.08769534194573],[-85.73825177868318,35.08783774191417],[-85.73886704530845,35.087952941591944],[-85.73938197845719,35.08801867515331],[-85.73961597891217,35.08807367459621],[-85.73984344481457,35.088155941248935],[-85.7401377785438,35.08835367513254],[-85.74037844569915,35.088485474466545],[-85.74052564586086,35.08858987537445],[-85.74064617922103,35.088644875283606],[-85.74102737879718,35.08877107514543],[-85.74111424568461,35.08885347562045]]}},{"type":"Feature","properties":{"id":"139318871","name":"Battle Creek","description":null,"kind":"water","source":"USGS NHD","confidence":"observed","permission":"public domain (USGS)","status":"raw context","last_checked":null,"gnis_id":"01276480","fcode":55800,"ftype":558,"water_kind":"flowline","water_class":"artificial_path","lengthkm":0.6627846000000001,"areasqkm":null,"elevation":null,"permanent_identifier":"139318871","nhd_layer_id":6,"nhd_layer_name":"Flowline - Large Scale"},"geometry":{"type":"LineString","coordinates":[[-85.74443904684867,35.07849707290368],[-85.74437817874002,35.07817913989002],[-85.74433604648388,35.078041939604915],[-85.74430997902985,35.07797473931158]]}},{"type":"Feature","properties":{"id":"139318876","name":"Battle Creek","description":null,"kind":"water","source":"USGS NHD","confidence":"observed","permission":"public domain (USGS)","status":"raw context","last_checked":null,"gnis_id":"01276480","fcode":55800,"ftype":558,"water_kind":"flowline","water_class":"artificial_path","lengthkm":0.43646038000000004,"areasqkm":null,"elevation":null,"permanent_identifier":"139318876","nhd_layer_id":6,"nhd_layer_name":"Flowline - Large Scale"},"geometry":{"type":"LineString","coordinates":[[-85.74315038001241,35.09329034227277],[-85.74315924640136,35.09325527637274],[-85.74316264686597,35.09318414244887],[-85.74316204647793,35.093148542685405],[-85.74314618041778,35.0930424763443],[-85.74307597976103,35.0929122756162],[-85.7430181801867,35.0928165422583],[-85.74280524638006,35.09254674222707],[-85.74270217942109,35.092433275660156],[-85.74260417986198,35.092316141987034],[-85.74235718001763,35.092071275117156],[-85.74229744609087,35.09202087590755],[-85.74227464695367,35.09199014221657],[-85.74218877897871,35.09191134291426],[-85.74215617905318,35.091888676170555],[-85.74209964684907,35.091835142001734],[-85.74196977990026,35.09174494232228],[-85.74194317969291,35.091717875502646],[-85.74191297923844,35.09169354251693],[-85.74185184579365,35.09164567513665],[-85.74181897949144,35.09162354214684],[-85.74176037974658,35.09157374204645],[-85.74166384629967,35.09150394250428],[-85.74136984658179,35.091349942615025],[-85.74125664586367,35.09129467548665],[-85.74117918019957,35.09126074194685],[-85.74113937873925,35.09124694239409],[-85.74106204522295,35.0912140756439],[-85.74089377945344,35.09118174185965],[-85.7407648458635,35.091168275192764],[-85.74068084564679,35.091153475223685],[-85.74063657925574,35.091152275594276],[-85.74046137936864,35.09115307591482],[-85.74028677882907,35.09115814262494],[-85.73980564534138,35.091178342201204],[-85.7397619782978,35.091174875281695],[-85.7396911793341,35.09115507586481]]}},{"type":"Feature","properties":{"id":"139316326","name":null,"description":null,"kind":"water","source":"USGS NHD","confidence":"observed","permission":"public domain (USGS)","status":"raw context","last_checked":null,"gnis_id":null,"fcode":46006,"ftype":460,"water_kind":"flowline","water_class":"stream","lengthkm":0.93002883,"areasqkm":null,"elevation":null,"permanent_identifier":"139316326","nhd_layer_id":6,"nhd_layer_name":"Flowline - Large Scale"},"geometry":{"type":"LineString","coordinates":[[-85.75897485002724,35.08379573943926],[-85.75845998347266,35.083817339823064],[-85.75818578407345,35.083894273688365],[-85.7576507842294,35.084135740464475],[-85.7572093835268,35.084294940319126],[-85.75695518318818,35.08441034083997],[-85.75666085049949,35.08460807443781],[-85.75634638348079,35.08491013994787],[-85.75498844934661,35.08576687436758],[-85.75455344896773,35.08612947337095],[-85.75425238298449,35.08650307409537],[-85.75405838273178,35.08666227443836],[-85.75387778247402,35.08672814101487],[-85.75348304971463,35.08696427444274],[-85.75320198279199,35.087183941068886],[-85.75257998183163,35.087535340708776],[-85.75208484900152,35.08791987427761],[-85.75197778223045,35.08805714053946],[-85.75145538221078,35.089035274210325]]}},{"type":"Feature","properties":{"id":"139314483","name":null,"description":null,"kind":"water","source":"USGS NHD","confidence":"observed","permission":"public domain (USGS)","status":"raw context","last_checked":null,"gnis_id":null,"fcode":46006,"ftype":460,"water_kind":"flowline","water_class":"stream","lengthkm":2.05707089,"areasqkm":null,"elevation":null,"permanent_identifier":"139314483","nhd_layer_id":6,"nhd_layer_name":"Flowline - Large Scale"},"geometry":{"type":"LineString","coordinates":[[-85.7609771857345,35.09929047660584],[-85.76078338526432,35.09915847679689],[-85.76065638498623,35.09894954271074],[-85.76057638458167,35.09865827634621],[-85.76057678518721,35.098147076174186],[-85.76050325170054,35.097965676741225],[-85.7603362512202,35.0977182762332],[-85.76022938527215,35.09759727656617],[-85.75911305165219,35.09681074327899],[-85.75879885205069,35.096667675346765],[-85.75862505064111,35.09654127657061],[-85.75797685111945,35.09586487645725],[-85.75766278470628,35.09562847593315],[-85.75730858386197,35.09527647604923],[-85.75714145123384,35.0951554753125],[-85.75593158402606,35.0944128756085],[-85.75484205039598,35.093846275294474],[-85.75369924975703,35.0929827422908],[-85.75354544948912,35.09290567566789],[-85.75321784989268,35.09280114236005],[-85.75204138278099,35.09227287590099],[-85.75161358289635,35.092096742048305],[-85.75143298263859,35.092058142344136],[-85.75022938152567,35.09192567532899],[-85.74997538096956,35.0919127426108],[-85.74942798108361,35.091850742160794],[-85.74885278125475,35.091653141911735],[-85.748672180997,35.09163134267271],[-85.7484113815927,35.09164794241401],[-85.74762924767542,35.09184614205961],[-85.74692724735104,35.09215427589634],[-85.74636578048795,35.09235787554407],[-85.74563038006748,35.09255054198191],[-85.74524918049134,35.09271554209872],[-85.74498858086956,35.09280367608962],[-85.7448348471958,35.09300154258869],[-85.7447412470138,35.09305654292812],[-85.74452738088885,35.09313907614596],[-85.74446718080293,35.093205076267246],[-85.74437378040342,35.09356787633085],[-85.74429358021638,35.09360634250518],[-85.7441665799383,35.093589943236694],[-85.74340404655716,35.093397943332164],[-85.74330364648645,35.093331942515626]]}},{"type":"Feature","properties":{"id":"139316336","name":null,"description":null,"kind":"water","source":"USGS NHD","confidence":"observed","permission":"public domain (USGS)","status":"raw context","last_checked":null,"gnis_id":null,"fcode":46006,"ftype":460,"water_kind":"flowline","water_class":"stream","lengthkm":0.6667390300000001,"areasqkm":null,"elevation":null,"permanent_identifier":"139316336","nhd_layer_id":6,"nhd_layer_name":"Flowline - Large Scale"},"geometry":{"type":"LineString","coordinates":[[-85.75145538221078,35.089035274210325],[-85.7508667813465,35.08925474198529],[-85.75016458228014,35.089408341405054],[-85.74997458183957,35.08938827506379],[-85.74956658123303,35.089344475284555],[-85.7491853816569,35.089212742046996],[-85.7490114480995,35.08909747518314],[-85.74865678109603,35.08878427485925],[-85.7482086481394,35.08849867507808],[-85.74768004757854,35.088196674795086],[-85.74737904714893,35.087982341749715],[-85.74687738080677,35.087614341773865],[-85.746696780549,35.08750454146911],[-85.746382381165,35.0873782749378],[-85.7461883809123,35.087191474665275],[-85.74577998074078,35.086405740993996]]}},{"type":"Feature","properties":{"id":"139316317","name":null,"description":null,"kind":"water","source":"USGS NHD","confidence":"observed","permission":"public domain (USGS)","status":"raw context","last_checked":null,"gnis_id":null,"fcode":46006,"ftype":460,"water_kind":"flowline","water_class":"stream","lengthkm":0.7290999699999999,"areasqkm":null,"elevation":null,"permanent_identifier":"139316317","nhd_layer_id":6,"nhd_layer_name":"Flowline - Large Scale"},"geometry":{"type":"LineString","coordinates":[[-85.75919945029943,35.087862941112576],[-85.75873798394205,35.08800014105816],[-85.7571194501861,35.08842807511092],[-85.75662458373264,35.08851574119055],[-85.75629684990736,35.08862007479663],[-85.75598925041206,35.08867494186218],[-85.75570178316572,35.08866927388767],[-85.7552270489612,35.088586541168226],[-85.75508664972875,35.08854254087181],[-85.75489938277062,35.08852047515443],[-85.75447818299219,35.0885696743056],[-85.75421058369919,35.08863007400514],[-85.75348838245061,35.08866267529886],[-85.75314738181872,35.0887118743642],[-85.75291324921595,35.08871727413524],[-85.75255238167125,35.08865654159078],[-85.75242524924538,35.08866207418868],[-85.75216444880056,35.08872234099669],[-85.75145538221078,35.089035274210325]]}},{"type":"Feature","properties":{"id":"139318926","name":null,"description":null,"kind":"water","source":"USGS NHD","confidence":"observed","permission":"public domain (USGS)","status":"raw context","last_checked":null,"gnis_id":null,"fcode":55800,"ftype":558,"water_kind":"flowline","water_class":"artificial_path","lengthkm":0.00622575,"areasqkm":null,"elevation":null,"permanent_identifier":"139318926","nhd_layer_id":6,"nhd_layer_name":"Flowline - Large Scale"},"geometry":{"type":"LineString","coordinates":[[-85.74111424568461,35.08885347562045],[-85.74114544609213,35.08890307559347]]}},{"type":"Feature","properties":{"id":"139318904","name":null,"description":null,"kind":"water","source":"USGS NHD","confidence":"observed","permission":"public domain (USGS)","status":"raw context","last_checked":null,"gnis_id":null,"fcode":55800,"ftype":558,"water_kind":"flowline","water_class":"artificial_path","lengthkm":0.008560390000000001,"areasqkm":null,"elevation":null,"permanent_identifier":"139318904","nhd_layer_id":6,"nhd_layer_name":"Flowline - Large Scale"},"geometry":{"type":"LineString","coordinates":[[-85.74197837991252,35.10188454493697],[-85.74207004678263,35.10190374414116]]}},{"type":"Feature","properties":{"id":"139314327","name":null,"description":null,"kind":"water","source":"USGS NHD","confidence":"observed","permission":"public domain (USGS)","status":"raw context","last_checked":null,"gnis_id":null,"fcode":46006,"ftype":460,"water_kind":"flowline","water_class":"stream","lengthkm":0.74063922,"areasqkm":null,"elevation":null,"permanent_identifier":"139314327","nhd_layer_id":6,"nhd_layer_name":"Flowline - Large Scale"},"geometry":{"type":"LineString","coordinates":[[-85.73565877769246,35.090284542134256],[-85.73703637791638,35.09044334259502],[-85.73860777861051,35.090519876007136],[-85.73887524575574,35.090552675775626],[-85.73896884489719,35.09054707604453]]}},{"type":"Feature","properties":{"id":"139318880","name":"Battle Creek","description":null,"kind":"water","source":"USGS NHD","confidence":"observed","permission":"public domain (USGS)","status":"raw context","last_checked":null,"gnis_id":"01276480","fcode":55800,"ftype":558,"water_kind":"flowline","water_class":"artificial_path","lengthkm":0.27498912000000003,"areasqkm":null,"elevation":null,"permanent_identifier":"139318880","nhd_layer_id":6,"nhd_layer_name":"Flowline - Large Scale"},"geometry":{"type":"LineString","coordinates":[[-85.74306644743042,35.104013077735544],[-85.74293118011093,35.10393014521213],[-85.74290357995054,35.103904078425415],[-85.74287158041302,35.10388147886104],[-85.74283518045787,35.10386267851807],[-85.74274158131641,35.10379027864186],[-85.7426349807045,35.10368094448317],[-85.74257504699524,35.10363267808229],[-85.74252117959833,35.103579677712254],[-85.74243244703369,35.103458078082106],[-85.74240798096127,35.103391544848236],[-85.74235664726429,35.103294944424306],[-85.74230124716102,35.10316274508972],[-85.74229417985511,35.10312867773035],[-85.74227044631851,35.10306214507892],[-85.7422681800358,35.103027477524535],[-85.7422431801695,35.10296147854401],[-85.74221998042675,35.10285994442782],[-85.74221898047372,35.10282514483859],[-85.74219984713729,35.102758144584655],[-85.74219524693713,35.10272374505549],[-85.74215798021727,35.102553545107426],[-85.74213644740976,35.102486278177565],[-85.74211578032644,35.10238254459368],[-85.74207837937772,35.10210414413084],[-85.74207064717066,35.101997944720125],[-85.74207004678263,35.10190374414116]]}},{"type":"Feature","properties":{"id":"139318903","name":null,"description":null,"kind":"water","source":"USGS NHD","confidence":"observed","permission":"public domain (USGS)","status":"raw context","last_checked":null,"gnis_id":null,"fcode":55800,"ftype":558,"water_kind":"flowline","water_class":"artificial_path","lengthkm":0.00797948,"areasqkm":null,"elevation":null,"permanent_identifier":"139318903","nhd_layer_id":6,"nhd_layer_name":"Flowline - Large Scale"},"geometry":{"type":"LineString","coordinates":[[-85.73896884489719,35.09054707604453],[-85.73905224472584,35.090523742266456]]}},{"type":"Feature","properties":{"id":"139316271","name":null,"description":null,"kind":"water","source":"USGS NHD","confidence":"observed","permission":"public domain (USGS)","status":"raw context","last_checked":null,"gnis_id":null,"fcode":46006,"ftype":460,"water_kind":"flowline","water_class":"stream","lengthkm":1.0372094699999999,"areasqkm":null,"elevation":null,"permanent_identifier":"139316271","nhd_layer_id":6,"nhd_layer_name":"Flowline - Large Scale"},"geometry":{"type":"LineString","coordinates":[[-85.7620645862702,35.103352677231044],[-85.76209785213739,35.103611077839275],[-85.7620641867052,35.10405067749655]]}},{"type":"Feature","properties":{"id":"139318873","name":"Battle Creek","description":null,"kind":"water","source":"USGS NHD","confidence":"observed","permission":"public domain (USGS)","status":"raw context","last_checked":null,"gnis_id":"01276480","fcode":55800,"ftype":558,"water_kind":"flowline","water_class":"artificial_path","lengthkm":0.7765493900000001,"areasqkm":null,"elevation":null,"permanent_identifier":"139318873","nhd_layer_id":6,"nhd_layer_name":"Flowline - Large Scale"},"geometry":{"type":"LineString","coordinates":[[-85.7450497809085,35.08533447403864],[-85.74512164641942,35.085244474075814],[-85.74517864686375,35.085147740608676],[-85.74519124668815,35.08511374065113],[-85.74519598007663,35.08507807435603],[-85.74518457998776,35.084936474208476],[-85.74516904689845,35.084866341169615],[-85.74514744749678,35.08479727411243],[-85.74499637967075,35.08438607464351],[-85.74497398009855,35.08431727454317],[-85.74484958011459,35.08405207418286],[-85.74472644646032,35.083747073842225],[-85.74471184672987,35.08367707346357],[-85.7446551802969,35.08318247365009],[-85.7446437791675,35.082897140354845],[-85.74463177973114,35.08279107345365],[-85.74461977925425,35.08272067375592],[-85.74462278015388,35.0825781405358],[-85.74463104615477,35.082471940386526],[-85.74464064612008,35.082401873348424],[-85.74464304663168,35.082331073962806],[-85.74462784651318,35.081475139635984],[-85.74463637889075,35.0813335400462],[-85.74464524632022,35.081263273628956],[-85.74464704540325,35.08051367399034],[-85.74464458037858,35.0804422734983],[-85.74461557965961,35.07987374024167],[-85.74461238001803,35.07983813977739],[-85.74459657951151,35.07976873977479],[-85.74459184612303,35.079697673279874],[-85.74458964643446,35.07951927275609],[-85.74457697897536,35.07944927385876],[-85.74457524648649,35.07941353951944],[-85.74456044697355,35.07930807352574],[-85.744544046079,35.07923887233008],[-85.74451164593596,35.07902887303317],[-85.74448837959906,35.0787814729798],[-85.74447517938664,35.07867567321875],[-85.74443904684867,35.07849707290368]]}},{"type":"Feature","properties":{"id":"139316345","name":null,"description":null,"kind":"water","source":"USGS NHD","confidence":"observed","permission":"public domain (USGS)","status":"raw context","last_checked":null,"gnis_id":null,"fcode":46006,"ftype":460,"water_kind":"flowline","water_class":"stream","lengthkm":0.11489658,"areasqkm":null,"elevation":null,"permanent_identifier":"139316345","nhd_layer_id":6,"nhd_layer_name":"Flowline - Large Scale"},"geometry":{"type":"LineString","coordinates":[[-85.74577998074078,35.086405740993996],[-85.74575984641078,35.08640567458055],[-85.74539184704706,35.08596067434209],[-85.74513744692595,35.08553207427095]]}},{"type":"Feature","properties":{"id":"139318927","name":null,"description":null,"kind":"water","source":"USGS NHD","confidence":"observed","permission":"public domain (USGS)","status":"raw context","last_checked":null,"gnis_id":null,"fcode":55800,"ftype":558,"water_kind":"flowline","water_class":"artificial_path","lengthkm":0.00931234,"areasqkm":null,"elevation":null,"permanent_identifier":"139318927","nhd_layer_id":6,"nhd_layer_name":"Flowline - Large Scale"},"geometry":{"type":"LineString","coordinates":[[-85.73965804561469,35.091233875897814],[-85.7396911793341,35.09115507586481]]}},{"type":"Feature","properties":{"id":"139318874","name":"Battle Creek","description":null,"kind":"water","source":"USGS NHD","confidence":"observed","permission":"public domain (USGS)","status":"raw context","last_checked":null,"gnis_id":"01276480","fcode":55800,"ftype":558,"water_kind":"flowline","water_class":"artificial_path","lengthkm":1.33395591,"areasqkm":null,"elevation":null,"permanent_identifier":"139318874","nhd_layer_id":6,"nhd_layer_name":"Flowline - Large Scale"},"geometry":{"type":"LineString","coordinates":[[-85.74114544609213,35.08890307559347],[-85.74118804658849,35.08890754133497],[-85.74131624556156,35.088908275266135],[-85.74140244650734,35.0888926753956],[-85.74148317944773,35.08886854165266],[-85.74179284544326,35.08867494186218],[-85.74182944622144,35.08865547474785],[-85.74190717930274,35.088625541836755],[-85.74198117894859,35.08858874211898],[-85.74202018023837,35.08857367518363],[-85.7420935794962,35.08853494183995],[-85.74219917911454,35.08847014186507],[-85.74227624625419,35.088437875107616],[-85.74231644623897,35.08842534201],[-85.74239384530891,35.0883950752525],[-85.74252024623947,35.08836554156836],[-85.7426908459264,35.08833174218781],[-85.74277257986036,35.088305941170006],[-85.74281204626878,35.08829007468517],[-85.74285517951849,35.08828914151271],[-85.74289797979736,35.088298074765596],[-85.74293917973517,35.088310675146055],[-85.74297557969032,35.08833114192659],[-85.74302764696367,35.08838794194109],[-85.74307337946695,35.08844794160169],[-85.74309324637973,35.08847967535825],[-85.74312704604083,35.088544475325556],[-85.7431364462236,35.08857947513668],[-85.74315437982453,35.08868407515901],[-85.74315197931293,35.08882627501821],[-85.74308697924437,35.089067342349054],[-85.74307337946695,35.08920774162717],[-85.74310244678006,35.089311074776155],[-85.74313978009408,35.08937574211224],[-85.74318524622068,35.08941707530244],[-85.74331637949918,35.08942654227389],[-85.74335938060108,35.089422741522114],[-85.74339657968625,35.08940327543767],[-85.74346377944339,35.08935834157026],[-85.74351304664013,35.08930087556644],[-85.7435957794866,35.08922207536848],[-85.74362737945908,35.08919814180791],[-85.74376144600255,35.08906467568078],[-85.74378384661527,35.089035875317734],[-85.74383884715354,35.088983675165956],[-85.74385844664916,35.08895307485593],[-85.74388444646848,35.08892607522395],[-85.74391478011128,35.0889013412339],[-85.74406377935601,35.08873334232588],[-85.744077980562,35.088699875155626],[-85.74410544649352,35.088674141517316],[-85.74411777994126,35.08863974200572],[-85.74415224658452,35.08857614178143],[-85.74422837932477,35.08841047513134],[-85.74423524684818,35.08837587542156],[-85.7442385796781,35.088305474583834],[-85.7442368461487,35.08823454153828],[-85.74423204720658,35.088199475167094],[-85.74421404597096,35.08816727471457],[-85.74406084713162,35.087909741306134],[-85.74391458032878,35.08769027502053],[-85.74383798038883,35.08760407508804],[-85.74372924668253,35.087449875408296],[-85.74370157992797,35.087422741602026],[-85.74363257900674,35.08733254215099],[-85.74359064549257,35.08727027427083],[-85.74355337981325,35.087206075263516],[-85.7434620469545,35.087007741732606],[-85.7434209791645,35.086945741810815],[-85.7432650458022,35.086688874637595],[-85.74325084667728,35.0866563415225],[-85.74303238035216,35.08639407436486],[-85.7429403794707,35.086273674347915],[-85.7427280460521,35.086007874109754],[-85.74260924622129,35.08586254107248],[-85.74253504575242,35.08577747505732],[-85.74245357923567,35.08569934155554],[-85.74239644664354,35.08564954124351],[-85.74236764674764,35.085625274564265],[-85.74233384604602,35.08560567474529],[-85.74231384594486,35.08557394157344],[-85.74228024606631,35.085554540984575],[-85.74207644606581,35.08538907425155],[-85.74198037877805,35.08532307461648],[-85.74188604606024,35.08525174134233],[-85.74179517832015,35.085176740736514],[-85.74170884626712,35.0850977407163],[-85.74159977854941,35.084986741561],[-85.74155944537631,35.0848847414446],[-85.74154184578676,35.084815540722026],[-85.74153297939782,35.084710274144655],[-85.74154597878722,35.08463987440031],[-85.7415868457542,35.084539074428406],[-85.74161004549691,35.084508874346675],[-85.74170077900814,35.08443114067448],[-85.74176677902976,35.084384740381395],[-85.74180184606105,35.084363941386556],[-85.74183984531675,35.084345941187735],[-85.74200264516193,35.08429314114934],[-85.74204484609331,35.08428287404553],[-85.7421309794044,35.08427227486447],[-85.74217477859575,35.084269874551694],[-85.74221864542181,35.084267874432875],[-85.74226277862456,35.084271473624916],[-85.74234037851753,35.08430354108223],[-85.74248964517945,35.084377274643785],[-85.74260564597418,35.08442714129618],[-85.74268484620822,35.08445674026701],[-85.742918579246,35.08455254133841],[-85.74303864540647,35.08459527424056],[-85.7433475799067,35.08472107421616],[-85.74348784595081,35.08480207385544],[-85.74352784615309,35.08481494128648],[-85.74363984609516,35.084866874190155],[-85.74371237962882,35.08490547474347],[-85.74382537952391,35.084957741365564],[-85.74386504675536,35.084972274246134],[-85.74434184641956,35.08522334152521],[-85.74450237894149,35.085280740581766],[-85.74471737924836,35.08531714075173],[-85.74498138037531,35.08533527441633],[-85.7450497809085,35.08533447403864]]}},{"type":"Feature","id":97679,"geometry":{"type":"Polygon","coordinates":[[[-85.73225437464832,35.06272773653867],[-85.73246797543715,35.06215606992714],[-85.73254137469497,35.06204067029622],[-85.73261497477583,35.06196913695631],[-85.73268837507418,35.06193073677607],[-85.73289557553927,35.06190866982314],[-85.73387157548042,35.062100669743856],[-85.73474737617386,35.06222133709668],[-85.73513504266789,35.06222666963272],[-85.73600404243207,35.062160336981506],[-85.73617104291242,35.062165736806435],[-85.73655884259477,35.06226453650557],[-85.73676617624822,35.062336069586706],[-85.73683964314075,35.06240733687322],[-85.73683977632906,35.062550269856864],[-85.73679297623809,35.06260527028644],[-85.73664604245306,35.062704269603564],[-85.73631184275041,35.062803269652356],[-85.73590424274941,35.06297933644295],[-85.73568364228937,35.06309487016694],[-85.73466137605111,35.063859270367686],[-85.73453444236722,35.06390313663425],[-85.73403977569627,35.063925336763255],[-85.73396624220959,35.06398033711806],[-85.73397297550414,35.06409573741388],[-85.73410664248257,35.06418367066725],[-85.73418024256344,35.06418907035834],[-85.73454797555048,35.064123070607856],[-85.73466157583361,35.06415593720083],[-85.73474857590939,35.06443073683024],[-85.734955976157,35.06485387095493],[-85.735076442923,35.06507927098508],[-85.73529057646518,35.06535947052664],[-85.7354109755965,35.06549673727364],[-85.7356316426507,35.06567807094863],[-85.73590577649631,35.06580987029445],[-85.73615317590568,35.06588673767591],[-85.73637384295988,35.065930537274504],[-85.73686184293045,35.06595247028008],[-85.7375837767618,35.06595213727794],[-85.73777764382618,35.06597407027766],[-85.73841284395843,35.06635867055542],[-85.73881404363573,35.066534270631976],[-85.7388943770111,35.0666057378004],[-85.73890777700605,35.066682670861894],[-85.73884777670261,35.06697393729562],[-85.73884797752564,35.067281737554076],[-85.73890824420573,35.0674906710071],[-85.7389952442815,35.06769393790001],[-85.7390822443573,35.0677708707875],[-85.73923604358465,35.067831270556404],[-85.73987797701147,35.06801247129821],[-85.74021884445503,35.068127670866886],[-85.74095457784632,35.06850113771132],[-85.74112837821538,35.06862747093187],[-85.74131577836187,35.06885267147815],[-85.74141604420369,35.06895167088331],[-85.7415899777611,35.069143871405494],[-85.74172377792786,35.06926473784882],[-85.7420582450477,35.069638338305914],[-85.74205157834731,35.06966033759383],[-85.74211857832196,35.06972073766773],[-85.74215197841802,35.069781271402526],[-85.74251324552773,35.07017673834537],[-85.74291444520502,35.07054487148588],[-85.74306177855505,35.0707537378241],[-85.74316217862574,35.07095693782904],[-85.74326257869645,35.07108333793229],[-85.74356364572023,35.071572471376385],[-85.74372424587683,35.071786671254294],[-85.74415244532648,35.072182138698885],[-85.74431964558931,35.07236907127469],[-85.7443598455741,35.072467938674436],[-85.74435997876243,35.07265487144714],[-85.74423977941363,35.07285813825249],[-85.74396577875636,35.0731166721117],[-85.74367184563266,35.07345207222107],[-85.74338464580352,35.073847938653046],[-85.7431844450096,35.074276672494875],[-85.7431643783143,35.07438113842476],[-85.74317117924355,35.07458993874047],[-85.74330517919282,35.0750626720172],[-85.74335884576669,35.07519993862514],[-85.7435598456906,35.07598593947297],[-85.74381444559421,35.07666727231937],[-85.74392824565986,35.076974938942925],[-85.74414264557868,35.077722472888176],[-85.744189578858,35.077903739377476],[-85.7442900465634,35.07820053994595],[-85.74433704643691,35.078497273014875],[-85.7443906464166,35.07870613943576],[-85.74443104618389,35.0791073399118],[-85.74449157924066,35.07951954013536],[-85.74448497913444,35.0797393400626],[-85.74451858005354,35.07988227334913],[-85.74455357945013,35.08233907377619],[-85.74450024688763,35.08263034052965],[-85.74451397985338,35.0831800741567],[-85.74460797960037,35.083718540669956],[-85.7447352462551,35.08402627436569],[-85.74489597960006,35.08433947422792],[-85.74507684623448,35.08491654129922],[-85.74507698046335,35.08507594057655],[-85.74492984689581,35.08516947431479],[-85.74470264632954,35.08520807387342],[-85.74454217936126,35.08520254104127],[-85.74438164683934,35.08515314061562],[-85.74398024633904,35.08493894091628],[-85.74351204668712,35.08475234111332],[-85.74305064588336,35.08451614082725],[-85.74256904623653,35.08432394075016],[-85.7423015790913,35.08419227433372],[-85.74212104542771,35.08419227433372],[-85.7417532458465,35.08430234050056],[-85.74151277847363,35.08446734112703],[-85.74143937921583,35.08469827434731],[-85.7414795792006,35.08494007422251],[-85.74151304589084,35.08501694146581],[-85.74177397952401,35.08524767473846],[-85.74218864579038,35.085516874794024],[-85.74252324609857,35.08582454125169],[-85.74303857985284,35.086500274516574],[-85.74320577907515,35.08666514127628],[-85.74341997921148,35.087027741395154],[-85.74352058010521,35.087308075031416],[-85.74366104593183,35.087494875036896],[-85.74374804600761,35.08765967507662],[-85.74380824609352,35.08772014186245],[-85.74383504608338,35.087786141260764],[-85.74414957969626,35.08822014121143],[-85.74414977947876,35.08839607483556],[-85.74406298022602,35.08865434149331],[-85.74370218031602,35.08905574166042],[-85.74342817965876,35.089314141605634],[-85.74336137946662,35.08934727561716],[-85.74321417930491,35.08931974227283],[-85.74317404591432,35.08927587519424],[-85.74314724592445,35.08920987529861],[-85.74315384603067,35.089105475184354],[-85.74322724632901,35.088896541732105],[-85.7432539797247,35.08872627545567],[-85.74323377984106,35.08861627485865],[-85.7431065797805,35.088335941461665],[-85.74299944641525,35.08824267529944],[-85.74285904614227,35.08816014138329],[-85.74277217925481,35.088176741831155],[-85.74265177908299,35.0882536749905],[-85.74219057910229,35.08840774202978],[-85.74176277921764,35.088627874758345],[-85.7414486462103,35.08882587484649],[-85.74131484604352,35.08885887538205],[-85.74111424568461,35.088853474769],[-85.74059937913006,35.08888114194504],[-85.74006457906849,35.08897487566231],[-85.7398372453139,35.0890462754973],[-85.73960324485891,35.08916174166713],[-85.73923577824854,35.089486275526646],[-85.73906877880873,35.08973914243475],[-85.73894857841938,35.09018434257443],[-85.73896884489719,35.09054707604453],[-85.7390224448769,35.090607542392455],[-85.73911617824722,35.09078334230376],[-85.73950417875261,35.09115147612509],[-85.73965804561469,35.091233875897814],[-85.73977844578653,35.09126127577695],[-85.74036017912742,35.09121167553535],[-85.74065437862777,35.091206075849506],[-85.74090844577808,35.09123334206754],[-85.74104217935066,35.09126634248036],[-85.74132984637951,35.09139254254267],[-85.74165084586974,35.09155734236919],[-85.74207244625369,35.09188694272589],[-85.74254744683486,35.09235947616154],[-85.74276838026574,35.09261214259807],[-85.74292224608728,35.09283747617105],[-85.74300924616306,35.093057275970544],[-85.7430094469861,35.09323314296844],[-85.7429025799975,35.093403675683035],[-85.74272877962846,35.09360154242894],[-85.74255504689411,35.09373347631335],[-85.7419331801626,35.09388214293688],[-85.7415855794245,35.093981276288226],[-85.74129804662452,35.09411874263734],[-85.74109757945395,35.094250742943316],[-85.74081684654267,35.094492676258746],[-85.74056297917488,35.094921476136484],[-85.74035604612695,35.09544367652411],[-85.74024937892088,35.09585034296357],[-85.74024304623185,35.09657034330906],[-85.74022297953657,35.09666934313603],[-85.74023657931397,35.09693867661144],[-85.74033037927848,35.09731234360114],[-85.74039777985864,35.097977343417675],[-85.74042444666016,35.09812027709532],[-85.7405450466145,35.09838407724503],[-85.74065217997976,35.09851047742093],[-85.74113384622076,35.098894943914644],[-85.74121417959617,35.09896647723497],[-85.74150184662501,35.099120144345335],[-85.74184978033395,35.09935634405007],[-85.74205717954104,35.09951567764661],[-85.74242537972778,35.10018607723184],[-85.74248557981369,35.100328944040236],[-85.74248578063674,35.10055427757014],[-85.74242564714497,35.10068614401805],[-85.74221184657365,35.10097214464334],[-85.7421049806256,35.10119754449936],[-85.74199158012496,35.1016097446054],[-85.74197837991252,35.101884544085664],[-85.74199857979617,35.10210434418411],[-85.74205898070514,35.10243967788932],[-85.74224664722828,35.10318707805778],[-85.74244084726347,35.103555144811615],[-85.7427018474908,35.103829944543975],[-85.74311004683929,35.10409907815044],[-85.74311004683929,35.10412094471153],[-85.74315004704158,35.10412654521295],[-85.74360518070993,35.10439014460726],[-85.74400658121024,35.10467034534673],[-85.74420724712279,35.10489554514565],[-85.74479638074041,35.10562627823385],[-85.74510418105874,35.10586794540142],[-85.74533164800168,35.10601627834094],[-85.74555924813292,35.10620854561546],[-85.74555924813292,35.106263545558],[-85.74543898114942,35.10646687843419],[-85.74540564764753,35.10659334524305],[-85.74540578187639,35.10675827863483],[-85.745519581942,35.10699994499969],[-85.74579404771791,35.10732414567974],[-85.7458207811136,35.10738454510678],[-85.74585424780383,35.10751647881896],[-85.74573404845502,35.10770894514773],[-85.74553358128443,35.107912345921264],[-85.74519938158178,35.10819834587815],[-85.74492524773619,35.10847327892041],[-85.74454424794256,35.108748279132854],[-85.74422338164068,35.10901767910359],[-85.7440429811654,35.10919907947951],[-85.74394938098342,35.109364079100025],[-85.7439628475725,35.109583879458285],[-85.74402984754715,35.10967174580925],[-85.7440634474257,35.10987507954579],[-85.74410378163935,35.11014434640824],[-85.74407698164951,35.11022134651455],[-85.74401024805154,35.11033134605386],[-85.74386998096689,35.110479879414704],[-85.74361578062828,35.11066674635419],[-85.74354238137046,35.11078767980571],[-85.74350898127437,35.11095254597659],[-85.74351584775727,35.1112274799416],[-85.74356284763076,35.111496679347226],[-85.74359638091516,35.11154614637883],[-85.74359644750933,35.11172747984084],[-85.74344298125278,35.11223874635774],[-85.74343644774073,35.11259047978156],[-85.74337658166617,35.11294227978134],[-85.74332978157517,35.113101680450306],[-85.74330318136782,35.113239079659635],[-85.74332324806313,35.113338079671124],[-85.74349738140302,35.11363474702758],[-85.74349744799719,35.11375014688168],[-85.74342398110467,35.113964546673856],[-85.74317018137158,35.11442074687533],[-85.74307664778377,35.11471214672392],[-85.74286978133001,35.115503746963185],[-85.7428165809153,35.11588848057134],[-85.74283698162198,35.116438081053204],[-85.74288398149545,35.11683928059529],[-85.74293784785183,35.11746588069084],[-85.74301164771518,35.11770768127197],[-85.74306544851792,35.118339681008905],[-85.74311304773892,35.119466347939955],[-85.74309984856704,35.11966968106632],[-85.74297964817768,35.120109481774094],[-85.74272584844459,35.1206261486744],[-85.74243178109202,35.121032948209034],[-85.74227804845883,35.121280348589636],[-85.7421710482819,35.12141234831674],[-85.74181678084341,35.12168728188217],[-85.74100098149393,35.12213274840957],[-85.7403053804527,35.12242988247429],[-85.7400847810332,35.122484881681366],[-85.73968344712705,35.12263894871129],[-85.7390480472123,35.1229194824531],[-85.73809177995511,35.12341994932827],[-85.7377707804649,35.123623482799324],[-85.7369751799585,35.12425028262687],[-85.73676117960468,35.12445374934272],[-85.73621964624859,35.12508628311633],[-85.736028846678,35.12517388254104],[-85.73588837981086,35.125251482900936],[-85.7357145794418,35.1254273493726],[-85.73550738001722,35.12573528307809],[-85.73535364634346,35.12602654969292],[-85.73520664596427,35.12623548329761],[-85.73508624683295,35.12644434998556],[-85.73491924635262,35.12668614944709],[-85.7344913798738,35.12712054993692],[-85.73406997927235,35.127390083195586],[-85.73386264561891,35.12748354966469],[-85.73373564638138,35.127599083086345],[-85.73388944560875,35.127543950317616],[-85.73427744611415,35.12734048366232],[-85.7346584459078,35.12710408337179],[-85.73503964652447,35.126708149516645],[-85.7353270461361,35.1262958831741],[-85.7357615793153,35.12560314993401],[-85.73602217997762,35.12533928299523],[-85.73629437947078,35.12523054965327],[-85.73635177948012,35.1251974829917],[-85.73638984637051,35.12516268272865],[-85.73645377989189,35.12508628311633],[-85.73707544684088,35.12434928287515],[-85.73758364669509,35.12395334924491],[-85.73795818061137,35.12369488207511],[-85.7382524467059,35.12357388267433],[-85.73904144710609,35.123183348720474],[-85.73934918083023,35.12301828261489],[-85.73963678126492,35.12289188214878],[-85.73973704710674,35.12282574861551],[-85.74035898043243,35.12255074910429],[-85.74088724802246,35.12234168178982],[-85.7416162481192,35.122011682006026],[-85.74191718091411,35.12182468193226],[-85.74249204777212,35.12129688186612],[-85.74284638180478,35.12085148140843],[-85.7430334479399,35.12050514811958],[-85.74325358120024,35.119521281059285],[-85.74329998172624,35.11878468155742],[-85.74329318183752,35.11860888074871],[-85.74327304854805,35.118564881335125],[-85.74318578105508,35.11808674790585],[-85.74306518110072,35.11766368137171],[-85.74301158112102,35.11748774792113],[-85.7429441815814,35.11684474744542],[-85.74293738169267,35.11663034757188],[-85.7428836474841,35.11630608092636],[-85.74294344800502,35.11559708067403],[-85.74317684807197,35.114618680069626],[-85.7432436482641,35.11444828025454],[-85.7435510479769,35.11387654706247],[-85.7435574483006,35.11358528041274],[-85.7433901814436,35.11334894659828],[-85.74338338155489,35.11323367981031],[-85.74347678091384,35.112909279630564],[-85.74351658133364,35.11238167971287],[-85.74366324770148,35.111738479768405],[-85.7436631811073,35.11154614637883],[-85.74360284783305,35.11118894632509],[-85.74360924815676,35.11086467930416],[-85.74372284739935,35.11067227916097],[-85.74399024795039,35.11042474612488],[-85.744077181432,35.110303745740794],[-85.74415718079604,35.11007847916915],[-85.74415704760771,35.10983114606615],[-85.7441100477342,35.1094683460219],[-85.74414338123613,35.1093584789585],[-85.74427698162039,35.10919894583851],[-85.74541338193562,35.10820367881422],[-85.74576098163318,35.10784634578867],[-85.7459011821237,35.10756594571283],[-85.74590778118936,35.10742854545042],[-85.74584078121474,35.10726927839455],[-85.7455798486221,35.10698347862361],[-85.74548604761709,35.10682967907133],[-85.74545918103306,35.10673074521103],[-85.74546578113927,35.106576878784814],[-85.74557264812785,35.10634047867757],[-85.74565284831493,35.10627994483106],[-85.74606764776964,35.1065930788038],[-85.74640904796651,35.10688427851169],[-85.74672358157939,35.10706547848763],[-85.74725858246399,35.107175145196486],[-85.747646648523,35.107279345117504],[-85.74828218266663,35.10754294538152],[-85.74865678213655,35.107652678695246],[-85.74943944880717,35.10785014568167],[-85.74997544964478,35.108144745807884],[-85.75063098284902,35.10843094583821],[-85.75106544943404,35.108716878431174],[-85.75129265000031,35.10896434515246],[-85.75144638367404,35.1092227458457],[-85.75151325046035,35.10924487916522],[-85.7516532501278,35.109651545707436],[-85.75170685010751,35.109717546080496],[-85.7519273839734,35.10987714543084],[-85.75217478338276,35.10996514595651],[-85.75238878373659,35.11012467927899],[-85.7525489832877,35.110449079478606],[-85.75250865011458,35.11065787939208],[-85.75245505013486,35.11074027902809],[-85.75217398321223,35.1110039455569],[-85.7519798497712,35.11114674573777],[-85.751424450261,35.11145414610292],[-85.75138438346457,35.1114487461353],[-85.7507086503767,35.11171767923869],[-85.75047438354505,35.11184394638201],[-85.75038065017473,35.1119318792424],[-85.75033385008373,35.11205274612629],[-85.75037385028601,35.11220114611817],[-85.75045398283837,35.112261679822595],[-85.75055424972074,35.112327679784116],[-85.75090198364718,35.112426746443965],[-85.75137684999949,35.112509479657],[-85.75172465052009,35.1125206795067],[-85.75193205076772,35.11248227928606],[-85.75244045040442,35.112279279760834],[-85.75252745048019,35.112295745918054],[-85.75267458404772,35.11229587955397],[-85.7527748509301,35.112367345787185],[-85.75287518440662,35.11247734583442],[-85.75294838388194,35.11287307988833],[-85.75280778382646,35.11311487962991],[-85.75264685069901,35.113510479507205],[-85.75245938395835,35.11379614658768],[-85.75231885049703,35.11394447956705],[-85.75188385011816,35.11410914698775],[-85.75168984986547,35.11420247974262],[-85.75122818372559,35.11447154675279],[-85.75104745027949,35.11462527996239],[-85.75095365031501,35.11480667977181],[-85.75093345043136,35.11497154717404],[-85.75094644982076,35.115350746550746],[-85.7509999832063,35.11552114703192],[-85.75111345030109,35.11569714686308],[-85.75126058386863,35.11584554702687],[-85.75149458328306,35.115955680264214],[-85.75166165035756,35.116065680574124],[-85.75185545082778,35.116230680760516],[-85.75218965053041,35.116670546846365],[-85.75244345026348,35.11720374753456],[-85.75264378424575,35.117544680826],[-85.75296465054763,35.1179350809504],[-85.75438145184386,35.119557147617826],[-85.75515018472568,35.12035994806759],[-85.75529058499866,35.12046448093061],[-85.75559805234616,35.12065148072249],[-85.755771984863,35.12069554794792],[-85.75617325217499,35.120734281331615],[-85.75647438579293,35.12070694753104],[-85.75670858498987,35.12058614795521],[-85.75677545177616,35.12058614795521],[-85.75690245205425,35.12064114755603],[-85.75694258544485,35.12071268136584],[-85.75696245235766,35.120850081357716],[-85.75681518560178,35.121141347569015],[-85.75663438556153,35.12140508086899],[-85.75655398559196,35.1215808816011],[-85.75654718570324,35.121701747788656],[-85.75658058579931,35.12177874803729],[-85.75666745268677,35.121872281372816],[-85.7568881852946,35.121971281107086],[-85.75707545225278,35.12200428099182],[-85.75749678626005,35.12203754810293],[-85.75841325309744,35.122213881097544],[-85.75873425258766,35.12215354798262],[-85.75891498603377,35.122142681378705],[-85.75913565308798,35.12217028108585],[-85.7595369859536,35.12229128086946],[-85.76007858694439,35.12249494822673],[-85.76089458711691,35.12285808091224],[-85.7617036542124,35.123276147672456],[-85.76211158718422,35.123600681043484],[-85.76232538775554,35.12390848122977],[-85.76235878681109,35.12404594817131],[-85.76235198692237,35.124144881434226],[-85.7622782536532,35.12424928178128],[-85.76219805346612,35.124282147977894],[-85.76212445442582,35.124282147977894],[-85.76197058756374,35.12424914816497],[-85.76155598685101,35.124106081587385],[-85.76118138738106,35.12401234826421],[-85.76092058693624,35.12397934834198],[-85.76080005357605,35.12402328185251],[-85.76073985349014,35.12408368166745],[-85.7606995869112,35.124193548449924],[-85.76071298690611,35.12430354870048],[-85.76080645389979,35.12450134809794],[-85.76122758708402,35.12497974855379],[-85.76146825423938,35.125089481363766],[-85.76172005406642,35.125205948378344],[-85.76206625424595,35.1253424820838],[-85.76235385364009,35.125447081742855],[-85.76282218752088,35.12563408201078],[-85.76320998720324,35.12588708189017],[-85.76328345409576,35.125947548406266],[-85.76335038747624,35.12605194814475],[-85.76333685429297,35.126277348419954],[-85.76308238757768,35.12664548193993],[-85.76302205430342,35.126788348319494],[-85.76306218769405,35.12693688231568],[-85.76346325418298,35.12739854920533],[-85.76388438840779,35.12803634919586],[-85.76417858790815,35.1283167486093],[-85.76429885489166,35.12854768271942],[-85.76433885509394,35.12883894948828],[-85.76435205530638,35.12916328283327],[-85.76430505439234,35.12933914936791],[-85.76420458772746,35.129448949490666],[-85.76399718852039,35.12955888222199],[-85.76392358843954,35.12969628260935],[-85.76382285435746,35.130042482356785],[-85.76382958765201,35.13017988277919],[-85.76392318783401,35.13038874956301],[-85.76410365490345,35.13058668310532],[-85.76423738847605,35.130630682833065],[-85.7647725881026,35.13068588244237],[-85.7651872554095,35.13077408260072],[-85.76537465555597,35.130861949075424],[-85.76555505499071,35.13099948257137],[-85.7655952549755,35.13108194928561],[-85.76555498839656,35.1312248827691],[-85.7654076550465,35.13148854937911],[-85.76541425515272,35.131631482999886],[-85.76545425535502,35.13188434936563],[-85.76552105554715,35.132104149386805],[-85.76565465593143,35.132384550111325],[-85.76606238912075,35.13318168349245],[-85.76628965524066,35.133363150052084],[-85.76679798932372,35.133594149841585],[-85.76783485633297,35.13395175031852],[-85.76830978927941,35.134100350387946],[-85.76860418960283,35.13416648327558],[-85.76919285706127,35.13424355002759],[-85.76990199024522,35.134271349863084],[-85.77055105653156,35.134277083593936],[-85.77096579043264,35.13425528299063],[-85.77127359075098,35.134260883122735],[-85.77140739091773,35.134310349946865],[-85.77153439015527,35.13467314998826],[-85.77155425706808,35.13489848300318],[-85.77167445745741,35.13520088379316],[-85.77172799084296,35.13527775044522],[-85.7718885909996,35.13532728302511],[-85.77212939030274,35.13532188378898],[-85.77249079060077,35.135300083465445],[-85.77279845773076,35.13532768296848],[-85.77327345727139,35.13540475032329],[-85.77362805768071,35.13536634982757],[-85.77376859114203,35.13533348299852],[-85.77394925799398,35.13536094974312],[-85.77412319155135,35.13536654979918],[-85.77450445772168,35.13551514983924],[-85.7747051912689,35.1356745497365],[-85.77480545815126,35.13584495024884],[-85.7748186583637,35.136037283282526],[-85.77477179167853,35.13629008320781],[-85.77477139211355,35.136966150347114],[-85.77483139137644,35.137614750151855],[-85.77496499176071,35.13788955073672],[-85.77519899221569,35.138400883652324],[-85.77531925815866,35.13875808436322],[-85.77548639182733,35.13908795076986],[-85.77562665891199,35.13942875076333],[-85.77566685889677,35.139467151044705],[-85.77568019229751,35.13961015064345],[-85.77580045928103,35.1398190842825],[-85.77590079171705,35.13993448448022],[-85.7761482587611,35.14014895064426],[-85.77620845884704,35.14028635102987],[-85.77620825906452,35.14058315082968],[-85.77613459238951,35.14079748424821],[-85.77606099230866,35.140879884029154],[-85.77598725903948,35.14105028470769],[-85.77602059254137,35.141423951079815],[-85.77634825873197,35.141940684416625],[-85.77650199240573,35.14225955148157],[-85.77660885939432,35.14244095100941],[-85.77677605965717,35.14276528462833],[-85.77719059273518,35.14351288494874],[-85.77729739312961,35.144002151414554],[-85.77727059313976,35.14412848507919],[-85.77717019306905,35.14442528533392],[-85.77721019327133,35.14453528548137],[-85.77761159273112,35.14483768535888],[-85.7778254598966,35.145266352198135],[-85.77799939345401,35.145541285208026],[-85.77819339266617,35.14576115215996],[-85.77858125998321,35.146047085599264],[-85.77910305961485,35.146481352166646],[-85.77953786021122,35.1468772851627],[-85.77985886074198,35.147212551997534],[-85.78007959334983,35.14753695253445],[-85.78035379378959,35.14803715239911],[-85.78056766095509,35.14835608576523],[-85.780721461223,35.148614352138985],[-85.78080846025824,35.14886175210241],[-85.78080159377535,35.149026552268666],[-85.7806677936086,35.149301486188364],[-85.78041999359368,35.149642152382896],[-85.78035966031943,35.149872885623836],[-85.78034619373035,35.1501257523326],[-85.78037959382641,35.15017528608705],[-85.78045319390726,35.15037855274508],[-85.78068059425603,35.15065348635073],[-85.78081439442279,35.150752485975175],[-85.78103519466534,35.150895486165396],[-85.78164399437274,35.15126388612014],[-85.78217246174529,35.15146735254314],[-85.78274786135663,35.15173128624359],[-85.78318286173551,35.15180288632643],[-85.78347739524723,35.151769886607376],[-85.78389886140232,35.151890953006195],[-85.7841731950304,35.15201195286489],[-85.78447439524251,35.1521604859348],[-85.78478879566705,35.15235288676298],[-85.785711995799,35.153012686704955],[-85.78599299612748,35.15317755333103],[-85.7863342620955,35.153414086348434],[-85.78654839563767,35.15361748614045],[-85.78682926277781,35.15386475348902],[-85.78702999632505,35.15408475363922],[-85.78720399647659,35.15423315361184],[-85.78730439654728,35.15440348634735],[-85.7874581968152,35.15455748702656],[-85.78775259609807,35.15472235307457],[-85.7881539965984,35.155046753448836],[-85.78847519691163,35.155354553859524],[-85.78899026324873,35.155821953453646],[-85.78924446358734,35.15608575392661],[-85.78960566410287,35.156723487406765],[-85.78971259664507,35.15706415400344],[-85.78970586335055,35.15721268720795],[-85.78960539668566,35.15760288694368],[-85.78951839660989,35.15778968744795],[-85.789123464068,35.158245754438234],[-85.78852766374997,35.15866335450572],[-85.7885141971609,35.15869628762635],[-85.7885677971406,35.15884468769404],[-85.78860106404832,35.159086554256284],[-85.78886859674716,35.15984508738759],[-85.78896226352333,35.160054088173844],[-85.78908259710101,35.16044968801273],[-85.7892765973537,35.160839954737064],[-85.7893767976419,35.16126328777789],[-85.78949726440793,35.16156008763372],[-85.78962406386295,35.16229108816128],[-85.78992519748088,35.16309355487493],[-85.7901458645351,35.16352788868355],[-85.79023279801672,35.16374215486476],[-85.79029286387377,35.16400048808613],[-85.79045346403039,35.16421488827431],[-85.79063419747649,35.164341355581264],[-85.79155766502565,35.16484715564234],[-85.79174499857795,35.16501208845182],[-85.79236066476822,35.16553988837703],[-85.79288926532911,35.16616108907283],[-85.79316346576887,35.166611755346565],[-85.79331066593056,35.16690308920829],[-85.79353819842713,35.16727688864442],[-85.79386599884658,35.168079355498875],[-85.79395286573403,35.168557555995385],[-85.79416019938749,35.16911815633754],[-85.79430746614335,35.169310556185586],[-85.79438766633042,35.1692886892644],[-85.79442799950353,35.16925568983384],[-85.7943141994379,35.169030289483324],[-85.79419379926604,35.168695089589285],[-85.79408679908914,35.16823328945857],[-85.79400666549624,35.16774415593794],[-85.79385939874038,35.16751315610571],[-85.7937255985736,35.167271355430444],[-85.7934980650365,35.1668976886645],[-85.79327739902283,35.16646335583984],[-85.79315019896227,35.166358955190006],[-85.7927822651522,35.165792755727225],[-85.79260826500064,35.16558388877472],[-85.79226699799206,35.16526508844019],[-85.79203946445499,35.165061688849114],[-85.79182526535918,35.16489668894015],[-85.79161126500534,35.16471528843323],[-85.79082839751169,35.164182088386916],[-85.7905940640859,35.16399515540116],[-85.79035999807728,35.16358828811155],[-85.79019946451483,35.16319255467355],[-85.79012586443396,35.163060688184316],[-85.7899853975668,35.16274735533789],[-85.78989179738483,35.1624559546989],[-85.78985179718254,35.16223615497526],[-85.78972466371614,35.161950287782545],[-85.78964439693493,35.161631554868926],[-85.78945046431691,35.161026954521844],[-85.78922986385687,35.16025735482142],[-85.78890886332613,35.15938895450307],[-85.78883539747416,35.15914708798932],[-85.78876179739329,35.158822754156425],[-85.78878866397731,35.158685487149924],[-85.78949159662004,35.1580589541305],[-85.78973259674623,35.15774028763688],[-85.78981966341617,35.15750948738137],[-85.78986646350717,35.157267554028],[-85.78987999669043,35.157047753895654],[-85.78974626415835,35.15671248674929],[-85.78968606407243,35.15650915339465],[-85.78958566400173,35.15631668668065],[-85.78954559720529,35.156206753501955],[-85.78937166364788,35.15595388697543],[-85.78865586376358,35.155244753796865],[-85.78831459675503,35.155030353785115],[-85.7879264630613,35.15468395318486],[-85.78719066307583,35.15405175314417],[-85.78684279596106,35.153694353267035],[-85.78657506243918,35.15349648611716],[-85.78605339599589,35.15305668622246],[-85.78569866239823,35.15286968683256],[-85.78549126215063,35.15273228642091],[-85.78505646259477,35.15240248637212],[-85.78452119533353,35.15208895337733],[-85.78424019500505,35.15196795278241],[-85.78366479539372,35.151665553025914],[-85.78349746194253,35.15163795310694],[-85.7830892615535,35.15164895274904],[-85.78278146123519,35.15158835303177],[-85.78240006187654,35.151434352688064],[-85.78202539477192,35.15129135259407],[-85.78161726097706,35.15106048639987],[-85.78094819458957,35.15065908620548],[-85.78064719415994,35.150400685941605],[-85.78058706066818,35.150235752432245],[-85.78060726055183,35.14994448564035],[-85.78067426052647,35.14970268633692],[-85.78094206064252,35.14923548555879],[-85.78100239391678,35.149004752212164],[-85.78096226052617,35.14878488551527],[-85.78077519439104,35.14843855276502],[-85.78043406057081,35.14786135262901],[-85.78039399377437,35.14774035255402],[-85.78024699339517,35.1474875524538],[-85.78005959324868,35.147196285184265],[-85.7798055937331,35.14688288527735],[-85.77957806019602,35.14669035239997],[-85.77945099332379,35.14654195228387],[-85.7790897938488,35.14617908517007],[-85.77870846004379,35.145931685559376],[-85.77824025935132,35.1455797515235],[-85.77805299343372,35.14535995214856],[-85.77791259316074,35.145063085533245],[-85.77778545969433,35.144821151756645],[-85.77769865940107,35.144700151415655],[-85.77747785915852,35.14456828473085],[-85.77736425991593,35.144364885291864],[-85.77743139307888,35.14393628517626],[-85.77739799298281,35.143584351871304],[-85.77729105940006,35.14330955179187],[-85.77710385903609,35.14302915125605],[-85.77685645962671,35.14259495135512],[-85.77650865910611,35.14202868433983],[-85.77632159193047,35.14167135077863],[-85.77621465938824,35.14135815082557],[-85.77615459249066,35.14103935085284],[-85.77623499246022,35.14083048416226],[-85.77626839255629,35.140753551278486],[-85.77636899240949,35.14040735112535],[-85.77631559221227,35.14011595045396],[-85.77624879202014,35.13995655074379],[-85.77600799167647,35.13973668427866],[-85.77588765913931,35.13952775042812],[-85.77568039208002,35.13912648395293],[-85.7755400584012,35.13871968374742],[-85.77536625907267,35.13832388380303],[-85.77531285887548,35.13825795085328],[-85.7753061921751,35.13816995025725],[-85.77520585869854,35.13793368351567],[-85.77499879142177,35.13724655049534],[-85.77495879121948,35.13698268384306],[-85.77499265851526,35.135916483469224],[-85.77483899143567,35.13565255038742],[-85.77460485779235,35.135443683490685],[-85.77417679153105,35.135245749841644],[-85.77385565781198,35.135207150149874],[-85.77345419071749,35.1352289496474],[-85.77272499083824,35.13516275039807],[-85.77226999035823,35.13519008360191],[-85.77193545768475,35.13512948354245],[-85.77179505741175,35.13503595011492],[-85.77174839050909,35.1348161503494],[-85.77178859049388,35.13452488283545],[-85.77174199018538,35.13432155020312],[-85.77168839020568,35.13420054957161],[-85.77152785768375,35.134101550236224],[-85.77112645718343,35.134057483456544],[-85.77084545685497,35.13407388309202],[-85.77059118992219,35.1341561501218],[-85.76982845675853,35.13418895020068],[-85.76927985609653,35.13413374956225],[-85.76881158985044,35.13407308319285],[-85.76807578986498,35.133896883094984],[-85.76748045570612,35.13372074984168],[-85.76664425564996,35.13341828313585],[-85.76639678860589,35.13331374987871],[-85.76627638947458,35.13322014969184],[-85.76610258910554,35.13294528313906],[-85.76578858928653,35.132285683022026],[-85.76564158890734,35.13207128294284],[-85.76556798882649,35.13182394937895],[-85.76561498869997,35.131538149789904],[-85.76570878866447,35.131373282727786],[-85.76579585533442,35.13115894917618],[-85.76579598852275,35.13103808255586],[-85.76562885485407,35.13086768304636],[-85.76516065520215,35.130686082425484],[-85.76485298807215,35.13058694946613],[-85.76435798843039,35.13053188254474],[-85.76421745496906,35.13048774915758],[-85.7640703879957,35.130366749636735],[-85.76397665462538,35.13022394910448],[-85.76397685440787,35.13002048233701],[-85.76406398767199,35.12977328295922],[-85.76435178788918,35.12951508275209],[-85.76443218785873,35.12931714915812],[-85.76454605451853,35.12889948274463],[-85.76448605525565,35.1287125486942],[-85.76444605505336,35.128542282182764],[-85.76431238807491,35.12821234922092],[-85.76402498846328,35.12791548219592],[-85.76367738772517,35.127387682450184],[-85.76341665491503,35.12708534880963],[-85.76321605455612,35.12687634845153],[-85.7632094544499,35.12666754840111],[-85.76337698768359,35.12645328161039],[-85.76352425443943,35.12625548184703],[-85.76357105453043,35.12616208205172],[-85.76353105432815,35.12594214854819],[-85.7634307874458,35.12582128184441],[-85.76296938768259,35.12555714838407],[-85.7624275869093,35.1253371485674],[-85.76211325411946,35.12524894847783],[-85.7617157868371,35.12508848137956],[-85.76153525421402,35.124990882009335],[-85.76126785366299,35.12480934828242],[-85.76099378745208,35.12453994860931],[-85.7608734538744,35.12436408192369],[-85.76081338697682,35.124149681413975],[-85.76087358706273,35.124072748087244],[-85.76098738712837,35.12406174812282],[-85.76126838745684,35.12413334786465],[-85.76139538669437,35.12413348148114],[-85.76165625373338,35.12423794822543],[-85.76215118678097,35.12436454830342],[-85.76226485365825,35.124359148340446],[-85.76235845384025,35.12433174852261],[-85.7624589870993,35.12416694857284],[-85.76245245358726,35.12388668125486],[-85.76239238773019,35.12374914851259],[-85.76238578762397,35.12365574839631],[-85.76224538735099,35.12351274801071],[-85.76185078673937,35.123281747708525],[-85.76154998713281,35.12304528116864],[-85.76063385326626,35.12259414805826],[-85.75955705264889,35.1221869478014],[-85.75912905298176,35.12209328120731],[-85.75894178602361,35.12199974812555],[-85.75871445330955,35.12182374744151],[-85.7584803862604,35.121779680826414],[-85.75832645280416,35.121807147887345],[-85.75804538588153,35.12199374799245],[-85.75771765205623,35.12197714762183],[-85.75727625239416,35.12192194806736],[-85.75696845207584,35.12189434827607],[-85.75684138520361,35.121844881569515],[-85.7567344526614,35.12175128096679],[-85.75670105256533,35.12168548098424],[-85.75670778585987,35.121586480902614],[-85.75680165241853,35.12133914783682],[-85.7569758523526,35.1210644811905],[-85.75704958562176,35.12078414787634],[-85.7570296521148,35.120597347545775],[-85.75696278532848,35.12051488127909],[-85.7568691851465,35.12047074757025],[-85.7567888517711,35.12045974797051],[-85.75658818585856,35.1205090810447],[-85.7562738520282,35.12053648129726],[-85.7558189847365,35.120497747819556],[-85.75569185231065,35.120470281168224],[-85.75537765166861,35.120294147812295],[-85.75531745158268,35.120211681238665],[-85.7550567853667,35.12001914741435],[-85.7546489845427,35.11954074761224],[-85.7544150517224,35.11933734777747],[-85.75363305099346,35.11852354760255],[-85.7534592506244,35.11825414756719],[-85.75255718373498,35.11713788089496],[-85.75245025119274,35.11691794685703],[-85.75234345079832,35.11669808031647],[-85.752036050045,35.11625274663863],[-85.75191578410201,35.116120747062666],[-85.7515280499733,35.115834746822216],[-85.75137425074593,35.115774280459455],[-85.75122718377257,35.11567514722416],[-85.75112698348435,35.115532147298474],[-85.75104684989145,35.11535088018165],[-85.75104705071449,35.11504308000411],[-85.75109418377633,35.11479027966113],[-85.75117445055754,35.11467488042898],[-85.75128825062318,35.114576080362056],[-85.75137525069896,35.11454308002178],[-85.75149578405913,35.11447168038507],[-85.75165638317523,35.11432334666315],[-85.75192405010293,35.11420254698456],[-85.7521447837513,35.11414228028542],[-85.75246598406457,35.1139335463283],[-85.75263338410991,35.113763346807374],[-85.7527940508607,35.113543546656985],[-85.75300845077953,35.11298294646926],[-85.75305545065304,35.11282367920302],[-85.75302885044566,35.11258727934105],[-85.752982183543,35.112482879369416],[-85.75274825072275,35.112251879284685],[-85.75262798373923,35.112191346424176],[-85.75240718349669,35.11218574647689],[-85.75229338343104,35.112218679677056],[-85.75204585083334,35.112344946044125],[-85.75173145040881,35.11242714649984],[-85.75149065006511,35.11243254640262],[-85.7509555836269,35.112338879658765],[-85.75067478308092,35.112278279619375],[-85.75056104960946,35.1122287466398],[-85.75045404943255,35.11214627956284],[-85.75044758355519,35.11205274612629],[-85.75046765025051,35.11196487978894],[-85.75056805032119,35.111882479688845],[-85.75082898291382,35.11175614621238],[-85.75130398349499,35.111630079814056],[-85.7519798497712,35.111240145725446],[-85.75221405000867,35.11109747934613],[-85.75259558359619,35.1107788792504],[-85.75270265036725,35.110575546066556],[-85.7526561832471,35.110229278900356],[-85.75237545033583,35.10995974589028],[-85.75200098301372,35.109833145557964],[-85.75191405057264,35.10977814547063],[-85.75180718358405,35.109673678910426],[-85.7517604500872,35.10953074591275],[-85.75164698299241,35.10932187927017],[-85.75164698299241,35.10924487916522],[-85.751439850162,35.108925945809624],[-85.75133298317341,35.10880507854419],[-85.75115244950982,35.108645545192125],[-85.75108564931767,35.108535545079846],[-85.75027004975068,35.108188878532495],[-85.7499756494273,35.108062278854135],[-85.74959324907508,35.10785014568167],[-85.749439382213,35.107789745748484],[-85.74874364902401,35.107608678472616],[-85.74821524928615,35.107444078783345],[-85.7476799820249,35.10720794507489],[-85.74755284855851,35.107169544904544],[-85.74691744864376,35.10705994543597],[-85.74666998159968,35.106983078541006],[-85.74652264824965,35.10689514544822],[-85.74555904835043,35.1060766787372],[-85.74511758105368,35.10579647857598],[-85.74496358100326,35.105670145028654],[-85.74476278086185,35.105362478535625],[-85.74418044713292,35.10469227815307],[-85.74387264785514,35.10443954529726],[-85.7437454477946,35.104351678412975],[-85.74349124745596,35.104225345180126],[-85.74312338024006,35.10400567849143],[-85.74284224672326,35.10380234458299],[-85.7425612474353,35.103555144811615],[-85.74247424735952,35.10343427809406],[-85.74240058068452,35.10327487809523],[-85.74228664743056,35.102901277593205],[-85.74218604653682,35.102368077810986],[-85.74215238006408,35.10203287746398],[-85.74219218048387,35.101400878094935],[-85.7422721798479,35.10110394401392],[-85.74237904683648,35.100922544349636],[-85.7425661806063,35.10066414458328],[-85.74268637995512,35.10046074445069],[-85.74269298006132,35.10034534450725],[-85.74262604668085,35.10018054371319],[-85.74245864663553,35.09987827766587],[-85.74206377964725,35.0994222769926],[-85.74184298044523,35.09924647697705],[-85.74142817994999,35.098966343577196],[-85.74107364613485,35.098708077227805],[-85.74079257921221,35.09846634371259],[-85.74065197915671,35.09829607698529],[-85.74055157908602,35.0981037433728],[-85.7405112459129,35.097883943555274],[-85.7404977793238,35.0974607440411],[-85.7403971794706,35.097076076677915],[-85.74035684629749,35.0968067436564],[-85.74041657918372,35.095954876619295],[-85.74054317885623,35.09531727670184],[-85.74062997914952,35.09509174310016],[-85.74091057991299,35.094690476509484],[-85.74115117943364,35.094432076572254],[-85.74158564601868,35.0941076764788],[-85.74175277968733,35.09404154257089],[-85.74234784642898,35.0939259428332],[-85.74278917949688,35.09377187600213],[-85.74297624667251,35.09369487568119],[-85.74308984695566,35.09361234302583],[-85.74330364648645,35.093331942515626],[-85.74331697988723,35.09313407596694],[-85.74327677990243,35.09300767596997],[-85.74318964663833,35.09287574261401],[-85.74262764598139,35.09224394215079],[-85.74229304671375,35.091919875613854],[-85.74166424586465,35.09144194259489],[-85.74126957969942,35.09123327565802],[-85.74101544595497,35.0911453426042],[-85.74062757863793,35.09109607604304],[-85.73978504589275,35.09109647535218],[-85.73957097894474,35.09102507560926],[-85.73943044548344,35.090959142687524],[-85.73928997861628,35.09084374206672],[-85.73922317842414,35.09076134189974],[-85.73912924527131,35.09048107547485],[-85.73914244548374,35.090085342536625],[-85.73924264577197,35.089793942336776],[-85.73938277862773,35.08955214237684],[-85.73951644560617,35.089365275563644],[-85.73967017823938,35.08922227545337],[-85.73994424549082,35.08910127509869],[-85.74046577874576,35.08899107492205],[-85.74074657929175,35.08896907488593],[-85.74138184601817,35.08895227536524],[-85.74152884639737,35.08890274183354],[-85.74182297930356,35.08872127500601],[-85.74212377891014,35.08860027475949],[-85.74223744578744,35.0885177420566],[-85.74243797955218,35.088440741883126],[-85.74291277931032,35.08839107521711],[-85.74303984618254,35.088522941753894],[-85.74305997947201,35.08857234184145],[-85.74306004606618,35.088825141765966],[-85.74300664586896,35.08903954156213],[-85.74300684669198,35.08927047546019],[-85.74306044667172,35.089457275228185],[-85.74312744664634,35.08951214173052],[-85.7433079792694,35.08951767512183],[-85.74340144626308,35.08949567522777],[-85.7440764468151,35.08880274151333],[-85.74432364644197,35.0884014746275],[-85.74432344665948,35.088198141818815],[-85.74415604661414,35.08784647512829],[-85.74405564654344,35.0876925415564],[-85.74375457951965,35.087362941276716],[-85.74360724616962,35.0871651411327],[-85.74318564578567,35.08648374099235],[-85.74281764642195,35.08603327481769],[-85.74249637951453,35.08568154089356],[-85.74200137883224,35.08528067416741],[-85.7417404462396,35.08503334075533],[-85.74168684521936,35.08495647437891],[-85.74162664617397,35.08481907432667],[-85.74162657853927,35.08467607390878],[-85.741659845447,35.08459367432219],[-85.74176017892356,35.084483740527034],[-85.74188717920161,35.0844011406495],[-85.7420275794746,35.08435167417487],[-85.74222144549842,35.084346141284584],[-85.74285677985955,35.084620674536886],[-85.74330484622199,35.08475794124233],[-85.74412084639451,35.08520274113602],[-85.74438164683934,35.085329074043706],[-85.74503044674901,35.085532140685096],[-85.74513744692595,35.08553207427095],[-85.74525104720908,35.08546054108545],[-85.74531117966029,35.08528467435534],[-85.74531084668946,35.08502087440063],[-85.74525737989808,35.08479547410229],[-85.7450161799894,35.08422407445831],[-85.74482864665458,35.083740474003704],[-85.7447813793639,35.08289954070803],[-85.74474104619078,35.08271267397996],[-85.7447134460304,35.081487139907395],[-85.74475344623268,35.08123974049649],[-85.74476638006844,35.08049774042304],[-85.7446719797159,35.079398473443845],[-85.74459824644674,35.07898633987965],[-85.74454437904983,35.07850813947724],[-85.74447064578064,35.07817293982497],[-85.74388097940968,35.076233072097395],[-85.74348584604476,35.075249339117],[-85.74331164507016,35.07460633927445],[-85.743311578476,35.074441538411136],[-85.74341824568208,35.07416113841793],[-85.74360537841136,35.07383687229895],[-85.7442197793125,35.072968138809124],[-85.74427324610386,35.072935138657705],[-85.74427984621008,35.07290213849296],[-85.74441357874214,35.07277567137584],[-85.74452704583695,35.072621738319725],[-85.74458044603416,35.072478871512985],[-85.7445536460443,35.07233047160257],[-85.74452017935407,35.07227007175684],[-85.74417897893967,35.071940338481454],[-85.74400504538228,35.07170967146864],[-85.74359004510454,35.07105573795877],[-85.74356997840923,35.07098433770636],[-85.74321544563462,35.07058873841771],[-85.74302804548813,35.07041847140033],[-85.74181737810986,35.069116338055295],[-85.74179724482038,35.069066870829694],[-85.7415162444919,35.06877567147927],[-85.74119517840752,35.06849007063219],[-85.74093437796267,35.06830873724273],[-85.74066684422331,35.06816593783043],[-85.74024557785071,35.06798473742933],[-85.73924264369087,35.067666337631934],[-85.7391223777479,35.06757847115236],[-85.73909544352918,35.06751793748714],[-85.73908877682881,35.0673531376391],[-85.73910877692995,35.067243137179126],[-85.73911504406531,35.066682670861894],[-85.73921504353049,35.06627587092373],[-85.73930857711832,35.066105337705814],[-85.73940204411197,35.06601193711556],[-85.74002357787263,35.06569847016341],[-85.74010377701917,35.0656159372868],[-85.7402639776108,35.065357537226504],[-85.74053784403918,35.06511013660461],[-85.74101904412105,35.06478567014907],[-85.74115257791115,35.064576736585565],[-85.74116597790606,35.064483270370076],[-85.74111897803256,35.0643184703569],[-85.74101197785566,35.064224936562475],[-85.74087824428305,35.0641426704774],[-85.74053064458548,35.06399986973849],[-85.73982844343804,35.06359887008301],[-85.73940044377092,35.06338473644133],[-85.73907284417449,35.06323646989389],[-85.73888564381052,35.06322006963015],[-85.73856497729112,35.063341136476765],[-85.73839117692206,35.0635060704755],[-85.73833777672486,35.063577536888396],[-85.73829104322802,35.06369847034103],[-85.73829784311674,35.06397873679545],[-85.7385121764414,35.064484336677445],[-85.73851884314178,35.06453933665562],[-85.7386057766234,35.064748137452646],[-85.73873977657266,35.065176736840264],[-85.73874664409607,35.065407537292785],[-85.73869997719342,35.06558353714613],[-85.73867317720357,35.065621937311455],[-85.73853284352475,35.06571547035686],[-85.73822544381196,35.06580353728086],[-85.73791124316992,35.06585313764123],[-85.73776417723708,35.065847670778346],[-85.73754344358869,35.06572133751357],[-85.73731624302243,35.065693937572775],[-85.73695537651827,35.065743537148045],[-85.73676137626558,35.06573813755978],[-85.7360862425252,35.065672470361704],[-85.73583884311583,35.06558453700869],[-85.73561817606162,35.06545273729904],[-85.73554457598077,35.06538673686693],[-85.73529044223632,35.065128537076696],[-85.73514317548046,35.06482633700923],[-85.73510304313038,35.064782337524974],[-85.73496257626321,35.06448013702755],[-85.73494244297375,35.06437573677889],[-85.73486217619252,35.06419993702267],[-85.73486864206987,35.06401293719012],[-85.73500897574868,35.06380953678383],[-85.73517597622903,35.06366107000869],[-85.73542324245005,35.063485136700926],[-85.73613144331566,35.063028736666865],[-85.7364054429324,35.06292413696772],[-85.73662617658078,35.06287467024792],[-85.73695364298888,35.062836070344034],[-85.73720764354499,35.06290193656651],[-85.73730124268643,35.06298433676696],[-85.73738824276224,35.06313827011417],[-85.73738837699109,35.06330853698814],[-85.7373015766978,35.06338553703428],[-85.73703417614676,35.0635560699724],[-85.73704764273586,35.06360007011761],[-85.73714124291786,35.0635999372536],[-85.73735497689502,35.06348993684593],[-85.73760224311606,35.06331947020191],[-85.73769577670387,35.06320953670042],[-85.73770244340426,35.0630611369699],[-85.7376154433285,35.06292927016021],[-85.73751517644611,35.06284686990418],[-85.73732117619342,35.06273707033502],[-85.73704704338836,35.06253913638969],[-85.73683964314075,35.06227546985922],[-85.73665904288296,35.06219313622811],[-85.736425042428,35.06212173673987],[-85.73612424282142,35.062077936801025],[-85.73476724204613,35.0620948696118],[-85.73445317563296,35.062061936607485],[-85.73423244198459,35.06200713681521],[-85.733978442469,35.061902736810666],[-85.73371764202416,35.06182593636968],[-85.73332997553014,35.0617930696904],[-85.73282864215882,35.061793269842504],[-85.73266157508432,35.06180973682641],[-85.73252797470005,35.06187573674372],[-85.73238097536137,35.062002270149634],[-85.73230077517432,35.062101270198056],[-85.7322140414752,35.062321070198074],[-85.732040375335,35.06258493673146],[-85.73196017514796,35.0626454697965],[-85.73184644167648,35.062667536550215],[-85.73174624138828,35.06260153727298],[-85.73167937460197,35.06253013643853],[-85.73165917471835,35.062431136910234],[-85.73173897429987,35.061496870378754],[-85.73178557460837,35.061298936833396],[-85.7318991748915,35.061057070305296],[-85.73198597518477,35.060914136410844],[-85.73226657490771,35.06058973674656],[-85.73228657500886,35.060518269421515],[-85.73225304172445,35.06025993669442],[-85.73215924175996,35.05998526952295],[-85.73215257505959,35.05980933595922],[-85.73217917526694,35.05970493655115],[-85.73245297510115,35.059270669081286],[-85.73252657518202,35.05911113592194],[-85.7325329744652,35.05866606944072],[-85.73238557452099,35.05816046929836],[-85.73243237461199,35.05808893596565],[-85.73249924139829,35.058066936114386],[-85.73283337450678,35.05803933599836],[-85.73288684129814,35.05801186959788],[-85.73286677460284,35.0579843358998],[-85.73253917500641,35.057934936030534],[-85.73241224132252,35.057957069642335],[-85.73212484171086,35.058050535663874],[-85.73191097454537,35.05807253551955],[-85.73173717417632,35.05802326942856],[-85.73156337484781,35.057935335501995],[-85.73132257450409,35.057693535667305],[-85.73114864094673,35.05742986881936],[-85.73100144078501,35.05706706902686],[-85.73090057455515,35.05591846864095],[-85.73085377446415,35.055824935444086],[-85.73081364107354,35.055676668796096],[-85.73068644101298,35.05547326891528],[-85.73055944073491,35.055379935376344],[-85.73041904046195,35.05530853504056],[-85.73018504104749,35.055231668772166],[-85.73011824085536,35.055226135611],[-85.72991764049645,35.055275735583564],[-85.72959697397707,35.055429668984644],[-85.7293898401061,35.05560013591854],[-85.72928297415807,35.05573206907948],[-85.72908937347037,35.056204868991344],[-85.729062773263,35.05638613557345],[-85.72906957419225,35.05689186935656],[-85.72911657406576,35.05729306890002],[-85.7292104406244,35.05776013599122],[-85.7292038405182,35.05809006964475],[-85.72915724020969,35.058243869126414],[-85.72907704002263,35.05836486925043],[-85.72899024076989,35.05844173597641],[-85.7288966405879,35.05848026981827],[-85.72856903995093,35.0584803362545],[-85.72834844053142,35.05843646962937],[-85.72771337358748,35.05811246981214],[-85.72735897296067,35.05784326962965],[-85.7272051737333,35.05765646902699],[-85.7270714401607,35.05753553599365],[-85.72703137336424,35.05745853639227],[-85.72703784028211,35.057244269102505],[-85.72712463953486,35.056985868948296],[-85.72712443975237,35.056782468921625],[-85.72707097296099,35.05655166878601],[-85.7270040395805,35.056386868945424],[-85.72693043949968,35.05629346916099],[-85.72669644008522,35.05610106887986],[-85.72655603981225,35.0560462693455],[-85.72636223934205,35.05606273578492],[-85.72616837331823,35.05613966941269],[-85.72607483973039,35.05621126918757],[-85.72596803933598,35.056354135507675],[-85.72585457328171,35.05674986936938],[-85.72584803976967,35.05706866948495],[-85.72592837314505,35.0573874692076],[-85.72621604017391,35.05786006959362],[-85.72633637271106,35.05800833653582],[-85.72649683967936,35.05825566924634],[-85.72682457350466,35.058662269811116],[-85.72693837357028,35.058937070046234],[-85.72693177346407,35.059123869422585],[-85.72688497337306,35.05923386975093],[-85.72677817297864,35.059321869566254],[-85.72637717308388,35.05947033656704],[-85.72570203934352,35.059530936673255],[-85.72510717238436,35.05952566954471],[-85.72438523959352,35.0594929365135],[-85.72423157251393,35.05947093618883],[-85.7238838385875,35.059306136278074],[-85.72354943910236,35.059031470156555],[-85.72332217194193,35.058762136725214],[-85.72326863855638,35.05863026978565],[-85.72326843877389,35.05822906999853],[-85.7234220392593,35.05792673621838],[-85.7234888384109,35.05781686955768],[-85.7237894392755,35.05749793608235],[-85.7237894392755,35.0574704694997],[-85.72384963936143,35.05741546986974],[-85.72397657200479,35.05719006912212],[-85.72397643881646,35.0569647358932],[-85.72392963872547,35.05682186893787],[-85.72382257195437,35.056640469595926],[-85.72363537263094,35.05646466936643],[-85.72336783889155,35.05633286941325],[-85.72271283844066,35.056245135535534],[-85.72237197203764,35.05623966888103],[-85.7220712379847,35.05632773580597],[-85.7217704383781,35.05647066921189],[-85.72142303846303,35.05665213622049],[-85.7211891711964,35.05672366910843],[-85.72104877196395,35.05671266942547],[-85.72042703842078,35.05655893605274],[-85.71999257079523,35.056399669308796],[-85.71967837119372,35.05620733571597],[-85.71937083725206,35.056069935805255],[-85.7192170380247,35.055960135639715],[-85.71917023793368,35.055833669529285],[-85.71911003784777,35.055729335735144],[-85.71896937119811,35.05524013546205],[-85.7189627710919,35.05511373552725],[-85.71882203784808,35.05452026948087],[-85.71882203784808,35.05432773554985],[-85.71877517116292,35.05414653594883],[-85.7185812375044,35.05367933575096],[-85.71848757072823,35.05356393521241],[-85.71848097062201,35.05353093573409],[-85.71817997019241,35.053107735258656],[-85.71806636990928,35.05300346868131],[-85.71797943746819,35.052954069206024],[-85.71794603737213,35.052910068434265],[-85.71786583718507,35.052899069089435],[-85.71729083713875,35.052569335079674],[-85.71709697007438,35.05241553513171],[-85.71701003659275,35.052267135373725],[-85.71701663669897,35.052107735042796],[-85.71709017018566,35.052019868853755],[-85.71728396961532,35.051898868697506],[-85.71780516989945,35.051673468907026],[-85.71821283649462,35.05146993554153],[-85.71840663696481,35.05133253532624],[-85.71856697074476,35.051151068421845],[-85.71868717009357,35.050991668468114],[-85.71874057029079,35.05083786810461],[-85.71882723739573,35.050216668560616],[-85.71894757097341,35.05011226796174],[-85.71896083673947,35.05005726848688],[-85.71880717070042,35.04998033509182],[-85.71855977025052,35.04974406823425],[-85.71836596978032,35.04967813517613],[-85.7178445697137,35.04957386847943],[-85.71743016982398,35.0494585345461],[-85.71710263682172,35.04933766774151],[-85.7159328364104,35.04885973488326],[-85.71564536916406,35.04868386764476],[-85.71546483654099,35.04860153479],[-85.71531123605557,35.04855753508068],[-85.71485676936942,35.04847526769102],[-85.71441556948986,35.04835433469074],[-85.71440216949495,35.048337868400715],[-85.71387423591626,35.04822806806144],[-85.71263763531282,35.04786013498968],[-85.71224336871256,35.04767873448192],[-85.71148136808476,35.04743706783478],[-85.71106036808882,35.04726673464138],[-85.7104586346468,35.04707993454917],[-85.70968343380657,35.046876734742725],[-85.70850716751791,35.04663506827835],[-85.70836676724491,35.04662966827821],[-85.70800583414659,35.04671206786265],[-85.70767843329212,35.04689353440713],[-85.70750476715195,35.047014467866475],[-85.70737776687388,35.04709686791458],[-85.70692336678188,35.047311334757104],[-85.70672956631168,35.047355335137716],[-85.70641543330436,35.04734986788808],[-85.70606123350056,35.04728393460102],[-85.70584056644634,35.04716853439624],[-85.70329403257581,35.045525467663644],[-85.7031002321056,35.0454265344105],[-85.70187703149709,35.0446187341864],[-85.70154956508898,35.044437467894475],[-85.70065396511744,35.04383286747748],[-85.70022623182696,35.0435855345326],[-85.69938403101207,35.04302506768073],[-85.69926376402856,35.04296466745091],[-85.6986690312983,35.042557867758255],[-85.69804736434929,35.04218973365204],[-85.69774003019013,35.04195893402105],[-85.69691796370526,35.04144773383394],[-85.69672403004674,35.041299467495435],[-85.69640336352734,35.04114546742193],[-85.69628976324421,35.04104653397601],[-85.69620956305715,35.040936667608804],[-85.69619616306224,35.04083773391006],[-85.69624296315321,35.04068926711259],[-85.69630976334534,35.04062333356123],[-85.69638996353243,35.040579466715755],[-85.6966104297636,35.04054093379887],[-85.69663056305306,35.04051333372337],[-85.69645003043,35.040496934007486],[-85.69628302994967,35.04051893348017],[-85.69611596287517,35.0406618672912],[-85.69608242959076,35.040727733508895],[-85.69601576362749,35.04078826744168],[-85.69594223014082,35.040821266956804],[-85.69580862975653,35.04083226707617],[-85.69504003006303,35.04054093379887],[-85.69433162941493,35.04028813424083],[-85.69407776308769,35.0401782668538],[-85.69387722932294,35.04005733349763],[-85.69360316311206,35.03978253363022],[-85.69340276253564,35.03935933348392],[-85.69329576235873,35.03890866684006],[-85.69330916235364,35.0379523338055],[-85.69322216227788,35.037732532964725],[-85.69310196188852,35.03754566676947],[-85.69285462907332,35.03726533344856],[-85.6926942286992,35.03697393292693],[-85.69266082860312,35.03696293314005],[-85.69206602823814,35.03645193343207],[-85.6914646288075,35.03590226677504],[-85.69133096182907,35.03581986651156],[-85.69105036210613,35.035578065953516],[-85.69090336172692,35.035363666287246],[-85.69060262767398,35.03474806594576],[-85.69027516126589,35.034621733130855],[-85.69003462833939,35.034555732487775],[-85.68972056088569,35.03457213254414],[-85.68961362730293,35.03460513286572],[-85.68946662796426,35.03472066583601],[-85.6892193607027,35.03486346665524],[-85.68879842730094,35.03503933297443],[-85.68815016118512,35.03513826602604],[-85.68650642673984,35.0352646662015],[-85.68581816042173,35.03544046690634],[-85.68551742636879,35.03545146689814],[-85.68527022674193,35.035385466925185],[-85.68505642617059,35.03529753333331],[-85.68492942693305,35.03520413328843],[-85.68487596014168,35.03511613304632],[-85.68482916005068,35.034907333161506],[-85.68481576005577,35.03454466677177],[-85.68497622598352,35.03417086655002],[-85.6851499597584,35.03399493275775],[-85.68539715938527,35.03383566631985],[-85.68562435995155,35.03376413298292],[-85.68608542674392,35.03374213254357],[-85.6865398268359,35.033797132778744],[-85.68699422692791,35.033934666432806],[-85.68736842683282,35.034110466590754],[-85.6874419603195,35.034159932841796],[-85.6876022275053,35.034225866496605],[-85.68781616022444,35.034280866406235],[-85.6881435610789,35.03428633282645],[-85.68829056041757,35.03425886610605],[-85.68839082729994,35.034225932952516],[-85.6886780271291,35.034044532842834],[-85.68878502730601,35.033929132680925],[-85.68887856089384,35.033709332946515],[-85.68887856089384,35.0334839323824],[-85.68883856069156,35.03334106610403],[-85.68868476042364,35.03315966573423],[-85.68841756069563,35.03292333233656],[-85.68785616042673,35.03251666583404],[-85.68769582664676,35.03236266539592],[-85.68752882720695,35.03217033228817],[-85.68739516022852,35.031912065815526],[-85.68737516012737,35.03178013252143],[-85.68744856042572,35.03162073225944],[-85.68761562750024,35.0314668656055],[-85.6878628271271,35.031296465886996],[-85.68827716042264,35.031082132522926],[-85.68867816031742,35.03098873192052],[-85.68899216117696,35.030966665127565],[-85.68956676061775,35.03095573184271],[-85.69084976174722,35.031032665261044],[-85.69139096109194,35.03103813189851],[-85.69154456157737,35.03102166552651],[-85.69203236176543,35.03088433231044],[-85.69233976147821,35.030752331750676],[-85.6923998283758,35.03066993225885],[-85.6924466284668,35.03056006557247],[-85.69245336176134,35.03044466560267],[-85.69263376119608,35.02954326473102],[-85.6929409621669,35.02861433162156],[-85.6929409621669,35.0284165314014],[-85.69292756217197,35.028361531805665],[-85.69292762876616,35.02816373182579],[-85.69300776131851,35.027916331001485],[-85.69313476159657,35.02764706453125],[-85.69345536152177,35.027058931452],[-85.69359562860643,35.0265093311365],[-85.69365582869236,35.025899264008785],[-85.6937492280513,35.02548153055092],[-85.69397636202342,35.02475053042067],[-85.69415002816359,35.02400853074461],[-85.6942502284518,35.023343530602006],[-85.69442396222671,35.02268393004179],[-85.69459082847816,35.022249729909774],[-85.69464422867537,35.0212494636153],[-85.69469096217222,35.02074386281423],[-85.69480442822648,35.02013912970159],[-85.694857961612,35.02000186341709],[-85.69484456161709,35.019941329426224],[-85.69476436143002,35.01982592980453],[-85.69469762887259,35.019600663090536],[-85.69469756123787,35.01919932956354],[-85.6947242280394,35.01906746267112],[-85.69471756133903,35.01875966306791],[-85.69469742804954,35.01858386312856],[-85.6945036286199,35.01787486228457],[-85.69451036191444,35.017495529365966],[-85.69431656144424,35.01779786279642],[-85.69412876173276,35.01853292940155],[-85.69401602821434,35.01897412929591],[-85.69408956170102,35.01896852976719],[-85.6941496285986,35.0190180631285],[-85.69411636169086,35.01942472946695],[-85.69423662867437,35.0197380629839],[-85.69430342782599,35.02002926334803],[-85.69432342792712,35.02026566299914],[-85.69430356205484,35.02099113025597],[-85.69424336196893,35.02135946296625],[-85.6942233618678,35.02138132954514],[-85.69414316168071,35.02170566337091],[-85.69410316147844,35.022040930388805],[-85.69406976138237,35.02208492989147],[-85.69386262855195,35.022090329809416],[-85.6936755613763,35.02215633029283],[-85.69354196203255,35.02223332993734],[-85.69346842854588,35.0223212639505],[-85.69346176184551,35.022420263523905],[-85.69356862779354,35.022387130464296],[-85.69370896147237,35.02225526360025],[-85.69384922855701,35.02220032973338],[-85.69393616203863,35.02220032973338],[-85.69404296139251,35.02227173003395],[-85.69405642798161,35.02264553013872],[-85.69330156125388,35.02516826420548],[-85.69322802880772,35.025492531031006],[-85.69321482859529,35.025948664506444],[-85.69300776131851,35.02686113087636],[-85.692767228392,35.027636064341095],[-85.69229296138721,35.02860886482198],[-85.69225942810283,35.02871873157493],[-85.69223282789545,35.02901006525036],[-85.69222616119508,35.02977953207061],[-85.69207916185641,35.03025226493036],[-85.69199902826351,35.03037866499437],[-85.69184536118395,35.03048306525036],[-85.69161142836366,35.03056553224155],[-85.69150456137507,35.03065346496063],[-85.69135096088966,35.03069746494012],[-85.69062242799262,35.03064793183863],[-85.69023502787526,35.03059846516601],[-85.68939316107175,35.03056553224155],[-85.68875156061577,35.03063693205232],[-85.68838416059955,35.03071386577068],[-85.68800996069463,35.03083473201153],[-85.68776276002723,35.03094473209783],[-85.6875421606077,35.03108753184657],[-85.68716802729695,35.031384465981944],[-85.68705436041965,35.03156573226363],[-85.68698756022751,35.03177453216583],[-85.68702096032358,35.03201093278714],[-85.68713456060672,35.03231873277033],[-85.68721476079376,35.03242326601902],[-85.6875421606077,35.032719932881086],[-85.68757562729795,35.032719932881086],[-85.68757556070378,35.03273646622008],[-85.68777596023965,35.03288486567426],[-85.68817036106876,35.0331376659842],[-85.6885043609889,35.033396065757096],[-85.68857116118104,35.03348946616444],[-85.6885644278865,35.03368173311951],[-85.68853116097875,35.03375873298406],[-85.6883975605945,35.03389613293838],[-85.6883039604125,35.033934666432806],[-85.68808336099298,35.03391266603937],[-85.68758236059249,35.033775132348346],[-85.68720802749922,35.03362673280666],[-85.68653316013553,35.03346746650317],[-85.68631936060473,35.033439933051035],[-85.68590502626864,35.03346733273812],[-85.6853170268329,35.03354433280472],[-85.68382022617267,35.03354413258333],[-85.68267762531622,35.03363753282145],[-85.68259062524044,35.0336595332889],[-85.68258415936307,35.033687066667056],[-85.68259075946929,35.03370346604571],[-85.68374002598561,35.03361566611284],[-85.68472222646793,35.03364866596868],[-85.68486922684714,35.03367613289415],[-85.6849628259886,35.03372013295038],[-85.6849562269229,35.033791666325826],[-85.68491602693814,35.03386306587431],[-85.68478242655387,35.03397846612952],[-85.68450842589661,35.03441813342318],[-85.68440155994854,35.03468193334562],[-85.68440816005476,35.03495673332691],[-85.68448176013563,35.03520406683334],[-85.6846486263871,35.03545693324004],[-85.684896026837,35.03562733365588],[-85.68517662655994,35.03575366662016],[-85.6853570270352,35.035775732972574],[-85.68604535994747,35.0357427331237],[-85.68692742673576,35.035638466532035],[-85.68851102768929,35.03538013348843],[-85.68882516069662,35.035292133435796],[-85.68935962778734,35.035110733136804],[-85.68980076107273,35.03501186650713],[-85.68996776155309,35.035000866456144],[-85.69017496097767,35.03503933297443],[-85.69034202805217,35.03512726599213],[-85.69047556184228,35.03525373263961],[-85.69097682861944,35.03608366616898],[-85.69107036116672,35.036204532988265],[-85.6915515622891,35.036611266336934],[-85.69164516143057,35.03676513352909],[-85.69170522832815,35.03690253354049],[-85.69169862822193,35.037094933040464],[-85.69151142889851,35.037551066518084],[-85.69072302888637,35.0390186671344],[-85.69044902822911,35.03947473364495],[-85.69045562833531,35.03954626709469],[-85.69053582852237,35.03952426736013],[-85.69076302804811,35.0392164672539],[-85.69093016171678,35.038903133425],[-85.69092342842222,35.03887573385654],[-85.69095016181791,35.03885373394144],[-85.69121082803387,35.03829306679366],[-85.69150482879229,35.03781493385541],[-85.69179216180977,35.03723233334926],[-85.69187896210305,35.03713346673049],[-85.6919792289854,35.03706746641208],[-85.69204602813701,35.03707293349787],[-85.69213296161863,35.03711133343917],[-85.69225982870834,35.037276333194725],[-85.69242696237701,35.03732573363193],[-85.69252042833014,35.0374137331985],[-85.6927811621808,35.03778193312613],[-85.69296822935645,35.03819413330173],[-85.69298836264592,35.03891966721692],[-85.69306196272679,35.03926586737008],[-85.69331582905403,35.03981006750123],[-85.69349636271762,35.039991333837],[-85.69354302962029,35.040073867055995],[-85.69366336215744,35.04017273352478],[-85.69411116318375,35.040409067255446],[-85.69528736287823,35.04089813400844],[-85.69598236353143,35.04113453379501],[-85.69657043060187,35.04156326735289],[-85.69739916378711,35.04208526741921],[-85.69761976424715,35.04227213430731],[-85.69822783037819,35.042623934350374],[-85.69848856422885,35.04281073440941],[-85.69926383062273,35.043156934261425],[-85.69951103129013,35.043299733967885],[-85.70022616523278,35.0437669339073],[-85.7002997642731,35.0439592678334],[-85.70047356464215,35.044085667993805],[-85.7007542319998,35.04423966763648],[-85.70134916555311,35.04464626813132],[-85.70166323196628,35.044833134272885],[-85.70366163237452,35.04611906807391],[-85.70399596630602,35.04636633456898],[-85.70498516645958,35.04699273507311],[-85.70515896682862,35.047124668509596],[-85.70589416642606,35.04756973485656],[-85.70609463359663,35.0476522680863],[-85.70631523301614,35.04769066816661],[-85.70665616705386,35.04769606809661],[-85.7069835668678,35.04760253485291],[-85.70715056734815,35.04753666821487],[-85.70733103337705,35.04741013454086],[-85.70767856752099,35.04714086841073],[-85.7078923670518,35.04701986784113],[-85.7081529666736,35.046959334266404],[-85.70835356703247,35.04694293499259],[-85.70858076759876,35.04695386784214],[-85.70938936749454,35.04706366819049],[-85.71008443474189,35.04721193429015],[-85.710391967643,35.047294267693786],[-85.71156163486599,35.04776673482362],[-85.71271136858199,35.048167867604896],[-85.71311903517717,35.0483436678063],[-85.71352676836649,35.04842593447664],[-85.7143488358919,35.048530268231175],[-85.71489683616588,35.04863453455643],[-85.71532463605051,35.048755467993665],[-85.71552516981527,35.04883786798914],[-85.71634076938224,35.049343335040774],[-85.71671503692187,35.04950813461434],[-85.71734336953071,35.04971133468937],[-85.7185063700533,35.04995293497921],[-85.71862677022516,35.050024334886466],[-85.71866017032121,35.050090334960004],[-85.71868017042237,35.05026626816846],[-85.71860683671818,35.05046953450367],[-85.71852677075998,35.05067846839139],[-85.71827957009256,35.05102473541479],[-85.7181392374543,35.05126653540473],[-85.71791203688804,35.05148653493569],[-85.71767157055571,35.05158006884251],[-85.71715023708325,35.0516954687772],[-85.71700983681028,35.05180546889083],[-85.71682943633499,35.051992335690706],[-85.71671597028072,35.05226173574593],[-85.71654223650586,35.05241013551378],[-85.7165489698004,35.05242666912753],[-85.71674943697096,35.05247053557395],[-85.71709043656232,35.05270686865135],[-85.71731777031692,35.05283873578695],[-85.71761183662895,35.0530364692246],[-85.71802643734169,35.05342113556179],[-85.71828717015183,35.05373433534206],[-85.71842083713027,35.053965268654174],[-85.71851463709476,35.05419046876292],[-85.71854803719083,35.05434986928761],[-85.71855483707952,35.05456973615171],[-85.71860837046508,35.054872069584796],[-85.71870883712995,35.05520173552412],[-85.71886263739785,35.05554806939851],[-85.71894303736742,35.0559052695725],[-85.71900997074788,35.056163536011276],[-85.71906343753928,35.05624046954405],[-85.71915697112709,35.05631733571463],[-85.71930417128878,35.05638886974765],[-85.71942443723177,35.05644373634171],[-85.71996583739954,35.05663053631172],[-85.72043377171532,35.056762269346926],[-85.7209819717718,35.056965469259985],[-85.72108223865416,35.056965469259985],[-85.72126937138344,35.056904936242404],[-85.72138297166659,35.056833469099004],[-85.72178383837304,35.05651466976867],[-85.72188403866123,35.056465136134676],[-85.72227177174943,35.0563605356922],[-85.72243217212355,35.05634406931282],[-85.72310723822923,35.05638233583781],[-85.72332117198889,35.05644826944587],[-85.72370237260556,35.05670093637194],[-85.72376243846261,35.05677233634196],[-85.72380263844741,35.056871335917975],[-85.72380263844741,35.05704726899838],[-85.72375597258528,35.05718466981984],[-85.72369583909352,35.05727253641411],[-85.72344183853741,35.057552936508536],[-85.72330163908745,35.05774546964921],[-85.7231814386981,35.05795426993586],[-85.72315477189657,35.05806973666875],[-85.72316163837948,35.05871826939972],[-85.72326877174471,35.059031470156555],[-85.72338243862202,35.059185336855755],[-85.72354963888485,35.059317270186085],[-85.72396417196289,35.05956993675155],[-85.724452172974,35.05971826957918],[-85.72477977257043,35.05977853647409],[-85.72544803982792,35.059723470260195],[-85.72579577271381,35.05967933685868],[-85.72615664025852,35.059668269435235],[-85.72645077316471,35.059629736154065],[-85.7266044402443,35.05957473627508],[-85.7268650398661,35.05943726963324],[-85.7270588403363,35.05924473622315],[-85.72708557373197,35.05918433606306],[-85.72708537290895,35.05897546993107],[-85.72704523951833,35.05881606991847],[-85.72696497273711,35.05863473633239],[-85.72657703986641,35.05818973624594],[-85.72649677308519,35.05806326932998],[-85.72649663989685,35.05787093624868],[-85.72657023997769,35.057733469293474],[-85.72665704027098,35.0576400693458],[-85.72687097299013,35.05759593566995],[-85.72696443998376,35.05763993647209],[-85.72709157345017,35.057738869411196],[-85.72727217370793,35.05793113636697],[-85.72757977320322,35.058178336438516],[-85.7278605737492,35.058343136070405],[-85.7280009740222,35.058464136047334],[-85.72836864041506,35.058529935953885],[-85.72861597323026,35.05859586953128],[-85.72885657379146,35.05860126959197],[-85.72907044095695,35.058529735793726],[-85.7292106404069,35.058436269468984],[-85.72931764058383,35.05829326966049],[-85.72933084079625,35.057996469091854],[-85.72931077410094,35.05787553571027],[-85.72931064091262,35.05772726937869],[-85.72917657332864,35.05693573595973],[-85.72917644014031,35.05647406946487],[-85.72922297385463,35.056171868876646],[-85.72930317404169,35.055918935412265],[-85.72940997339558,35.05575953539511],[-85.72963704077351,35.05551766864105],[-85.72985764019303,35.055424135836844],[-85.73005144066323,35.05537453510263],[-85.73030544017881,35.05537453510263],[-85.7305327739334,35.055528335440265],[-85.7306799740951,35.05577566884872],[-85.73077384065375,35.056424135475616],[-85.73078064054246,35.0566494693446],[-85.73083417392802,35.05678686913188],[-85.7308476405171,35.05690773598486],[-85.73104177395814,35.057534269432914],[-85.7311755741249,35.05769906951304],[-85.7311755741249,35.057732069010484],[-85.73128917440803,35.05785853558773],[-85.7314430412701,35.05800686896927],[-85.73166377491849,35.058133135811524],[-85.73215177488905,35.05829793638642],[-85.73233237514681,35.05842973572297],[-85.73236564101403,35.05848466908538],[-85.73238604172069,35.0589463361367],[-85.73231924152856,35.05918813652007],[-85.73222584112908,35.059391669387104],[-85.73205877509508,35.05959506972799],[-85.7319653746956,35.059792936710444],[-85.73194537459446,35.059946869261346],[-85.73198564117341,35.060177670020614],[-85.73202577456402,35.06022706938465],[-85.73203257445275,35.060501936749674],[-85.73165197526464,35.06130993675024],[-85.73150517466793,35.0618266696928],[-85.73147864105474,35.062095936802045],[-85.7315455744352,35.06234326990552],[-85.73154564102937,35.06243667043487],[-85.73164597450591,35.062716936962815],[-85.73175977457153,35.06283793727125],[-85.73187344144884,35.062909270552254],[-85.73207384202524,35.06288727029642],[-85.73225437464832,35.06272773653867]],[[-85.73899937728197,35.063362936461985],[-85.7392801767874,35.06346726987038],[-85.73995557690444,35.0638351368846],[-85.7405907770367,35.06413173652217],[-85.74081817738546,35.06419213642886],[-85.74093184426276,35.06427453703041],[-85.7409853776483,35.06436793705353],[-85.74099217753702,35.06451633696351],[-85.74091864405034,35.064659270512884],[-85.74076504460545,35.064802137381015],[-85.74049777724275,35.064989269970816],[-85.74029737770687,35.06517067035216],[-85.7401302440382,35.06542907015235],[-85.73998344448202,35.06556653692522],[-85.73962257693734,35.06578647067553],[-85.73926837713354,35.06593507070368],[-85.73914804355586,35.06603953709136],[-85.7390078441059,35.06630893764264],[-85.73892764391883,35.066407870296835],[-85.73886757702125,35.06643533727937],[-85.73876064343851,35.066402470752514],[-85.73855324319088,35.06630907050225],[-85.73811197671715,35.066023337532556],[-85.73811184352881,35.06594647027972],[-85.73849957661702,35.06588033738645],[-85.73872004388872,35.06579233697551],[-85.73885377746133,35.06568233696721],[-85.73892717671916,35.06553393747358],[-85.73892697693664,35.065303137378514],[-85.73883317697216,35.064901937167086],[-85.73875284359676,35.0647205370402],[-85.73857877685104,35.06416007043587],[-85.738525043683,35.06393473685434],[-85.73851837698261,35.063709469934494],[-85.73854497718999,35.06355006979595],[-85.73857837728605,35.06349493713873],[-85.73870537652355,35.06340153696841],[-85.73880557681177,35.06337406981677],[-85.73899937728197,35.063362936461985]],[[-85.72666977328372,35.05618353556822],[-85.726930572688,35.056397869524005],[-85.72700417276886,35.05662313617606],[-85.72701763935794,35.05689793560809],[-85.72695084020634,35.05717273581887],[-85.72681063971585,35.05737613572521],[-85.72655677338862,35.057546669291334],[-85.726423039816,35.0575961358324],[-85.72628277273137,35.057596269557905],[-85.72615563926496,35.05750286945334],[-85.72610883917396,35.05740933636785],[-85.7260820391841,35.05726646933863],[-85.72604837271139,35.05663993553929],[-85.72607503951289,35.05652993597514],[-85.72616183980618,35.05635953571661],[-85.72626877338892,35.05627706920606],[-85.72646257281859,35.056205535926935],[-85.72666977328372,35.05618353556822]],[[-85.75852025327436,35.12210948154593],[-85.75823265283968,35.122092881198945],[-85.75821258614435,35.12206534784997],[-85.7582259861393,35.12203248160992],[-85.75835318619986,35.121917081571816],[-85.75850045295573,35.121862147514875],[-85.75872778566978,35.12192814821037],[-85.75877458576078,35.12201614763608],[-85.75877458576078,35.12206014773881],[-85.75872765248145,35.12207668085702],[-85.75852025327436,35.12210948154593]]]},"properties":{"id":"139322724","name":null,"description":null,"kind":"water","source":"USGS NHD","confidence":"observed","permission":"public domain (USGS)","status":"raw context","last_checked":null,"gnis_id":null,"fcode":46006,"ftype":460,"water_kind":"water_area","water_class":"stream_river_area","lengthkm":null,"areasqkm":0.6295212400000001,"elevation":null,"permanent_identifier":"139322724","nhd_layer_id":9,"nhd_layer_name":"Area - Large Scale"}},{"type":"Feature","id":7828100,"geometry":{"type":"Polygon","coordinates":[[[-85.73808822653201,35.09204666468193],[-85.73834595219932,35.09193732669313],[-85.73848652936304,35.091749890651144],[-85.73848652936304,35.09146092459655],[-85.73836157269348,35.09122662874664],[-85.73828347334425,35.09109386153743],[-85.73818194533487,35.09118757994049],[-85.73810384598565,35.09145311554039],[-85.73806479683131,35.09172646015782],[-85.73804917737768,35.09194513655434],[-85.73808822653201,35.09204666468193]]]},"properties":{"id":"{22CC31C4-D322-4A5C-9331-328BE2C319E5}","name":null,"description":null,"kind":"water","source":"USGS NHD","confidence":"observed","permission":"public domain (USGS)","status":"raw context","last_checked":null,"gnis_id":null,"fcode":39011,"ftype":390,"water_kind":"waterbody","water_class":"lake_pond","lengthkm":null,"areasqkm":0.00285566,"elevation":null,"permanent_identifier":"{22CC31C4-D322-4A5C-9331-328BE2C319E5}","nhd_layer_id":12,"nhd_layer_name":"Waterbody - Large Scale"}}]}