{"type":"FeatureCollection","features":[{"type":"Feature","properties":{"id":1,"kind":"landcover","class":"vegetation","role":"fill"},"geometry":{"type":"Polygon","coordinates":[[[-85.7790179,35.0672342],[-85.7789138,35.0672182],[-85.7788988,35.0671642],[-85.7790528,35.0671643],[-85.7790179,35.0672342]]]}},{"type":"Feature","properties":{"id":2,"kind":"landcover","class":"vegetation","role":"fill"},"geometry":{"type":"Polygon","coordinates":[[[-85.7693579,35.0674242],[-85.7693549,35.0671642],[-85.7696279,35.0671642],[-85.7696419,35.0674193],[-85.7695859,35.0676103],[-85.7695319,35.0676443],[-85.7694078,35.0675972],[-85.7693579,35.0674242]]]}},{"type":"Feature","properties":{"id":3,"kind":"landcover","class":"vegetation","role":"fill"},"geometry":{"type":"Polygon","coordinates":[[[-85.7699559,35.0677103],[-85.7699519,35.0676172],[-85.7701528,35.0671642],[-85.7703579,35.0671642],[-85.7702229,35.0676843],[-85.7701689,35.0677493],[-85.7699559,35.0677103]]]}},{"type":"Feature","properties":{"id":4,"kind":"landcover","class":"vegetation","role":"fill"},"geometry":{"type":"Polygon","coordinates":[[[-85.7702559,35.0678483],[-85.7702579,35.0677672],[-85.7703329,35.0677873],[-85.7703319,35.0678403],[-85.7702559,35.0678483]]]}},{"type":"Feature","properties":{"id":5,"kind":"landcover","class":"vegetation","role":"fill"},"geometry":{"type":"Polygon","coordinates":[[[-85.7750839,35.0683942],[-85.7750979,35.0683222],[-85.7751699,35.0683352],[-85.7751469,35.0684072],[-85.7750839,35.0683942]]]}},{"type":"Feature","properties":{"id":6,"kind":"landcover","class":"vegetation","role":"fill"},"geometry":{"type":"Polygon","coordinates":[[[-85.7752949,35.0690402],[-85.7752789,35.0689593],[-85.7753789,35.0689652],[-85.7754039,35.0690172],[-85.7752949,35.0690402]]]}},{"type":"Feature","properties":{"id":7,"kind":"landcover","class":"vegetation","role":"fill"},"geometry":{"type":"Polygon","coordinates":[[[-85.7764638,35.0706673],[-85.7764829,35.0704483],[-85.7765349,35.0704482],[-85.7765388,35.0705212],[-85.7764638,35.0706673]]]}},{"type":"Feature","properties":{"id":8,"kind":"landcover","class":"vegetation","role":"fill"},"geometry":{"type":"Polygon","coordinates":[[[-85.7764298,35.0707692],[-85.7764918,35.0707812],[-85.7764809,35.0708533],[-85.7764179,35.0708413],[-85.7764298,35.0707692]]]}},{"type":"Feature","properties":{"id":9,"kind":"landcover","class":"vegetation","role":"fill"},"geometry":{"type":"Polygon","coordinates":[[[-85.7776518,35.0710702],[-85.7777148,35.0710572],[-85.7777138,35.0711542],[-85.7776509,35.0711392],[-85.7776518,35.0710702]]]}},{"type":"Feature","properties":{"id":10,"kind":"landcover","class":"vegetation","role":"fill"},"geometry":{"type":"Polygon","coordinates":[[[-85.7780339,35.0712693],[-85.7780199,35.0712173],[-85.7781079,35.0712002],[-85.7781288,35.0712442],[-85.7780339,35.0712693]]]}},{"type":"Feature","properties":{"id":11,"kind":"landcover","class":"vegetation","role":"fill"},"geometry":{"type":"Polygon","coordinates":[[[-85.7775719,35.0715002],[-85.7776428,35.0711872],[-85.7777648,35.0713692],[-85.7779289,35.0714642],[-85.7779208,35.0715923],[-85.7777839,35.0715472],[-85.7775719,35.0715002]]]}},{"type":"Feature","properties":{"id":12,"kind":"landcover","class":"vegetation","role":"fill"},"geometry":{"type":"Polygon","coordinates":[[[-85.7776209,35.0722463],[-85.7776219,35.0721662],[-85.7777229,35.0721743],[-85.7777209,35.0722493],[-85.7776209,35.0722463]]]}},{"type":"Feature","properties":{"id":13,"kind":"landcover","class":"vegetation","role":"fill"},"geometry":{"type":"Polygon","coordinates":[[[-85.7748008,35.0721802],[-85.7748839,35.0721692],[-85.7749109,35.0722412],[-85.7748369,35.0722533],[-85.7748008,35.0721802]]]}},{"type":"Feature","properties":{"id":14,"kind":"landcover","class":"vegetation","role":"fill"},"geometry":{"type":"Polygon","coordinates":[[[-85.7798458,35.0728802],[-85.7799509,35.0728693],[-85.7799408,35.0729702],[-85.7798369,35.0729672],[-85.7798458,35.0728802]]]}},{"type":"Feature","properties":{"id":15,"kind":"landcover","class":"vegetation","role":"fill"},"geometry":{"type":"Polygon","coordinates":[[[-85.7765089,35.0749362],[-85.7764679,35.0748183],[-85.7765958,35.0747992],[-85.7766139,35.0749333],[-85.7765089,35.0749362]]]}},{"type":"Feature","properties":{"id":16,"kind":"landcover","class":"vegetation","role":"fill"},"geometry":{"type":"Polygon","coordinates":[[[-85.7635559,35.0786602],[-85.7636809,35.0786482],[-85.7637809,35.0786852],[-85.763739,35.0787392],[-85.7636089,35.0787642],[-85.7635319,35.0788532],[-85.763502,35.0787232],[-85.7635559,35.0786602]]]}},{"type":"Feature","properties":{"id":17,"kind":"landcover","class":"vegetation","role":"fill"},"geometry":{"type":"Polygon","coordinates":[[[-85.764555,35.0791932],[-85.764561,35.0792242],[-85.764553,35.0792962],[-85.7645479,35.0793172],[-85.764555,35.0791932]]]}},{"type":"Feature","properties":{"id":18,"kind":"landcover","class":"vegetation","role":"fill"},"geometry":{"type":"Polygon","coordinates":[[[-85.763416,35.0793262],[-85.7634119,35.0793981],[-85.7633619,35.0794282],[-85.7632779,35.0793942],[-85.7633259,35.0792632],[-85.7633929,35.0792712],[-85.763416,35.0793262]]]}},{"type":"Feature","properties":{"id":19,"kind":"landcover","class":"vegetation","role":"fill"},"geometry":{"type":"Polygon","coordinates":[[[-85.7635009,35.0798242],[-85.7634919,35.0797722],[-85.7635539,35.0797652],[-85.7635639,35.0798162],[-85.7635009,35.0798242]]]}},{"type":"Feature","properties":{"id":20,"kind":"landcover","class":"vegetation","role":"fill"},"geometry":{"type":"Polygon","coordinates":[[[-85.7638689,35.0800662],[-85.7637989,35.0799852],[-85.7637179,35.0799252],[-85.7639029,35.0799322],[-85.7638689,35.0800662]]]}},{"type":"Feature","properties":{"id":21,"kind":"landcover","class":"vegetation","role":"fill"},"geometry":{"type":"Polygon","coordinates":[[[-85.7640129,35.0803502],[-85.7639969,35.0802632],[-85.7640979,35.0802562],[-85.7641089,35.0803162],[-85.7640129,35.0803502]]]}},{"type":"Feature","properties":{"id":22,"kind":"landcover","class":"vegetation","role":"fill"},"geometry":{"type":"Polygon","coordinates":[[[-85.763662,35.0804902],[-85.7635649,35.0804762],[-85.7635149,35.0803202],[-85.7636739,35.0802862],[-85.7637239,35.0804491],[-85.763662,35.0804902]]]}},{"type":"Feature","properties":{"id":23,"kind":"landcover","class":"vegetation","role":"fill"},"geometry":{"type":"Polygon","coordinates":[[[-85.7631779,35.0804652],[-85.763261,35.0804822],[-85.763196,35.0805812],[-85.7631369,35.0805582],[-85.7631779,35.0804652]]]}},{"type":"Feature","properties":{"id":24,"kind":"landcover","class":"vegetation","role":"fill"},"geometry":{"type":"Polygon","coordinates":[[[-85.7628299,35.0808582],[-85.7628519,35.0808142],[-85.7629549,35.0807762],[-85.763008,35.0805672],[-85.7630709,35.0805672],[-85.763083,35.0807432],[-85.763007,35.0809092],[-85.7628789,35.0809281],[-85.7628299,35.0808582]]]}},{"type":"Feature","properties":{"id":25,"kind":"landcover","class":"vegetation","role":"fill"},"geometry":{"type":"Polygon","coordinates":[[[-85.763472,35.0807252],[-85.7637229,35.0807362],[-85.7635109,35.0808422],[-85.7633629,35.0810092],[-85.763311,35.0809572],[-85.763343,35.0807842],[-85.763472,35.0807252]]]}},{"type":"Feature","properties":{"id":26,"kind":"landcover","class":"vegetation","role":"fill"},"geometry":{"type":"Polygon","coordinates":[[[-85.763082,35.0810572],[-85.7630769,35.0809852],[-85.7631589,35.0809862],[-85.7631759,35.0810582],[-85.763082,35.0810572]]]}},{"type":"Feature","properties":{"id":27,"kind":"landcover","class":"vegetation","role":"fill"},"geometry":{"type":"Polygon","coordinates":[[[-85.7657849,35.0813092],[-85.765757,35.0812401],[-85.7657919,35.0811442],[-85.7659399,35.0811182],[-85.7659569,35.0812832],[-85.7657849,35.0813092]]]}},{"type":"Feature","properties":{"id":28,"kind":"landcover","class":"vegetation","role":"fill"},"geometry":{"type":"Polygon","coordinates":[[[-85.7626349,35.0819972],[-85.7626979,35.0819972],[-85.7627099,35.0820592],[-85.762634,35.0820692],[-85.7626349,35.0819972]]]}},{"type":"Feature","properties":{"id":29,"kind":"landcover","class":"vegetation","role":"fill"},"geometry":{"type":"Polygon","coordinates":[[[-85.7663339,35.0836522],[-85.766346,35.0836752],[-85.7663319,35.0837292],[-85.7663219,35.0837442],[-85.7663339,35.0836522]]]}},{"type":"Feature","properties":{"id":30,"kind":"landcover","class":"vegetation","role":"fill"},"geometry":{"type":"Polygon","coordinates":[[[-85.7666639,35.0838791],[-85.7666439,35.0837592],[-85.7667789,35.0838432],[-85.766786,35.0838692],[-85.7666639,35.0838791]]]}},{"type":"Feature","properties":{"id":31,"kind":"landcover","class":"vegetation","role":"fill"},"geometry":{"type":"Polygon","coordinates":[[[-85.7625609,35.0857011],[-85.7626449,35.0856802],[-85.7626929,35.0858292],[-85.762558,35.0858521],[-85.7625609,35.0857011]]]}},{"type":"Feature","properties":{"id":32,"kind":"landcover","class":"vegetation","role":"fill"},"geometry":{"type":"Polygon","coordinates":[[[-85.7626749,35.0892122],[-85.7625999,35.0892192],[-85.7625739,35.0892171],[-85.7625999,35.0892102],[-85.7626749,35.0892122]]]}},{"type":"Feature","properties":{"id":33,"kind":"landcover","class":"vegetation","role":"fill"},"geometry":{"type":"Polygon","coordinates":[[[-85.7627589,35.0900222],[-85.762757,35.0900261],[-85.7627469,35.0900322],[-85.7627489,35.0900222],[-85.7627589,35.0900222]]]}},{"type":"Feature","properties":{"id":34,"kind":"landcover","class":"vegetation","role":"fill"},"geometry":{"type":"Polygon","coordinates":[[[-85.7632939,35.0916361],[-85.7633029,35.0916361],[-85.7632969,35.0916442],[-85.7632909,35.0916462],[-85.7632939,35.0916361]]]}},{"type":"Feature","properties":{"id":35,"kind":"landcover","class":"vegetation","role":"fill"},"geometry":{"type":"Polygon","coordinates":[[[-85.7827828,35.0927121],[-85.7827889,35.0927201],[-85.7827868,35.0927591],[-85.7827768,35.0928052],[-85.7827828,35.0927121]]]}},{"type":"Feature","properties":{"id":36,"kind":"landcover","class":"vegetation","role":"fill"},"geometry":{"type":"Polygon","coordinates":[[[-85.7827538,35.0938431],[-85.7828488,35.0938061],[-85.7829349,35.0935171],[-85.7829129,35.0945331],[-85.7828599,35.0946881],[-85.7827739,35.0946211],[-85.7827338,35.0944842],[-85.7828298,35.0944361],[-85.7828518,35.0943001],[-85.7828148,35.0941322],[-85.7827288,35.0940831],[-85.7827188,35.0939281],[-85.7827538,35.0938431]]]}},{"type":"Feature","properties":{"id":37,"kind":"landcover","class":"vegetation","role":"fill"},"geometry":{"type":"Polygon","coordinates":[[[-85.7824638,35.0968431],[-85.7825259,35.0968621],[-85.7824978,35.0969851],[-85.7824509,35.0969561],[-85.7824638,35.0968431]]]}},{"type":"Feature","properties":{"id":38,"kind":"landcover","class":"vegetation","role":"fill"},"geometry":{"type":"Polygon","coordinates":[[[-85.7823838,35.0974791],[-85.7823308,35.0974421],[-85.7823418,35.0973221],[-85.7823928,35.0972861],[-85.7824188,35.0973231],[-85.7823838,35.0974791]]]}},{"type":"Feature","properties":{"id":39,"kind":"landcover","class":"vegetation","role":"fill"},"geometry":{"type":"Polygon","coordinates":[[[-85.7817648,35.0982131],[-85.7817778,35.0981511],[-85.7818528,35.0981621],[-85.7818518,35.0982141],[-85.7817648,35.0982131]]]}},{"type":"Feature","properties":{"id":40,"kind":"landcover","class":"vegetation","role":"fill"},"geometry":{"type":"Polygon","coordinates":[[[-85.7589059,35.0767662],[-85.758735,35.0767922],[-85.7586889,35.0767272],[-85.7587279,35.0766932],[-85.7588719,35.0766962],[-85.7589059,35.0767662]]]}},{"type":"Feature","properties":{"id":41,"kind":"landcover","class":"vegetation","role":"fill"},"geometry":{"type":"Polygon","coordinates":[[[-85.759508,35.0776202],[-85.759469,35.0775242],[-85.7593839,35.0774692],[-85.7594089,35.0773482],[-85.7595909,35.0773142],[-85.7597039,35.0773562],[-85.7596239,35.0774382],[-85.7595679,35.0776442],[-85.759508,35.0776202]]]}},{"type":"Feature","properties":{"id":42,"kind":"landcover","class":"vegetation","role":"fill"},"geometry":{"type":"Polygon","coordinates":[[[-85.759122,35.0774652],[-85.759185,35.0774742],[-85.7591839,35.0775172],[-85.7591209,35.0775252],[-85.759122,35.0774652]]]}},{"type":"Feature","properties":{"id":43,"kind":"landcover","class":"vegetation","role":"fill"},"geometry":{"type":"Polygon","coordinates":[[[-85.762267,35.0780022],[-85.762404,35.0780382],[-85.762361,35.0781322],[-85.7622829,35.0781102],[-85.762267,35.0780022]]]}},{"type":"Feature","properties":{"id":44,"kind":"landcover","class":"vegetation","role":"fill"},"geometry":{"type":"Polygon","coordinates":[[[-85.7618849,35.0783232],[-85.7618859,35.0782632],[-85.761949,35.0782722],[-85.7619479,35.0783152],[-85.7618849,35.0783232]]]}},{"type":"Feature","properties":{"id":45,"kind":"landcover","class":"vegetation","role":"fill"},"geometry":{"type":"Polygon","coordinates":[[[-85.7596879,35.0791392],[-85.7596919,35.0790762],[-85.759775,35.0790692],[-85.75979,35.0791132],[-85.7596879,35.0791392]]]}},{"type":"Feature","properties":{"id":46,"kind":"landcover","class":"vegetation","role":"fill"},"geometry":{"type":"Polygon","coordinates":[[[-85.760276,35.0791872],[-85.7602339,35.0792182],[-85.760162,35.0791832],[-85.7601899,35.0790522],[-85.760279,35.0790832],[-85.760276,35.0791872]]]}},{"type":"Feature","properties":{"id":47,"kind":"landcover","class":"vegetation","role":"fill"},"geometry":{"type":"Polygon","coordinates":[[[-85.760101,35.0792402],[-85.7601949,35.0792382],[-85.7602059,35.0793232],[-85.7600739,35.0793602],[-85.760101,35.0792402]]]}},{"type":"Feature","properties":{"id":48,"kind":"landcover","class":"vegetation","role":"fill"},"geometry":{"type":"Polygon","coordinates":[[[-85.7623349,35.0794652],[-85.7623039,35.0794262],[-85.762337,35.0793572],[-85.7624409,35.0793582],[-85.7624609,35.0794512],[-85.7623349,35.0794652]]]}},{"type":"Feature","properties":{"id":49,"kind":"landcover","class":"vegetation","role":"fill"},"geometry":{"type":"Polygon","coordinates":[[[-85.7599009,35.0794522],[-85.7599129,35.0793602],[-85.759975,35.0793762],[-85.7599479,35.0794762],[-85.7599009,35.0794522]]]}},{"type":"Feature","properties":{"id":50,"kind":"landcover","class":"vegetation","role":"fill"},"geometry":{"type":"Polygon","coordinates":[[[-85.7585289,35.0794632],[-85.758541,35.0793602],[-85.7586039,35.0793782],[-85.7585759,35.0794892],[-85.7585289,35.0794632]]]}},{"type":"Feature","properties":{"id":51,"kind":"landcover","class":"vegetation","role":"fill"},"geometry":{"type":"Polygon","coordinates":[[[-85.7589499,35.0795032],[-85.7589339,35.0794512],[-85.759035,35.0794432],[-85.7590589,35.0794822],[-85.7589499,35.0795032]]]}},{"type":"Feature","properties":{"id":52,"kind":"landcover","class":"vegetation","role":"fill"},"geometry":{"type":"Polygon","coordinates":[[[-85.759776,35.0799162],[-85.760027,35.0798972],[-85.7601569,35.0798142],[-85.7604419,35.0798522],[-85.7603519,35.0799802],[-85.7602309,35.0800042],[-85.759864,35.0799841],[-85.7597539,35.0799522],[-85.759776,35.0799162]]]}},{"type":"Feature","properties":{"id":53,"kind":"landcover","class":"vegetation","role":"fill"},"geometry":{"type":"Polygon","coordinates":[[[-85.7624119,35.0800002],[-85.7624639,35.0800012],[-85.7624739,35.0800522],[-85.7624,35.0800522],[-85.7624119,35.0800002]]]}},{"type":"Feature","properties":{"id":54,"kind":"landcover","class":"vegetation","role":"fill"},"geometry":{"type":"Polygon","coordinates":[[[-85.761718,35.0802912],[-85.7616529,35.0802312],[-85.7615909,35.0799942],[-85.761494,35.0799302],[-85.7616039,35.0798532],[-85.7619439,35.0798982],[-85.7620219,35.0799782],[-85.7619999,35.0800742],[-85.7617989,35.0801472],[-85.761718,35.0802912]]]}},{"type":"Feature","properties":{"id":55,"kind":"landcover","class":"vegetation","role":"fill"},"geometry":{"type":"Polygon","coordinates":[[[-85.759853,35.0801992],[-85.7598409,35.0801482],[-85.7599169,35.0801402],[-85.759935,35.0801792],[-85.759853,35.0801992]]]}},{"type":"Feature","properties":{"id":56,"kind":"landcover","class":"vegetation","role":"fill"},"geometry":{"type":"Polygon","coordinates":[[[-85.7614769,35.0804252],[-85.7614929,35.0803632],[-85.7615799,35.0803742],[-85.7615789,35.0804262],[-85.7614769,35.0804252]]]}},{"type":"Feature","properties":{"id":57,"kind":"landcover","class":"vegetation","role":"fill"},"geometry":{"type":"Polygon","coordinates":[[[-85.7611659,35.0805102],[-85.7612289,35.0805192],[-85.761228,35.0805622],[-85.761165,35.0805702],[-85.7611659,35.0805102]]]}},{"type":"Feature","properties":{"id":58,"kind":"landcover","class":"vegetation","role":"fill"},"geometry":{"type":"Polygon","coordinates":[[[-85.7606179,35.0805512],[-85.7606969,35.0805362],[-85.7606919,35.0806441],[-85.7606069,35.0806282],[-85.7606179,35.0805512]]]}},{"type":"Feature","properties":{"id":59,"kind":"landcover","class":"vegetation","role":"fill"},"geometry":{"type":"Polygon","coordinates":[[[-85.7617689,35.0805862],[-85.761704,35.0808552],[-85.7616389,35.0807872],[-85.761664,35.0805252],[-85.7617299,35.0805152],[-85.7617689,35.0805862]]]}},{"type":"Feature","properties":{"id":60,"kind":"landcover","class":"vegetation","role":"fill"},"geometry":{"type":"Polygon","coordinates":[[[-85.7625249,35.0808312],[-85.7625259,35.0807712],[-85.7626099,35.0807722],[-85.762635,35.0808111],[-85.7625249,35.0808312]]]}},{"type":"Feature","properties":{"id":61,"kind":"landcover","class":"vegetation","role":"fill"},"geometry":{"type":"Polygon","coordinates":[[[-85.7605079,35.0808922],[-85.760499,35.0808312],[-85.760562,35.0808212],[-85.7605709,35.0808832],[-85.7605079,35.0808922]]]}},{"type":"Feature","properties":{"id":62,"kind":"landcover","class":"vegetation","role":"fill"},"geometry":{"type":"Polygon","coordinates":[[[-85.7611089,35.0808822],[-85.7611699,35.0808952],[-85.7611289,35.0809732],[-85.7610849,35.0809542],[-85.7611089,35.0808822]]]}},{"type":"Feature","properties":{"id":63,"kind":"landcover","class":"vegetation","role":"fill"},"geometry":{"type":"Polygon","coordinates":[[[-85.7617649,35.0809732],[-85.7618399,35.0809892],[-85.7618259,35.0810822],[-85.7617509,35.0810662],[-85.7617649,35.0809732]]]}},{"type":"Feature","properties":{"id":64,"kind":"landcover","class":"vegetation","role":"fill"},"geometry":{"type":"Polygon","coordinates":[[[-85.7623349,35.0812812],[-85.762309,35.0813631],[-85.7622569,35.0813632],[-85.762224,35.0812901],[-85.7619989,35.0812532],[-85.761943,35.0811962],[-85.7621909,35.0810822],[-85.7623999,35.0811212],[-85.762462,35.0811752],[-85.7624359,35.0812522],[-85.7623349,35.0812812]]]}},{"type":"Feature","properties":{"id":65,"kind":"landcover","class":"vegetation","role":"fill"},"geometry":{"type":"Polygon","coordinates":[[[-85.7614119,35.0812592],[-85.7613969,35.0811972],[-85.761474,35.0811882],[-85.7614969,35.0812502],[-85.7614119,35.0812592]]]}},{"type":"Feature","properties":{"id":66,"kind":"landcover","class":"vegetation","role":"fill"},"geometry":{"type":"Polygon","coordinates":[[[-85.7619249,35.0814032],[-85.761914,35.0813512],[-85.7619889,35.0813432],[-85.7620069,35.0813822],[-85.7619249,35.0814032]]]}},{"type":"Feature","properties":{"id":67,"kind":"landcover","class":"vegetation","role":"fill"},"geometry":{"type":"Polygon","coordinates":[[[-85.76027,35.0817432],[-85.760229,35.0817212],[-85.760271,35.0816832],[-85.7604059,35.0816842],[-85.760447,35.0817242],[-85.76027,35.0817432]]]}},{"type":"Feature","properties":{"id":68,"kind":"landcover","class":"vegetation","role":"fill"},"geometry":{"type":"Polygon","coordinates":[[[-85.760016,35.0822122],[-85.760008,35.0822921],[-85.7599019,35.0822832],[-85.759941,35.0821971],[-85.760016,35.0822122]]]}},{"type":"Feature","properties":{"id":69,"kind":"landcover","class":"vegetation","role":"fill"},"geometry":{"type":"Polygon","coordinates":[[[-85.759215,35.0828902],[-85.759232,35.0827651],[-85.7593189,35.0827912],[-85.759303,35.0829302],[-85.759215,35.0828902]]]}},{"type":"Feature","properties":{"id":70,"kind":"landcover","class":"vegetation","role":"fill"},"geometry":{"type":"Polygon","coordinates":[[[-85.760528,35.0843661],[-85.760377,35.0843782],[-85.7603399,35.0843262],[-85.7603789,35.0842412],[-85.7605039,35.0842662],[-85.760528,35.0843661]]]}},{"type":"Feature","properties":{"id":71,"kind":"landcover","class":"vegetation","role":"fill"},"geometry":{"type":"Polygon","coordinates":[[[-85.759796,35.0845731],[-85.759778,35.0844861],[-85.7598789,35.0844842],[-85.7599059,35.0845781],[-85.759796,35.0845731]]]}},{"type":"Feature","properties":{"id":72,"kind":"landcover","class":"vegetation","role":"fill"},"geometry":{"type":"Polygon","coordinates":[[[-85.7610659,35.0846902],[-85.7606289,35.0847282],[-85.760489,35.0848632],[-85.7602699,35.0849072],[-85.760176,35.0848961],[-85.7601249,35.0847122],[-85.7600179,35.0846272],[-85.760249,35.0846021],[-85.7603379,35.0847362],[-85.760464,35.0847342],[-85.7606099,35.0844451],[-85.7607009,35.0845371],[-85.7611389,35.0846142],[-85.7610659,35.0846902]]]}},{"type":"Feature","properties":{"id":73,"kind":"landcover","class":"vegetation","role":"fill"},"geometry":{"type":"Polygon","coordinates":[[[-85.7624179,35.0854522],[-85.7621299,35.0854472],[-85.7620049,35.0854171],[-85.7619619,35.0853272],[-85.7616929,35.0850532],[-85.7616989,35.0848622],[-85.761831,35.0847752],[-85.7620099,35.0848061],[-85.7621319,35.0850052],[-85.7622299,35.0850632],[-85.7624819,35.0853912],[-85.7624179,35.0854522]]]}},{"type":"Feature","properties":{"id":74,"kind":"landcover","class":"vegetation","role":"fill"},"geometry":{"type":"Polygon","coordinates":[[[-85.7623229,35.0895992],[-85.7623089,35.0895361],[-85.7623969,35.0895182],[-85.7624189,35.0895691],[-85.7623229,35.0895992]]]}},{"type":"Feature","properties":{"id":75,"kind":"landcover","class":"vegetation","role":"fill"},"geometry":{"type":"Polygon","coordinates":[[[-85.7625559,35.0898592],[-85.7626309,35.0898732],[-85.7625559,35.0898881],[-85.7625309,35.0898801],[-85.7625559,35.0898592]]]}},{"type":"Feature","properties":{"id":76,"kind":"landcover","class":"vegetation","role":"fill"},"geometry":{"type":"Polygon","coordinates":[[[-85.7621089,35.0911652],[-85.7620989,35.0911141],[-85.7621619,35.0911061],[-85.762172,35.0911571],[-85.7621089,35.0911652]]]}},{"type":"Feature","properties":{"id":77,"kind":"landcover","class":"vegetation","role":"fill"},"geometry":{"type":"Polygon","coordinates":[[[-85.7618339,35.0916401],[-85.7618969,35.0916531],[-85.761885,35.0917251],[-85.761823,35.0917122],[-85.7618339,35.0916401]]]}},{"type":"Feature","properties":{"id":78,"kind":"landcover","class":"vegetation","role":"fill"},"geometry":{"type":"Polygon","coordinates":[[[-85.759811,35.110811],[-85.7598839,35.1108111],[-85.759897,35.1108841],[-85.7598089,35.1108951],[-85.759811,35.110811]]]}},{"type":"Feature","properties":{"id":79,"kind":"landcover","class":"vegetation","role":"fill"},"geometry":{"type":"Polygon","coordinates":[[[-85.759404,35.11092],[-85.7593929,35.110867],[-85.7594679,35.11085],[-85.75948,35.1109101],[-85.759404,35.11092]]]}},{"type":"Feature","properties":{"id":80,"kind":"landcover","class":"vegetation","role":"fill"},"geometry":{"type":"Polygon","coordinates":[[[-85.743167,35.0691143],[-85.7432581,35.0690712],[-85.7433,35.0691953],[-85.743254,35.0693703],[-85.743148,35.0693712],[-85.743135,35.0692873],[-85.743167,35.0691143]]]}},{"type":"Feature","properties":{"id":81,"kind":"landcover","class":"vegetation","role":"fill"},"geometry":{"type":"Polygon","coordinates":[[[-85.7389591,35.0756032],[-85.7388801,35.0762342],[-85.738782,35.0761972],[-85.7387531,35.0760632],[-85.7387641,35.0757242],[-85.7387,35.0755982],[-85.738852,35.0754332],[-85.739576,35.0754462],[-85.739898,35.0755392],[-85.739846,35.0755842],[-85.7389591,35.0756032]]]}},{"type":"Feature","properties":{"id":82,"kind":"landcover","class":"vegetation","role":"fill"},"geometry":{"type":"Polygon","coordinates":[[[-85.758485,35.0765342],[-85.7585689,35.0765162],[-85.7585839,35.0766482],[-85.7584829,35.0766472],[-85.758485,35.0765342]]]}},{"type":"Feature","properties":{"id":83,"kind":"landcover","class":"vegetation","role":"fill"},"geometry":{"type":"Polygon","coordinates":[[[-85.7404951,35.0770053],[-85.7406051,35.0770132],[-85.740653,35.0771842],[-85.740621,35.0773492],[-85.7404331,35.0773662],[-85.740396,35.0773052],[-85.7404111,35.0771612],[-85.7404951,35.0770053]]]}},{"type":"Feature","properties":{"id":84,"kind":"landcover","class":"vegetation","role":"fill"},"geometry":{"type":"Polygon","coordinates":[[[-85.7372321,35.0771362],[-85.7374581,35.0771232],[-85.737657,35.0771742],[-85.738285,35.0771752],[-85.738572,35.0772212],[-85.738672,35.0771942],[-85.7387281,35.0770732],[-85.7388491,35.0770442],[-85.7389301,35.0770842],[-85.73898,35.0772012],[-85.7391091,35.0772482],[-85.7402341,35.0773462],[-85.7403381,35.0774022],[-85.740252,35.0776132],[-85.740178,35.0776552],[-85.740028,35.0776442],[-85.7397351,35.0775292],[-85.7391841,35.0774472],[-85.7390051,35.0773632],[-85.7388121,35.0774302],[-85.7376921,35.0773492],[-85.7371701,35.0772592],[-85.7370991,35.0771972],[-85.7372321,35.0771362]]]}},{"type":"Feature","properties":{"id":85,"kind":"landcover","class":"vegetation","role":"fill"},"geometry":{"type":"Polygon","coordinates":[[[-85.7386331,35.0782732],[-85.7385531,35.0781592],[-85.7385891,35.0780082],[-85.738696,35.0779312],[-85.7388551,35.0779302],[-85.7389451,35.0780382],[-85.7389261,35.0781992],[-85.73882,35.0782832],[-85.7386331,35.0782732]]]}},{"type":"Feature","properties":{"id":86,"kind":"landcover","class":"vegetation","role":"fill"},"geometry":{"type":"Polygon","coordinates":[[[-85.7581749,35.0786412],[-85.7582319,35.0785072],[-85.758361,35.0785312],[-85.758328,35.0786652],[-85.7581749,35.0786412]]]}},{"type":"Feature","properties":{"id":87,"kind":"landcover","class":"vegetation","role":"fill"},"geometry":{"type":"Polygon","coordinates":[[[-85.738653,35.0787152],[-85.7387291,35.0787412],[-85.738727,35.0788092],[-85.73864,35.0788022],[-85.738653,35.0787152]]]}},{"type":"Feature","properties":{"id":88,"kind":"landcover","class":"vegetation","role":"fill"},"geometry":{"type":"Polygon","coordinates":[[[-85.7575719,35.0793602],[-85.7576239,35.0793602],[-85.7576329,35.0794122],[-85.75756,35.0794112],[-85.7575719,35.0793602]]]}},{"type":"Feature","properties":{"id":89,"kind":"landcover","class":"vegetation","role":"fill"},"geometry":{"type":"Polygon","coordinates":[[[-85.758821,35.0797342],[-85.758757,35.0798142],[-85.758505,35.0798782],[-85.758439,35.0799622],[-85.7582929,35.0799752],[-85.758207,35.0800782],[-85.7580709,35.0800542],[-85.7580359,35.0798942],[-85.7581219,35.0798012],[-85.758351,35.0798472],[-85.758416,35.0797132],[-85.758639,35.0796542],[-85.758687,35.0795922],[-85.758812,35.0796322],[-85.758821,35.0797342]]]}},{"type":"Feature","properties":{"id":90,"kind":"landcover","class":"vegetation","role":"fill"},"geometry":{"type":"Polygon","coordinates":[[[-85.739459,35.0831402],[-85.73947,35.0830781],[-85.7395321,35.0830892],[-85.739521,35.0831512],[-85.739459,35.0831402]]]}},{"type":"Feature","properties":{"id":91,"kind":"landcover","class":"vegetation","role":"fill"},"geometry":{"type":"Polygon","coordinates":[[[-85.746344,35.0888222],[-85.746314,35.0887651],[-85.746389,35.0887472],[-85.7464081,35.0887912],[-85.746344,35.0888222]]]}},{"type":"Feature","properties":{"id":92,"kind":"landcover","class":"vegetation","role":"fill"},"geometry":{"type":"Polygon","coordinates":[[[-85.7465851,35.0885512],[-85.746672,35.0885652],[-85.7467441,35.0886552],[-85.747066,35.0888192],[-85.747266,35.0888251],[-85.747374,35.0887422],[-85.7474401,35.0887502],[-85.747229,35.0889702],[-85.747013,35.0890241],[-85.746978,35.0892541],[-85.747018,35.0893151],[-85.747551,35.0894821],[-85.74736,35.0895141],[-85.747296,35.0894751],[-85.746947,35.0894632],[-85.74652,35.0893422],[-85.746351,35.0892362],[-85.746485,35.0891742],[-85.74652,35.0888851],[-85.746632,35.0888351],[-85.746635,35.0887321],[-85.74654,35.0886692],[-85.7465851,35.0885512]]]}},{"type":"Feature","properties":{"id":93,"kind":"landcover","class":"vegetation","role":"fill"},"geometry":{"type":"Polygon","coordinates":[[[-85.746032,35.0894011],[-85.746108,35.0894121],[-85.746107,35.0894641],[-85.746019,35.0894631],[-85.746032,35.0894011]]]}},{"type":"Feature","properties":{"id":94,"kind":"landcover","class":"vegetation","role":"fill"},"geometry":{"type":"Polygon","coordinates":[[[-85.748583,35.0896931],[-85.748563,35.0896412],[-85.7486879,35.0896341],[-85.7487191,35.0896731],[-85.748583,35.0896931]]]}},{"type":"Feature","properties":{"id":95,"kind":"landcover","class":"vegetation","role":"fill"},"geometry":{"type":"Polygon","coordinates":[[[-85.7458711,35.0903341],[-85.745883,35.0901902],[-85.745946,35.0902152],[-85.745917,35.0903711],[-85.7458711,35.0903341]]]}},{"type":"Feature","properties":{"id":96,"kind":"landcover","class":"vegetation","role":"fill"},"geometry":{"type":"Polygon","coordinates":[[[-85.748253,35.0906372],[-85.748291,35.0906862],[-85.748278,35.0908322],[-85.748232,35.0908762],[-85.748161,35.0908292],[-85.748193,35.0906461],[-85.748253,35.0906372]]]}},{"type":"Feature","properties":{"id":97,"kind":"landcover","class":"vegetation","role":"fill"},"geometry":{"type":"Polygon","coordinates":[[[-85.7382841,35.0911401],[-85.738373,35.0911352],[-85.738398,35.0912212],[-85.7383,35.0912331],[-85.7382841,35.0911401]]]}},{"type":"Feature","properties":{"id":98,"kind":"landcover","class":"vegetation","role":"fill"},"geometry":{"type":"Polygon","coordinates":[[[-85.738138,35.0912581],[-85.7381991,35.0912741],[-85.7381721,35.0913532],[-85.738102,35.0913312],[-85.738138,35.0912581]]]}},{"type":"Feature","properties":{"id":99,"kind":"landcover","class":"vegetation","role":"fill"},"geometry":{"type":"Polygon","coordinates":[[[-85.739251,35.0916741],[-85.7393781,35.0917001],[-85.7393741,35.0918441],[-85.739294,35.0919422],[-85.7391651,35.0919261],[-85.7391451,35.0918561],[-85.739251,35.0916741]]]}},{"type":"Feature","properties":{"id":100,"kind":"landcover","class":"vegetation","role":"fill"},"geometry":{"type":"Polygon","coordinates":[[[-85.7380121,35.0919341],[-85.738003,35.0918821],[-85.738065,35.0918741],[-85.7380751,35.0919261],[-85.7380121,35.0919341]]]}},{"type":"Feature","properties":{"id":101,"kind":"landcover","class":"vegetation","role":"fill"},"geometry":{"type":"Polygon","coordinates":[[[-85.7822838,35.0671643],[-85.7829348,35.0673412],[-85.7829348896124,35.07],[-85.782,35.07],[-85.782,35.06716545125419],[-85.7822838,35.0671643]]]}},{"type":"Feature","properties":{"id":102,"kind":"landcover","class":"vegetation","role":"fill"},"geometry":{"type":"Polygon","coordinates":[[[-85.7829349,35.0703082],[-85.782,35.0700267951],[-85.782,35.07],[-85.7829348896124,35.07],[-85.7829349,35.0703082]]]}},{"type":"Feature","properties":{"id":103,"kind":"landcover","class":"vegetation","role":"fill"},"geometry":{"type":"Polygon","coordinates":[[[-85.7829349,35.0724883],[-85.7829348,35.0726323],[-85.7823448,35.0724232],[-85.7820458,35.0723732],[-85.782,35.072329559961496],[-85.782,35.07217559138793],[-85.7829349,35.0724883]]]}},{"type":"Feature","properties":{"id":104,"kind":"landcover","class":"vegetation","role":"fill"},"geometry":{"type":"Polygon","coordinates":[[[-85.7823618,35.0755272],[-85.7825668,35.0754312],[-85.7826728,35.0752812],[-85.7828048,35.0752092],[-85.7828518,35.0749492],[-85.7829348,35.0748483],[-85.78293480704326,35.076],[-85.782,35.076],[-85.782,35.075506009330894],[-85.7823618,35.0755272]]]}},{"type":"Feature","properties":{"id":105,"kind":"landcover","class":"vegetation","role":"fill"},"geometry":{"type":"Polygon","coordinates":[[[-85.7822008,35.0704063],[-85.7823138,35.0705282],[-85.7820988,35.0708712],[-85.782,35.070911663316586],[-85.782,35.0703599550211],[-85.7822008,35.0704063]]]}},{"type":"Feature","properties":{"id":106,"kind":"landcover","class":"vegetation","role":"fill"},"geometry":{"type":"Polygon","coordinates":[[[-85.78293484373647,35.082],[-85.782,35.082],[-85.782,35.076],[-85.78293480704326,35.076],[-85.78293484373647,35.082]]]}},{"type":"Feature","properties":{"id":107,"kind":"landcover","class":"vegetation","role":"fill"},"geometry":{"type":"Polygon","coordinates":[[[-85.78293488042968,35.088],[-85.782,35.088],[-85.782,35.082],[-85.78293484373647,35.082],[-85.78293488042968,35.088]]]}},{"type":"Feature","properties":{"id":108,"kind":"landcover","class":"vegetation","role":"fill"},"geometry":{"type":"Polygon","coordinates":[[[-85.7828668,35.0915932],[-85.7827408,35.0916211],[-85.7826929,35.0917232],[-85.7826199,35.0917481],[-85.7826978,35.0918502],[-85.7827819,35.0923631],[-85.7827118,35.0925691],[-85.7827698,35.0928441],[-85.7826928,35.0929001],[-85.7826198,35.0931331],[-85.7827156,35.0932588],[-85.7827609,35.0932071],[-85.7828528,35.0933051],[-85.7828658,35.0934371],[-85.7828278,35.0935092],[-85.7827398,35.0935231],[-85.7826418,35.0933562],[-85.7824988,35.0933611],[-85.7824199,35.0935881],[-85.7822342,35.0936708],[-85.7822568,35.0937361],[-85.7821819,35.0937971],[-85.7821758,35.0937631],[-85.7821188,35.0939511],[-85.78211566903377,35.094],[-85.782,35.094],[-85.782,35.088],[-85.78293488042968,35.088],[-85.7829349,35.0912001],[-85.7828499,35.0911752],[-85.7828857,35.091148],[-85.7827128,35.0911791],[-85.7826588,35.0912231],[-85.7826264,35.0913771],[-85.7826758,35.0914761],[-85.7828778,35.0915451],[-85.7828668,35.0915932]]]}},{"type":"Feature","properties":{"id":109,"kind":"landcover","class":"vegetation","role":"fill"},"geometry":{"type":"Polygon","coordinates":[[[-85.7827709,35.0999151],[-85.7824568,35.0998161],[-85.7824049,35.0996511],[-85.7823069,35.0995931],[-85.7820729,35.0995631],[-85.7820709,35.0994241],[-85.7822609,35.0992771],[-85.7821958,35.0991381],[-85.7822778,35.0991041],[-85.7822979,35.0990191],[-85.7820489,35.0988901],[-85.7820278,35.0987841],[-85.782,35.098754805376345],[-85.782,35.098585635783365],[-85.7821299,35.0986451],[-85.7822658,35.0985791],[-85.7822728,35.0983111],[-85.7823278,35.0981861],[-85.7822308,35.0979811],[-85.7821788,35.0979561],[-85.7821929,35.0977711],[-85.7824279,35.0977351],[-85.7828198,35.0978401],[-85.7828958,35.0977541],[-85.7828538,35.0976191],[-85.7827128,35.0975461],[-85.7826778,35.0973911],[-85.7824408,35.0972991],[-85.7826849,35.0971331],[-85.7828138,35.0969432],[-85.7827628,35.0968351],[-85.7825318,35.0967771],[-85.7827398,35.0967281],[-85.7829179,35.0964481],[-85.7829099,35.0963431],[-85.7827138,35.0962641],[-85.7827579,35.0962071],[-85.7829009,35.0961671],[-85.7829209,35.0961061],[-85.7829189,35.0957971],[-85.7827499,35.0956761],[-85.7828138,35.0955511],[-85.7828149,35.0954291],[-85.7825518,35.0953251],[-85.7825208,35.0952681],[-85.7825408,35.0951911],[-85.7826358,35.0951631],[-85.7827758,35.0951831],[-85.7828906,35.0952791],[-85.7828328,35.0951881],[-85.7828258,35.0950461],[-85.7828839,35.0949112],[-85.7829348,35.0943921],[-85.7829349,35.0982721],[-85.7828759,35.0983221],[-85.7828448,35.0983971],[-85.7828099,35.0987244],[-85.7828629,35.0983921],[-85.7829348,35.0982821],[-85.7829348,35.0993811],[-85.7828618,35.0993771],[-85.7827768,35.0992721],[-85.7827778,35.0988061],[-85.7827478,35.0991491],[-85.7827758,35.0993681],[-85.7829348,35.0993871],[-85.7829348,35.1],[-85.78277035042807,35.1],[-85.7827709,35.0999151]]]}},{"type":"Feature","properties":{"id":110,"kind":"landcover","class":"vegetation","role":"fill"},"geometry":{"type":"Polygon","coordinates":[[[-85.7821023,35.0942088],[-85.7821548,35.0941492],[-85.7821799,35.0942122],[-85.7821428,35.0943141],[-85.7821018,35.0942451],[-85.7821278,35.0947401],[-85.7822079,35.0948011],[-85.7822259,35.0948961],[-85.7823028,35.0947681],[-85.7824598,35.0947542],[-85.7825109,35.0948231],[-85.7823988,35.0948921],[-85.7823078,35.0951412],[-85.7822348,35.0951061],[-85.7822248,35.0949721],[-85.7821789,35.0950681],[-85.7820308,35.0951301],[-85.782,35.095323510752706],[-85.782,35.094],[-85.78211566903377,35.094],[-85.7821023,35.0942088]]]}},{"type":"Feature","properties":{"id":111,"kind":"landcover","class":"vegetation","role":"fill"},"geometry":{"type":"Polygon","coordinates":[[[-85.7820419,35.0996471],[-85.7820979,35.099681],[-85.7820808,35.0998611],[-85.782,35.09987097921452],[-85.782,35.09966187857609],[-85.7820419,35.0996471]]]}},{"type":"Feature","properties":{"id":112,"kind":"landcover","class":"vegetation","role":"fill"},"geometry":{"type":"Polygon","coordinates":[[[-85.7820118,35.1017711],[-85.7820858,35.1017251],[-85.7821079,35.1016201],[-85.7822359,35.101482],[-85.7822329,35.101368],[-85.7820299,35.1012871],[-85.7823158,35.1012581],[-85.7824079,35.1013881],[-85.7825489,35.1014101],[-85.7827459,35.1013621],[-85.7827988,35.101292],[-85.7828048,35.1009621],[-85.7826809,35.1006781],[-85.7823578,35.100574],[-85.7822828,35.1005091],[-85.7823378,35.100406],[-85.7824638,35.1004971],[-85.7825858,35.1005191],[-85.7827678,35.100394],[-85.78277035042807,35.1],[-85.7829348,35.1],[-85.7829348,35.1034071],[-85.7825518,35.103316],[-85.7824988,35.1032561],[-85.7824478,35.103021],[-85.7821848,35.1030111],[-85.7820988,35.1030551],[-85.7820758,35.1031551],[-85.7821109,35.1032111],[-85.7822688,35.1032681],[-85.7822968,35.1034841],[-85.7829349,35.103555],[-85.7829349,35.106],[-85.782,35.106],[-85.782,35.10179703255816],[-85.7820118,35.1017711]]]}},{"type":"Feature","properties":{"id":113,"kind":"landcover","class":"vegetation","role":"fill"},"geometry":{"type":"Polygon","coordinates":[[[-85.7829349,35.112],[-85.782,35.112],[-85.782,35.106],[-85.7829349,35.106],[-85.7829349,35.112]]]}},{"type":"Feature","properties":{"id":114,"kind":"landcover","class":"vegetation","role":"fill"},"geometry":{"type":"Polygon","coordinates":[[[-85.7829349,35.115244],[-85.7828944,35.1179657],[-85.782,35.117964150810685],[-85.782,35.112],[-85.7829349,35.112],[-85.7829349,35.115244]]]}},{"type":"Feature","properties":{"id":115,"kind":"landcover","class":"vegetation","role":"fill"},"geometry":{"type":"Polygon","coordinates":[[[-85.7778969,35.0699843],[-85.7779319,35.0699012],[-85.7778888,35.0698413],[-85.7776948,35.0698113],[-85.7770658,35.0694663],[-85.7768178,35.0694332],[-85.7766889,35.0696722],[-85.77663527731234,35.07],[-85.77652158091603,35.07],[-85.7765279,35.0691722],[-85.7763718,35.0690203],[-85.7763368,35.0688362],[-85.7761599,35.0687593],[-85.7760189,35.0685383],[-85.776,35.06853323802452],[-85.776,35.06795368236993],[-85.7761059,35.0680403],[-85.7763999,35.0684172],[-85.7764829,35.0685972],[-85.7767649,35.0686083],[-85.7771808,35.0684713],[-85.7774308,35.0684733],[-85.7777059,35.0687983],[-85.7777479,35.0689163],[-85.7778669,35.0689663],[-85.7780259,35.0691422],[-85.7781979,35.0691722],[-85.7794149,35.0690173],[-85.7795328,35.0688143],[-85.7798928,35.0686552],[-85.7803608,35.0686163],[-85.7804409,35.0686613],[-85.7807639,35.0686672],[-85.7809778,35.0685862],[-85.7808948,35.0684593],[-85.7805429,35.0683583],[-85.7804289,35.0681703],[-85.7801269,35.0679543],[-85.7800168,35.0677523],[-85.7799089,35.0676883],[-85.7795968,35.0671752],[-85.782,35.06716545125419],[-85.782,35.07],[-85.78189190727272,35.07],[-85.7815408,35.0699412],[-85.7813859,35.0699822],[-85.78138057725579,35.07],[-85.78075292545455,35.07],[-85.7807489,35.0699262],[-85.7806239,35.0698212],[-85.7805679,35.0696353],[-85.7804209,35.0696362],[-85.78028814618845,35.07],[-85.77778976266096,35.07],[-85.7778969,35.0699843]]]}},{"type":"Feature","properties":{"id":116,"kind":"landcover","class":"vegetation","role":"fill"},"geometry":{"type":"Polygon","coordinates":[[[-85.7761188,35.0726412],[-85.7762188,35.0712673],[-85.7763658,35.0710513],[-85.7764958,35.0710263],[-85.7765229,35.0711112],[-85.7763978,35.0720303],[-85.7764178,35.0721832],[-85.7778929,35.0728713],[-85.7780719,35.0730112],[-85.7780998,35.0736532],[-85.7782228,35.0736912],[-85.7783028,35.0736012],[-85.7784848,35.0735962],[-85.7785529,35.0736902],[-85.7785008,35.0738212],[-85.7780438,35.0744062],[-85.7780269,35.0746252],[-85.7781568,35.0747222],[-85.7785288,35.0747722],[-85.7785839,35.0748852],[-85.7787769,35.0749612],[-85.7789068,35.0749402],[-85.7789518,35.0748072],[-85.7793519,35.0724022],[-85.7793699,35.0720452],[-85.7792959,35.0719482],[-85.7789909,35.0718073],[-85.7789518,35.0715352],[-85.7787488,35.0714032],[-85.7784508,35.0713843],[-85.7783519,35.0714782],[-85.7782678,35.0714742],[-85.7782499,35.0713702],[-85.7783549,35.0712642],[-85.7783449,35.0711172],[-85.7782758,35.0710432],[-85.7779078,35.0709703],[-85.7777138,35.0709992],[-85.7777099,35.0708752],[-85.7778229,35.0708362],[-85.7778519,35.0707512],[-85.7776059,35.0706482],[-85.7775559,35.0705392],[-85.7775909,35.0704702],[-85.7777059,35.0704302],[-85.7777328,35.0702033],[-85.7776888,35.0701532],[-85.7774628,35.0701152],[-85.7774199,35.0700542],[-85.77778976266096,35.07],[-85.78028814618845,35.07],[-85.7802749,35.0700363],[-85.7801008,35.0701462],[-85.7801228,35.0703512],[-85.7802658,35.0704543],[-85.7803809,35.0704542],[-85.7804479,35.0703952],[-85.7805728,35.0704072],[-85.7805369,35.0706423],[-85.7807138,35.0707642],[-85.7807938,35.0707542],[-85.7808429,35.0706182],[-85.7809948,35.0705402],[-85.7810349,35.0703932],[-85.7809979,35.0703153],[-85.7807669,35.0702562],[-85.78075292545455,35.07],[-85.78138057725579,35.07],[-85.7813458,35.0701163],[-85.7814898,35.0702422],[-85.782,35.0703599550211],[-85.782,35.070911663316586],[-85.7817008,35.0710342],[-85.7812278,35.0713623],[-85.7811318,35.0717623],[-85.7812458,35.0718872],[-85.7815148,35.0720133],[-85.782,35.07217559138793],[-85.782,35.072329559961496],[-85.7819419,35.0722742],[-85.7815089,35.0721202],[-85.7814018,35.0721503],[-85.7813318,35.0723432],[-85.7809518,35.0723862],[-85.7808619,35.0722903],[-85.7808858,35.0722352],[-85.7809958,35.0721942],[-85.7809789,35.0720703],[-85.7805429,35.0718743],[-85.7802358,35.0718273],[-85.7801218,35.0716763],[-85.7799859,35.0716802],[-85.7799438,35.0717573],[-85.7799599,35.0718653],[-85.7801989,35.0719532],[-85.7803058,35.0721712],[-85.7803508,35.0725242],[-85.7803059,35.0725752],[-85.7802148,35.0725482],[-85.7801589,35.0723193],[-85.7800399,35.0722672],[-85.7798689,35.0720912],[-85.7796908,35.0720743],[-85.7795838,35.0721662],[-85.7794328,35.0728732],[-85.7794238,35.0731742],[-85.7793458,35.0734552],[-85.7792039,35.0745042],[-85.7790939,35.0749432],[-85.7791228,35.0751492],[-85.7792149,35.0752823],[-85.7793328,35.0753442],[-85.7798558,35.0753722],[-85.7799238,35.0754672],[-85.7801258,35.0755262],[-85.7803838,35.0754802],[-85.7806188,35.0740592],[-85.7806748,35.0732623],[-85.7806018,35.0730503],[-85.7803008,35.0729862],[-85.7802178,35.0729182],[-85.7805888,35.0728342],[-85.7808898,35.0726612],[-85.7810919,35.0726802],[-85.7811509,35.0727402],[-85.7809929,35.0727742],[-85.7809198,35.0728722],[-85.7809138,35.0732792],[-85.7807819,35.0739812],[-85.7806989,35.0751532],[-85.7810068,35.0753222],[-85.7811418,35.0753412],[-85.7812708,35.0754633],[-85.782,35.075506009330894],[-85.782,35.076],[-85.776,35.076],[-85.776,35.07339554754102],[-85.7761188,35.0726412]],[[-85.7768119,35.0743063],[-85.7773768,35.0744542],[-85.7776078,35.0744172],[-85.7777639,35.0740482],[-85.7778539,35.0732863],[-85.7779168,35.0731402],[-85.7775649,35.0728982],[-85.7768209,35.0725432],[-85.7764248,35.0724263],[-85.7762969,35.0725692],[-85.7761989,35.0728763],[-85.7762778,35.0731772],[-85.7761918,35.0732973],[-85.7762279,35.0734662],[-85.7761919,35.0740052],[-85.7762239,35.0741083],[-85.7764609,35.0741832],[-85.7765289,35.0742662],[-85.7764158,35.0743142],[-85.7761818,35.0742742],[-85.7761329,35.0743262],[-85.7760649,35.0745772],[-85.7760249,35.0751612],[-85.7761919,35.0752613],[-85.7765778,35.0753422],[-85.7766599,35.0753122],[-85.7767939,35.0751382],[-85.7769629,35.0748802],[-85.7770609,35.0748182],[-85.7770909,35.0746102],[-85.7770729,35.0745382],[-85.7769369,35.0744652],[-85.7767349,35.0744242],[-85.7767099,35.0743372],[-85.7768119,35.0743063]]]}},{"type":"Feature","properties":{"id":117,"kind":"landcover","class":"vegetation","role":"fill"},"geometry":{"type":"Polygon","coordinates":[[[-85.7765819,35.0703263],[-85.7765189,35.0703512],[-85.77652158091603,35.07],[-85.77663527731234,35.07],[-85.7765819,35.0703263]]]}},{"type":"Feature","properties":{"id":118,"kind":"landcover","class":"vegetation","role":"fill"},"geometry":{"type":"Polygon","coordinates":[[[-85.7819349,35.0700072],[-85.78189190727272,35.07],[-85.782,35.07],[-85.782,35.0700267951],[-85.7819349,35.0700072]]]}},{"type":"Feature","properties":{"id":119,"kind":"landcover","class":"vegetation","role":"fill"},"geometry":{"type":"Polygon","coordinates":[[[-85.782,35.076],[-85.782,35.082],[-85.776,35.082],[-85.776,35.076],[-85.782,35.076]]]}},{"type":"Feature","properties":{"id":120,"kind":"landcover","class":"vegetation","role":"fill"},"geometry":{"type":"Polygon","coordinates":[[[-85.782,35.082],[-85.782,35.088],[-85.776,35.088],[-85.776,35.082],[-85.782,35.082]]]}},{"type":"Feature","properties":{"id":121,"kind":"landcover","class":"vegetation","role":"fill"},"geometry":{"type":"Polygon","coordinates":[[[-85.7772299,35.0939141],[-85.7769149,35.0938741],[-85.7767878,35.0937111],[-85.7766508,35.0936731],[-85.7764159,35.0936991],[-85.7763468,35.0937841],[-85.7760439,35.0938831],[-85.7760419,35.0939801],[-85.77606071187192,35.094],[-85.776,35.094],[-85.776,35.088],[-85.782,35.088],[-85.782,35.094],[-85.77723950850111,35.094],[-85.7772299,35.0939141]]]}},{"type":"Feature","properties":{"id":122,"kind":"landcover","class":"vegetation","role":"fill"},"geometry":{"type":"Polygon","coordinates":[[[-85.7819378,35.0957141],[-85.7817501,35.0957813],[-85.7818109,35.0958251],[-85.7817279,35.0958732],[-85.7816308,35.0961361],[-85.7815248,35.0961661],[-85.7814848,35.0962321],[-85.7814378,35.0961761],[-85.7813598,35.0961621],[-85.7814458,35.0962921],[-85.7814218,35.0964411],[-85.7813449,35.0965011],[-85.7814168,35.0965391],[-85.7814309,35.0966181],[-85.7813769,35.0970031],[-85.7812878,35.0970691],[-85.7813868,35.0971111],[-85.7814208,35.0971941],[-85.7814827,35.097663],[-85.7815088,35.0975351],[-85.7815658,35.0975981],[-85.7817848,35.0976201],[-85.7819488,35.0977961],[-85.7818848,35.0978651],[-85.781599,35.0978568],[-85.7815959,35.0981591],[-85.7814588,35.0982121],[-85.7815509,35.0983671],[-85.7815118,35.0987661],[-85.7815818,35.0988551],[-85.7817818,35.0988851],[-85.7818308,35.0989371],[-85.7817448,35.0991431],[-85.7818318,35.0996361],[-85.7818888,35.0997011],[-85.782,35.09966187857609],[-85.782,35.09987097921452],[-85.7818109,35.0998941],[-85.7817728,35.0999621],[-85.78177484864865,35.1],[-85.776,35.1],[-85.776,35.094],[-85.77606071187192,35.094],[-85.7762338,35.0941831],[-85.7764369,35.0942721],[-85.7763089,35.0946411],[-85.7763988,35.0949461],[-85.7767138,35.0950371],[-85.7768388,35.0951441],[-85.7773309,35.0951961],[-85.7774119,35.0951101],[-85.7774098,35.0947501],[-85.7774579,35.0946821],[-85.7774629,35.0945922],[-85.7774079,35.0945271],[-85.7771829,35.0944961],[-85.7771359,35.0944341],[-85.7770238,35.0944071],[-85.7769999,35.0943381],[-85.7767778,35.0942641],[-85.7768319,35.0941782],[-85.7769338,35.0942262],[-85.7771438,35.0941821],[-85.7772449,35.0940482],[-85.77723950850111,35.094],[-85.782,35.094],[-85.782,35.095323510752706],[-85.7819378,35.0957141]]]}},{"type":"Feature","properties":{"id":123,"kind":"landcover","class":"vegetation","role":"fill"},"geometry":{"type":"Polygon","coordinates":[[[-85.7819348,35.0986861],[-85.7819748,35.0985741],[-85.782,35.098585635783365],[-85.782,35.098754805376345],[-85.7819348,35.0986861]]]}},{"type":"Feature","properties":{"id":124,"kind":"landcover","class":"vegetation","role":"fill"},"geometry":{"type":"Polygon","coordinates":[[[-85.7817868,35.1002211],[-85.7818368,35.1003401],[-85.7819669,35.1004051],[-85.7819679,35.1005451],[-85.7819348,35.1006071],[-85.7817298,35.1006461],[-85.7815889,35.100754],[-85.7815278,35.1010581],[-85.7816138,35.1012021],[-85.7812638,35.1012781],[-85.7811519,35.1014171],[-85.7809709,35.1014671],[-85.7809249,35.1016541],[-85.7809518,35.1017321],[-85.7815029,35.1018231],[-85.7815708,35.1019151],[-85.7815948,35.1021041],[-85.7816978,35.1021461],[-85.7817558,35.1021151],[-85.7817999,35.1019921],[-85.7819258,35.1019601],[-85.782,35.10179703255816],[-85.782,35.106],[-85.776,35.106],[-85.776,35.1],[-85.78177484864865,35.1],[-85.7817868,35.1002211]],[[-85.7812698,35.1026401],[-85.7811868,35.1028681],[-85.7813768,35.102962],[-85.7814658,35.1031751],[-85.7803438,35.1030101],[-85.7804208,35.1029871],[-85.7804408,35.1029561],[-85.7804508,35.1029121],[-85.7804059,35.1029841],[-85.7803028,35.102998],[-85.7802229,35.1029091],[-85.7802672,35.1027862],[-85.7801739,35.1029421],[-85.7796729,35.1029691],[-85.7795519,35.1030321],[-85.7795548,35.1030871],[-85.7796819,35.1031591],[-85.7801708,35.1031981],[-85.7803158,35.1032541],[-85.7803788,35.103334],[-85.7804389,35.1035881],[-85.7804717,35.1036468],[-85.7804219,35.1034271],[-85.7804889,35.1033121],[-85.7807388,35.1033101],[-85.7808239,35.1034051],[-85.7808738,35.1033221],[-85.7814288,35.1033391],[-85.7815389,35.1031481],[-85.7816898,35.1030761],[-85.7816919,35.1028791],[-85.7814969,35.102779],[-85.7814228,35.102623],[-85.7813328,35.1026101],[-85.7812698,35.1026401]]]}},{"type":"Feature","properties":{"id":125,"kind":"landcover","class":"vegetation","role":"fill"},"geometry":{"type":"Polygon","coordinates":[[[-85.782,35.106],[-85.782,35.112],[-85.776,35.112],[-85.776,35.106],[-85.782,35.106]]]}},{"type":"Feature","properties":{"id":126,"kind":"landcover","class":"vegetation","role":"fill"},"geometry":{"type":"Polygon","coordinates":[[[-85.776,35.1179537582169],[-85.776,35.112],[-85.782,35.112],[-85.782,35.117964150810685],[-85.776,35.1179537582169]]]}},{"type":"Feature","properties":{"id":127,"kind":"landcover","class":"vegetation","role":"fill"},"geometry":{"type":"Polygon","coordinates":[[[-85.7700368,35.0681493],[-85.7701579,35.0682172],[-85.7704119,35.0681863],[-85.7704739,35.0682652],[-85.7707749,35.0682762],[-85.7708509,35.0682303],[-85.7708328,35.0681632],[-85.7706089,35.0681172],[-85.7705619,35.0680672],[-85.7707619,35.0680302],[-85.7709869,35.0680862],[-85.7710929,35.0682192],[-85.7713609,35.0682573],[-85.7714678,35.0685502],[-85.7718059,35.0686192],[-85.7718299,35.0687002],[-85.7716079,35.0688982],[-85.7715159,35.0691583],[-85.7713329,35.0692432],[-85.7713339,35.0693672],[-85.7713959,35.0693963],[-85.7714419,35.0695183],[-85.7716119,35.0695542],[-85.7716829,35.0695102],[-85.7717408,35.0693233],[-85.7719648,35.0693562],[-85.7720238,35.0694233],[-85.7720489,35.0696222],[-85.7722899,35.0698623],[-85.7727039,35.0698773],[-85.77263800555555,35.07],[-85.77,35.07],[-85.77,35.068064311091234],[-85.7700368,35.0681493]]]}},{"type":"Feature","properties":{"id":128,"kind":"landcover","class":"vegetation","role":"fill"},"geometry":{"type":"Polygon","coordinates":[[[-85.7754398,35.0683832],[-85.7754438,35.0683282],[-85.7755669,35.0682832],[-85.7755999,35.0682162],[-85.7755889,35.0681002],[-85.7754948,35.0679962],[-85.7752378,35.0679322],[-85.7751168,35.0680822],[-85.7749708,35.0680322],[-85.7747199,35.0680652],[-85.7747009,35.0681612],[-85.7747938,35.0684143],[-85.7747399,35.0684783],[-85.7745579,35.0684612],[-85.7743309,35.0683633],[-85.7741609,35.0683792],[-85.7741258,35.0684513],[-85.7740499,35.0684492],[-85.7740039,35.0684073],[-85.7739748,35.0682152],[-85.7738819,35.0681762],[-85.7737118,35.0682082],[-85.7735629,35.0683573],[-85.7732849,35.0684353],[-85.7731198,35.0683782],[-85.7728389,35.0684123],[-85.7727149,35.0683133],[-85.7719769,35.0682342],[-85.7720519,35.0681233],[-85.7723979,35.0680242],[-85.7724218,35.0678323],[-85.7725508,35.0677353],[-85.7725749,35.0673742],[-85.7726659,35.0671643],[-85.7752938,35.0671642],[-85.7754179,35.0672162],[-85.7754139,35.0674743],[-85.776,35.06795368236993],[-85.776,35.06853323802452],[-85.7754398,35.0683832]]]}},{"type":"Feature","properties":{"id":129,"kind":"landcover","class":"vegetation","role":"fill"},"geometry":{"type":"Polygon","coordinates":[[[-85.7725299,35.0702013],[-85.7725859,35.0704022],[-85.7729559,35.0706942],[-85.7731918,35.0709693],[-85.7733558,35.0710322],[-85.7733728,35.0711192],[-85.7734809,35.0711813],[-85.7735199,35.0712623],[-85.7737009,35.0713362],[-85.7737849,35.0715962],[-85.7738869,35.0716413],[-85.7739729,35.0717862],[-85.7740899,35.0717862],[-85.7741489,35.0716333],[-85.7742458,35.0716692],[-85.7742748,35.0717922],[-85.7741959,35.0718482],[-85.7741729,35.0719513],[-85.7742088,35.0720102],[-85.7743339,35.0720532],[-85.7744159,35.0724232],[-85.7743199,35.0724843],[-85.7742969,35.0725763],[-85.7743559,35.0726262],[-85.7746119,35.0726573],[-85.7746749,35.0727232],[-85.7747308,35.0731803],[-85.7747928,35.0732502],[-85.7748089,35.0734102],[-85.7748839,35.0734532],[-85.7749248,35.0736122],[-85.7750089,35.0736532],[-85.7750659,35.0739583],[-85.7751368,35.0740392],[-85.7751549,35.0744392],[-85.7752749,35.0746082],[-85.7753199,35.0749492],[-85.7756498,35.0750582],[-85.7757289,35.0750582],[-85.7757919,35.0749892],[-85.7758379,35.0748482],[-85.7759358,35.0738032],[-85.776,35.07339554754102],[-85.776,35.076],[-85.77,35.076],[-85.77,35.07],[-85.77263800555555,35.07],[-85.7725299,35.0702013]]]}},{"type":"Feature","properties":{"id":130,"kind":"landcover","class":"vegetation","role":"fill"},"geometry":{"type":"Polygon","coordinates":[[[-85.776,35.076],[-85.776,35.082],[-85.77,35.082],[-85.77,35.076],[-85.776,35.076]]]}},{"type":"Feature","properties":{"id":131,"kind":"landcover","class":"vegetation","role":"fill"},"geometry":{"type":"Polygon","coordinates":[[[-85.776,35.082],[-85.776,35.088],[-85.77,35.088],[-85.77,35.082],[-85.776,35.082]]]}},{"type":"Feature","properties":{"id":132,"kind":"landcover","class":"vegetation","role":"fill"},"geometry":{"type":"Polygon","coordinates":[[[-85.776,35.088],[-85.776,35.094],[-85.77,35.094],[-85.77,35.088],[-85.776,35.088]]]}},{"type":"Feature","properties":{"id":133,"kind":"landcover","class":"vegetation","role":"fill"},"geometry":{"type":"Polygon","coordinates":[[[-85.776,35.094],[-85.776,35.1],[-85.77,35.1],[-85.77,35.094],[-85.776,35.094]]]}},{"type":"Feature","properties":{"id":134,"kind":"landcover","class":"vegetation","role":"fill"},"geometry":{"type":"Polygon","coordinates":[[[-85.776,35.1],[-85.776,35.106],[-85.77,35.106],[-85.77,35.1],[-85.776,35.1]]]}},{"type":"Feature","properties":{"id":135,"kind":"landcover","class":"vegetation","role":"fill"},"geometry":{"type":"Polygon","coordinates":[[[-85.776,35.106],[-85.776,35.112],[-85.77,35.112],[-85.77,35.106],[-85.776,35.106]]]}},{"type":"Feature","properties":{"id":136,"kind":"landcover","class":"vegetation","role":"fill"},"geometry":{"type":"Polygon","coordinates":[[[-85.77,35.11794336562312],[-85.77,35.112],[-85.776,35.112],[-85.776,35.1179537582169],[-85.77,35.11794336562312]]]}},{"type":"Feature","properties":{"id":137,"kind":"landcover","class":"vegetation","role":"fill"},"geometry":{"type":"Polygon","coordinates":[[[-85.7654919,35.0671643],[-85.765396,35.0673502],[-85.7657709,35.0674102],[-85.7659979,35.0673512],[-85.7659709,35.0672583],[-85.7658749,35.0672392],[-85.765814,35.0671642],[-85.7672949,35.0671642],[-85.7673739,35.0672923],[-85.7681539,35.0674162],[-85.7682259,35.0675522],[-85.7684559,35.0676502],[-85.7687199,35.0677153],[-85.7688669,35.0676752],[-85.7692849,35.0677363],[-85.7693268,35.0677993],[-85.7695189,35.0678493],[-85.7696439,35.0679652],[-85.7699809,35.0680202],[-85.77,35.068064311091234],[-85.77,35.07],[-85.764,35.07],[-85.764,35.0671643],[-85.7654919,35.0671643]]]}},{"type":"Feature","properties":{"id":138,"kind":"landcover","class":"vegetation","role":"fill"},"geometry":{"type":"Polygon","coordinates":[[[-85.77,35.07],[-85.77,35.076],[-85.764,35.076],[-85.764,35.07],[-85.77,35.07]]]}},{"type":"Feature","properties":{"id":139,"kind":"landcover","class":"vegetation","role":"fill"},"geometry":{"type":"Polygon","coordinates":[[[-85.7642969,35.0807412],[-85.7644399,35.0804151],[-85.7645089,35.0804522],[-85.7645609,35.0805972],[-85.7646759,35.0805972],[-85.7647029,35.0804822],[-85.7646609,35.0804172],[-85.7645339,35.0803932],[-85.7644239,35.0802622],[-85.7642239,35.0802542],[-85.7641649,35.0802102],[-85.7644109,35.0801692],[-85.764485,35.0800232],[-85.7645639,35.0799752],[-85.7646749,35.0799872],[-85.7647186,35.0800964],[-85.7647199,35.0800062],[-85.7645069,35.0789242],[-85.7641589,35.0787242],[-85.7640219,35.0785212],[-85.764,35.078514495396114],[-85.764,35.076],[-85.77,35.076],[-85.77,35.082],[-85.764,35.082],[-85.764,35.08076791107023],[-85.7642969,35.0807412]],[[-85.7652979,35.0814482],[-85.7654549,35.0814302],[-85.765519,35.0812762],[-85.7656509,35.0812392],[-85.7657139,35.0812832],[-85.765698,35.0814582],[-85.7657599,35.0815352],[-85.7659949,35.0815962],[-85.7661947,35.0816191],[-85.7661429,35.0816052],[-85.7662509,35.0811632],[-85.7662934,35.0811381],[-85.765859,35.0810952],[-85.7657419,35.0810122],[-85.7655939,35.0810072],[-85.7654779,35.0810862],[-85.7655399,35.0811232],[-85.7654759,35.0811822],[-85.7653979,35.0811212],[-85.7654359,35.0810852],[-85.7653629,35.0809622],[-85.7652599,35.0809322],[-85.7651099,35.0810822],[-85.765164,35.0811342],[-85.7651739,35.0813062],[-85.7650589,35.0813872],[-85.7650269,35.0815111],[-85.7649519,35.0815112],[-85.7648929,35.0813972],[-85.7648189,35.0813682],[-85.7646959,35.0813902],[-85.7646679,35.0814672],[-85.7646,35.0814892],[-85.7646409,35.0814952],[-85.7648219,35.0816002],[-85.7649939,35.0819761],[-85.7651209,35.0819902],[-85.76516,35.0819012],[-85.7650819,35.0817282],[-85.765113,35.0815631],[-85.7652179,35.0815442],[-85.7652979,35.0814482]]]}},{"type":"Feature","properties":{"id":140,"kind":"landcover","class":"vegetation","role":"fill"},"geometry":{"type":"Polygon","coordinates":[[[-85.77,35.082],[-85.77,35.088],[-85.764,35.088],[-85.764,35.082],[-85.77,35.082]],[[-85.7658009,35.0829601],[-85.7659569,35.0833692],[-85.766241,35.0835092],[-85.7663599,35.0840012],[-85.7666759,35.0840772],[-85.7667739,35.0842102],[-85.7669509,35.0841911],[-85.7669859,35.0840591],[-85.7670619,35.0839852],[-85.7670449,35.0838691],[-85.7666899,35.0837571],[-85.7665909,35.0835052],[-85.7664989,35.0834162],[-85.7662959,35.0833492],[-85.766247,35.083243],[-85.7661749,35.0832352],[-85.7661199,35.0831342],[-85.7661399,35.0830794],[-85.7660539,35.0830441],[-85.7660189,35.0829482],[-85.7658309,35.0829132],[-85.7658789,35.0828852],[-85.765892,35.0828592],[-85.765899,35.0828242],[-85.7658789,35.0828801],[-85.7658129,35.0828761],[-85.7657819,35.0826912],[-85.7657289,35.0825802],[-85.7656109,35.0825482],[-85.7655179,35.0824032],[-85.7653679,35.0824321],[-85.7653809,35.0826072],[-85.7655329,35.0828392],[-85.765626,35.0829171],[-85.7658009,35.0829601]]]}},{"type":"Feature","properties":{"id":141,"kind":"landcover","class":"vegetation","role":"fill"},"geometry":{"type":"Polygon","coordinates":[[[-85.7640409,35.0915232],[-85.764094,35.0916471],[-85.7641749,35.0916582],[-85.7642329,35.0916281],[-85.7642349,35.0915251],[-85.7640899,35.0914591],[-85.7640409,35.0912611],[-85.764,35.091227570928936],[-85.764,35.088],[-85.77,35.088],[-85.77,35.094],[-85.764,35.094],[-85.764,35.091510576057686],[-85.7640409,35.0915232]]]}},{"type":"Feature","properties":{"id":142,"kind":"landcover","class":"vegetation","role":"fill"},"geometry":{"type":"Polygon","coordinates":[[[-85.77,35.094],[-85.77,35.1],[-85.764,35.1],[-85.764,35.094],[-85.77,35.094]]]}},{"type":"Feature","properties":{"id":143,"kind":"landcover","class":"vegetation","role":"fill"},"geometry":{"type":"Polygon","coordinates":[[[-85.77,35.1],[-85.77,35.106],[-85.764,35.106],[-85.764,35.1],[-85.77,35.1]]]}},{"type":"Feature","properties":{"id":144,"kind":"landcover","class":"vegetation","role":"fill"},"geometry":{"type":"Polygon","coordinates":[[[-85.7669929,35.111924],[-85.7668589,35.1115751],[-85.7667739,35.111494],[-85.7666419,35.111516],[-85.7665839,35.1115951],[-85.7663709,35.111681],[-85.7661909,35.111885],[-85.76617662413793,35.112],[-85.765701775,35.112],[-85.765701,35.111938],[-85.7656399,35.111834],[-85.7654469,35.111774],[-85.7654229,35.111685],[-85.7655079,35.111597],[-85.7656299,35.1115881],[-85.7656969,35.111641],[-85.7657829,35.111842],[-85.7658809,35.111865],[-85.7659689,35.111814],[-85.7660499,35.111597],[-85.7660849,35.111187],[-85.7660789,35.111082],[-85.7659779,35.111015],[-85.7659599,35.110933],[-85.766075,35.110828],[-85.7661139,35.110599],[-85.766243,35.1103331],[-85.7662069,35.110192],[-85.7659379,35.1101181],[-85.7658589,35.1099681],[-85.7657809,35.109931],[-85.7654059,35.1099851],[-85.765115,35.110116],[-85.7649499,35.110264],[-85.764976,35.110383],[-85.7650869,35.1105041],[-85.7651059,35.11063],[-85.7654569,35.11076],[-85.7654559,35.1108301],[-85.7654009,35.110848],[-85.7648099,35.1108081],[-85.764,35.110646281818184],[-85.764,35.106],[-85.77,35.106],[-85.77,35.112],[-85.76707887754011,35.112],[-85.7669929,35.111924]]]}},{"type":"Feature","properties":{"id":145,"kind":"landcover","class":"vegetation","role":"fill"},"geometry":{"type":"Polygon","coordinates":[[[-85.764,35.11793297302933],[-85.764,35.11399048305085],[-85.7644309,35.114027],[-85.7652619,35.113877],[-85.7653559,35.1139021],[-85.765454,35.114011],[-85.7657059,35.114016],[-85.7658249,35.114078],[-85.7666349,35.1142381],[-85.7671699,35.114305],[-85.7674389,35.114414],[-85.7680349,35.1145351],[-85.7687969,35.114629],[-85.7692129,35.114654],[-85.7692869,35.114592],[-85.7693039,35.114448],[-85.7692119,35.114293],[-85.7686569,35.114168],[-85.7682299,35.114153],[-85.7679459,35.1142141],[-85.7675609,35.114064],[-85.767122,35.114034],[-85.7666389,35.113796],[-85.7659569,35.113552],[-85.7657729,35.11341],[-85.765424,35.113258],[-85.764719,35.113206],[-85.764,35.11322164663212],[-85.764,35.11295506343082],[-85.7651089,35.112908],[-85.7654009,35.1130331],[-85.7658519,35.113096],[-85.7662619,35.113379],[-85.7667549,35.113592],[-85.7671449,35.113706],[-85.7677238,35.11377],[-85.7678899,35.113855],[-85.7685509,35.113857],[-85.7688928,35.113935],[-85.7693239,35.11395],[-85.7696059,35.113858],[-85.7696809,35.113686],[-85.7695459,35.113514],[-85.7692489,35.113361],[-85.7690959,35.1133391],[-85.7690068,35.113199],[-85.76884,35.113162],[-85.7688139,35.113093],[-85.7684609,35.112858],[-85.7682859,35.112616],[-85.7681469,35.112552],[-85.7676499,35.112488],[-85.7675679,35.112352],[-85.767416,35.112298],[-85.76707887754011,35.112],[-85.77,35.112],[-85.77,35.11794336562312],[-85.764,35.11793297302933]]]}},{"type":"Feature","properties":{"id":146,"kind":"landcover","class":"vegetation","role":"fill"},"geometry":{"type":"Polygon","coordinates":[[[-85.7661729,35.11203],[-85.7663029,35.112203],[-85.7661129,35.112727],[-85.7659759,35.112792],[-85.7657969,35.1126231],[-85.7656149,35.112592],[-85.7655359,35.112444],[-85.7657029,35.11209],[-85.765701775,35.112],[-85.76617662413793,35.112],[-85.7661729,35.11203]]]}},{"type":"Feature","properties":{"id":147,"kind":"landcover","class":"vegetation","role":"fill"},"geometry":{"type":"Polygon","coordinates":[[[-85.764,35.0671643],[-85.764,35.07],[-85.758,35.07],[-85.758,35.0671643],[-85.764,35.0671643]]]}},{"type":"Feature","properties":{"id":148,"kind":"landcover","class":"vegetation","role":"fill"},"geometry":{"type":"Polygon","coordinates":[[[-85.758133,35.0759722],[-85.7580549,35.0759262],[-85.758,35.07593427878049],[-85.758,35.07],[-85.764,35.07],[-85.764,35.076],[-85.75814190774648,35.076],[-85.758133,35.0759722]]]}},{"type":"Feature","properties":{"id":149,"kind":"landcover","class":"vegetation","role":"fill"},"geometry":{"type":"Polygon","coordinates":[[[-85.758107,35.0804302],[-85.758118,35.0803272],[-85.758,35.080272050926666],[-85.758,35.08025748800001],[-85.7580189,35.0802212],[-85.7581049,35.0802132],[-85.7582169,35.0802992],[-85.758258,35.0805282],[-85.7584569,35.0805652],[-85.7585419,35.0806442],[-85.758721,35.0805712],[-85.759465,35.0805062],[-85.7595319,35.0803942],[-85.759627,35.0803662],[-85.759805,35.0803912],[-85.7599259,35.0805082],[-85.7598519,35.0808772],[-85.759778,35.0809512],[-85.759782,35.0810632],[-85.75992,35.0810911],[-85.7600189,35.0809892],[-85.7601449,35.0810342],[-85.7600179,35.0814842],[-85.759896,35.0813282],[-85.759798,35.0813172],[-85.7597359,35.0813932],[-85.7596919,35.0818582],[-85.7598069,35.0819952],[-85.75978323103449,35.082],[-85.758,35.082],[-85.758,35.08045532173913],[-85.758107,35.0804302]]]}},{"type":"Feature","properties":{"id":150,"kind":"landcover","class":"vegetation","role":"fill"},"geometry":{"type":"Polygon","coordinates":[[[-85.75807,35.0781472],[-85.758147,35.0782682],[-85.758129,35.0784232],[-85.758029,35.0784572],[-85.758,35.078515880351915],[-85.758,35.07815335879828],[-85.75807,35.0781472]]]}},{"type":"Feature","properties":{"id":151,"kind":"landcover","class":"vegetation","role":"fill"},"geometry":{"type":"Polygon","coordinates":[[[-85.7580129,35.0771372],[-85.758,35.07710266129031],[-85.758,35.07703065335087],[-85.758058,35.0769552],[-85.7583639,35.0769832],[-85.7584909,35.0770692],[-85.7586906,35.0770299],[-85.7586249,35.0770192],[-85.75863,35.0769842],[-85.7591379,35.0769242],[-85.7592599,35.0769642],[-85.7592899,35.0770552],[-85.7592379,35.0771212],[-85.75901,35.0771522],[-85.7588989,35.0772422],[-85.75889,35.0771172],[-85.7588699,35.0770662],[-85.758881,35.0772932],[-85.7588135,35.0774281],[-85.758873,35.0774422],[-85.7582988,35.0776099],[-85.7584679,35.0776312],[-85.7584879,35.0777002],[-85.758835,35.0779392],[-85.7588149,35.0780912],[-85.7586579,35.0782752],[-85.758576,35.0782592],[-85.758273,35.0779322],[-85.758013,35.0778622],[-85.758,35.077830848648624],[-85.758,35.0771370176034],[-85.7580129,35.0771372]]]}},{"type":"Feature","properties":{"id":152,"kind":"landcover","class":"vegetation","role":"fill"},"geometry":{"type":"Polygon","coordinates":[[[-85.763078,35.0780372],[-85.7630946,35.0779105],[-85.762763,35.0778762],[-85.762403,35.0777342],[-85.7622349,35.0777202],[-85.761954,35.0778252],[-85.7618169,35.0779362],[-85.7617419,35.0780652],[-85.7617199,35.0780882],[-85.7616659,35.0781082],[-85.7616405,35.0781288],[-85.7617469,35.0780842],[-85.761732,35.0782112],[-85.761658,35.0782452],[-85.761613,35.0783612],[-85.7614379,35.0784782],[-85.761397,35.0787642],[-85.7614469,35.0789342],[-85.761772,35.0790822],[-85.761476,35.0791252],[-85.7613919,35.0791992],[-85.7614089,35.0793462],[-85.7615679,35.0794562],[-85.7613489,35.0796112],[-85.761211,35.0801842],[-85.760887,35.0802692],[-85.760645,35.0802002],[-85.7606639,35.0800622],[-85.7607949,35.0799552],[-85.7608089,35.0798632],[-85.7607019,35.0797852],[-85.760642,35.0795802],[-85.760489,35.0795362],[-85.7604659,35.0793612],[-85.7605499,35.0793402],[-85.7606489,35.0794742],[-85.7609069,35.0794502],[-85.7609519,35.0792702],[-85.7609179,35.0788622],[-85.760844,35.0787102],[-85.7604949,35.0785452],[-85.760518,35.0784602],[-85.7606059,35.0784162],[-85.7606119,35.0782952],[-85.760558,35.0782142],[-85.7604419,35.0781662],[-85.7604419,35.0780122],[-85.760492,35.0779662],[-85.760894,35.0779292],[-85.7609679,35.0777952],[-85.7612279,35.0778202],[-85.7612809,35.0774292],[-85.7612249,35.0773812],[-85.7607459,35.0773032],[-85.7605249,35.0774042],[-85.7602789,35.0777512],[-85.760087,35.0783382],[-85.7599069,35.0784462],[-85.759847,35.0786362],[-85.7597889,35.0785822],[-85.759798,35.0784552],[-85.759662,35.0783662],[-85.759007,35.0783372],[-85.759007,35.0782422],[-85.7591999,35.0781912],[-85.7593019,35.0781022],[-85.759916,35.0780802],[-85.7599989,35.0779992],[-85.76002,35.0778602],[-85.7599059,35.0776332],[-85.7600849,35.0775832],[-85.7601369,35.0774832],[-85.760105,35.0774242],[-85.7597409,35.0773162],[-85.7597349,35.0772722],[-85.7598249,35.0772402],[-85.7598679,35.0771142],[-85.7599379,35.0770842],[-85.7600889,35.0771512],[-85.7601529,35.0773092],[-85.760295,35.0773132],[-85.7604119,35.0772122],[-85.7604279,35.0770762],[-85.760247,35.0768922],[-85.7603083,35.0768872],[-85.7600009,35.0768012],[-85.7599239,35.0768722],[-85.759888,35.0770142],[-85.759793,35.0770102],[-85.759743,35.0769352],[-85.7595419,35.0768722],[-85.7595049,35.0766292],[-85.7594409,35.0765802],[-85.759272,35.0765743],[-85.75917,35.0766682],[-85.7590519,35.0766952],[-85.759004,35.0765362],[-85.7589159,35.0764982],[-85.7589229,35.0762402],[-85.7588409,35.0760902],[-85.758611,35.0760792],[-85.758417,35.0763022],[-85.7583199,35.0763082],[-85.758224,35.0762562],[-85.75814190774648,35.076],[-85.764,35.076],[-85.764,35.078514495396114],[-85.763594,35.0783902],[-85.763394,35.0782192],[-85.763342,35.0780952],[-85.7631209,35.0781012],[-85.763078,35.0780372]]]}},{"type":"Feature","properties":{"id":153,"kind":"landcover","class":"vegetation","role":"fill"},"geometry":{"type":"Polygon","coordinates":[[[-85.7605499,35.0819942],[-85.760944,35.0819702],[-85.7610439,35.0819092],[-85.7615409,35.0818601],[-85.7616539,35.0817792],[-85.761659,35.0816402],[-85.7617089,35.0816252],[-85.761794,35.0817932],[-85.762119,35.0817642],[-85.7622609,35.0818001],[-85.7623526035262,35.082],[-85.76053233188405,35.082],[-85.7605499,35.0819942]]]}},{"type":"Feature","properties":{"id":154,"kind":"landcover","class":"vegetation","role":"fill"},"geometry":{"type":"Polygon","coordinates":[[[-85.7630619,35.0819281],[-85.7629599,35.0818812],[-85.7629349,35.0817972],[-85.7626379,35.0817472],[-85.7626409,35.0816072],[-85.7628759,35.0814362],[-85.7635809,35.0811672],[-85.7638219,35.0809351],[-85.7638449,35.0808562],[-85.7639979,35.0807681],[-85.764,35.08076791107023],[-85.764,35.082],[-85.76306038790747,35.082],[-85.7630619,35.0819281]]]}},{"type":"Feature","properties":{"id":155,"kind":"landcover","class":"vegetation","role":"fill"},"geometry":{"type":"Polygon","coordinates":[[[-85.7595209,35.0820532],[-85.7594539,35.0821192],[-85.7594959,35.0822352],[-85.7596849,35.0822932],[-85.7593089,35.0823152],[-85.7591099,35.0823752],[-85.759046,35.0825822],[-85.759144,35.0827402],[-85.7588889,35.0827991],[-85.758804,35.0829842],[-85.7588059,35.0830882],[-85.758841,35.0832272],[-85.7589279,35.0832872],[-85.75907,35.0832662],[-85.7590989,35.0831652],[-85.7591699,35.0831322],[-85.7594369,35.0831272],[-85.759574,35.0831731],[-85.7595539,35.0833622],[-85.759435,35.0832322],[-85.759256,35.0832322],[-85.759202,35.0832832],[-85.759257,35.0835492],[-85.7594029,35.0836842],[-85.7595219,35.0837062],[-85.7595879,35.0836732],[-85.7596359,35.0835581],[-85.7599659,35.0834311],[-85.760036,35.0832252],[-85.7602859,35.0830392],[-85.760402,35.0830152],[-85.7604759,35.0828722],[-85.7605429,35.0828362],[-85.760632,35.0829741],[-85.760958,35.0832282],[-85.761131,35.0835152],[-85.7612439,35.0835922],[-85.761299,35.0838312],[-85.761378,35.0838742],[-85.761389,35.0840592],[-85.76149,35.0841492],[-85.7614549,35.0842532],[-85.761319,35.0842501],[-85.7612589,35.0841211],[-85.761155,35.0840681],[-85.760607,35.0840472],[-85.760415,35.0839622],[-85.7603569,35.0840002],[-85.760329,35.0841292],[-85.7602549,35.0841671],[-85.7601239,35.0841481],[-85.760094,35.0840871],[-85.760016,35.0840681],[-85.7597079,35.0841592],[-85.7596579,35.0842932],[-85.759494,35.0843492],[-85.759453,35.0844201],[-85.759494,35.0846471],[-85.759765,35.0848952],[-85.7599939,35.0849832],[-85.7601389,35.0854612],[-85.7605189,35.0858572],[-85.760714,35.0859282],[-85.7608719,35.0859272],[-85.7609449,35.0858551],[-85.7611,35.0858272],[-85.761138,35.0857671],[-85.7611149,35.0856591],[-85.7607909,35.0855182],[-85.7608299,35.0854332],[-85.7609739,35.0853922],[-85.7609229,35.0852571],[-85.760785,35.0852371],[-85.7607349,35.0851442],[-85.7606309,35.0851192],[-85.760574,35.0851472],[-85.7605709,35.0852422],[-85.7607269,35.0853142],[-85.7604709,35.0853482],[-85.760484,35.0849921],[-85.760545,35.0849122],[-85.7607229,35.0849961],[-85.760762,35.0850692],[-85.761012,35.0850681],[-85.761085,35.0851662],[-85.761351,35.0851951],[-85.761468,35.0853502],[-85.7615699,35.0853762],[-85.7615689,35.0854212],[-85.7614579,35.0854841],[-85.761444,35.0855952],[-85.7615699,35.0860091],[-85.7617089,35.0859902],[-85.7617909,35.0857262],[-85.7616929,35.0855392],[-85.7618409,35.0854891],[-85.761913,35.0855392],[-85.7619469,35.0857022],[-85.7622529,35.0857852],[-85.762301,35.0859602],[-85.7624129,35.0859972],[-85.7624089,35.0860661],[-85.7622319,35.0861252],[-85.7622359,35.0862211],[-85.7624489,35.0862392],[-85.7625249,35.0860852],[-85.7626239,35.0860471],[-85.762802,35.0861112],[-85.7628079,35.0863172],[-85.7626609,35.0863932],[-85.7626339,35.0864541],[-85.7624799,35.0863501],[-85.762129,35.0863292],[-85.761973,35.0864172],[-85.7620019,35.0866031],[-85.762138,35.0866122],[-85.7622119,35.0864962],[-85.7622629,35.0865832],[-85.7623689,35.0866191],[-85.7628749,35.0865891],[-85.7629419,35.0865492],[-85.762973,35.0864442],[-85.763048,35.0864392],[-85.763207,35.0865022],[-85.76324,35.0865821],[-85.7631908,35.086611],[-85.7633719,35.0866721],[-85.7634059,35.0868952],[-85.7633459,35.0869622],[-85.7634149,35.0869392],[-85.763439,35.0868572],[-85.763628,35.0868801],[-85.7636489,35.0866741],[-85.7635889,35.0865032],[-85.7633949,35.0862282],[-85.7632049,35.0860981],[-85.7629429,35.0857412],[-85.762884,35.0854752],[-85.762827,35.0854422],[-85.7627339,35.0852102],[-85.7626429,35.0851512],[-85.7625209,35.0848481],[-85.7622609,35.0846092],[-85.762235,35.0845341],[-85.7621109,35.0844762],[-85.7622369,35.0844061],[-85.7622289,35.0843102],[-85.7619789,35.0842322],[-85.761795,35.0839342],[-85.7617079,35.0839032],[-85.7616059,35.0836672],[-85.7613949,35.0835142],[-85.7612649,35.0831982],[-85.761116,35.0830222],[-85.7609269,35.0829382],[-85.760832,35.0828252],[-85.7606659,35.0825212],[-85.7604529,35.0822952],[-85.7603409,35.0820632],[-85.76053233188405,35.082],[-85.7623526035262,35.082],[-85.7623949,35.0820922],[-85.7625979,35.0821242],[-85.7627019,35.0822632],[-85.7628899,35.0822761],[-85.762972,35.0820662],[-85.7630599,35.0820232],[-85.76306038790747,35.082],[-85.764,35.082],[-85.764,35.088],[-85.76365816793479,35.088],[-85.7637309,35.0878561],[-85.7638299,35.0877811],[-85.7638049,35.0873462],[-85.7637479,35.0872701],[-85.763594,35.0872571],[-85.7631749,35.0874721],[-85.763037,35.0874741],[-85.7629909,35.0873902],[-85.7628039,35.0873191],[-85.762823,35.0872761],[-85.7630499,35.0872391],[-85.763107,35.0871812],[-85.7630519,35.0870802],[-85.7629209,35.0870671],[-85.762618,35.0871812],[-85.7625839,35.0872492],[-85.7623059,35.0872721],[-85.7622689,35.0873312],[-85.762081,35.0873572],[-85.7620329,35.0874041],[-85.7620599,35.0874721],[-85.762201,35.0875102],[-85.7626089,35.0875031],[-85.7626809,35.0876682],[-85.7625229,35.0878242],[-85.762497,35.0879792],[-85.76251775574468,35.088],[-85.758,35.088],[-85.758,35.082],[-85.75978323103449,35.082],[-85.7595209,35.0820532]]]}},{"type":"Feature","properties":{"id":156,"kind":"landcover","class":"vegetation","role":"fill"},"geometry":{"type":"Polygon","coordinates":[[[-85.7626829,35.0879371],[-85.763114,35.0878442],[-85.7633509,35.0878962],[-85.7633822428064,35.088],[-85.76265236601942,35.088],[-85.7626829,35.0879371]]]}},{"type":"Feature","properties":{"id":157,"kind":"landcover","class":"vegetation","role":"fill"},"geometry":{"type":"Polygon","coordinates":[[[-85.762881,35.0885342],[-85.762912,35.0886172],[-85.7628749,35.0887562],[-85.7627329,35.0888151],[-85.762763,35.0889392],[-85.762728,35.0891792],[-85.7624789,35.0891902],[-85.7623359,35.0890862],[-85.7623019,35.0891631],[-85.762049,35.0892441],[-85.7619569,35.0891081],[-85.7616569,35.0890772],[-85.761777,35.0889862],[-85.7617469,35.0888411],[-85.761456,35.0887852],[-85.7613519,35.0888561],[-85.7612559,35.0891671],[-85.761172,35.0889861],[-85.7610549,35.0890002],[-85.7609969,35.0893191],[-85.7610819,35.0894422],[-85.760872,35.0896011],[-85.7608539,35.0897531],[-85.7609079,35.0898351],[-85.7610769,35.0898491],[-85.761174,35.0897992],[-85.761649,35.0897752],[-85.7617129,35.0896801],[-85.7618869,35.0896381],[-85.7619799,35.0896771],[-85.7620559,35.0898642],[-85.7623069,35.0899291],[-85.7626419,35.0899141],[-85.7627859,35.0901572],[-85.762886,35.0902091],[-85.7629719,35.0904821],[-85.7630489,35.0905052],[-85.7630399,35.0906571],[-85.762755,35.0907042],[-85.7627559,35.0908352],[-85.762827,35.0908602],[-85.762837,35.0909241],[-85.762893,35.0908481],[-85.7629749,35.0909511],[-85.7632319,35.0910112],[-85.763478,35.0911711],[-85.763515,35.0913571],[-85.7634179,35.0914412],[-85.7634489,35.0915961],[-85.7636149,35.0916031],[-85.7637479,35.0915041],[-85.7639369,35.0914911],[-85.764,35.091510576057686],[-85.764,35.094],[-85.758,35.094],[-85.758,35.088],[-85.76251775574468,35.088],[-85.7625439,35.0880262],[-85.7626479,35.0880092],[-85.76265236601942,35.088],[-85.7633822428064,35.088],[-85.7634019,35.0880651],[-85.763355,35.0880841],[-85.763312,35.0880252],[-85.7631998,35.0881016],[-85.7632469,35.0881432],[-85.763213,35.0881901],[-85.7629799,35.0882062],[-85.7628719,35.0883232],[-85.762733,35.0883612],[-85.7627319,35.0884662],[-85.762881,35.0885342]],[[-85.7615699,35.0915411],[-85.761565,35.0916532],[-85.7617649,35.0917351],[-85.76159,35.0918701],[-85.761606,35.0919821],[-85.7619929,35.0919921],[-85.762117,35.0918851],[-85.76215,35.0917921],[-85.7623389,35.0917251],[-85.7624469,35.0916202],[-85.7628409,35.0916721],[-85.7629749,35.0916052],[-85.7632696,35.0916935],[-85.7633949,35.0916361],[-85.763316,35.0915971],[-85.763226,35.0914411],[-85.7629929,35.0914001],[-85.7631289,35.0912401],[-85.7631099,35.0911491],[-85.7630059,35.0911052],[-85.7628589,35.0911192],[-85.7627949,35.0912231],[-85.762814,35.0914162],[-85.762908,35.0914821],[-85.7627199,35.0914852],[-85.7626549,35.0913791],[-85.762621,35.0911501],[-85.762502,35.0911061],[-85.7627569,35.0910472],[-85.762828,35.0909761],[-85.7626159,35.0910482],[-85.7621449,35.0910811],[-85.7616999,35.0910502],[-85.7618109,35.0911102],[-85.7618679,35.0912791],[-85.7620569,35.0913361],[-85.7619049,35.0913691],[-85.7617859,35.0915002],[-85.7615699,35.0915411]]]}},{"type":"Feature","properties":{"id":158,"kind":"landcover","class":"vegetation","role":"fill"},"geometry":{"type":"Polygon","coordinates":[[[-85.763592,35.0908931],[-85.7634969,35.0907271],[-85.7633799,35.0906542],[-85.7633579,35.0905681],[-85.7631659,35.0904571],[-85.7631439,35.0903121],[-85.7630819,35.0902742],[-85.7630079,35.0900162],[-85.762921,35.0899612],[-85.7628389,35.0897421],[-85.7628549,35.0894172],[-85.7629439,35.0892172],[-85.7633019,35.0885901],[-85.7634719,35.0884391],[-85.7635389,35.0880862],[-85.7636379,35.0880401],[-85.76365816793479,35.088],[-85.764,35.088],[-85.764,35.091227570928936],[-85.763592,35.0908931]]]}},{"type":"Feature","properties":{"id":159,"kind":"landcover","class":"vegetation","role":"fill"},"geometry":{"type":"Polygon","coordinates":[[[-85.764,35.094],[-85.764,35.1],[-85.758,35.1],[-85.758,35.094],[-85.764,35.094]]]}},{"type":"Feature","properties":{"id":160,"kind":"landcover","class":"vegetation","role":"fill"},"geometry":{"type":"Polygon","coordinates":[[[-85.764,35.1],[-85.764,35.106],[-85.758,35.106],[-85.758,35.1],[-85.764,35.1]]]}},{"type":"Feature","properties":{"id":161,"kind":"landcover","class":"vegetation","role":"fill"},"geometry":{"type":"Polygon","coordinates":[[[-85.7614969,35.1107001],[-85.761724,35.1107731],[-85.7615049,35.110861],[-85.7614969,35.110991],[-85.7617779,35.111089],[-85.761818,35.111275],[-85.7619549,35.111298],[-85.7620059,35.1111821],[-85.762183,35.1111051],[-85.762228,35.11101],[-85.7621879,35.110841],[-85.7619479,35.11077],[-85.7622459,35.1107081],[-85.762307,35.110516],[-85.762589,35.1104221],[-85.7626399,35.1103641],[-85.7626289,35.110269],[-85.762478,35.1101951],[-85.7623209,35.1100311],[-85.7620989,35.109936],[-85.7615989,35.109907],[-85.760992,35.10994],[-85.760526,35.110034],[-85.760203,35.110523],[-85.7598649,35.1104661],[-85.759897,35.110304],[-85.7596779,35.1102451],[-85.7593299,35.11027],[-85.7591789,35.1103581],[-85.7590519,35.1102881],[-85.758627,35.1102501],[-85.7584079,35.110282],[-85.758,35.11025260948669],[-85.758,35.106],[-85.764,35.106],[-85.764,35.110646281818184],[-85.7638089,35.1106081],[-85.763446,35.1106301],[-85.7631519,35.1109581],[-85.762934,35.111067],[-85.7628259,35.111197],[-85.7626779,35.1115141],[-85.7626539,35.1116711],[-85.762553,35.111824],[-85.76251024921136,35.112],[-85.76225362787821,35.112],[-85.7623039,35.111881],[-85.7623349,35.111693],[-85.7622799,35.111618],[-85.762084,35.111615],[-85.7616189,35.111763],[-85.7613489,35.111764],[-85.7609879,35.111853],[-85.760355,35.111833],[-85.76026,35.1118751],[-85.76023823358265,35.112],[-85.76001272794119,35.112],[-85.7599469,35.111957],[-85.758716,35.111898],[-85.758,35.11190475380676],[-85.758,35.11125075295736],[-85.7581329,35.111246],[-85.758249,35.1111891],[-85.758306,35.111099],[-85.7583139,35.110881],[-85.7583759,35.1107851],[-85.7585129,35.110817],[-85.758658,35.110983],[-85.7587819,35.1110431],[-85.758866,35.111197],[-85.759347,35.111213],[-85.759556,35.111137],[-85.7596669,35.111358],[-85.7598209,35.11142],[-85.760107,35.1114001],[-85.7602679,35.1112361],[-85.7605259,35.111169],[-85.7606909,35.111243],[-85.761022,35.1112841],[-85.7612529,35.111208],[-85.7613049,35.11109],[-85.7613159,35.11049],[-85.7613639,35.110382],[-85.7614539,35.1104481],[-85.7614969,35.1107001]]]}},{"type":"Feature","properties":{"id":162,"kind":"landcover","class":"vegetation","role":"fill"},"geometry":{"type":"Polygon","coordinates":[[[-85.762789,35.113248],[-85.7617559,35.113345],[-85.7614189,35.113425],[-85.761119,35.113562],[-85.7609619,35.113571],[-85.7602409,35.113315],[-85.758,35.112684123514626],[-85.758,35.11231578819288],[-85.7580419,35.112346],[-85.7582159,35.1123711],[-85.7597319,35.112921],[-85.759865,35.1128371],[-85.7600479,35.112345],[-85.76007,35.112098],[-85.760051,35.112025],[-85.76001272794119,35.112],[-85.76023823358265,35.112],[-85.7600969,35.112811],[-85.760138,35.11302],[-85.761019,35.113267],[-85.7612029,35.113234],[-85.7618599,35.112932],[-85.76225362787821,35.112],[-85.76251024921136,35.112],[-85.7624529,35.1122361],[-85.7622279,35.112812],[-85.7622229,35.112888],[-85.7622809,35.112944],[-85.762585,35.1129951],[-85.7634059,35.113003],[-85.763565,35.112891],[-85.763813,35.112963],[-85.764,35.11295506343082],[-85.764,35.11322164663212],[-85.762789,35.113248]]]}},{"type":"Feature","properties":{"id":163,"kind":"landcover","class":"vegetation","role":"fill"},"geometry":{"type":"Polygon","coordinates":[[[-85.7611289,35.117928],[-85.761074,35.117788],[-85.761087,35.117531],[-85.761016,35.117486],[-85.7609999,35.1174],[-85.7606789,35.117244],[-85.7604759,35.117231],[-85.7603619,35.117264],[-85.760332,35.117342],[-85.7605789,35.117616],[-85.7604529,35.117928],[-85.759191,35.117928],[-85.7589379,35.117775],[-85.7587459,35.117514],[-85.7585589,35.117428],[-85.758227,35.117435],[-85.7581309,35.1175],[-85.7580769,35.117619],[-85.758,35.11750046855791],[-85.758,35.11654664318853],[-85.758188,35.116641],[-85.758292,35.116768],[-85.758558,35.116869],[-85.7586559,35.117093],[-85.7589739,35.117225],[-85.7590549,35.117433],[-85.75918,35.117452],[-85.7592869,35.117396],[-85.759191,35.117139],[-85.759,35.117085],[-85.758935,35.116826],[-85.758871,35.116756],[-85.7586429,35.116822],[-85.7586469,35.116583],[-85.758881,35.116443],[-85.7588849,35.116243],[-85.7588049,35.11614],[-85.7584489,35.116165],[-85.758296,35.116316],[-85.7581359,35.116245],[-85.758,35.11628277331686],[-85.758,35.11528741261351],[-85.7584639,35.115011],[-85.7585679,35.114908],[-85.7591189,35.114669],[-85.7593489,35.114486],[-85.759647,35.114362],[-85.7599919,35.114365],[-85.7609629,35.114032],[-85.761426,35.113975],[-85.7618869,35.113812],[-85.762827,35.1138251],[-85.7634869,35.113947],[-85.764,35.11399048305085],[-85.764,35.11793297302933],[-85.7611289,35.117928]]]}},{"type":"Feature","properties":{"id":164,"kind":"landcover","class":"vegetation","role":"fill"},"geometry":{"type":"Polygon","coordinates":[[[-85.758,35.0671643],[-85.758,35.07],[-85.752,35.07],[-85.752,35.0671643],[-85.758,35.0671643]]]}},{"type":"Feature","properties":{"id":165,"kind":"landcover","class":"vegetation","role":"fill"},"geometry":{"type":"Polygon","coordinates":[[[-85.7579319,35.0759443],[-85.75792574637543,35.076],[-85.752,35.076],[-85.752,35.07],[-85.758,35.07],[-85.758,35.07593427878049],[-85.7579319,35.0759443]]]}},{"type":"Feature","properties":{"id":166,"kind":"landcover","class":"vegetation","role":"fill"},"geometry":{"type":"Polygon","coordinates":[[[-85.757897,35.0762602],[-85.7576899,35.0765622],[-85.7577079,35.0768932],[-85.7577849,35.0770602],[-85.7576129,35.0771642],[-85.7575699,35.0773022],[-85.757651,35.0771642],[-85.75773,35.0771332],[-85.758,35.0771370176034],[-85.758,35.077830848648624],[-85.7579649,35.0777462],[-85.7578499,35.0776652],[-85.7573649,35.0775902],[-85.7572379,35.0776332],[-85.75725,35.0777292],[-85.7575449,35.0777782],[-85.7575729,35.0778212],[-85.757249,35.0779102],[-85.757212,35.0780152],[-85.757149,35.0780452],[-85.757303,35.0780882],[-85.75734,35.0781662],[-85.7573719,35.0780832],[-85.757435,35.0780762],[-85.757604,35.0781882],[-85.758,35.07815335879828],[-85.758,35.078515880351915],[-85.7579949,35.0785262],[-85.7576169,35.0784702],[-85.7575269,35.0785622],[-85.757324,35.0785982],[-85.757116,35.0787322],[-85.757095,35.0788852],[-85.7571689,35.0789582],[-85.7572819,35.0789432],[-85.757306,35.0788662],[-85.75746,35.0788152],[-85.7575149,35.0787452],[-85.757598,35.0787922],[-85.7575429,35.0789462],[-85.757293,35.0790882],[-85.7572409,35.0793602],[-85.7572879,35.0794072],[-85.757347,35.0798452],[-85.7574989,35.0798852],[-85.7576499,35.0797962],[-85.7576979,35.0799342],[-85.7576339,35.0800022],[-85.7573819,35.0800442],[-85.75736,35.0801162],[-85.7574099,35.0801712],[-85.7577819,35.0802682],[-85.7577799,35.0803292],[-85.7575859,35.0803712],[-85.7575719,35.0804812],[-85.757647,35.0805382],[-85.758,35.08045532173913],[-85.758,35.082],[-85.752,35.082],[-85.752,35.076],[-85.75792574637543,35.076],[-85.757897,35.0762602]]]}},{"type":"Feature","properties":{"id":167,"kind":"landcover","class":"vegetation","role":"fill"},"geometry":{"type":"Polygon","coordinates":[[[-85.7579819,35.0770542],[-85.758,35.07703065335087],[-85.758,35.07710266129031],[-85.7579819,35.0770542]]]}},{"type":"Feature","properties":{"id":168,"kind":"landcover","class":"vegetation","role":"fill"},"geometry":{"type":"Polygon","coordinates":[[[-85.7579939,35.0802692],[-85.758,35.08025748800001],[-85.758,35.080272050926666],[-85.7579939,35.0802692]]]}},{"type":"Feature","properties":{"id":169,"kind":"landcover","class":"vegetation","role":"fill"},"geometry":{"type":"Polygon","coordinates":[[[-85.758,35.082],[-85.758,35.088],[-85.752,35.088],[-85.752,35.082],[-85.758,35.082]]]}},{"type":"Feature","properties":{"id":170,"kind":"landcover","class":"vegetation","role":"fill"},"geometry":{"type":"Polygon","coordinates":[[[-85.758,35.088],[-85.758,35.094],[-85.752,35.094],[-85.752,35.088],[-85.758,35.088]]]}},{"type":"Feature","properties":{"id":171,"kind":"landcover","class":"vegetation","role":"fill"},"geometry":{"type":"Polygon","coordinates":[[[-85.758,35.094],[-85.758,35.1],[-85.752,35.1],[-85.752,35.094],[-85.758,35.094]]]}},{"type":"Feature","properties":{"id":172,"kind":"landcover","class":"vegetation","role":"fill"},"geometry":{"type":"Polygon","coordinates":[[[-85.758,35.1],[-85.758,35.106],[-85.752,35.106],[-85.752,35.1],[-85.758,35.1]]]}},{"type":"Feature","properties":{"id":173,"kind":"landcover","class":"vegetation","role":"fill"},"geometry":{"type":"Polygon","coordinates":[[[-85.7521099,35.109993],[-85.752,35.10995775215228],[-85.752,35.106],[-85.758,35.106],[-85.758,35.11025260948669],[-85.7578819,35.1102441],[-85.7575519,35.110319],[-85.7569529,35.110321],[-85.7567989,35.1103531],[-85.756506,35.1106711],[-85.7564089,35.1108451],[-85.7564699,35.110947],[-85.7566849,35.11101],[-85.756843,35.111316],[-85.7569859,35.111384],[-85.757171,35.111366],[-85.7574059,35.111272],[-85.758,35.11125075295736],[-85.758,35.11190475380676],[-85.7579739,35.111905],[-85.75777998247422,35.112],[-85.75516397094974,35.112],[-85.7547329,35.111923],[-85.7545489,35.111844],[-85.754283,35.1115171],[-85.7539129,35.110937],[-85.753703,35.110728],[-85.753394,35.110536],[-85.7531479,35.110425],[-85.752908,35.110443],[-85.752629,35.1109681],[-85.7521769,35.1113481],[-85.752,35.111430947757746],[-85.752,35.111021910536785],[-85.75217,35.110907],[-85.7524179,35.110597],[-85.752417,35.1103811],[-85.752279,35.1101451],[-85.7521099,35.109993]],[[-85.7540799,35.11041],[-85.753993,35.1104481],[-85.7539039,35.110606],[-85.753917,35.1108],[-85.754019,35.1109641],[-85.754438,35.111363],[-85.754615,35.111676],[-85.754766,35.111751],[-85.755408,35.111895],[-85.755831,35.1119071],[-85.755961,35.11181],[-85.756049,35.111526],[-85.7560459,35.1113041],[-85.7559609,35.1111331],[-85.7553299,35.110995],[-85.75528,35.110814],[-85.755354,35.1107121],[-85.755343,35.1106001],[-85.755118,35.110551],[-85.754993,35.1104681],[-85.7540799,35.11041]]]}},{"type":"Feature","properties":{"id":174,"kind":"landcover","class":"vegetation","role":"fill"},"geometry":{"type":"Polygon","coordinates":[[[-85.752596,35.1119951],[-85.75261207543859,35.112],[-85.75258353872687,35.112],[-85.752596,35.1119951]]]}},{"type":"Feature","properties":{"id":175,"kind":"landcover","class":"vegetation","role":"fill"},"geometry":{"type":"Polygon","coordinates":[[[-85.7576539,35.116967],[-85.757287,35.116631],[-85.7568549,35.116395],[-85.7544379,35.115605],[-85.7541439,35.115533],[-85.753505,35.115488],[-85.7532639,35.115379],[-85.752985,35.11517],[-85.752,35.11484890764989],[-85.752,35.113858095384614],[-85.7521689,35.113794],[-85.752496,35.113574],[-85.7526069,35.113336],[-85.752744,35.1128121],[-85.7527409,35.1125],[-85.7526829,35.1123821],[-85.752443,35.11236],[-85.752,35.11250165061729],[-85.752,35.11222945807645],[-85.75258353872687,35.112],[-85.75261207543859,35.112],[-85.7529139,35.112092],[-85.75306,35.112251],[-85.753191,35.1125681],[-85.753198,35.112734],[-85.7528649,35.1137891],[-85.75273,35.114004],[-85.7522639,35.114142],[-85.752214,35.114213],[-85.752042,35.114295],[-85.752022,35.11438],[-85.752077,35.114468],[-85.753011,35.114825],[-85.75376,35.11503],[-85.753899,35.114838],[-85.754108,35.113903],[-85.754235,35.113827],[-85.754303,35.113879],[-85.7543529,35.114022],[-85.7541739,35.11486],[-85.754174,35.11505],[-85.7542219,35.115125],[-85.754612,35.115307],[-85.755157,35.115396],[-85.7552449,35.11532],[-85.7553139,35.114818],[-85.7553759,35.114703],[-85.755507,35.114273],[-85.7558419,35.112489],[-85.755809,35.112179],[-85.755735,35.112102],[-85.75516397094974,35.112],[-85.75777998247422,35.112],[-85.7577759,35.112002],[-85.75782,35.112186],[-85.758,35.11231578819288],[-85.758,35.112684123514626],[-85.757893,35.112654],[-85.756687,35.112333],[-85.756268,35.112293],[-85.756179,35.112318],[-85.7560839,35.112428],[-85.755999,35.1128451],[-85.7559089,35.113038],[-85.755729,35.113969],[-85.75563,35.11423],[-85.755614,35.114533],[-85.755428,35.115285],[-85.7554259,35.115456],[-85.7555839,35.115556],[-85.7567,35.115897],[-85.757027,35.115926],[-85.757147,35.115807],[-85.7574489,35.115673],[-85.75766,35.11549],[-85.758,35.11528741261351],[-85.758,35.11628277331686],[-85.757974,35.11629],[-85.7579299,35.116429],[-85.7579509,35.116522],[-85.758,35.11654664318853],[-85.758,35.11750046855791],[-85.7576539,35.116967]]]}},{"type":"Feature","properties":{"id":176,"kind":"landcover","class":"vegetation","role":"fill"},"geometry":{"type":"Polygon","coordinates":[[[-85.752141,35.11613],[-85.752392,35.116486],[-85.752704,35.117206],[-85.7528059,35.117328],[-85.752677,35.117723],[-85.752571,35.117748],[-85.7524749,35.11785],[-85.752,35.11732138752464],[-85.752,35.11600131626506],[-85.752141,35.11613]]]}},{"type":"Feature","properties":{"id":177,"kind":"landcover","class":"vegetation","role":"fill"},"geometry":{"type":"Polygon","coordinates":[[[-85.752,35.0671643],[-85.752,35.07],[-85.746,35.07],[-85.746,35.0671643],[-85.752,35.0671643]]]}},{"type":"Feature","properties":{"id":178,"kind":"landcover","class":"vegetation","role":"fill"},"geometry":{"type":"Polygon","coordinates":[[[-85.752,35.07],[-85.752,35.076],[-85.746,35.076],[-85.746,35.07],[-85.752,35.07]]]}},{"type":"Feature","properties":{"id":179,"kind":"landcover","class":"vegetation","role":"fill"},"geometry":{"type":"Polygon","coordinates":[[[-85.752,35.076],[-85.752,35.082],[-85.746,35.082],[-85.746,35.076],[-85.752,35.076]]]}},{"type":"Feature","properties":{"id":180,"kind":"landcover","class":"vegetation","role":"fill"},"geometry":{"type":"Polygon","coordinates":[[[-85.746899,35.0879142],[-85.746777,35.0878902],[-85.746675,35.0876722],[-85.746488,35.0875401],[-85.74631,35.0874841],[-85.7460571,35.0872421],[-85.746,35.087225847355164],[-85.746,35.082],[-85.752,35.082],[-85.752,35.088],[-85.7469612640367,35.088],[-85.746899,35.0879142]]]}},{"type":"Feature","properties":{"id":181,"kind":"landcover","class":"vegetation","role":"fill"},"geometry":{"type":"Polygon","coordinates":[[[-85.748734,35.0901212],[-85.748752,35.0897861],[-85.748842,35.0896861],[-85.749404,35.0895901],[-85.749493,35.0893831],[-85.74928,35.0893192],[-85.748935,35.0893211],[-85.748816,35.0893412],[-85.748738,35.0894102],[-85.748714,35.0890851],[-85.7485999,35.0889531],[-85.7479499,35.0885831],[-85.74782,35.0885812],[-85.747734,35.0886521],[-85.7475781,35.0886421],[-85.747508,35.0884441],[-85.747307,35.0882962],[-85.747238,35.0880772],[-85.7469781,35.0880232],[-85.7469612640367,35.088],[-85.752,35.088],[-85.752,35.094],[-85.746,35.094],[-85.746,35.092127079126215],[-85.746318,35.0920492],[-85.74669,35.0917691],[-85.746861,35.0915111],[-85.746373,35.0914101],[-85.746,35.091373195561665],[-85.746,35.091170748924505],[-85.748081,35.0913792],[-85.7485169,35.0913992],[-85.748707,35.0912901],[-85.748746,35.0911771],[-85.7486809,35.0910401],[-85.74883,35.0909701],[-85.748856,35.0908482],[-85.748812,35.0906281],[-85.748689,35.0905611],[-85.748809,35.0903391],[-85.748734,35.0901212]]]}},{"type":"Feature","properties":{"id":182,"kind":"landcover","class":"vegetation","role":"fill"},"geometry":{"type":"Polygon","coordinates":[[[-85.746247,35.0889632],[-85.746241,35.0891182],[-85.746164,35.0891642],[-85.746056,35.0891512],[-85.746,35.08908791479628],[-85.746,35.08890378419244],[-85.746247,35.0889632]]]}},{"type":"Feature","properties":{"id":183,"kind":"landcover","class":"vegetation","role":"fill"},"geometry":{"type":"Polygon","coordinates":[[[-85.752,35.094],[-85.752,35.1],[-85.746,35.1],[-85.746,35.094],[-85.752,35.094]]]}},{"type":"Feature","properties":{"id":184,"kind":"landcover","class":"vegetation","role":"fill"},"geometry":{"type":"Polygon","coordinates":[[[-85.752,35.1],[-85.752,35.106],[-85.746,35.106],[-85.746,35.1],[-85.752,35.1]]]}},{"type":"Feature","properties":{"id":185,"kind":"landcover","class":"vegetation","role":"fill"},"geometry":{"type":"Polygon","coordinates":[[[-85.751708,35.1098641],[-85.751521,35.109737],[-85.751456,35.109601],[-85.7513859,35.109082],[-85.751116,35.1089311],[-85.750821,35.108657],[-85.750633,35.10865],[-85.750537,35.108771],[-85.750442,35.1090301],[-85.749769,35.1101341],[-85.749776,35.110256],[-85.750098,35.1105721],[-85.750114,35.1107341],[-85.749988,35.111053],[-85.749788,35.111136],[-85.749386,35.110948],[-85.74933,35.110853],[-85.749368,35.11046],[-85.74958,35.110152],[-85.749639,35.1099831],[-85.749761,35.109856],[-85.749974,35.109327],[-85.749887,35.109053],[-85.749858,35.108634],[-85.749796,35.1084281],[-85.749683,35.1082601],[-85.749404,35.108046],[-85.749161,35.1079461],[-85.749047,35.1079811],[-85.748671,35.108554],[-85.748545,35.1086131],[-85.748424,35.108278],[-85.747996,35.1080981],[-85.7478859,35.107886],[-85.747645,35.1077211],[-85.74752,35.1074961],[-85.747273,35.1074671],[-85.747069,35.1075891],[-85.746932,35.1075361],[-85.746793,35.107396],[-85.746596,35.1073871],[-85.746463,35.1074161],[-85.74636,35.1076161],[-85.746081,35.109165],[-85.74603,35.1090611],[-85.746143,35.108029],[-85.746114,35.107804],[-85.746,35.10782455737705],[-85.746,35.106],[-85.752,35.106],[-85.752,35.10995775215228],[-85.751708,35.1098641]]]}},{"type":"Feature","properties":{"id":186,"kind":"landcover","class":"vegetation","role":"fill"},"geometry":{"type":"Polygon","coordinates":[[[-85.746773,35.111264],[-85.746673,35.1111071],[-85.746581,35.1110691],[-85.74654,35.110749],[-85.746744,35.110716],[-85.746793,35.1106311],[-85.746564,35.110357],[-85.74647,35.1101341],[-85.746295,35.110088],[-85.746181,35.1101541],[-85.746283,35.110401],[-85.746402,35.110486],[-85.7463931,35.110552],[-85.746105,35.1104461],[-85.746025,35.1102891],[-85.746,35.11028098034188],[-85.746,35.10936219215688],[-85.746008,35.109349],[-85.74606,35.109356],[-85.746098,35.1095421],[-85.746324,35.1098621],[-85.74672,35.110024],[-85.746973,35.109941],[-85.747026,35.1101311],[-85.747084,35.1101631],[-85.747666,35.1102121],[-85.747873,35.1101321],[-85.747892,35.110287],[-85.748026,35.110407],[-85.748674,35.110651],[-85.748687,35.1107631],[-85.748569,35.11104],[-85.748235,35.111469],[-85.748161,35.111683],[-85.7482,35.1118131],[-85.74838837465005,35.112],[-85.74743928151261,35.112],[-85.747412,35.111849],[-85.747117,35.1115691],[-85.746951,35.11132],[-85.746773,35.111264]]]}},{"type":"Feature","properties":{"id":187,"kind":"landcover","class":"vegetation","role":"fill"},"geometry":{"type":"Polygon","coordinates":[[[-85.746387,35.1119791],[-85.746355,35.1118731],[-85.746,35.11142978130841],[-85.746,35.11095319957983],[-85.746135,35.111119],[-85.746319,35.1111691],[-85.746505,35.111364],[-85.746573,35.111615],[-85.746716,35.111825],[-85.74689222259697,35.112],[-85.74637150845254,35.112],[-85.746387,35.1119791]]]}},{"type":"Feature","properties":{"id":188,"kind":"landcover","class":"vegetation","role":"fill"},"geometry":{"type":"Polygon","coordinates":[[[-85.750249,35.1119181],[-85.75065,35.111578],[-85.7513379,35.1113721],[-85.7518179,35.111145],[-85.752,35.111021910536785],[-85.752,35.111430947757746],[-85.751528,35.111652],[-85.750867,35.1118041],[-85.750784,35.111895],[-85.75078647933884,35.112],[-85.75020827377048,35.112],[-85.750249,35.1119181]]]}},{"type":"Feature","properties":{"id":189,"kind":"landcover","class":"vegetation","role":"fill"},"geometry":{"type":"Polygon","coordinates":[[[-85.751534,35.114697],[-85.751189,35.114706],[-85.751022,35.114833],[-85.750975,35.114988],[-85.7509809,35.115215],[-85.751068,35.1154],[-85.7514699,35.11568],[-85.751809,35.115827],[-85.752,35.11600131626506],[-85.752,35.11732138752464],[-85.751917,35.117229],[-85.751732,35.117076],[-85.751604,35.117034],[-85.751554,35.116929],[-85.751467,35.116883],[-85.7513679,35.116561],[-85.750925,35.1160531],[-85.750744,35.115959],[-85.7506869,35.115821],[-85.7506029,35.115803],[-85.750558,35.115694],[-85.750481,35.115676],[-85.75039,35.115543],[-85.7502899,35.115489],[-85.750244,35.115234],[-85.750125,35.115145],[-85.750069,35.115016],[-85.749764,35.11492],[-85.749712,35.114791],[-85.749606,35.114712],[-85.749603,35.114455],[-85.74937,35.114375],[-85.749327,35.114187],[-85.748999,35.113751],[-85.748395,35.113588],[-85.748332,35.1136211],[-85.748322,35.113734],[-85.748496,35.113988],[-85.748755,35.114274],[-85.748886,35.1143311],[-85.748924,35.114447],[-85.749099,35.114507],[-85.749168,35.11465],[-85.749263,35.114691],[-85.749415,35.11503],[-85.749655,35.11527],[-85.750091,35.115857],[-85.750428,35.116169],[-85.750857,35.116823],[-85.750983,35.116883],[-85.7510459,35.116995],[-85.75126,35.117157],[-85.751445,35.117519],[-85.7517839,35.117928],[-85.746,35.117928],[-85.746,35.11208244565218],[-85.74633,35.112056],[-85.74637150845254,35.112],[-85.74689222259697,35.112],[-85.747134,35.1122401],[-85.747281,35.112478],[-85.747659,35.112766],[-85.747703,35.1129281],[-85.7478299,35.112995],[-85.747931,35.113125],[-85.747981,35.113349],[-85.748205,35.113437],[-85.748572,35.113455],[-85.748618,35.1134],[-85.7485849,35.113292],[-85.748182,35.112773],[-85.747848,35.112377],[-85.747639,35.112321],[-85.747576,35.1121821],[-85.747455,35.112087],[-85.74743928151261,35.112],[-85.74838837465005,35.112],[-85.748596,35.112206],[-85.748808,35.112319],[-85.749193,35.1123931],[-85.7493529,35.112502],[-85.749725,35.112509],[-85.750067,35.1122841],[-85.75020827377048,35.112],[-85.75078647933884,35.112],[-85.75079,35.1121491],[-85.7513599,35.112317],[-85.751785,35.112314],[-85.752,35.11222945807645],[-85.752,35.11250165061729],[-85.751633,35.112619],[-85.750475,35.1124441],[-85.750068,35.112679],[-85.749872,35.113174],[-85.749864,35.1132611],[-85.749938,35.1133671],[-85.750421,35.11375],[-85.7508969,35.113982],[-85.751153,35.114012],[-85.751308,35.113893],[-85.751482,35.113854],[-85.751657,35.1139121],[-85.7519739,35.113868],[-85.752,35.113858095384614],[-85.752,35.11484890764989],[-85.751534,35.114697]]]}},{"type":"Feature","properties":{"id":190,"kind":"landcover","class":"vegetation","role":"fill"},"geometry":{"type":"Polygon","coordinates":[[[-85.742201,35.0699753],[-85.742131,35.0699492],[-85.742044,35.0698132],[-85.74186,35.0697643],[-85.7413501,35.0691632],[-85.740894,35.0687353],[-85.7405861,35.0684783],[-85.7401771,35.0683602],[-85.7401151,35.0682692],[-85.74,35.06820476689348],[-85.74,35.06748492172498],[-85.740099,35.0674672],[-85.740139,35.0673673],[-85.740339,35.0672503],[-85.7403671,35.0671643],[-85.74065,35.0671642],[-85.7405861,35.0675313],[-85.740611,35.0678113],[-85.7407841,35.0679473],[-85.741338,35.0681922],[-85.7416491,35.0685882],[-85.741815,35.0686732],[-85.7419,35.0688392],[-85.742133,35.0690242],[-85.742172,35.0691282],[-85.7424581,35.0693902],[-85.74276,35.0698033],[-85.743002,35.0699942],[-85.7430050101266,35.07],[-85.74221248837209,35.07],[-85.742201,35.0699753]]]}},{"type":"Feature","properties":{"id":191,"kind":"landcover","class":"vegetation","role":"fill"},"geometry":{"type":"Polygon","coordinates":[[[-85.7432161,35.0696723],[-85.743253,35.0694062],[-85.743494,35.0695462],[-85.743559,35.0697343],[-85.7436851,35.0697202],[-85.743724,35.0696553],[-85.743718,35.0695713],[-85.743653,35.0695343],[-85.743618,35.0694302],[-85.74362,35.0689973],[-85.743742,35.0682913],[-85.743808,35.0682112],[-85.743828,35.0680443],[-85.743923,35.0680113],[-85.744216,35.0680582],[-85.744264,35.0679353],[-85.7444411,35.0678912],[-85.744497,35.0677813],[-85.744629,35.0677212],[-85.744613,35.0676002],[-85.744538,35.0675632],[-85.744255,35.0676183],[-85.744171,35.0673643],[-85.7443731,35.0672762],[-85.74454,35.0674053],[-85.744746,35.0674203],[-85.7448311,35.0673523],[-85.744872,35.0671643],[-85.746,35.0671643],[-85.746,35.07],[-85.74328714607046,35.07],[-85.7432161,35.0696723]]]}},{"type":"Feature","properties":{"id":192,"kind":"landcover","class":"vegetation","role":"fill"},"geometry":{"type":"Polygon","coordinates":[[[-85.7431281,35.0752892],[-85.743056,35.0752262],[-85.742934,35.0752252],[-85.74287,35.0752862],[-85.74280855898733,35.076],[-85.74250449852029,35.076],[-85.74263,35.0756752],[-85.7427611,35.0749752],[-85.7427661,35.0743992],[-85.7429221,35.0739252],[-85.742911,35.0734872],[-85.742977,35.0733132],[-85.742969,35.0729292],[-85.7425221,35.0728902],[-85.7422261,35.0727753],[-85.741763,35.0727252],[-85.741571,35.0726383],[-85.741625,35.0725822],[-85.7418051,35.0725642],[-85.741924,35.0724882],[-85.7423201,35.0723873],[-85.742512,35.0721732],[-85.743109,35.0719142],[-85.7432251,35.0717972],[-85.743264,35.0716802],[-85.743353,35.0716202],[-85.743351,35.0715223],[-85.743221,35.0714333],[-85.742963,35.0711262],[-85.7428091,35.0707822],[-85.7426341,35.0705292],[-85.742301,35.0701903],[-85.74221248837209,35.07],[-85.7430050101266,35.07],[-85.743084,35.0701522],[-85.743156,35.0701892],[-85.743246,35.0701782],[-85.7433041,35.0700782],[-85.74328714607046,35.07],[-85.746,35.07],[-85.746,35.076],[-85.74502024792899,35.076],[-85.745064,35.0756982],[-85.745198,35.0755482],[-85.745312,35.0753032],[-85.745784,35.0748782],[-85.745888,35.0746862],[-85.745673,35.0743752],[-85.745168,35.0733722],[-85.7449291,35.0732792],[-85.744422,35.0732523],[-85.744236,35.0733322],[-85.7440531,35.0738172],[-85.7439261,35.0739022],[-85.743847,35.0741133],[-85.7436191,35.0744193],[-85.74359,35.0746243],[-85.743642,35.0747563],[-85.743802,35.0748862],[-85.743887,35.0751292],[-85.7442621,35.0752223],[-85.744335,35.0753012],[-85.744302,35.0755502],[-85.74415,35.0758952],[-85.74413945194806,35.076],[-85.74332246485686,35.076],[-85.7431281,35.0752892]]]}},{"type":"Feature","properties":{"id":193,"kind":"landcover","class":"vegetation","role":"fill"},"geometry":{"type":"Polygon","coordinates":[[[-85.7408021,35.0797252],[-85.74115,35.0796662],[-85.7422171,35.0791932],[-85.742464,35.0791652],[-85.742939,35.0790112],[-85.7434651,35.0790192],[-85.743564,35.0789562],[-85.743574,35.0786502],[-85.7439361,35.0783232],[-85.7439881,35.0781792],[-85.743687,35.0773192],[-85.743596,35.0772482],[-85.743503,35.0769752],[-85.743403,35.0769382],[-85.743361,35.0768562],[-85.743347,35.0767022],[-85.7434231,35.0764642],[-85.7434051,35.0763022],[-85.74332246485686,35.076],[-85.74413945194806,35.076],[-85.744119,35.0762032],[-85.744306,35.0766942],[-85.744491,35.0768332],[-85.744672,35.0768362],[-85.744875,35.0763742],[-85.745015,35.0760362],[-85.74502024792899,35.076],[-85.746,35.076],[-85.746,35.082],[-85.74410345941422,35.082],[-85.744118,35.0819232],[-85.744076,35.0816292],[-85.744144,35.0812801],[-85.744096,35.0811922],[-85.744066,35.0808232],[-85.743742,35.0807232],[-85.7436691,35.0803082],[-85.742272,35.0802052],[-85.7421711,35.0802742],[-85.742125,35.0804102],[-85.7419951,35.0805631],[-85.741805,35.0813532],[-85.741832,35.0814462],[-85.741944,35.0815082],[-85.741949,35.0815851],[-85.741848,35.0817122],[-85.741831,35.0819702],[-85.741665,35.0819272],[-85.741624,35.0819682],[-85.7416165312973,35.082],[-85.7413356556962,35.082],[-85.741379,35.0819122],[-85.741719,35.0807322],[-85.7417871,35.0803662],[-85.741744,35.0802752],[-85.74134,35.0802242],[-85.7408751,35.0802512],[-85.740254,35.0805302],[-85.7400721,35.0806782],[-85.74,35.08068806185201],[-85.74,35.07968861864521],[-85.7408021,35.0797252]],[[-85.742274,35.0799832],[-85.742372,35.0800022],[-85.744088,35.0801342],[-85.744215,35.0800482],[-85.744229,35.0796582],[-85.744196,35.0794622],[-85.744064,35.0793491],[-85.743789,35.0793232],[-85.743147,35.0793692],[-85.742645,35.0796092],[-85.742316,35.0796842],[-85.7422121,35.0799102],[-85.742274,35.0799832]]]}},{"type":"Feature","properties":{"id":194,"kind":"landcover","class":"vegetation","role":"fill"},"geometry":{"type":"Polygon","coordinates":[[[-85.74002,35.0819072],[-85.74009027971255,35.082],[-85.74,35.082],[-85.74,35.08189665078847],[-85.74002,35.0819072]]]}},{"type":"Feature","properties":{"id":195,"kind":"landcover","class":"vegetation","role":"fill"},"geometry":{"type":"Polygon","coordinates":[[[-85.742802,35.0760762],[-85.7426991,35.0764302],[-85.742676,35.0767722],[-85.742743,35.0769172],[-85.743293,35.0770342],[-85.743312,35.0771762],[-85.742714,35.0771982],[-85.7424431,35.0771452],[-85.742375,35.0770902],[-85.7424681,35.0760942],[-85.74250449852029,35.076],[-85.74280855898733,35.076],[-85.742802,35.0760762]]]}},{"type":"Feature","properties":{"id":196,"kind":"landcover","class":"vegetation","role":"fill"},"geometry":{"type":"Polygon","coordinates":[[[-85.740228,35.0829912],[-85.740056,35.0829762],[-85.74,35.08302603050848],[-85.74,35.082],[-85.74009027971255,35.082],[-85.740157,35.0820881],[-85.741184,35.0823072],[-85.7413356556962,35.082],[-85.7416165312973,35.082],[-85.7415371,35.0823382],[-85.741614,35.0825552],[-85.741715,35.0826082],[-85.7419661,35.0826232],[-85.742083,35.0825742],[-85.7420931,35.0825262],[-85.74206,35.0824632],[-85.7418901,35.0824162],[-85.7419061,35.0823392],[-85.742186,35.0823102],[-85.742298,35.0822222],[-85.742441,35.0822971],[-85.742443,35.0824162],[-85.742216,35.0828821],[-85.741994,35.0831311],[-85.741838,35.0831832],[-85.741794,35.0833071],[-85.741657,35.0833722],[-85.741675,35.0834572],[-85.741841,35.0835512],[-85.7419441,35.0835291],[-85.742007,35.0834372],[-85.742225,35.0834142],[-85.742468,35.0834221],[-85.7425081,35.0835082],[-85.742583,35.0835292],[-85.742888,35.0834862],[-85.7432901,35.0833062],[-85.743937,35.0828792],[-85.74410345941422,35.082],[-85.746,35.082],[-85.746,35.087225847355164],[-85.745938,35.0872082],[-85.745864,35.0870311],[-85.74572,35.0869581],[-85.7457,35.0866972],[-85.745549,35.0865521],[-85.745389,35.0862122],[-85.745114,35.0858082],[-85.744712,35.0857491],[-85.744616,35.0856402],[-85.744196,35.0855172],[-85.74401,35.0853612],[-85.743752,35.0853342],[-85.743708,35.0852422],[-85.743592,35.0852042],[-85.743534,35.0850882],[-85.743374,35.0850482],[-85.743186,35.0849202],[-85.7427611,35.0848922],[-85.742679,35.0849691],[-85.742308,35.0850291],[-85.742216,35.0850832],[-85.742246,35.0851892],[-85.7426011,35.0854971],[-85.7426341,35.0855762],[-85.742789,35.0856572],[-85.742876,35.0858131],[-85.743032,35.0859001],[-85.743202,35.0861202],[-85.743412,35.0862271],[-85.743485,35.0864612],[-85.743992,35.0871262],[-85.744071,35.0873352],[-85.744412,35.0876682],[-85.744508,35.0879212],[-85.744879,35.0879582],[-85.74489248387097,35.088],[-85.74,35.088],[-85.74,35.08438675597382],[-85.7407701,35.0845922],[-85.7410961,35.0845402],[-85.741478,35.0842902],[-85.741742,35.0841152],[-85.742054,35.0840412],[-85.742029,35.0838312],[-85.7419281,35.0837712],[-85.741499,35.0836831],[-85.7410191,35.0834062],[-85.7403821,35.0831172],[-85.740228,35.0829912]]]}},{"type":"Feature","properties":{"id":197,"kind":"landcover","class":"vegetation","role":"fill"},"geometry":{"type":"Polygon","coordinates":[[[-85.744918,35.0880791],[-85.745062,35.0882391],[-85.745606,35.0885891],[-85.74575,35.0887711],[-85.745892,35.0888102],[-85.745956,35.0888932],[-85.746,35.08890378419244],[-85.746,35.08908791479628],[-85.7459161,35.0889931],[-85.745636,35.0888522],[-85.745554,35.0887262],[-85.745104,35.0885322],[-85.744895,35.0885281],[-85.7447941,35.0886511],[-85.744365,35.0887322],[-85.744306,35.0889662],[-85.7439781,35.0891071],[-85.7439031,35.0892401],[-85.743901,35.0893462],[-85.7439301,35.0894181],[-85.744027,35.0894691],[-85.7440281,35.0895302],[-85.743484,35.0895961],[-85.74323,35.0897141],[-85.743063,35.0899812],[-85.743022,35.0902152],[-85.742978,35.0902301],[-85.742892,35.0899821],[-85.742828,35.0887291],[-85.74276,35.0885922],[-85.7425891,35.0886011],[-85.7424241,35.0888811],[-85.742005,35.0888952],[-85.7415831,35.0890982],[-85.741185,35.0890911],[-85.741014,35.0891591],[-85.7405751,35.0892121],[-85.74,35.08938597414024],[-85.74,35.088],[-85.74489248387097,35.088],[-85.744918,35.0880791]]]}},{"type":"Feature","properties":{"id":198,"kind":"landcover","class":"vegetation","role":"fill"},"geometry":{"type":"Polygon","coordinates":[[[-85.740996,35.0938921],[-85.7413231,35.0938101],[-85.741583,35.0936291],[-85.741918,35.0935261],[-85.74243,35.0935141],[-85.742515,35.0933941],[-85.742701,35.0933211],[-85.742718,35.0931511],[-85.742613,35.0930051],[-85.7426821,35.0929331],[-85.7427011,35.0927601],[-85.7426561,35.0926191],[-85.742426,35.0922761],[-85.742172,35.0920501],[-85.7419731,35.0919751],[-85.7417231,35.0916391],[-85.741535,35.0915621],[-85.7413471,35.0913931],[-85.740672,35.0912821],[-85.74,35.09123207571885],[-85.74,35.090285342453356],[-85.740043,35.0903702],[-85.7403031,35.0904291],[-85.740509,35.0907622],[-85.7408771,35.0908401],[-85.741603,35.0908471],[-85.7418741,35.0908921],[-85.7420931,35.0908191],[-85.742861,35.0908172],[-85.742915,35.0907542],[-85.742857,35.0906122],[-85.7429881,35.0904352],[-85.7430611,35.0904102],[-85.7430671,35.0908122],[-85.743339,35.0909042],[-85.746,35.091170748924505],[-85.746,35.091373195561665],[-85.743827,35.0911582],[-85.7432941,35.0911322],[-85.7430421,35.0912131],[-85.742991,35.0912992],[-85.742967,35.0916081],[-85.742888,35.0918742],[-85.742896,35.0921392],[-85.7429691,35.0923101],[-85.7431611,35.0924652],[-85.7435271,35.0929411],[-85.743861,35.0931471],[-85.74398,35.0931691],[-85.744125,35.0931141],[-85.744397,35.0928361],[-85.744606,35.0927351],[-85.744997,35.0925172],[-85.7454771,35.0923872],[-85.745906,35.0921501],[-85.746,35.092127079126215],[-85.746,35.094],[-85.744542165,35.094],[-85.744631,35.0938801],[-85.744624,35.0937281],[-85.7439261,35.0936701],[-85.7437381,35.0936261],[-85.7436491,35.0934991],[-85.7434,35.0934891],[-85.7431111,35.0938721],[-85.74309049388889,35.094],[-85.74,35.094],[-85.74,35.09390724385965],[-85.740996,35.0938921]]]}},{"type":"Feature","properties":{"id":199,"kind":"landcover","class":"vegetation","role":"fill"},"geometry":{"type":"Polygon","coordinates":[[[-85.740009,35.0896791],[-85.74,35.08970063953815],[-85.74,35.08960089027349],[-85.740009,35.0896791]]]}},{"type":"Feature","properties":{"id":200,"kind":"landcover","class":"vegetation","role":"fill"},"geometry":{"type":"Polygon","coordinates":[[[-85.7421301,35.0999171],[-85.741844,35.0995391],[-85.741584,35.0993101],[-85.741112,35.0990751],[-85.740582,35.0989621],[-85.740391,35.0988281],[-85.7403431,35.0986481],[-85.7402291,35.0984721],[-85.740143,35.0975611],[-85.74,35.097425864705876],[-85.74,35.09590939522433],[-85.7400381,35.0958311],[-85.740047,35.0956151],[-85.74,35.09531351666662],[-85.74,35.09456870029177],[-85.7400401,35.0945181],[-85.740581,35.0943781],[-85.7406881,35.0942931],[-85.7407051,35.0942001],[-85.740587,35.0941371],[-85.7404051,35.0941482],[-85.740333,35.0942031],[-85.74023,35.0941601],[-85.74,35.094155359593685],[-85.74,35.094],[-85.74309049388889,35.094],[-85.743056,35.0942141],[-85.74309,35.0943731],[-85.743339,35.0945971],[-85.74345,35.0946262],[-85.743666,35.0946201],[-85.7439471,35.0944971],[-85.744168,35.0944181],[-85.744468,35.0941001],[-85.744542165,35.094],[-85.746,35.094],[-85.746,35.1],[-85.74216416163142,35.1],[-85.7421301,35.0999171]],[[-85.7410061,35.0968991],[-85.740906,35.0968841],[-85.740838,35.0967991],[-85.740659,35.0968381],[-85.740636,35.0970131],[-85.740707,35.0975611],[-85.740754,35.0976441],[-85.740762,35.0980091],[-85.7408881,35.0980651],[-85.740991,35.0982831],[-85.7413031,35.0984111],[-85.741488,35.0986461],[-85.741693,35.0987571],[-85.741843,35.0989041],[-85.742415,35.0990791],[-85.7426681,35.0997741],[-85.742836,35.099855],[-85.7429261,35.0996201],[-85.7429441,35.0993771],[-85.7428851,35.0982101],[-85.742808,35.0979281],[-85.742795,35.0972381],[-85.742712,35.0970631],[-85.7424321,35.0970601],[-85.7418581,35.0969331],[-85.7415361,35.0969401],[-85.741164,35.0970141],[-85.7410061,35.0968991]],[[-85.7406791,35.0953992],[-85.7406371,35.0957312],[-85.740652,35.0961921],[-85.7406811,35.0962661],[-85.741165,35.0964481],[-85.741265,35.0965591],[-85.7414621,35.0966661],[-85.742183,35.0967771],[-85.7427371,35.0967751],[-85.742866,35.0967231],[-85.742898,35.0966441],[-85.742882,35.0959521],[-85.742892,35.0958421],[-85.742959,35.0957931],[-85.7432901,35.0958971],[-85.743406,35.0958421],[-85.7432781,35.0956281],[-85.742992,35.0954271],[-85.74277,35.0954801],[-85.740866,35.0951811],[-85.7407921,35.0952191],[-85.7406791,35.0953992]],[[-85.7416621,35.0947241],[-85.741706,35.0949071],[-85.741854,35.0950551],[-85.741954,35.0950721],[-85.742144,35.0949921],[-85.742445,35.0946981],[-85.742524,35.0946251],[-85.742542,35.0944871],[-85.742529,35.0942401],[-85.74246,35.0940701],[-85.742264,35.0940461],[-85.74199,35.0941212],[-85.741766,35.0942762],[-85.7416621,35.0947241]]]}},{"type":"Feature","properties":{"id":201,"kind":"landcover","class":"vegetation","role":"fill"},"geometry":{"type":"Polygon","coordinates":[[[-85.7402221,35.1042391],[-85.7403401,35.1042981],[-85.7404441,35.1044991],[-85.740945,35.105072],[-85.741298,35.105299],[-85.741449,35.1053011],[-85.741569,35.105246],[-85.741547,35.1048821],[-85.741434,35.1047291],[-85.741187,35.1046371],[-85.741062,35.104404],[-85.740955,35.104355],[-85.7406761,35.1040821],[-85.74064,35.1039291],[-85.740795,35.1038721],[-85.7408051,35.1037771],[-85.7406391,35.1035401],[-85.740551,35.103503],[-85.740406,35.103164],[-85.740494,35.103122],[-85.740619,35.1032061],[-85.741181,35.1038961],[-85.7417981,35.104522],[-85.741993,35.10466],[-85.742106,35.1046441],[-85.742276,35.1042331],[-85.742556,35.1040581],[-85.742596,35.1039531],[-85.742074,35.1034051],[-85.7418521,35.1025581],[-85.7418281,35.1022491],[-85.741663,35.1021821],[-85.7414081,35.1021911],[-85.740874,35.1023171],[-85.7406161,35.1024121],[-85.7403991,35.1025541],[-85.740009,35.1026171],[-85.74,35.1026219378128],[-85.74,35.10231198636364],[-85.740051,35.1023201],[-85.7413071,35.1019251],[-85.741749,35.1017091],[-85.741801,35.1016461],[-85.741818,35.1013261],[-85.742098,35.1007521],[-85.742242,35.1005551],[-85.7422661,35.1002481],[-85.74216416163142,35.1],[-85.746,35.1],[-85.746,35.106],[-85.74252099560762,35.106],[-85.74232,35.105792],[-85.742244,35.10564],[-85.741989,35.1055771],[-85.741843,35.105397],[-85.741613,35.10541],[-85.7415501,35.105587],[-85.74166,35.1057941],[-85.74183360196078,35.106],[-85.74080294872769,35.106],[-85.7407311,35.1055631],[-85.740794,35.1053581],[-85.7407571,35.1051431],[-85.7403171,35.1046101],[-85.740011,35.1044191],[-85.74,35.104379152631566],[-85.74,35.10393746468266],[-85.7402221,35.1042391]]]}},{"type":"Feature","properties":{"id":202,"kind":"landcover","class":"vegetation","role":"fill"},"geometry":{"type":"Polygon","coordinates":[[[-85.743233,35.1119571],[-85.7432661,35.1117331],[-85.7433411,35.11168],[-85.743334,35.111584],[-85.743159,35.1115531],[-85.743091,35.1116871],[-85.742922,35.1117171],[-85.7427641,35.1116271],[-85.742053,35.111558],[-85.741164,35.111277],[-85.740703,35.11101],[-85.74,35.11084862141705],[-85.74,35.11014224977973],[-85.740054,35.1102041],[-85.7404041,35.1104711],[-85.740309,35.110552],[-85.7403421,35.110721],[-85.740516,35.110733],[-85.7406061,35.110579],[-85.740854,35.1107441],[-85.7412321,35.110856],[-85.741335,35.111034],[-85.741739,35.111167],[-85.741912,35.111179],[-85.741964,35.1111171],[-85.742135,35.111095],[-85.742279,35.110993],[-85.742434,35.110969],[-85.742794,35.1111571],[-85.742958,35.111385],[-85.74315,35.111403],[-85.743242,35.111265],[-85.743328,35.1106011],[-85.7433871,35.1105201],[-85.743592,35.110414],[-85.743815,35.110219],[-85.743853,35.109539],[-85.744072,35.1091161],[-85.744081,35.108979],[-85.744005,35.108876],[-85.7438371,35.108783],[-85.743658,35.1087251],[-85.743431,35.108721],[-85.7431561,35.1089711],[-85.7431821,35.109187],[-85.7432851,35.109374],[-85.7432531,35.109507],[-85.743039,35.1095061],[-85.7427581,35.1093591],[-85.742694,35.1091811],[-85.7427401,35.10891],[-85.742849,35.1086941],[-85.743164,35.108489],[-85.743191,35.1083321],[-85.743117,35.108277],[-85.7430781,35.108163],[-85.742991,35.108118],[-85.7427861,35.107658],[-85.742599,35.1073861],[-85.7420841,35.106945],[-85.741876,35.106981],[-85.7417261,35.107529],[-85.741453,35.1076611],[-85.7411631,35.1079091],[-85.74102,35.108428],[-85.740696,35.109076],[-85.740525,35.109284],[-85.740381,35.1093171],[-85.74,35.10929666660385],[-85.74,35.108714999489145],[-85.7405251,35.1086191],[-85.740811,35.1080681],[-85.740891,35.1080251],[-85.741154,35.1076641],[-85.7412401,35.1074041],[-85.741343,35.1072571],[-85.7413851,35.106985],[-85.741491,35.1067941],[-85.7414631,35.1065371],[-85.740861,35.106353],[-85.74080294872769,35.106],[-85.74183360196078,35.106],[-85.741875,35.1060491],[-85.742075,35.1061111],[-85.742144,35.106271],[-85.7422671,35.1063231],[-85.742319,35.1065791],[-85.74305,35.107409],[-85.7434591,35.1079471],[-85.7436201,35.1080801],[-85.7437721,35.108127],[-85.743843,35.108252],[-85.743926,35.1082941],[-85.744001,35.1085551],[-85.744126,35.108717],[-85.744247,35.108761],[-85.744363,35.108744],[-85.744541,35.1086301],[-85.744577,35.108486],[-85.744517,35.108351],[-85.744169,35.1080391],[-85.74388,35.1076091],[-85.7436031,35.107529],[-85.7435491,35.1073871],[-85.7434391,35.1073261],[-85.743399,35.1070761],[-85.743335,35.1070501],[-85.7432831,35.1068821],[-85.743132,35.106742],[-85.743035,35.1065371],[-85.7428241,35.1063771],[-85.742782,35.1062701],[-85.74252099560762,35.106],[-85.746,35.106],[-85.746,35.10782455737705],[-85.745992,35.107826],[-85.745824,35.107958],[-85.7453121,35.108511],[-85.745266,35.108718],[-85.745481,35.1090841],[-85.745817,35.1094111],[-85.745957,35.1094331],[-85.746,35.10936219215688],[-85.746,35.11028098034188],[-85.745908,35.1102511],[-85.745866,35.11004],[-85.745707,35.1098091],[-85.745393,35.1094551],[-85.745249,35.109376],[-85.745098,35.1090701],[-85.7448711,35.109042],[-85.744792,35.109186],[-85.7447841,35.1093131],[-85.7448761,35.109625],[-85.745018,35.109761],[-85.745197,35.109819],[-85.745253,35.1099501],[-85.745365,35.110008],[-85.745421,35.1102421],[-85.746,35.11095319957983],[-85.746,35.11142978130841],[-85.74582,35.111205],[-85.7454761,35.110933],[-85.745109,35.110803],[-85.745085,35.110725],[-85.745155,35.1105341],[-85.7450831,35.110336],[-85.7446431,35.1098861],[-85.744483,35.1098791],[-85.744398,35.1102471],[-85.744095,35.110619],[-85.7439561,35.110973],[-85.744265,35.1117861],[-85.744466,35.1119291],[-85.744879,35.1119781],[-85.74493946603774,35.112],[-85.74314299411765,35.112],[-85.743233,35.1119571]],[[-85.744923,35.106256],[-85.7446091,35.1062861],[-85.7445331,35.1063551],[-85.744428,35.106865],[-85.7442821,35.107275],[-85.744285,35.107486],[-85.744457,35.1076021],[-85.745006,35.1076361],[-85.745185,35.107623],[-85.745436,35.107478],[-85.7454881,35.107365],[-85.74547,35.1072541],[-85.7453711,35.107067],[-85.745063,35.1067111],[-85.745238,35.1061851],[-85.745208,35.106075],[-85.745075,35.1060481],[-85.744923,35.106256]]]}},{"type":"Feature","properties":{"id":203,"kind":"landcover","class":"vegetation","role":"fill"},"geometry":{"type":"Polygon","coordinates":[[[-85.742758,35.117928],[-85.742699,35.117609],[-85.742479,35.11728],[-85.7424831,35.117031],[-85.742617,35.116721],[-85.742484,35.116321],[-85.742412,35.116251],[-85.742401,35.116122],[-85.7422931,35.116056],[-85.742375,35.116003],[-85.7423951,35.115902],[-85.742265,35.115834],[-85.7420671,35.11586],[-85.7420471,35.115956],[-85.742108,35.116066],[-85.742058,35.1161],[-85.7418571,35.116094],[-85.741758,35.115994],[-85.741787,35.115932],[-85.7418821,35.115911],[-85.741942,35.115695],[-85.742217,35.115609],[-85.7425041,35.115286],[-85.742525,35.115078],[-85.742377,35.114926],[-85.742486,35.11489],[-85.742521,35.114746],[-85.7426091,35.1147011],[-85.742633,35.114616],[-85.742545,35.114571],[-85.742253,35.1145801],[-85.742164,35.114651],[-85.742137,35.114774],[-85.7420781,35.114787],[-85.7420071,35.114696],[-85.741934,35.114681],[-85.7418731,35.11456],[-85.741737,35.11456],[-85.7417041,35.114684],[-85.741816,35.114724],[-85.741853,35.114817],[-85.7419651,35.114851],[-85.741992,35.114903],[-85.7418961,35.1151201],[-85.741811,35.115142],[-85.741761,35.1151],[-85.7417331,35.114932],[-85.741685,35.114851],[-85.7415971,35.1148281],[-85.7415601,35.1147151],[-85.74136,35.114703],[-85.7412351,35.1148201],[-85.741184,35.114572],[-85.7405331,35.114438],[-85.7402521,35.114516],[-85.740161,35.114726],[-85.7401811,35.1150361],[-85.74033,35.115319],[-85.740257,35.115996],[-85.7402,35.116143],[-85.740141,35.116155],[-85.740115,35.1162191],[-85.740129,35.116335],[-85.740204,35.116382],[-85.740247,35.116517],[-85.740238,35.116823],[-85.740152,35.117065],[-85.740234,35.117184],[-85.740165,35.117246],[-85.7401291,35.117386],[-85.740063,35.117427],[-85.740022,35.117646],[-85.740066,35.117782],[-85.740319,35.117928],[-85.74,35.11792689056559],[-85.74,35.114230847717174],[-85.740117,35.114222],[-85.741084,35.114315],[-85.74254,35.114368],[-85.7426991,35.1143],[-85.74274,35.114213],[-85.7427621,35.113686],[-85.742821,35.113454],[-85.7431091,35.113061],[-85.743197,35.112831],[-85.7432241,35.112454],[-85.743096,35.112285],[-85.7430911,35.112112],[-85.743126,35.1120081],[-85.74314299411765,35.112],[-85.74493946603774,35.112],[-85.745318,35.1121371],[-85.746,35.11208244565218],[-85.746,35.117928],[-85.742758,35.117928]]]}},{"type":"Feature","properties":{"id":204,"kind":"landcover","class":"vegetation","role":"fill"},"geometry":{"type":"Polygon","coordinates":[[[-85.739733,35.0680553],[-85.7396401,35.0679522],[-85.739234,35.0679263],[-85.738883,35.0677813],[-85.738596,35.0672813],[-85.7384711,35.0671643],[-85.7393071,35.0671642],[-85.7393441,35.0672943],[-85.7394141,35.0673582],[-85.7399761,35.0674892],[-85.74,35.06748492172498],[-85.74,35.06820476689348],[-85.739733,35.0680553]]]}},{"type":"Feature","properties":{"id":205,"kind":"landcover","class":"vegetation","role":"fill"},"geometry":{"type":"Polygon","coordinates":[[[-85.7341861,35.0716562],[-85.734519,35.0716502],[-85.7345431,35.0715542],[-85.7344531,35.0713892],[-85.7342651,35.0712872],[-85.734,35.070958440135286],[-85.734,35.0701531021689],[-85.7344221,35.0704853],[-85.734682,35.0705973],[-85.7347841,35.0708222],[-85.735145,35.0711252],[-85.7354931,35.0713003],[-85.7359551,35.0717023],[-85.7362791,35.0717623],[-85.7364791,35.0719362],[-85.7368481,35.0720422],[-85.7367471,35.0721692],[-85.7365041,35.0721782],[-85.7363241,35.0721242],[-85.7362221,35.0719532],[-85.7360301,35.0719653],[-85.7359661,35.0720762],[-85.735977,35.0722912],[-85.736029,35.0723612],[-85.7362131,35.0724312],[-85.736265,35.0728322],[-85.736989,35.0729433],[-85.737127,35.0729213],[-85.737196,35.0728062],[-85.7372571,35.0727922],[-85.737738,35.0728772],[-85.7376021,35.0730523],[-85.7376561,35.0732122],[-85.7373561,35.0733003],[-85.737329,35.0733842],[-85.737419,35.0734353],[-85.7378441,35.0734813],[-85.7378861,35.0736182],[-85.737727,35.0737482],[-85.7376471,35.0736462],[-85.7375661,35.0736223],[-85.737425,35.0736392],[-85.737364,35.0737102],[-85.7371481,35.0737303],[-85.73712,35.0738792],[-85.7373071,35.0739113],[-85.7373671,35.0738122],[-85.7374711,35.0737952],[-85.737528,35.0738362],[-85.7375681,35.0739993],[-85.7377131,35.0741322],[-85.737844,35.0741612],[-85.73791,35.0741212],[-85.737957,35.0739543],[-85.73816,35.0737782],[-85.7381921,35.0735412],[-85.7382461,35.0734592],[-85.7383901,35.0734672],[-85.7387341,35.0736702],[-85.7387361,35.0737322],[-85.738354,35.0738423],[-85.7381531,35.0741632],[-85.738196,35.0742112],[-85.738343,35.0742143],[-85.738416,35.0741042],[-85.738483,35.0740912],[-85.738554,35.0742312],[-85.7387541,35.0743002],[-85.7388071,35.0744642],[-85.738808,35.0747012],[-85.738738,35.0749182],[-85.73861,35.0749152],[-85.7384361,35.0747802],[-85.7382111,35.0747432],[-85.738112,35.0744452],[-85.7380411,35.0743703],[-85.737952,35.0743922],[-85.7378791,35.0746702],[-85.737781,35.0747432],[-85.737612,35.0747212],[-85.7375541,35.0746082],[-85.737418,35.0745923],[-85.7373101,35.0745132],[-85.7371941,35.0745692],[-85.7372111,35.0746542],[-85.737283,35.0746822],[-85.7372531,35.0747392],[-85.736949,35.0747052],[-85.7368761,35.0746073],[-85.7367521,35.0738442],[-85.7366711,35.0737762],[-85.736818,35.0736702],[-85.7370421,35.0736142],[-85.737118,35.0735032],[-85.737121,35.0733022],[-85.7370001,35.0732422],[-85.7369551,35.0731332],[-85.736847,35.0730682],[-85.736605,35.0730372],[-85.7363971,35.0730962],[-85.7364561,35.0733663],[-85.7362901,35.0735112],[-85.7363821,35.0738202],[-85.7363871,35.0740482],[-85.736335,35.0741462],[-85.736152,35.0738582],[-85.7360751,35.0735902],[-85.7359331,35.0734132],[-85.735706,35.0729152],[-85.7354541,35.0725832],[-85.735241,35.0724372],[-85.735082,35.0721802],[-85.734943,35.0720622],[-85.7349101,35.0719172],[-85.734774,35.0718422],[-85.734452,35.0718132],[-85.7342221,35.0718482],[-85.7341751,35.0718932],[-85.7342351,35.0720842],[-85.7344981,35.0723322],[-85.7347371,35.0724722],[-85.7349001,35.0727042],[-85.7351121,35.0727862],[-85.7351671,35.0729222],[-85.7352601,35.0729812],[-85.7352991,35.0732682],[-85.735391,35.0734002],[-85.7354601,35.0736382],[-85.7356051,35.0739092],[-85.7357851,35.0740062],[-85.735985,35.0746032],[-85.735955,35.0749062],[-85.736069,35.0749932],[-85.7360971,35.0750832],[-85.73606720434782,35.076],[-85.734,35.076],[-85.734,35.07157003151125],[-85.7341861,35.0716562]]]}},{"type":"Feature","properties":{"id":206,"kind":"landcover","class":"vegetation","role":"fill"},"geometry":{"type":"Polygon","coordinates":[[[-85.7360671,35.0760032],[-85.7361261,35.0761942],[-85.7361261,35.0770322],[-85.7362311,35.0773442],[-85.7361611,35.0774112],[-85.7360801,35.0773842],[-85.736025,35.0771442],[-85.7359201,35.0770832],[-85.7358641,35.0771752],[-85.735844,35.0775492],[-85.735774,35.0776932],[-85.735843,35.0777432],[-85.736118,35.0777692],[-85.736165,35.0778642],[-85.736264,35.0779122],[-85.7362721,35.0779792],[-85.7360701,35.0780332],[-85.73577,35.0780022],[-85.7357001,35.0778882],[-85.735538,35.0778562],[-85.735441,35.0777662],[-85.735425,35.0775512],[-85.7353551,35.0774502],[-85.735113,35.0774692],[-85.7350291,35.0776312],[-85.735073,35.0777172],[-85.735271,35.0777852],[-85.735365,35.0781272],[-85.735843,35.0782622],[-85.735965,35.0784722],[-85.7360721,35.0784502],[-85.736129,35.0783582],[-85.7362371,35.0783622],[-85.7362941,35.0785452],[-85.7362011,35.0788352],[-85.736217,35.0800622],[-85.73625,35.0802682],[-85.7363521,35.0803882],[-85.73638,35.0807162],[-85.736316,35.0807912],[-85.7362831,35.0809722],[-85.7362891,35.0814052],[-85.736375,35.0817162],[-85.7363161,35.0818042],[-85.736314,35.0819302],[-85.73638321833333,35.082],[-85.73505892340792,35.082],[-85.7351541,35.0814832],[-85.7352331,35.0813962],[-85.7351641,35.0811892],[-85.7350231,35.0812012],[-85.7349121,35.0816392],[-85.7347141,35.0817492],[-85.7340601,35.0818022],[-85.734,35.081790112218044],[-85.734,35.079839610256464],[-85.7341091,35.0791962],[-85.734198,35.0790642],[-85.7342781,35.0789872],[-85.7342661,35.0788452],[-85.7341731,35.0786892],[-85.734,35.07865253349754],[-85.734,35.07856612702274],[-85.7341811,35.0785192],[-85.7342491,35.0784192],[-85.7342121,35.0781742],[-85.734,35.07815865340314],[-85.734,35.076],[-85.73606720434782,35.076],[-85.7360671,35.0760032]],[[-85.7356891,35.0801222],[-85.735762,35.0801642],[-85.735885,35.0801762],[-85.735936,35.0801332],[-85.735916,35.0799862],[-85.7357241,35.0798942],[-85.7356781,35.0796382],[-85.7356931,35.0795902],[-85.7358961,35.0795222],[-85.7358661,35.0793262],[-85.73575,35.0793192],[-85.7356381,35.0794622],[-85.7353871,35.0794842],[-85.7352461,35.0796851],[-85.7350371,35.0796752],[-85.7349431,35.0794792],[-85.7348631,35.0794642],[-85.7348021,35.0794872],[-85.7347331,35.0796212],[-85.7344051,35.0796122],[-85.7342461,35.0796652],[-85.734113,35.0800852],[-85.7341271,35.0802812],[-85.7341911,35.0804202],[-85.7344361,35.0804652],[-85.73451,35.0805362],[-85.7349111,35.0805462],[-85.7351621,35.0804512],[-85.7351981,35.0803722],[-85.735324,35.0803212],[-85.7354321,35.0804262],[-85.7355741,35.0803932],[-85.7355881,35.0802552],[-85.735435,35.0801872],[-85.7355361,35.0800012],[-85.735641,35.0800022],[-85.7356891,35.0801222]]]}},{"type":"Feature","properties":{"id":207,"kind":"landcover","class":"vegetation","role":"fill"},"geometry":{"type":"Polygon","coordinates":[[[-85.734747,35.0819652],[-85.7348591,35.0819892],[-85.73486507446808,35.082],[-85.73470150980391,35.082],[-85.734747,35.0819652]]]}},{"type":"Feature","properties":{"id":208,"kind":"landcover","class":"vegetation","role":"fill"},"geometry":{"type":"Polygon","coordinates":[[[-85.7367091,35.0815831],[-85.736781,35.0814362],[-85.736922,35.0814021],[-85.73696,35.0812152],[-85.7370501,35.0811452],[-85.737093,35.0809762],[-85.7370731,35.0808812],[-85.7369261,35.0808402],[-85.7369071,35.0807712],[-85.73682,35.0807422],[-85.736792,35.0806492],[-85.7367021,35.0806002],[-85.736589,35.0801452],[-85.7365901,35.0799202],[-85.736682,35.0798542],[-85.7367221,35.0796232],[-85.7367091,35.0786952],[-85.73673,35.0786182],[-85.7368151,35.0785722],[-85.7368671,35.0784212],[-85.736961,35.0783982],[-85.7371251,35.0792442],[-85.737213,35.0793752],[-85.737334,35.0794452],[-85.7393111,35.0796572],[-85.74,35.07968861864521],[-85.74,35.08068806185201],[-85.739341,35.0807782],[-85.73897,35.0811162],[-85.7388171,35.0811472],[-85.7386841,35.0816212],[-85.7387421,35.0816932],[-85.739056,35.0817562],[-85.7398361,35.0818102],[-85.74,35.08189665078847],[-85.74,35.082],[-85.73831719358323,35.082],[-85.7382931,35.0819882],[-85.7379141,35.0818432],[-85.737726,35.0818311],[-85.73762,35.0818821],[-85.7375740701609,35.082],[-85.73729600294118,35.082],[-85.7372211,35.0818041],[-85.737074,35.0817831],[-85.737016,35.0818592],[-85.73700018764397,35.082],[-85.73672350525456,35.082],[-85.7367091,35.0815831]]]}},{"type":"Feature","properties":{"id":209,"kind":"landcover","class":"vegetation","role":"fill"},"geometry":{"type":"Polygon","coordinates":[[[-85.7364211,35.0820382],[-85.736442,35.0821432],[-85.7364201,35.0823232],[-85.7363561,35.0823882],[-85.7363151,35.0828441],[-85.736235,35.0829572],[-85.7361721,35.0829562],[-85.736091,35.0828962],[-85.7360251,35.0827012],[-85.7358091,35.0826572],[-85.735507,35.0826932],[-85.7353721,35.0827792],[-85.7353671,35.0828412],[-85.7354171,35.0829192],[-85.7356561,35.0829832],[-85.7357911,35.0831782],[-85.7360401,35.0832551],[-85.735971,35.0833242],[-85.735953,35.0834662],[-85.736064,35.0835601],[-85.73614,35.0835612],[-85.7362351,35.0834512],[-85.7362771,35.0830082],[-85.7363141,35.0829712],[-85.7363791,35.0834282],[-85.7364641,35.0834942],[-85.736492,35.0835902],[-85.736481,35.0837552],[-85.7364181,35.0837901],[-85.7363981,35.0838782],[-85.736506,35.0840031],[-85.736503,35.0841842],[-85.73636,35.0843461],[-85.73628,35.0842561],[-85.7361021,35.0842232],[-85.736044,35.0840882],[-85.7358461,35.0840421],[-85.735816,35.0839491],[-85.7358611,35.0838882],[-85.736043,35.0838342],[-85.736105,35.0839802],[-85.7362201,35.0840152],[-85.7362971,35.0839332],[-85.7362581,35.0838091],[-85.7360891,35.0837712],[-85.7359861,35.0836772],[-85.735647,35.0836571],[-85.7355781,35.0835952],[-85.7354681,35.0835812],[-85.7354041,35.0836221],[-85.7353731,35.0837601],[-85.7354681,35.0839642],[-85.735469,35.0841112],[-85.7353401,35.0843781],[-85.7352841,35.0844081],[-85.735256,35.0845701],[-85.7353441,35.0846742],[-85.7357271,35.0847611],[-85.7358611,35.0848402],[-85.7360341,35.0848522],[-85.7362841,35.0847231],[-85.7363751,35.0844022],[-85.736421,35.0848492],[-85.736406,35.0849842],[-85.736316,35.0851212],[-85.736147,35.0851062],[-85.736036,35.0849911],[-85.7356821,35.0849821],[-85.7355151,35.0849152],[-85.7353881,35.0849762],[-85.7354381,35.0869242],[-85.735468,35.0870101],[-85.735914,35.0870812],[-85.7360401,35.0870652],[-85.7360881,35.0869641],[-85.736161,35.0869642],[-85.736277,35.0872432],[-85.736487,35.0873401],[-85.7365141,35.0874912],[-85.7364821,35.0875981],[-85.73632,35.0876642],[-85.736259,35.0878651],[-85.7362091,35.0878502],[-85.7361961,35.0876352],[-85.7361351,35.0875702],[-85.7356691,35.0875292],[-85.735561,35.0875862],[-85.73545,35.0878772],[-85.7354444414394,35.088],[-85.734,35.088],[-85.734,35.08438407632127],[-85.734181,35.0844101],[-85.735057,35.0846222],[-85.7351201,35.0842052],[-85.735092,35.0835781],[-85.73505,35.0834622],[-85.735123,35.0832232],[-85.735089,35.0828911],[-85.735018,35.0827932],[-85.7349061,35.0827681],[-85.73486,35.0826751],[-85.7347231,35.0826432],[-85.734694,35.0825442],[-85.7346191,35.0825001],[-85.7346261,35.0824472],[-85.7347871,35.0824052],[-85.7347891,35.0823101],[-85.734651,35.0822872],[-85.7346071,35.0823692],[-85.7345311,35.0823891],[-85.7344671,35.0822652],[-85.7342451,35.0822172],[-85.734223,35.0821742],[-85.734547,35.0821182],[-85.73470150980391,35.082],[-85.73486507446808,35.082],[-85.7349111,35.0820832],[-85.7350471,35.0820642],[-85.73505892340792,35.082],[-85.73638321833333,35.082],[-85.7364211,35.0820382]],[[-85.734467,35.0854872],[-85.734699,35.0858632],[-85.7348111,35.0861662],[-85.7349221,35.0862772],[-85.7350721,35.0862951],[-85.7351711,35.0861882],[-85.7352161,35.0856732],[-85.735171,35.0850331],[-85.735076,35.0848272],[-85.7344291,35.0846252],[-85.7342631,35.0846132],[-85.7341851,35.0846562],[-85.7341991,35.0848081],[-85.7343791,35.0849721],[-85.734467,35.0854872]]]}},{"type":"Feature","properties":{"id":210,"kind":"landcover","class":"vegetation","role":"fill"},"geometry":{"type":"Polygon","coordinates":[[[-85.7373561,35.0879482],[-85.7372691,35.0876782],[-85.7371381,35.0876122],[-85.737066,35.0872692],[-85.736957,35.0871172],[-85.736936,35.0865642],[-85.737036,35.0864242],[-85.737183,35.0864081],[-85.7372461,35.0863461],[-85.737214,35.0862342],[-85.7370651,35.0861842],[-85.7372331,35.0860582],[-85.7372751,35.0857741],[-85.737224,35.0856431],[-85.7372441,35.0855711],[-85.737389,35.0854982],[-85.7374541,35.0856552],[-85.7375971,35.0856932],[-85.737759,35.0856042],[-85.737961,35.0855801],[-85.7380041,35.0854982],[-85.7381111,35.0854792],[-85.7382021,35.0853992],[-85.738252,35.0852022],[-85.738434,35.0851152],[-85.7384871,35.0851261],[-85.7385021,35.0851991],[-85.7384201,35.0854952],[-85.738435,35.0857282],[-85.7385181,35.0857542],[-85.73861,35.0859042],[-85.738909,35.0859141],[-85.738992,35.0858292],[-85.7390211,35.0855721],[-85.7391191,35.0853001],[-85.7391121,35.0851412],[-85.739002,35.0850382],[-85.738985,35.0849012],[-85.7390291,35.0848182],[-85.739182,35.0847362],[-85.7391961,35.0846662],[-85.739093,35.0844482],[-85.738784,35.0843542],[-85.7387,35.0842252],[-85.737887,35.0839452],[-85.7375491,35.0837111],[-85.737149,35.0836282],[-85.7371321,35.0835732],[-85.7372791,35.0835302],[-85.7372511,35.0834172],[-85.737115,35.0834192],[-85.73706,35.0835731],[-85.736956,35.0836102],[-85.7368991,35.0835742],[-85.7368651,35.0834241],[-85.7367821,35.0833741],[-85.7367601,35.0831911],[-85.736845,35.0829542],[-85.73686,35.0825232],[-85.7368431,35.0822642],[-85.7367751,35.0822202],[-85.736726,35.0820722],[-85.73672350525456,35.082],[-85.73700018764397,35.082],[-85.7369731,35.0822412],[-85.737058,35.0830062],[-85.7374331,35.0830742],[-85.737586,35.0831492],[-85.737677,35.0836232],[-85.7377501,35.0837382],[-85.737889,35.0837451],[-85.737959,35.0835732],[-85.7380251,35.0835522],[-85.738076,35.0836412],[-85.738182,35.0836862],[-85.7382551,35.0838361],[-85.73932,35.0841312],[-85.7395481,35.0842662],[-85.74,35.08438675597382],[-85.74,35.088],[-85.73734177882353,35.088],[-85.7373561,35.0879482]]]}},{"type":"Feature","properties":{"id":211,"kind":"landcover","class":"vegetation","role":"fill"},"geometry":{"type":"Polygon","coordinates":[[[-85.7375401,35.0820872],[-85.737408,35.0821032],[-85.7373121,35.0820421],[-85.73729600294118,35.082],[-85.7375740701609,35.082],[-85.7375401,35.0820872]]]}},{"type":"Feature","properties":{"id":212,"kind":"landcover","class":"vegetation","role":"fill"},"geometry":{"type":"Polygon","coordinates":[[[-85.739938,35.0830812],[-85.7398081,35.0830932],[-85.739746,35.0827592],[-85.739655,35.0826552],[-85.73831719358323,35.082],[-85.74,35.082],[-85.74,35.08302603050848],[-85.739938,35.0830812]]]}},{"type":"Feature","properties":{"id":213,"kind":"landcover","class":"vegetation","role":"fill"},"geometry":{"type":"Polygon","coordinates":[[[-85.7354261,35.0884052],[-85.7353521,35.0885301],[-85.735311,35.0888322],[-85.735337,35.0891501],[-85.7354901,35.0895252],[-85.735932,35.0895922],[-85.736342,35.0895732],[-85.7365521,35.0896251],[-85.7366541,35.0897821],[-85.7368021,35.0898212],[-85.736796,35.0900731],[-85.7366941,35.0901741],[-85.736666,35.0903371],[-85.7367461,35.0908922],[-85.7367731,35.0932181],[-85.7368511,35.0935381],[-85.7367931,35.0937911],[-85.73678109104277,35.094],[-85.734,35.094],[-85.734,35.088],[-85.7354444414394,35.088],[-85.7354261,35.0884052]]]}},{"type":"Feature","properties":{"id":214,"kind":"landcover","class":"vegetation","role":"fill"},"geometry":{"type":"Polygon","coordinates":[[[-85.739733,35.0912122],[-85.7395691,35.0912701],[-85.7395011,35.0914981],[-85.739388,35.0915951],[-85.739328,35.0911382],[-85.7389911,35.0907781],[-85.738287,35.0906371],[-85.737708,35.0905791],[-85.7374151,35.0906061],[-85.737336,35.0907161],[-85.7373571,35.0912011],[-85.737475,35.0912062],[-85.7376191,35.0908211],[-85.7377031,35.0908581],[-85.7377261,35.0910052],[-85.737793,35.0910651],[-85.737656,35.0911702],[-85.737618,35.0913241],[-85.7376741,35.0915391],[-85.7377671,35.0916471],[-85.737439,35.0917131],[-85.737357,35.0918011],[-85.7374111,35.0919541],[-85.7377011,35.0920141],[-85.7376621,35.0920942],[-85.737477,35.0921521],[-85.7374671,35.0922491],[-85.737518,35.0923182],[-85.7377101,35.0923701],[-85.737786,35.0925252],[-85.737953,35.0925861],[-85.7380191,35.0927782],[-85.7381001,35.0928382],[-85.7380671,35.0929072],[-85.7379411,35.0929421],[-85.7379701,35.0931221],[-85.737865,35.0931562],[-85.737722,35.0933382],[-85.7376941,35.0928861],[-85.7375591,35.0928291],[-85.737515,35.0927251],[-85.7373771,35.0927491],[-85.7373721,35.0928611],[-85.737496,35.0929471],[-85.737399,35.0929971],[-85.737369,35.0932451],[-85.7374691,35.0933431],[-85.7375511,35.0937721],[-85.7376301,35.0939091],[-85.7378901,35.0939721],[-85.7381281,35.0939131],[-85.7384921,35.0935481],[-85.7385621,35.0933331],[-85.73881,35.0932611],[-85.7389361,35.0931341],[-85.7389811,35.0929872],[-85.738978,35.0924471],[-85.739072,35.0922112],[-85.7391681,35.0922081],[-85.739196,35.0922602],[-85.739155,35.0924291],[-85.739156,35.0930471],[-85.739095,35.0932261],[-85.7386431,35.0937661],[-85.73856140462563,35.094],[-85.73723514826048,35.094],[-85.7371891,35.0907051],[-85.737132,35.0901231],[-85.7370661,35.0900951],[-85.737041,35.0898991],[-85.737125,35.0896951],[-85.7371701,35.0886371],[-85.7372811,35.0884601],[-85.7372551,35.0883051],[-85.73716,35.0882771],[-85.7371241,35.0881922],[-85.7373091,35.0881182],[-85.73734177882353,35.088],[-85.74,35.088],[-85.74,35.08938597414024],[-85.7399761,35.0893932],[-85.74,35.08960089027349],[-85.74,35.08970063953815],[-85.7398661,35.0900211],[-85.74,35.090285342453356],[-85.74,35.09123207571885],[-85.739733,35.0912122]]]}},{"type":"Feature","properties":{"id":215,"kind":"landcover","class":"vegetation","role":"fill"},"geometry":{"type":"Polygon","coordinates":[[[-85.739286,35.0939181],[-85.74,35.09390724385965],[-85.74,35.094],[-85.73875644204546,35.094],[-85.739286,35.0939181]]]}},{"type":"Feature","properties":{"id":216,"kind":"landcover","class":"vegetation","role":"fill"},"geometry":{"type":"Polygon","coordinates":[[[-85.7367501,35.0945391],[-85.7367301,35.0945921],[-85.7366181,35.0945391],[-85.736505,35.0945581],[-85.7365,35.0948951],[-85.7364211,35.0953141],[-85.7362491,35.0954471],[-85.73622,35.0955401],[-85.7360441,35.0955721],[-85.735999,35.0956271],[-85.7360031,35.0957061],[-85.7360921,35.0958181],[-85.736195,35.0958371],[-85.7362471,35.0957921],[-85.736258,35.0956062],[-85.7363291,35.0956021],[-85.7363611,35.0957262],[-85.736498,35.0957671],[-85.736584,35.0958881],[-85.736708,35.0958981],[-85.736761,35.0960281],[-85.736809,35.0966771],[-85.7367471,35.0978471],[-85.7366931,35.0979791],[-85.736526,35.0980181],[-85.736465,35.0981311],[-85.7362071,35.0981821],[-85.7361431,35.0982361],[-85.7362091,35.0984321],[-85.7362311,35.0998611],[-85.7363761,35.0999221],[-85.7366481,35.0998151],[-85.7366941,35.0998391],[-85.736702,35.0999221],[-85.736684959375,35.1],[-85.73521104112582,35.1],[-85.7352611,35.0998721],[-85.735419,35.0997891],[-85.735463,35.0996481],[-85.7353861,35.0988391],[-85.735284,35.0987841],[-85.7351261,35.0987871],[-85.7345651,35.0989511],[-85.7341931,35.0991251],[-85.7341131,35.0992801],[-85.7341691,35.0995621],[-85.7346051,35.0998321],[-85.7346291,35.099899],[-85.73461438105483,35.1],[-85.734,35.1],[-85.734,35.094],[-85.73678109104277,35.094],[-85.7367501,35.0945391]],[[-85.7362231,35.0977861],[-85.736342,35.0978191],[-85.736405,35.0977831],[-85.7364361,35.0976341],[-85.736489,35.0975871],[-85.7365181,35.0973661],[-85.736666,35.0972721],[-85.736666,35.0971341],[-85.736554,35.0970841],[-85.7365161,35.0970111],[-85.736468,35.0961731],[-85.7364101,35.0959631],[-85.7363061,35.0959982],[-85.736167,35.0964631],[-85.735928,35.0965611],[-85.7358981,35.0968311],[-85.7357591,35.0969221],[-85.735571,35.0971991],[-85.7354791,35.0972421],[-85.7353601,35.0975021],[-85.735342,35.0977221],[-85.7354931,35.0978351],[-85.7355161,35.0979801],[-85.735372,35.0982571],[-85.7352111,35.0983911],[-85.735225,35.0985701],[-85.7355601,35.0986561],[-85.735755,35.0985851],[-85.7358,35.0984991],[-85.735838,35.0979491],[-85.7358511,35.0977781],[-85.7356761,35.0977301],[-85.7356331,35.0976651],[-85.7356781,35.0974851],[-85.735975,35.0974891],[-85.7360641,35.0976301],[-85.736182,35.0976821],[-85.7362231,35.0977861]]]}},{"type":"Feature","properties":{"id":217,"kind":"landcover","class":"vegetation","role":"fill"},"geometry":{"type":"Polygon","coordinates":[[[-85.738554,35.0940212],[-85.7382711,35.0941931],[-85.738,35.0945701],[-85.737845,35.0949801],[-85.737801,35.0954301],[-85.738016,35.0954521],[-85.7382081,35.0953821],[-85.738635,35.0953551],[-85.7387271,35.0953001],[-85.738826,35.0956571],[-85.7389651,35.0957321],[-85.7392511,35.0957441],[-85.7392911,35.0958471],[-85.739107,35.0959091],[-85.738898,35.0958241],[-85.7383001,35.0958651],[-85.7381761,35.0958011],[-85.7381441,35.0956841],[-85.7379891,35.0955261],[-85.7378221,35.0955592],[-85.7377251,35.0957021],[-85.7374801,35.0956341],[-85.737503,35.0949051],[-85.7375791,35.0948251],[-85.7376351,35.0944601],[-85.73781,35.0943901],[-85.737843,35.0942412],[-85.737804,35.0941391],[-85.7375471,35.0941111],[-85.7374021,35.0941312],[-85.737307,35.0942411],[-85.7372361,35.0940681],[-85.73723514826048,35.094],[-85.73856140462563,35.094],[-85.738554,35.0940212]]]}},{"type":"Feature","properties":{"id":218,"kind":"landcover","class":"vegetation","role":"fill"},"geometry":{"type":"Polygon","coordinates":[[[-85.7392111,35.0941391],[-85.73886,35.0940811],[-85.738717,35.0940061],[-85.73875644204546,35.094],[-85.74,35.094],[-85.74,35.094155359593685],[-85.7392111,35.0941391]]]}},{"type":"Feature","properties":{"id":219,"kind":"landcover","class":"vegetation","role":"fill"},"geometry":{"type":"Polygon","coordinates":[[[-85.739903,35.0946911],[-85.74,35.09456870029177],[-85.74,35.09531351666662],[-85.739903,35.0946911]]]}},{"type":"Feature","properties":{"id":220,"kind":"landcover","class":"vegetation","role":"fill"},"geometry":{"type":"Polygon","coordinates":[[[-85.739922,35.0973521],[-85.7399321,35.0962411],[-85.739969,35.0959731],[-85.74,35.09590939522433],[-85.74,35.097425864705876],[-85.739922,35.0973521]]]}},{"type":"Feature","properties":{"id":221,"kind":"landcover","class":"vegetation","role":"fill"},"geometry":{"type":"Polygon","coordinates":[[[-85.7346081,35.1000431],[-85.734426,35.1001021],[-85.7343421,35.1004651],[-85.734248,35.100438],[-85.734223,35.1001541],[-85.7341411,35.1000911],[-85.734,35.10010872831858],[-85.734,35.1],[-85.73461438105483,35.1],[-85.7346081,35.1000431]]]}},{"type":"Feature","properties":{"id":222,"kind":"landcover","class":"vegetation","role":"fill"},"geometry":{"type":"Polygon","coordinates":[[[-85.7342891,35.1022341],[-85.7345971,35.1022001],[-85.7349291,35.102055],[-85.7354721,35.101911],[-85.7355271,35.1019711],[-85.7355431,35.102144],[-85.735655,35.1021971],[-85.735716,35.1021461],[-85.73575,35.101935],[-85.735882,35.101883],[-85.7359141,35.1018191],[-85.735918,35.1016691],[-85.7358521,35.1015731],[-85.735848,35.1012231],[-85.7355861,35.1011431],[-85.734393,35.1012211],[-85.734206,35.1011821],[-85.734172,35.101068],[-85.7342401,35.1007271],[-85.7344861,35.1006801],[-85.734563,35.1005941],[-85.7346601,35.100589],[-85.7347581,35.1007081],[-85.7348831,35.1007331],[-85.734989,35.1008221],[-85.735038,35.100939],[-85.7352301,35.1009781],[-85.73555,35.1009531],[-85.7357071,35.1007741],[-85.73578,35.1007511],[-85.7364691,35.1006981],[-85.736926,35.1007631],[-85.737065,35.1008921],[-85.737063,35.1010861],[-85.73693,35.1011151],[-85.7368371,35.1012091],[-85.7368071,35.1017661],[-85.736787,35.1018501],[-85.7366751,35.1019441],[-85.7366461,35.1022111],[-85.736705,35.1026931],[-85.7369091,35.102827],[-85.736897,35.1029051],[-85.7367561,35.102996],[-85.736807,35.1032341],[-85.737139,35.1033341],[-85.737298,35.1033131],[-85.7373581,35.1032251],[-85.7372291,35.102716],[-85.737011,35.1026441],[-85.7369151,35.1025251],[-85.7369361,35.1024031],[-85.7369921,35.102426],[-85.7370251,35.1025201],[-85.737353,35.1026071],[-85.737424,35.1026971],[-85.7378311,35.1027261],[-85.7378801,35.1028901],[-85.737666,35.1030041],[-85.7376131,35.103094],[-85.737677,35.103231],[-85.7379101,35.103231],[-85.73837,35.1030811],[-85.7384291,35.1029421],[-85.738298,35.1027901],[-85.738387,35.1026681],[-85.73836,35.1024411],[-85.738105,35.1022841],[-85.7381821,35.1020621],[-85.738249,35.1020451],[-85.738866,35.1027091],[-85.73923,35.1028991],[-85.7393791,35.1032861],[-85.7395531,35.1033851],[-85.7396981,35.1036381],[-85.739918,35.1038261],[-85.74,35.10393746468266],[-85.74,35.104379152631566],[-85.739973,35.1042811],[-85.739657,35.103897],[-85.7394481,35.1037131],[-85.7392391,35.1036291],[-85.739126,35.1034391],[-85.738835,35.1032331],[-85.738067,35.1033681],[-85.7379611,35.1034861],[-85.7379701,35.1036791],[-85.7378551,35.1037291],[-85.737781,35.103717],[-85.737677,35.1035241],[-85.7373931,35.1034381],[-85.7368961,35.103559],[-85.7365151,35.1035561],[-85.7363991,35.103962],[-85.736086,35.1040861],[-85.736119,35.1041721],[-85.736268,35.1042341],[-85.7362421,35.1043221],[-85.7361091,35.1043701],[-85.7359961,35.1043661],[-85.735948,35.1042831],[-85.73586,35.1042611],[-85.735487,35.1043291],[-85.735113,35.1042931],[-85.735019,35.1042481],[-85.7349091,35.1040431],[-85.734713,35.1039791],[-85.7346611,35.103797],[-85.7341301,35.1038041],[-85.734,35.103777237494135],[-85.734,35.10344303995652],[-85.734115,35.1034571],[-85.7343741,35.1032261],[-85.7345401,35.103202],[-85.7351051,35.1033991],[-85.7356001,35.1034161],[-85.735828,35.103279],[-85.7359781,35.1031231],[-85.7361371,35.1030601],[-85.7361921,35.1027991],[-85.7361271,35.102514],[-85.736022,35.1024311],[-85.7357741,35.1024011],[-85.7355861,35.1024111],[-85.7354521,35.102513],[-85.7353261,35.1025271],[-85.7349621,35.1024151],[-85.734,35.102436946812226],[-85.734,35.10223307012723],[-85.7342891,35.1022341]]]}},{"type":"Feature","properties":{"id":223,"kind":"landcover","class":"vegetation","role":"fill"},"geometry":{"type":"Polygon","coordinates":[[[-85.7341231,35.1043461],[-85.734229,35.1044921],[-85.734639,35.1047981],[-85.734719,35.104784],[-85.7348261,35.104581],[-85.7355271,35.1045411],[-85.735598,35.104659],[-85.7355711,35.1047641],[-85.7352241,35.1049361],[-85.7351921,35.1051621],[-85.735261,35.1052721],[-85.7354911,35.105394],[-85.7355671,35.105567],[-85.7356701,35.1056071],[-85.7355901,35.1058821],[-85.73561328909805,35.106],[-85.734,35.106],[-85.734,35.10429534036679],[-85.7341231,35.1043461]]]}},{"type":"Feature","properties":{"id":224,"kind":"landcover","class":"vegetation","role":"fill"},"geometry":{"type":"Polygon","coordinates":[[[-85.736681,35.1000181],[-85.7366021,35.1000511],[-85.736535,35.100158],[-85.736536,35.1002561],[-85.736617,35.1003471],[-85.7365431,35.1004461],[-85.736225,35.1003741],[-85.73615,35.1001801],[-85.7359111,35.1001001],[-85.7357401,35.1001121],[-85.7356111,35.1002331],[-85.7353281,35.1002211],[-85.7352481,35.1001731],[-85.735202,35.1000231],[-85.73521104112582,35.1],[-85.736684959375,35.1],[-85.736681,35.1000181]]]}},{"type":"Feature","properties":{"id":225,"kind":"landcover","class":"vegetation","role":"fill"},"geometry":{"type":"Polygon","coordinates":[[[-85.7399011,35.1026751],[-85.739835,35.10279],[-85.7397441,35.1027451],[-85.739625,35.102547],[-85.7393861,35.1024541],[-85.7393671,35.1023481],[-85.7392481,35.1022521],[-85.7392401,35.1020451],[-85.73932,35.1018691],[-85.73944,35.1018571],[-85.7395721,35.101939],[-85.739875,35.1022921],[-85.74,35.10231198636364],[-85.74,35.1026219378128],[-85.7399011,35.1026751]]]}},{"type":"Feature","properties":{"id":226,"kind":"landcover","class":"vegetation","role":"fill"},"geometry":{"type":"Polygon","coordinates":[[[-85.7356601,35.106238],[-85.7357331,35.1064011],[-85.7359181,35.1066041],[-85.736304,35.106664],[-85.736351,35.1067631],[-85.7364461,35.1068251],[-85.7367771,35.106867],[-85.7368811,35.1067851],[-85.7369231,35.1064991],[-85.7370531,35.1066161],[-85.7371831,35.106623],[-85.7376,35.1065301],[-85.737927,35.1063641],[-85.7380171,35.1064161],[-85.7380581,35.1065201],[-85.738008,35.1065921],[-85.737356,35.1066861],[-85.7370641,35.1068281],[-85.7370621,35.1071271],[-85.7371911,35.107272],[-85.7371231,35.1076201],[-85.737008,35.1077721],[-85.7369811,35.10789],[-85.7372711,35.108409],[-85.737434,35.108423],[-85.737486,35.1083511],[-85.7376791,35.1082761],[-85.7378161,35.108325],[-85.7378081,35.108431],[-85.7375581,35.1084971],[-85.73742,35.1086041],[-85.7373891,35.1088101],[-85.7374611,35.1091001],[-85.737624,35.1091281],[-85.7377281,35.1090651],[-85.7378181,35.1093751],[-85.7379201,35.109412],[-85.7379741,35.109492],[-85.7379601,35.1095361],[-85.737725,35.109587],[-85.737709,35.109686],[-85.737766,35.1099621],[-85.737952,35.110238],[-85.7380391,35.1104971],[-85.738397,35.110625],[-85.7384771,35.1106131],[-85.7385131,35.1105491],[-85.7385021,35.11043],[-85.738382,35.1102611],[-85.738221,35.109819],[-85.738099,35.109721],[-85.738099,35.109599],[-85.7381561,35.1095641],[-85.7383481,35.1097631],[-85.738422,35.110044],[-85.738518,35.110162],[-85.738704,35.110612],[-85.738859,35.110743],[-85.738945,35.111555],[-85.7389401,35.111997],[-85.73893786857386,35.112],[-85.73873853089431,35.112],[-85.7387591,35.111945],[-85.738716,35.111591],[-85.738636,35.111358],[-85.7386251,35.111071],[-85.73845,35.110739],[-85.7382961,35.110709],[-85.7380151,35.1108181],[-85.7379561,35.110979],[-85.737992,35.1110731],[-85.738167,35.111096],[-85.7382521,35.111022],[-85.738283,35.1110581],[-85.7382231,35.1114801],[-85.7381101,35.111679],[-85.738179,35.1117851],[-85.73821755973742,35.112],[-85.734,35.112],[-85.734,35.106],[-85.73561328909805,35.106],[-85.7356601,35.106238]]]}},{"type":"Feature","properties":{"id":227,"kind":"landcover","class":"vegetation","role":"fill"},"geometry":{"type":"Polygon","coordinates":[[[-85.7398971,35.110825],[-85.739429,35.1106671],[-85.739183,35.11048],[-85.739225,35.1103961],[-85.739486,35.1103291],[-85.7395381,35.1102311],[-85.739312,35.109748],[-85.738748,35.109522],[-85.738632,35.1093651],[-85.738091,35.109256],[-85.7379761,35.1090031],[-85.737851,35.108952],[-85.738079,35.108834],[-85.7381251,35.108727],[-85.738249,35.108639],[-85.7382501,35.1085041],[-85.738146,35.1083081],[-85.7385151,35.108219],[-85.738455,35.108044],[-85.7386021,35.1078981],[-85.738596,35.107651],[-85.7386501,35.107589],[-85.7388591,35.1075491],[-85.7389911,35.1079411],[-85.739331,35.108409],[-85.7394561,35.10868],[-85.739539,35.108752],[-85.7397421,35.1087621],[-85.74,35.108714999489145],[-85.74,35.10929666660385],[-85.7396911,35.1092801],[-85.739586,35.109306],[-85.7395341,35.1093871],[-85.739582,35.1095371],[-85.739795,35.1098541],[-85.739614,35.1099621],[-85.739673,35.110231],[-85.7398011,35.11024],[-85.7398951,35.1100221],[-85.74,35.11014224977973],[-85.74,35.11084862141705],[-85.7398971,35.110825]]]}},{"type":"Feature","properties":{"id":228,"kind":"landcover","class":"vegetation","role":"fill"},"geometry":{"type":"Polygon","coordinates":[[[-85.734,35.117906023460755],[-85.734,35.112],[-85.73821755973742,35.112],[-85.738261,35.1122421],[-85.738484,35.112293],[-85.7386671,35.112191],[-85.73873853089431,35.112],[-85.73893786857386,35.112],[-85.738853,35.1121141],[-85.738755,35.1124861],[-85.738614,35.1126691],[-85.738538,35.1129601],[-85.738547,35.1136861],[-85.738644,35.114133],[-85.738909,35.114285],[-85.7390591,35.114302],[-85.74,35.114230847717174],[-85.74,35.11792689056559],[-85.734,35.117906023460755]],[[-85.739508,35.114642],[-85.739192,35.1147161],[-85.739126,35.1148861],[-85.7389171,35.114971],[-85.7388121,35.1151141],[-85.7388301,35.11552],[-85.738926,35.115873],[-85.738762,35.116027],[-85.738745,35.116112],[-85.738852,35.116239],[-85.738884,35.11676],[-85.7390181,35.116864],[-85.738981,35.117281],[-85.7389441,35.117343],[-85.7387411,35.117442],[-85.7387221,35.117564],[-85.7387711,35.117622],[-85.7390151,35.117706],[-85.739457,35.117716],[-85.7395071,35.117673],[-85.7395351,35.117514],[-85.7396991,35.117332],[-85.7397041,35.116375],[-85.73985,35.116209],[-85.7398711,35.116119],[-85.739881,35.115614],[-85.739784,35.114874],[-85.739854,35.114711],[-85.739803,35.114645],[-85.739508,35.114642]]]}},{"type":"Feature","properties":{"id":229,"kind":"landcover","class":"vegetation","role":"fill"},"geometry":{"type":"Polygon","coordinates":[[[-85.7298641,35.0671643],[-85.7299951,35.0672993],[-85.7300381,35.0674423],[-85.7301801,35.0674923],[-85.7303361,35.0676463],[-85.7304141,35.0679042],[-85.7309501,35.0684743],[-85.7310941,35.0685642],[-85.731319,35.0688772],[-85.7318601,35.0694132],[-85.732084,35.0696823],[-85.732197,35.0699273],[-85.7323302288764,35.07],[-85.73189793461539,35.07],[-85.731683,35.0697622],[-85.7315901,35.0697243],[-85.7314641,35.0697393],[-85.7313371,35.0698203],[-85.7311811,35.0699912],[-85.7311771631579,35.07],[-85.72900110748543,35.07],[-85.729006,35.0699712],[-85.7289551,35.0698382],[-85.7287801,35.0697172],[-85.728844,35.0696823],[-85.7291111,35.0697212],[-85.72929,35.0696842],[-85.7293081,35.0695803],[-85.7292211,35.0694632],[-85.7291981,35.0693332],[-85.729341,35.0692452],[-85.729338,35.0690992],[-85.7290451,35.0689972],[-85.7284721,35.0690153],[-85.7282781,35.0690742],[-85.7282441,35.0691412],[-85.7282651,35.0693072],[-85.7284041,35.0694713],[-85.7282851,35.0695933],[-85.7282941,35.0698432],[-85.7283711,35.0698783],[-85.72840879896744,35.07],[-85.728,35.07],[-85.728,35.067159364218575],[-85.7298641,35.0671643]]]}},{"type":"Feature","properties":{"id":230,"kind":"landcover","class":"vegetation","role":"fill"},"geometry":{"type":"Polygon","coordinates":[[[-85.7327361,35.0696722],[-85.732599,35.0694703],[-85.7323501,35.0692733],[-85.731622,35.0684462],[-85.7314441,35.0683933],[-85.7313931,35.0682353],[-85.7312411,35.0681792],[-85.731125,35.0679202],[-85.7308401,35.0676203],[-85.730613,35.0675283],[-85.730571,35.0674012],[-85.7304561,35.0673512],[-85.7304001,35.0671643],[-85.7327491,35.0671642],[-85.7327491,35.0672752],[-85.7328501,35.0673643],[-85.732851,35.0674363],[-85.7326401,35.0676953],[-85.7324941,35.0680383],[-85.732386,35.0681173],[-85.7323771,35.0682422],[-85.732395,35.0683012],[-85.7325461,35.0683453],[-85.7326711,35.0685762],[-85.7329271,35.0686663],[-85.7331191,35.0688372],[-85.733044,35.0689473],[-85.7327941,35.0690612],[-85.7327931,35.0691702],[-85.7328591,35.0692552],[-85.73380546403544,35.07],[-85.73307339227799,35.07],[-85.7327361,35.0696722]]]}},{"type":"Feature","properties":{"id":231,"kind":"landcover","class":"vegetation","role":"fill"},"geometry":{"type":"Polygon","coordinates":[[[-85.7323601,35.0700163],[-85.732811,35.0706542],[-85.733395,35.0712933],[-85.7335581,35.0713152],[-85.7336531,35.0711892],[-85.7338181,35.0713463],[-85.7338751,35.0715122],[-85.734,35.07157003151125],[-85.734,35.076],[-85.728,35.076],[-85.728,35.07],[-85.72840879896744,35.07],[-85.7284101,35.0700042],[-85.7284931,35.0700432],[-85.7285271,35.0702042],[-85.7286301,35.0702433],[-85.7289681,35.0701943],[-85.72900110748543,35.07],[-85.7311771631579,35.07],[-85.7311131,35.0701432],[-85.7311251,35.0703183],[-85.7312651,35.0703712],[-85.7313701,35.0705372],[-85.7311961,35.0706152],[-85.7311991,35.0707123],[-85.7314171,35.0707972],[-85.7314661,35.0708722],[-85.7315811,35.0708703],[-85.7316081,35.0707572],[-85.7314961,35.0707193],[-85.7314691,35.0706493],[-85.7315131,35.0706032],[-85.7318431,35.0706543],[-85.7319531,35.0704452],[-85.732126,35.0703282],[-85.732059,35.0701782],[-85.73189793461539,35.07],[-85.7323302288764,35.07],[-85.7323601,35.0700163]]]}},{"type":"Feature","properties":{"id":232,"kind":"landcover","class":"vegetation","role":"fill"},"geometry":{"type":"Polygon","coordinates":[[[-85.733999,35.0709572],[-85.7337351,35.0707363],[-85.73355,35.0706873],[-85.7334801,35.0705492],[-85.733359,35.0704722],[-85.7332691,35.0701902],[-85.73307339227799,35.07],[-85.73380546403544,35.07],[-85.734,35.0701531021689],[-85.734,35.070958440135286],[-85.733999,35.0709572]]]}},{"type":"Feature","properties":{"id":233,"kind":"landcover","class":"vegetation","role":"fill"},"geometry":{"type":"Polygon","coordinates":[[[-85.7302661,35.0801192],[-85.7299291,35.0801152],[-85.7296901,35.0800122],[-85.7293781,35.0799962],[-85.7291011,35.0798661],[-85.7287561,35.0798132],[-85.7285091,35.0796592],[-85.7282872,35.0794142],[-85.728,35.07934233353903],[-85.728,35.076],[-85.734,35.076],[-85.734,35.07815865340314],[-85.7338301,35.0781462],[-85.7336451,35.0780412],[-85.7334871,35.0780422],[-85.7334131,35.0780712],[-85.7332941,35.0782272],[-85.7332771,35.0784692],[-85.7333181,35.0786402],[-85.7332311,35.0788582],[-85.7333461,35.0790362],[-85.732452,35.0791602],[-85.7323221,35.0792371],[-85.7323241,35.0793392],[-85.7323811,35.0794302],[-85.7325191,35.0794702],[-85.7326201,35.0795762],[-85.7334121,35.0797212],[-85.733642,35.0798522],[-85.7336861,35.0799752],[-85.733874,35.0800212],[-85.733996,35.0798632],[-85.734,35.079839610256464],[-85.734,35.081790112218044],[-85.7335281,35.0816952],[-85.7333051,35.0817171],[-85.7332341,35.0818681],[-85.73323324378448,35.082],[-85.728,35.082],[-85.728,35.080901053303464],[-85.7280841,35.0809472],[-85.7282721,35.0811291],[-85.7284331,35.0811742],[-85.7284381,35.0812352],[-85.7283341,35.0812852],[-85.7283471,35.0814222],[-85.7284961,35.0815132],[-85.7286371,35.0815302],[-85.7287261,35.0814872],[-85.7288501,35.0812782],[-85.7289411,35.0812402],[-85.729493,35.0812372],[-85.7299871,35.0814122],[-85.7300601,35.0815122],[-85.7305881,35.0816412],[-85.7306251,35.0819042],[-85.7306891,35.0819551],[-85.7308181,35.0819412],[-85.730874,35.0818501],[-85.7309761,35.0818092],[-85.7310211,35.0815592],[-85.7315251,35.0804642],[-85.7315181,35.0803192],[-85.7312871,35.0802522],[-85.7310241,35.0803042],[-85.7304391,35.0802472],[-85.7303171,35.0802052],[-85.7302661,35.0801192]]]}},{"type":"Feature","properties":{"id":234,"kind":"landcover","class":"vegetation","role":"fill"},"geometry":{"type":"Polygon","coordinates":[[[-85.7280352,35.0805132],[-85.7280291,35.0806322],[-85.728,35.08064384],[-85.728,35.08050918948291],[-85.7280352,35.0805132]]]}},{"type":"Feature","properties":{"id":235,"kind":"landcover","class":"vegetation","role":"fill"},"geometry":{"type":"Polygon","coordinates":[[[-85.7339701,35.0786462],[-85.733992,35.0785682],[-85.734,35.07856612702274],[-85.734,35.07865253349754],[-85.7339701,35.0786462]]]}},{"type":"Feature","properties":{"id":236,"kind":"landcover","class":"vegetation","role":"fill"},"geometry":{"type":"Polygon","coordinates":[[[-85.7332321,35.0821762],[-85.7314881,35.0821322],[-85.7310901,35.0821622],[-85.7311571,35.0822612],[-85.7314411,35.0823382],[-85.7314931,35.0823922],[-85.7314371,35.0825232],[-85.731138,35.0825802],[-85.7311081,35.0827302],[-85.7311511,35.0827651],[-85.7317501,35.0827572],[-85.7321521,35.0826581],[-85.7325241,35.0826572],[-85.7326751,35.0827102],[-85.7327681,35.0828142],[-85.7328021,35.0829691],[-85.7326041,35.0839782],[-85.7326411,35.0840482],[-85.732855,35.0841081],[-85.7328981,35.0841611],[-85.7327091,35.0845402],[-85.7328191,35.0846752],[-85.7329731,35.0847662],[-85.7333051,35.0847852],[-85.733375,35.0847141],[-85.733364,35.0846162],[-85.7332131,35.0845421],[-85.7331681,35.0844442],[-85.7331711,35.0843142],[-85.7332601,35.0842811],[-85.7333521,35.0841502],[-85.7333971,35.0842402],[-85.733572,35.0842672],[-85.7336531,35.0843342],[-85.734,35.08438407632127],[-85.734,35.088],[-85.728,35.088],[-85.728,35.082],[-85.73323324378448,35.082],[-85.7332321,35.0821762]]]}},{"type":"Feature","properties":{"id":237,"kind":"landcover","class":"vegetation","role":"fill"},"geometry":{"type":"Polygon","coordinates":[[[-85.734,35.088],[-85.734,35.094],[-85.728,35.094],[-85.728,35.088],[-85.734,35.088]]]}},{"type":"Feature","properties":{"id":238,"kind":"landcover","class":"vegetation","role":"fill"},"geometry":{"type":"Polygon","coordinates":[[[-85.7328801,35.0999531],[-85.732476,35.0999391],[-85.73231740473054,35.1],[-85.728,35.1],[-85.728,35.094],[-85.734,35.094],[-85.734,35.1],[-85.73295746825,35.1],[-85.7328801,35.0999531]]]}},{"type":"Feature","properties":{"id":239,"kind":"landcover","class":"vegetation","role":"fill"},"geometry":{"type":"Polygon","coordinates":[[[-85.7320411,35.1001061],[-85.7320431,35.1003791],[-85.7321201,35.1006161],[-85.7323101,35.1008541],[-85.7322791,35.1009111],[-85.732113,35.100984],[-85.7319841,35.1011861],[-85.7318211,35.1016911],[-85.7317821,35.102015],[-85.7318671,35.1021161],[-85.7320481,35.1021871],[-85.7323241,35.1022271],[-85.734,35.10223307012723],[-85.734,35.102436946812226],[-85.7338171,35.1024411],[-85.7314601,35.102385],[-85.7314301,35.1022991],[-85.731488,35.1022081],[-85.7315101,35.1018791],[-85.7315901,35.1017451],[-85.7316421,35.1014261],[-85.7316231,35.1012541],[-85.7315391,35.101219],[-85.7313271,35.101268],[-85.7312131,35.1013581],[-85.7312351,35.1019621],[-85.7310671,35.1021721],[-85.7306161,35.1023441],[-85.7301081,35.1024641],[-85.7298521,35.1025941],[-85.7296351,35.1026141],[-85.72955,35.1027311],[-85.7295651,35.1028101],[-85.7296481,35.102876],[-85.7301341,35.1030281],[-85.7306491,35.1029631],[-85.7314211,35.1030031],[-85.7317501,35.1031151],[-85.7320131,35.1033371],[-85.7323581,35.1033811],[-85.732513,35.1034581],[-85.7335171,35.103384],[-85.734,35.10344303995652],[-85.734,35.103777237494135],[-85.733917,35.1037601],[-85.7335061,35.1038701],[-85.733439,35.1039281],[-85.7332021,35.103851],[-85.7330261,35.1038771],[-85.73301,35.103949],[-85.7330721,35.1040091],[-85.733616,35.104137],[-85.734,35.10429534036679],[-85.734,35.106],[-85.728,35.106],[-85.728,35.1],[-85.73231740473054,35.1],[-85.7320411,35.1001061]]]}},{"type":"Feature","properties":{"id":240,"kind":"landcover","class":"vegetation","role":"fill"},"geometry":{"type":"Polygon","coordinates":[[[-85.733949,35.1001151],[-85.7335341,35.1002721],[-85.7333861,35.1005051],[-85.7332821,35.1004541],[-85.7333471,35.1003311],[-85.733342,35.1002331],[-85.73295746825,35.1],[-85.734,35.1],[-85.734,35.10010872831858],[-85.733949,35.1001151]]]}},{"type":"Feature","properties":{"id":241,"kind":"landcover","class":"vegetation","role":"fill"},"geometry":{"type":"Polygon","coordinates":[[[-85.734,35.106],[-85.734,35.112],[-85.728,35.112],[-85.728,35.106],[-85.734,35.106]]]}},{"type":"Feature","properties":{"id":242,"kind":"landcover","class":"vegetation","role":"fill"},"geometry":{"type":"Polygon","coordinates":[[[-85.728,35.11788515635592],[-85.728,35.112],[-85.734,35.112],[-85.734,35.117906023460755],[-85.728,35.11788515635592]]]}},{"type":"Feature","properties":{"id":243,"kind":"landcover","class":"vegetation","role":"fill"},"geometry":{"type":"Polygon","coordinates":[[[-85.728,35.067159364218575],[-85.728,35.07],[-85.722,35.07],[-85.722,35.06714347736243],[-85.728,35.067159364218575]]]}},{"type":"Feature","properties":{"id":244,"kind":"landcover","class":"vegetation","role":"fill"},"geometry":{"type":"Polygon","coordinates":[[[-85.728,35.07],[-85.728,35.076],[-85.722,35.076],[-85.722,35.07],[-85.728,35.07]]]}},{"type":"Feature","properties":{"id":245,"kind":"landcover","class":"vegetation","role":"fill"},"geometry":{"type":"Polygon","coordinates":[[[-85.7279631,35.0793331],[-85.7277931,35.0792322],[-85.7276611,35.0792282],[-85.7273471,35.0793352],[-85.7272651,35.0795621],[-85.7271831,35.0802842],[-85.7273681,35.0804622],[-85.7276771,35.0805732],[-85.7278332,35.0805812],[-85.7279211,35.0805002],[-85.728,35.08050918948291],[-85.728,35.08064384],[-85.7278591,35.0807002],[-85.7278162,35.0808002],[-85.728,35.080901053303464],[-85.728,35.082],[-85.722,35.082],[-85.722,35.076],[-85.728,35.076],[-85.728,35.07934233353903],[-85.7279631,35.0793331]]]}},{"type":"Feature","properties":{"id":246,"kind":"landcover","class":"vegetation","role":"fill"},"geometry":{"type":"Polygon","coordinates":[[[-85.728,35.082],[-85.728,35.088],[-85.722,35.088],[-85.722,35.082],[-85.728,35.082]]]}},{"type":"Feature","properties":{"id":247,"kind":"landcover","class":"vegetation","role":"fill"},"geometry":{"type":"Polygon","coordinates":[[[-85.728,35.088],[-85.728,35.094],[-85.722,35.094],[-85.722,35.088],[-85.728,35.088]]]}},{"type":"Feature","properties":{"id":248,"kind":"landcover","class":"vegetation","role":"fill"},"geometry":{"type":"Polygon","coordinates":[[[-85.728,35.094],[-85.728,35.1],[-85.722,35.1],[-85.722,35.094],[-85.728,35.094]]]}},{"type":"Feature","properties":{"id":249,"kind":"landcover","class":"vegetation","role":"fill"},"geometry":{"type":"Polygon","coordinates":[[[-85.728,35.1],[-85.728,35.106],[-85.722,35.106],[-85.722,35.1],[-85.728,35.1]]]}},{"type":"Feature","properties":{"id":250,"kind":"landcover","class":"vegetation","role":"fill"},"geometry":{"type":"Polygon","coordinates":[[[-85.728,35.106],[-85.728,35.112],[-85.722,35.112],[-85.722,35.106],[-85.728,35.106]]]}},{"type":"Feature","properties":{"id":251,"kind":"landcover","class":"vegetation","role":"fill"},"geometry":{"type":"Polygon","coordinates":[[[-85.722,35.11786428925108],[-85.722,35.112],[-85.728,35.112],[-85.728,35.11788515635592],[-85.722,35.11786428925108]]]}},{"type":"Feature","properties":{"id":252,"kind":"landcover","class":"vegetation","role":"fill"},"geometry":{"type":"Polygon","coordinates":[[[-85.7173632,35.0671312],[-85.722,35.06714347736243],[-85.722,35.07],[-85.71731825673756,35.07],[-85.7173632,35.0671312]]]}},{"type":"Feature","properties":{"id":253,"kind":"landcover","class":"vegetation","role":"fill"},"geometry":{"type":"Polygon","coordinates":[[[-85.71731825673756,35.07],[-85.722,35.07],[-85.722,35.076],[-85.71722425939559,35.076],[-85.71731825673756,35.07]]]}},{"type":"Feature","properties":{"id":254,"kind":"landcover","class":"vegetation","role":"fill"},"geometry":{"type":"Polygon","coordinates":[[[-85.71722425939559,35.076],[-85.722,35.076],[-85.722,35.082],[-85.71713026205362,35.082],[-85.71722425939559,35.076]]]}},{"type":"Feature","properties":{"id":255,"kind":"landcover","class":"vegetation","role":"fill"},"geometry":{"type":"Polygon","coordinates":[[[-85.71713026205362,35.082],[-85.722,35.082],[-85.722,35.088],[-85.71703626471165,35.088],[-85.71713026205362,35.082]]]}},{"type":"Feature","properties":{"id":256,"kind":"landcover","class":"vegetation","role":"fill"},"geometry":{"type":"Polygon","coordinates":[[[-85.71703626471165,35.088],[-85.722,35.088],[-85.722,35.094],[-85.71694226736969,35.094],[-85.71703626471165,35.088]]]}},{"type":"Feature","properties":{"id":257,"kind":"landcover","class":"vegetation","role":"fill"},"geometry":{"type":"Polygon","coordinates":[[[-85.71694226736969,35.094],[-85.722,35.094],[-85.722,35.1],[-85.71684827002773,35.1],[-85.71694226736969,35.094]]]}},{"type":"Feature","properties":{"id":258,"kind":"landcover","class":"vegetation","role":"fill"},"geometry":{"type":"Polygon","coordinates":[[[-85.71684827002773,35.1],[-85.722,35.1],[-85.722,35.106],[-85.71675427268575,35.106],[-85.71684827002773,35.1]]]}},{"type":"Feature","properties":{"id":259,"kind":"landcover","class":"vegetation","role":"fill"},"geometry":{"type":"Polygon","coordinates":[[[-85.71675427268575,35.106],[-85.722,35.106],[-85.722,35.112],[-85.71666027534378,35.112],[-85.71675427268575,35.106]]]}},{"type":"Feature","properties":{"id":260,"kind":"landcover","class":"vegetation","role":"fill"},"geometry":{"type":"Polygon","coordinates":[[[-85.7165687,35.1178454],[-85.71666027534378,35.112],[-85.722,35.112],[-85.722,35.11786428925108],[-85.7165687,35.1178454]]]}},{"type":"Feature","properties":{"id":261,"kind":"landcover","class":"vegetation","role":"fill"},"geometry":{"type":"Polygon","coordinates":[[[-85.737731,35.0958061],[-85.737825,35.0958151],[-85.737853,35.0958561],[-85.7377301,35.0958761],[-85.737731,35.0958061]]]}},{"type":"Feature","properties":{"id":262,"kind":"landcover","class":"vegetation","role":"fill"},"geometry":{"type":"Polygon","coordinates":[[[-85.7397701,35.0985611],[-85.739713,35.0985351],[-85.739712,35.0984651],[-85.739857,35.0984441],[-85.739907,35.0985191],[-85.7397701,35.0985611]]]}},{"type":"Feature","properties":{"id":263,"kind":"landcover","class":"vegetation","role":"fill"},"geometry":{"type":"Polygon","coordinates":[[[-85.740426,35.1037681],[-85.7404271,35.103708],[-85.7405021,35.1037171],[-85.7405011,35.1037601],[-85.740426,35.1037681]]]}},{"type":"Feature","properties":{"id":264,"kind":"landcover","class":"vegetation","role":"fill"},"geometry":{"type":"Polygon","coordinates":[[[-85.737966,35.104868],[-85.7379431,35.1047961],[-85.7380281,35.1047851],[-85.738042,35.1048571],[-85.737966,35.104868]]]}},{"type":"Feature","properties":{"id":265,"kind":"landcover","class":"vegetation","role":"fill"},"geometry":{"type":"Polygon","coordinates":[[[-85.7379891,35.1053081],[-85.737969,35.105177],[-85.7381081,35.105146],[-85.738146,35.105304],[-85.7379891,35.1053081]]]}},{"type":"Feature","properties":{"id":266,"kind":"landcover","class":"vegetation","role":"fill"},"geometry":{"type":"Polygon","coordinates":[[[-85.7382691,35.106981],[-85.7383301,35.107101],[-85.738241,35.1071621],[-85.7380811,35.1071321],[-85.738074,35.107087],[-85.7381871,35.1070601],[-85.7382691,35.106981]]]}},{"type":"Feature","properties":{"id":267,"kind":"landcover","class":"vegetation","role":"fill"},"geometry":{"type":"Polygon","coordinates":[[[-85.747813,35.1090101],[-85.747907,35.109023],[-85.7478869,35.1090831],[-85.747805,35.109094],[-85.747813,35.1090101]]]}},{"type":"Feature","properties":{"id":268,"kind":"landcover","class":"vegetation","role":"fill"},"geometry":{"type":"Polygon","coordinates":[[[-85.746015,35.1092861],[-85.746027,35.109225],[-85.746089,35.1092361],[-85.7460781,35.1092971],[-85.746015,35.1092861]]]}},{"type":"Feature","properties":{"id":269,"kind":"landcover","class":"vegetation","role":"fill"},"geometry":{"type":"Polygon","coordinates":[[[-85.746997,35.1096201],[-85.747117,35.1094201],[-85.747265,35.109401],[-85.747369,35.109577],[-85.747375,35.109873],[-85.747038,35.1098731],[-85.746979,35.109771],[-85.746997,35.1096201]]]}},{"type":"Feature","properties":{"id":270,"kind":"landcover","class":"vegetation","role":"fill"},"geometry":{"type":"Polygon","coordinates":[[[-85.739059,35.110302],[-85.7390751,35.110244],[-85.739162,35.110275],[-85.739161,35.110327],[-85.739059,35.110302]]]}},{"type":"Feature","properties":{"id":271,"kind":"landcover","class":"vegetation","role":"fill"},"geometry":{"type":"Polygon","coordinates":[[[-85.7464241,35.110591],[-85.746487,35.110603],[-85.746475,35.110675],[-85.746413,35.110663],[-85.7464241,35.110591]]]}},{"type":"Feature","properties":{"id":272,"kind":"landcover","class":"vegetation","role":"fill"},"geometry":{"type":"Polygon","coordinates":[[[-85.7580609,35.1106901],[-85.7581849,35.110661],[-85.7582169,35.1107841],[-85.7580959,35.110797],[-85.7580609,35.1106901]]]}},{"type":"Feature","properties":{"id":273,"kind":"landcover","class":"vegetation","role":"fill"},"geometry":{"type":"Polygon","coordinates":[[[-85.741389,35.114913],[-85.741379,35.114862],[-85.741442,35.114854],[-85.741452,35.114905],[-85.741389,35.114913]]]}},{"type":"Feature","properties":{"id":274,"kind":"landcover","class":"vegetation","role":"fill"},"geometry":{"type":"Polygon","coordinates":[[[-85.740701,35.115647],[-85.7407021,35.115563],[-85.740803,35.115576],[-85.740802,35.115636],[-85.740701,35.115647]]]}},{"type":"Feature","properties":{"id":275,"kind":"landcover","class":"vegetation","role":"fill"},"geometry":{"type":"Polygon","coordinates":[[[-85.7391511,35.115729],[-85.739152,35.115669],[-85.7392151,35.115678],[-85.7392141,35.115721],[-85.7391511,35.115729]]]}},{"type":"Feature","properties":{"id":276,"kind":"landcover","class":"vegetation","role":"fill"},"geometry":{"type":"Polygon","coordinates":[[[-85.7417061,35.117629],[-85.741641,35.117592],[-85.741642,35.117472],[-85.7416801,35.117436],[-85.741745,35.117473],[-85.7417061,35.117629]]]}},{"type":"Feature","properties":{"id":277,"kind":"landcover","class":"vegetation","role":"fill"},"geometry":{"type":"Polygon","coordinates":[[[-85.7409951,35.11791],[-85.7411041,35.117928],[-85.740654,35.117928],[-85.740893,35.117881],[-85.7409951,35.11791]]]}},{"type":"Feature","properties":{"id":278,"kind":"landcover","class":"vegetation","role":"fill"},"geometry":{"type":"Polygon","coordinates":[[[-85.7529899,35.117928],[-85.7530119,35.117925],[-85.753049,35.117925],[-85.753068,35.117928],[-85.7529899,35.117928]]]}},{"type":"Feature","properties":{"id":279,"kind":"landcover","class":"vegetation","role":"fill"},"geometry":{"type":"Polygon","coordinates":[[[-85.7339981,35.0671643],[-85.7339871,35.0671723],[-85.7339111,35.0671913],[-85.7336951,35.0671643],[-85.7339981,35.0671643]]]}},{"type":"Feature","properties":{"id":280,"kind":"landcover","class":"vegetation","role":"fill"},"geometry":{"type":"Polygon","coordinates":[[[-85.7372141,35.0676833],[-85.7371571,35.0677602],[-85.736875,35.0678512],[-85.7366871,35.0680963],[-85.736683,35.0682113],[-85.736766,35.0682562],[-85.7367961,35.0683912],[-85.7367441,35.0689053],[-85.7367961,35.0691453],[-85.73669,35.0692602],[-85.7364711,35.0692633],[-85.7362981,35.0692002],[-85.736246,35.0683302],[-85.7363611,35.0681252],[-85.736314,35.0677672],[-85.735706,35.0674413],[-85.7348951,35.0674863],[-85.734368,35.0674093],[-85.7343181,35.0673392],[-85.734345,35.0672583],[-85.735053,35.0672732],[-85.7352221,35.0672273],[-85.735267,35.0671643],[-85.7361981,35.0671933],[-85.7364501,35.0672653],[-85.7366201,35.0674492],[-85.7367631,35.0675073],[-85.737393,35.0674933],[-85.7375161,35.0676073],[-85.737481,35.0676593],[-85.7372141,35.0676833]]]}},{"type":"Feature","properties":{"id":281,"kind":"landcover","class":"vegetation","role":"fill"},"geometry":{"type":"Polygon","coordinates":[[[-85.7373491,35.0703512],[-85.7373221,35.0703023],[-85.73738,35.0702433],[-85.7375041,35.0702793],[-85.737522,35.0703593],[-85.7373491,35.0703512]]]}},{"type":"Feature","properties":{"id":282,"kind":"landcover","class":"vegetation","role":"fill"},"geometry":{"type":"Polygon","coordinates":[[[-85.7371231,35.0718312],[-85.737051,35.0717883],[-85.7366931,35.0718022],[-85.7366521,35.0717413],[-85.736825,35.0717072],[-85.7369471,35.0716103],[-85.7371591,35.0716383],[-85.7372101,35.0717153],[-85.7371861,35.0718082],[-85.7371231,35.0718312]]]}},{"type":"Feature","properties":{"id":283,"kind":"landcover","class":"vegetation","role":"fill"},"geometry":{"type":"Polygon","coordinates":[[[-85.7363641,35.0743242],[-85.7363631,35.0742102],[-85.736428,35.0742302],[-85.7364131,35.0743532],[-85.7363641,35.0743242]]]}},{"type":"Feature","properties":{"id":284,"kind":"landcover","class":"vegetation","role":"fill"},"geometry":{"type":"Polygon","coordinates":[[[-85.736852,35.0752912],[-85.736919,35.0756422],[-85.7370391,35.0759212],[-85.7369561,35.0761042],[-85.7369181,35.0769332],[-85.736824,35.0771442],[-85.7366611,35.0771012],[-85.736663,35.0767592],[-85.736615,35.0766092],[-85.7365081,35.0765643],[-85.7364701,35.0763833],[-85.736591,35.0761302],[-85.7365731,35.0753573],[-85.7366361,35.0752212],[-85.7366951,35.0752222],[-85.736852,35.0752912]]]}},{"type":"Feature","properties":{"id":285,"kind":"landcover","class":"vegetation","role":"fill"},"geometry":{"type":"Polygon","coordinates":[[[-85.7338251,35.0789362],[-85.733824,35.0788002],[-85.733962,35.0787912],[-85.7339511,35.0789342],[-85.7338251,35.0789362]]]}},{"type":"Feature","properties":{"id":286,"kind":"landcover","class":"vegetation","role":"fill"},"geometry":{"type":"Polygon","coordinates":[[[-85.735032,35.0800892],[-85.735032,35.0802022],[-85.7348531,35.0802192],[-85.7347791,35.0801402],[-85.734763,35.0799932],[-85.7349111,35.0799642],[-85.735032,35.0800892]]]}},{"type":"Feature","properties":{"id":287,"kind":"landcover","class":"vegetation","role":"fill"},"geometry":{"type":"Polygon","coordinates":[[[-85.7351221,35.0802142],[-85.7352101,35.0802282],[-85.7352091,35.0802881],[-85.7351061,35.0802772],[-85.7351221,35.0802142]]]}},{"type":"Feature","properties":{"id":288,"kind":"landcover","class":"vegetation","role":"fill"},"geometry":{"type":"Polygon","coordinates":[[[-85.7285091,35.0803362],[-85.7284132,35.0804902],[-85.7283031,35.0805502],[-85.7283271,35.0803812],[-85.7283941,35.0803302],[-85.7285091,35.0803362]]]}},{"type":"Feature","properties":{"id":289,"kind":"landcover","class":"vegetation","role":"fill"},"geometry":{"type":"Polygon","coordinates":[[[-85.7337031,35.0831912],[-85.7336611,35.0832602],[-85.7335521,35.0832072],[-85.7334461,35.0831971],[-85.7334161,35.0831512],[-85.7335931,35.0830242],[-85.7336151,35.0826252],[-85.733807,35.0825962],[-85.7338181,35.0828262],[-85.7337031,35.0831912]]]}},{"type":"Feature","properties":{"id":290,"kind":"landcover","class":"vegetation","role":"fill"},"geometry":{"type":"Polygon","coordinates":[[[-85.733497,35.0837832],[-85.73352,35.0836292],[-85.733626,35.0836552],[-85.733562,35.0838222],[-85.733497,35.0837832]]]}},{"type":"Feature","properties":{"id":291,"kind":"landcover","class":"vegetation","role":"fill"},"geometry":{"type":"Polygon","coordinates":[[[-85.7330981,35.0845591],[-85.733161,35.0845511],[-85.7331711,35.0846032],[-85.7331081,35.0846112],[-85.7330981,35.0845591]]]}},{"type":"Feature","properties":{"id":292,"kind":"landcover","class":"vegetation","role":"fill"},"geometry":{"type":"Polygon","coordinates":[[[-85.7360841,35.0853401],[-85.7361831,35.0853551],[-85.7361671,35.0854852],[-85.7360771,35.0854572],[-85.7360841,35.0853401]]]}},{"type":"Feature","properties":{"id":293,"kind":"landcover","class":"vegetation","role":"fill"},"geometry":{"type":"Polygon","coordinates":[[[-85.736418,35.0855981],[-85.7364541,35.0857022],[-85.7364031,35.0857502],[-85.7362861,35.0857532],[-85.7361861,35.0857162],[-85.7362181,35.0856702],[-85.736418,35.0855981]]]}},{"type":"Feature","properties":{"id":294,"kind":"landcover","class":"vegetation","role":"fill"},"geometry":{"type":"Polygon","coordinates":[[[-85.73641,35.0863092],[-85.7364001,35.0862572],[-85.7364631,35.0862492],[-85.736473,35.0863012],[-85.73641,35.0863092]]]}},{"type":"Feature","properties":{"id":295,"kind":"landcover","class":"vegetation","role":"fill"},"geometry":{"type":"Polygon","coordinates":[[[-85.7362191,35.0868351],[-85.736266,35.0867972],[-85.736423,35.0867982],[-85.7364701,35.0868382],[-85.7362191,35.0868351]]]}},{"type":"Feature","properties":{"id":296,"kind":"landcover","class":"vegetation","role":"fill"},"geometry":{"type":"Polygon","coordinates":[[[-85.736231,35.0881642],[-85.7362931,35.0881872],[-85.7362651,35.0883322],[-85.7362181,35.0882981],[-85.736231,35.0881642]]]}},{"type":"Feature","properties":{"id":297,"kind":"landcover","class":"vegetation","role":"fill"},"geometry":{"type":"Polygon","coordinates":[[[-85.7371751,35.0964011],[-85.7372031,35.0962001],[-85.7372881,35.0961601],[-85.737333,35.0959361],[-85.737417,35.0958931],[-85.7375341,35.0959711],[-85.7375851,35.0962712],[-85.737561,35.0968021],[-85.737457,35.0969291],[-85.7374391,35.0970451],[-85.737502,35.0982721],[-85.737546,35.0984581],[-85.737711,35.0985581],[-85.737684,35.0986351],[-85.737556,35.0987041],[-85.7375121,35.0987021],[-85.737469,35.0985991],[-85.737407,35.0981781],[-85.737336,35.0974961],[-85.737196,35.0972411],[-85.737223,35.0970641],[-85.7373401,35.0969781],[-85.7373451,35.0966601],[-85.73731,35.0965571],[-85.7372051,35.0965131],[-85.7371751,35.0964011]]]}},{"type":"Feature","properties":{"id":298,"kind":"landcover","class":"vegetation","role":"fill"},"geometry":{"type":"Polygon","coordinates":[[[-85.7368471,35.0982701],[-85.7369821,35.0983741],[-85.7370401,35.0986521],[-85.7369041,35.0986881],[-85.7368041,35.0988461],[-85.7365841,35.0988501],[-85.736519,35.0987831],[-85.736533,35.0986871],[-85.736685,35.0986341],[-85.736712,35.0984781],[-85.7365631,35.0984031],[-85.736527,35.0982661],[-85.736563,35.0981931],[-85.736705,35.0981571],[-85.736784,35.0980571],[-85.7368471,35.0982701]]]}},{"type":"Feature","properties":{"id":299,"kind":"landcover","class":"vegetation","role":"fill"},"geometry":{"type":"Polygon","coordinates":[[[-85.7364811,35.0996581],[-85.736482,35.0995981],[-85.736565,35.0995991],[-85.73659,35.0996381],[-85.7364811,35.0996581]]]}},{"type":"Feature","properties":{"id":300,"kind":"landcover","class":"vegetation","role":"fill"},"geometry":{"type":"Polygon","coordinates":[[[-85.7349301,35.1000511],[-85.734934,35.0998571],[-85.735007,35.0998991],[-85.7349791,35.1001001],[-85.7349301,35.1000511]]]}},{"type":"Feature","properties":{"id":301,"kind":"landcover","class":"vegetation","role":"fill"},"geometry":{"type":"Polygon","coordinates":[[[-85.7348321,35.100158],[-85.7349071,35.1001471],[-85.734919,35.1002191],[-85.734843,35.1002301],[-85.7348321,35.100158]]]}},{"type":"Feature","properties":{"id":302,"kind":"landcover","class":"vegetation","role":"fill"},"geometry":{"type":"Polygon","coordinates":[[[-85.7370331,35.1004171],[-85.7368661,35.1003521],[-85.736836,35.1001611],[-85.73688,35.1000961],[-85.7369771,35.1001001],[-85.7372461,35.1003341],[-85.7372951,35.1004871],[-85.737196,35.100515],[-85.7370331,35.1004171]]]}},{"type":"Feature","properties":{"id":303,"kind":"landcover","class":"vegetation","role":"fill"},"geometry":{"type":"Polygon","coordinates":[[[-85.7359801,35.1004811],[-85.7358421,35.1005001],[-85.735808,35.1004301],[-85.735843,35.1003871],[-85.735959,35.100372],[-85.7359801,35.1004811]]]}},{"type":"Feature","properties":{"id":304,"kind":"landcover","class":"vegetation","role":"fill"},"geometry":{"type":"Polygon","coordinates":[[[-85.7372641,35.1009031],[-85.737237,35.1008511],[-85.7374,35.1008451],[-85.737441,35.1008841],[-85.7372641,35.1009031]]]}},{"type":"Feature","properties":{"id":305,"kind":"landcover","class":"vegetation","role":"fill"},"geometry":{"type":"Polygon","coordinates":[[[-85.73695,35.1023081],[-85.7370011,35.1022701],[-85.737168,35.1022721],[-85.737218,35.1023111],[-85.73695,35.1023081]]]}},{"type":"Feature","properties":{"id":306,"kind":"landcover","class":"vegetation","role":"fill"},"geometry":{"type":"Polygon","coordinates":[[[-85.7375331,35.1024411],[-85.737595,35.1024521],[-85.7375841,35.1025141],[-85.737521,35.1025031],[-85.7375331,35.1024411]]]}},{"type":"Feature","properties":{"id":307,"kind":"landcover","class":"vegetation","role":"fill"},"geometry":{"type":"Polygon","coordinates":[[[-85.7339511,35.1030481],[-85.7340261,35.1030481],[-85.7340381,35.1031021],[-85.7339621,35.1031091],[-85.7339511,35.1030481]]]}},{"type":"Feature","properties":{"id":308,"kind":"landcover","class":"vegetation","role":"fill"},"geometry":{"type":"Polygon","coordinates":[[[-85.7344481,35.1040621],[-85.7344411,35.103977],[-85.7345231,35.1039781],[-85.734528,35.1040501],[-85.7344481,35.1040621]]]}},{"type":"Feature","properties":{"id":309,"kind":"landcover","class":"vegetation","role":"fill"},"geometry":{"type":"Polygon","coordinates":[[[-85.7346811,35.104506],[-85.734685,35.1044281],[-85.734791,35.104426],[-85.73481,35.1045021],[-85.7346811,35.104506]]]}},{"type":"Feature","properties":{"id":310,"kind":"landcover","class":"vegetation","role":"fill"},"geometry":{"type":"Polygon","coordinates":[[[-85.7371791,35.104779],[-85.737169,35.1047271],[-85.7372321,35.1047201],[-85.7372411,35.104771],[-85.7371791,35.104779]]]}},{"type":"Feature","properties":{"id":311,"kind":"landcover","class":"vegetation","role":"fill"},"geometry":{"type":"Polygon","coordinates":[[[-85.735948,35.1047021],[-85.736029,35.104735],[-85.735977,35.1048261],[-85.73593,35.1048001],[-85.735948,35.1047021]]]}},{"type":"Feature","properties":{"id":312,"kind":"landcover","class":"vegetation","role":"fill"},"geometry":{"type":"Polygon","coordinates":[[[-85.7376181,35.1047131],[-85.7375881,35.104794],[-85.7373141,35.1048811],[-85.7372631,35.1048241],[-85.7372951,35.104739],[-85.7375201,35.104673],[-85.7376181,35.1047131]]]}},{"type":"Feature","properties":{"id":313,"kind":"landcover","class":"vegetation","role":"fill"},"geometry":{"type":"Polygon","coordinates":[[[-85.737572,35.105336],[-85.737516,35.1055031],[-85.7373901,35.10551],[-85.7373411,35.1054441],[-85.737299,35.1053971],[-85.73728,35.1051681],[-85.7373461,35.105046],[-85.737624,35.1050451],[-85.7377421,35.105123],[-85.737764,35.1052311],[-85.737572,35.105336]]]}},{"type":"Feature","properties":{"id":314,"kind":"landcover","class":"vegetation","role":"fill"},"geometry":{"type":"Polygon","coordinates":[[[-85.736184,35.1056681],[-85.7361881,35.1055821],[-85.7362841,35.1055831],[-85.736231,35.1056951],[-85.736184,35.1056681]]]}},{"type":"Feature","properties":{"id":315,"kind":"landcover","class":"vegetation","role":"fill"},"geometry":{"type":"Polygon","coordinates":[[[-85.737872,35.106146],[-85.7378361,35.1061851],[-85.7374801,35.1062351],[-85.7368641,35.1061661],[-85.7368931,35.10609],[-85.737342,35.1059301],[-85.737434,35.1057821],[-85.737558,35.1057321],[-85.7375991,35.105654],[-85.7376731,35.1057221],[-85.737872,35.106146]]]}},{"type":"Feature","properties":{"id":316,"kind":"landcover","class":"vegetation","role":"fill"},"geometry":{"type":"Polygon","coordinates":[[[-85.7361851,35.106303],[-85.7362371,35.1063041],[-85.736247,35.1063551],[-85.7361741,35.106355],[-85.7361851,35.106303]]]}},{"type":"Feature","properties":{"id":317,"kind":"landcover","class":"vegetation","role":"fill"},"geometry":{"type":"Polygon","coordinates":[[[-85.7375091,35.1079251],[-85.7376211,35.1079051],[-85.737639,35.1079721],[-85.7375231,35.1080001],[-85.7375091,35.1079251]]]}}]}