{"type": "FeatureCollection", "name": "sfwda_paper_trails", "features": [{"type": "Feature", "geometry": {"type": "LineString", "coordinates": [[-85.7561514, 35.0904315], [-85.7561815, 35.0903331], [-85.7563598, 35.0903387], [-85.7564327, 35.0902389], [-85.7565385, 35.0902158], [-85.7567575, 35.0902416], [-85.7568142, 35.0902661], [-85.7568927, 35.0903624]]}, "properties": {"edge_id": 0, "difficulty": "easy", "marker_count": 1, "trail_number": 12, "source_name": "SFWDA AOP trail map 2015-03-11", "source_type": "community_raster", "confidence": "position high (mapping-system export)", "review_status": "raster trace (2015 vintage); needs review before core/publish"}}, {"type": "Feature", "geometry": {"type": "LineString", "coordinates": [[-85.757008, 35.0898115], [-85.7571707, 35.0898783]]}, "properties": {"edge_id": 1, "difficulty": "easy", "marker_count": 1, "trail_number": 15, "source_name": "SFWDA AOP trail map 2015-03-11", "source_type": "community_raster", "confidence": "position high (mapping-system export)", "review_status": "raster trace (2015 vintage); needs review before core/publish"}}, {"type": "Feature", "geometry": {"type": "LineString", "coordinates": [[-85.7524781, 35.0956296], [-85.7526435, 35.0957644], [-85.7527352, 35.0957993], [-85.7528779, 35.0957895], [-85.752962, 35.0957523], [-85.7530458, 35.0957542], [-85.7532046, 35.0958169]]}, "properties": {"edge_id": 2, "difficulty": null, "marker_count": 0, "trail_number": null, "source_name": "SFWDA AOP trail map 2015-03-11", "source_type": "community_raster", "confidence": "position high (mapping-system export)", "review_status": "raster trace (2015 vintage); needs review before core/publish"}}, {"type": "Feature", "geometry": {"type": "LineString", "coordinates": [[-85.7553087, 35.0889681], [-85.7555305, 35.0890111], [-85.7557211, 35.0890872]]}, "properties": {"edge_id": 3, "difficulty": "difficult", "marker_count": 1, "trail_number": 54, "source_name": "SFWDA AOP trail map 2015-03-11", "source_type": "community_raster", "confidence": "position high (mapping-system export)", "review_status": "raster trace (2015 vintage); needs review before core/publish"}}, {"type": "Feature", "geometry": {"type": "LineString", "coordinates": [[-85.7580457, 35.091963], [-85.7581593, 35.091961], [-85.7582737, 35.0920057], [-85.7583534, 35.092111], [-85.7583617, 35.0921842]]}, "properties": {"edge_id": 4, "difficulty": null, "marker_count": 0, "trail_number": null, "source_name": "SFWDA AOP trail map 2015-03-11", "source_type": "community_raster", "confidence": "position high (mapping-system export)", "review_status": "raster trace (2015 vintage); needs review before core/publish"}}, {"type": "Feature", "geometry": {"type": "LineString", "coordinates": [[-85.7495209, 35.0903165], [-85.7495399, 35.0902334]]}, "properties": {"edge_id": 5, "difficulty": "difficult", "marker_count": 1, "trail_number": null, "source_name": "SFWDA AOP trail map 2015-03-11", "source_type": "community_raster", "confidence": "position high (mapping-system export)", "review_status": "raster trace (2015 vintage); needs review before core/publish"}}, {"type": "Feature", "geometry": {"type": "LineString", "coordinates": [[-85.7497769, 35.0898656], [-85.7498576, 35.0898157]]}, "properties": {"edge_id": 6, "difficulty": null, "marker_count": 0, "trail_number": null, "source_name": "SFWDA AOP trail map 2015-03-11", "source_type": "community_raster", "confidence": "position high (mapping-system export)", "review_status": "raster trace (2015 vintage); needs review before core/publish"}}, {"type": "Feature", "geometry": {"type": "LineString", "coordinates": [[-85.7563803, 35.0853644], [-85.7565682, 35.0853384], [-85.7567689, 35.0852586]]}, "properties": {"edge_id": 7, "difficulty": "moderate", "marker_count": 1, "trail_number": 29, "source_name": "SFWDA AOP trail map 2015-03-11", "source_type": "community_raster", "confidence": "position high (mapping-system export)", "review_status": "raster trace (2015 vintage); needs review before core/publish"}}, {"type": "Feature", "geometry": {"type": "LineString", "coordinates": [[-85.7582837, 35.0935978], [-85.7585234, 35.0934435]]}, "properties": {"edge_id": 8, "difficulty": null, "marker_count": 0, "trail_number": null, "source_name": "SFWDA AOP trail map 2015-03-11", "source_type": "community_raster", "confidence": "position high (mapping-system export)", "review_status": "raster trace (2015 vintage); needs review before core/publish"}}, {"type": "Feature", "geometry": {"type": "LineString", "coordinates": [[-85.757321, 35.0914531], [-85.7574433, 35.0915696], [-85.7575646, 35.0916069], [-85.7577012, 35.0917235], [-85.7579783, 35.0917315]]}, "properties": {"edge_id": 9, "difficulty": null, "marker_count": 0, "trail_number": null, "source_name": "SFWDA AOP trail map 2015-03-11", "source_type": "community_raster", "confidence": "position high (mapping-system export)", "review_status": "raster trace (2015 vintage); needs review before core/publish"}}, {"type": "Feature", "geometry": {"type": "LineString", "coordinates": [[-85.756594, 35.0879835], [-85.7567054, 35.0879588], [-85.756787, 35.0878892], [-85.7568716, 35.0878987], [-85.7569219, 35.0879295], [-85.756952, 35.0879809], [-85.7569575, 35.0881257]]}, "properties": {"edge_id": 10, "difficulty": null, "marker_count": 0, "trail_number": null, "source_name": "SFWDA AOP trail map 2015-03-11", "source_type": "community_raster", "confidence": "position high (mapping-system export)", "review_status": "raster trace (2015 vintage); needs review before core/publish"}}, {"type": "Feature", "geometry": {"type": "LineString", "coordinates": [[-85.7565476, 35.0849182], [-85.7564644, 35.0849205]]}, "properties": {"edge_id": 11, "difficulty": "difficult", "marker_count": 1, "trail_number": 56, "source_name": "SFWDA AOP trail map 2015-03-11", "source_type": "community_raster", "confidence": "position high (mapping-system export)", "review_status": "raster trace (2015 vintage); needs review before core/publish"}}, {"type": "Feature", "geometry": {"type": "LineString", "coordinates": [[-85.7571886, 35.0864555], [-85.7571738, 35.0864364], [-85.7570253, 35.0864092], [-85.7567966, 35.0863061]]}, "properties": {"edge_id": 12, "difficulty": "moderate", "marker_count": 1, "trail_number": 39, "source_name": "SFWDA AOP trail map 2015-03-11", "source_type": "community_raster", "confidence": "position high (mapping-system export)", "review_status": "raster trace (2015 vintage); needs review before core/publish"}}, {"type": "Feature", "geometry": {"type": "LineString", "coordinates": [[-85.7569577, 35.0881323], [-85.75691, 35.0881674], [-85.7566742, 35.0882439], [-85.7564097, 35.088302], [-85.7563116, 35.0882982]]}, "properties": {"edge_id": 13, "difficulty": null, "marker_count": 0, "trail_number": null, "source_name": "SFWDA AOP trail map 2015-03-11", "source_type": "community_raster", "confidence": "position high (mapping-system export)", "review_status": "raster trace (2015 vintage); needs review before core/publish"}}, {"type": "Feature", "geometry": {"type": "LineString", "coordinates": [[-85.7535367, 35.0900446], [-85.7536982, 35.0899674]]}, "properties": {"edge_id": 14, "difficulty": null, "marker_count": 0, "trail_number": null, "source_name": "SFWDA AOP trail map 2015-03-11", "source_type": "community_raster", "confidence": "position high (mapping-system export)", "review_status": "raster trace (2015 vintage); needs review before core/publish"}}, {"type": "Feature", "geometry": {"type": "LineString", "coordinates": [[-85.7565029, 35.0912607], [-85.7562862, 35.0917023], [-85.7562573, 35.0918595], [-85.7561815, 35.0919379]]}, "properties": {"edge_id": 15, "difficulty": null, "marker_count": 0, "trail_number": null, "source_name": "SFWDA AOP trail map 2015-03-11", "source_type": "community_raster", "confidence": "position high (mapping-system export)", "review_status": "raster trace (2015 vintage); needs review before core/publish"}}, {"type": "Feature", "geometry": {"type": "LineString", "coordinates": [[-85.7563735, 35.0853713], [-85.7563772, 35.0856456], [-85.7564906, 35.0857419]]}, "properties": {"edge_id": 16, "difficulty": "moderate", "marker_count": 1, "trail_number": 37, "source_name": "SFWDA AOP trail map 2015-03-11", "source_type": "community_raster", "confidence": "position high (mapping-system export)", "review_status": "raster trace (2015 vintage); needs review before core/publish"}}, {"type": "Feature", "geometry": {"type": "LineString", "coordinates": [[-85.7547114, 35.0912121], [-85.754589, 35.0912187], [-85.7545286, 35.0912448]]}, "properties": {"edge_id": 17, "difficulty": "moderate", "marker_count": 1, "trail_number": 33, "source_name": "SFWDA AOP trail map 2015-03-11", "source_type": "community_raster", "confidence": "position high (mapping-system export)", "review_status": "raster trace (2015 vintage); needs review before core/publish"}}, {"type": "Feature", "geometry": {"type": "LineString", "coordinates": [[-85.7581499, 35.0875472], [-85.7581164, 35.0874041], [-85.7580518, 35.0873674]]}, "properties": {"edge_id": 18, "difficulty": null, "marker_count": 0, "trail_number": null, "source_name": "SFWDA AOP trail map 2015-03-11", "source_type": "community_raster", "confidence": "position high (mapping-system export)", "review_status": "raster trace (2015 vintage); needs review before core/publish"}}, {"type": "Feature", "geometry": {"type": "LineString", "coordinates": [[-85.7559803, 35.0849663], [-85.7560507, 35.085337]]}, "properties": {"edge_id": 19, "difficulty": null, "marker_count": 0, "trail_number": null, "source_name": "SFWDA AOP trail map 2015-03-11", "source_type": "community_raster", "confidence": "position high (mapping-system export)", "review_status": "raster trace (2015 vintage); needs review before core/publish"}}, {"type": "Feature", "geometry": {"type": "LineString", "coordinates": [[-85.7541408, 35.0894299], [-85.754098, 35.089547], [-85.753967, 35.0896771]]}, "properties": {"edge_id": 20, "difficulty": "moderate", "marker_count": 1, "trail_number": 23, "source_name": "SFWDA AOP trail map 2015-03-11", "source_type": "community_raster", "confidence": "position high (mapping-system export)", "review_status": "raster trace (2015 vintage); needs review before core/publish"}}, {"type": "Feature", "geometry": {"type": "LineString", "coordinates": [[-85.7569963, 35.0871221], [-85.7570687, 35.0869939]]}, "properties": {"edge_id": 21, "difficulty": null, "marker_count": 0, "trail_number": null, "source_name": "SFWDA AOP trail map 2015-03-11", "source_type": "community_raster", "confidence": "position high (mapping-system export)", "review_status": "raster trace (2015 vintage); needs review before core/publish"}}, {"type": "Feature", "geometry": {"type": "LineString", "coordinates": [[-85.7554675, 35.0851893], [-85.755577, 35.0854035]]}, "properties": {"edge_id": 22, "difficulty": null, "marker_count": 0, "trail_number": null, "source_name": "SFWDA AOP trail map 2015-03-11", "source_type": "community_raster", "confidence": "position high (mapping-system export)", "review_status": "raster trace (2015 vintage); needs review before core/publish"}}, {"type": "Feature", "geometry": {"type": "LineString", "coordinates": [[-85.7466377, 35.0867136], [-85.7467296, 35.0866645], [-85.7467786, 35.0866654]]}, "properties": {"edge_id": 23, "difficulty": null, "marker_count": 0, "trail_number": null, "source_name": "SFWDA AOP trail map 2015-03-11", "source_type": "community_raster", "confidence": "position high (mapping-system export)", "review_status": "raster trace (2015 vintage); needs review before core/publish"}}, {"type": "Feature", "geometry": {"type": "LineString", "coordinates": [[-85.7581431, 35.087554], [-85.7578588, 35.0876451], [-85.7576382, 35.0877533]]}, "properties": {"edge_id": 24, "difficulty": null, "marker_count": 0, "trail_number": null, "source_name": "SFWDA AOP trail map 2015-03-11", "source_type": "community_raster", "confidence": "position high (mapping-system export)", "review_status": "raster trace (2015 vintage); needs review before core/publish"}}, {"type": "Feature", "geometry": {"type": "LineString", "coordinates": [[-85.7545659, 35.0946862], [-85.7546046, 35.0946343], [-85.7548305, 35.0945723], [-85.7549163, 35.0945737], [-85.7549867, 35.0946208], [-85.7549878, 35.0949033], [-85.7549104, 35.0950268], [-85.754911, 35.0951647]]}, "properties": {"edge_id": 25, "difficulty": null, "marker_count": 0, "trail_number": null, "source_name": "SFWDA AOP trail map 2015-03-11", "source_type": "community_raster", "confidence": "position high (mapping-system export)", "review_status": "raster trace (2015 vintage); needs review before core/publish"}}, {"type": "Feature", "geometry": {"type": "LineString", "coordinates": [[-85.7570053, 35.0903127], [-85.7570473, 35.0902652], [-85.7571778, 35.0898847]]}, "properties": {"edge_id": 26, "difficulty": "difficult", "marker_count": 1, "trail_number": null, "source_name": "SFWDA AOP trail map 2015-03-11", "source_type": "community_raster", "confidence": "position high (mapping-system export)", "review_status": "raster trace (2015 vintage); needs review before core/publish"}}, {"type": "Feature", "geometry": {"type": "LineString", "coordinates": [[-85.7539962, 35.0864432], [-85.7540636, 35.0863438], [-85.7542545, 35.0863247], [-85.7543442, 35.0863673]]}, "properties": {"edge_id": 27, "difficulty": null, "marker_count": 0, "trail_number": null, "source_name": "SFWDA AOP trail map 2015-03-11", "source_type": "community_raster", "confidence": "position high (mapping-system export)", "review_status": "raster trace (2015 vintage); needs review before core/publish"}}, {"type": "Feature", "geometry": {"type": "LineString", "coordinates": [[-85.7461079, 35.0931916], [-85.7461259, 35.0929706]]}, "properties": {"edge_id": 28, "difficulty": null, "marker_count": 0, "trail_number": null, "source_name": "SFWDA AOP trail map 2015-03-11", "source_type": "community_raster", "confidence": "position high (mapping-system export)", "review_status": "raster trace (2015 vintage); needs review before core/publish"}}, {"type": "Feature", "geometry": {"type": "LineString", "coordinates": [[-85.7570267, 35.0933122], [-85.7568696, 35.0932737], [-85.7567487, 35.0932744], [-85.7566707, 35.0933012], [-85.7566074, 35.0933542]]}, "properties": {"edge_id": 29, "difficulty": null, "marker_count": 0, "trail_number": null, "source_name": "SFWDA AOP trail map 2015-03-11", "source_type": "community_raster", "confidence": "position high (mapping-system export)", "review_status": "raster trace (2015 vintage); needs review before core/publish"}}, {"type": "Feature", "geometry": {"type": "LineString", "coordinates": [[-85.7584721, 35.0924295], [-85.7584413, 35.0922764], [-85.7583689, 35.0921908]]}, "properties": {"edge_id": 30, "difficulty": null, "marker_count": 0, "trail_number": null, "source_name": "SFWDA AOP trail map 2015-03-11", "source_type": "community_raster", "confidence": "position high (mapping-system export)", "review_status": "raster trace (2015 vintage); needs review before core/publish"}}, {"type": "Feature", "geometry": {"type": "LineString", "coordinates": [[-85.7555805, 35.0855627], [-85.7555829, 35.0856754], [-85.7556168, 35.0857605], [-85.7556065, 35.0861764]]}, "properties": {"edge_id": 31, "difficulty": "moderate", "marker_count": 1, "trail_number": 86, "source_name": "SFWDA AOP trail map 2015-03-11", "source_type": "community_raster", "confidence": "position high (mapping-system export)", "review_status": "raster trace (2015 vintage); needs review before core/publish"}}, {"type": "Feature", "geometry": {"type": "LineString", "coordinates": [[-85.7565445, 35.0879725], [-85.7565129, 35.0878814]]}, "properties": {"edge_id": 32, "difficulty": null, "marker_count": 0, "trail_number": null, "source_name": "SFWDA AOP trail map 2015-03-11", "source_type": "community_raster", "confidence": "position high (mapping-system export)", "review_status": "raster trace (2015 vintage); needs review before core/publish"}}, {"type": "Feature", "geometry": {"type": "LineString", "coordinates": [[-85.751996, 35.085309], [-85.7521955, 35.0852576], [-85.752406, 35.0852571]]}, "properties": {"edge_id": 33, "difficulty": "difficult", "marker_count": 1, "trail_number": 50, "source_name": "SFWDA AOP trail map 2015-03-11", "source_type": "community_raster", "confidence": "position high (mapping-system export)", "review_status": "raster trace (2015 vintage); needs review before core/publish"}}, {"type": "Feature", "geometry": {"type": "LineString", "coordinates": [[-85.7572186, 35.090458], [-85.7573178, 35.0904748], [-85.7574458, 35.0905438], [-85.7577103, 35.0907815]]}, "properties": {"edge_id": 34, "difficulty": null, "marker_count": 0, "trail_number": null, "source_name": "SFWDA AOP trail map 2015-03-11", "source_type": "community_raster", "confidence": "position high (mapping-system export)", "review_status": "raster trace (2015 vintage); needs review before core/publish"}}, {"type": "Feature", "geometry": {"type": "LineString", "coordinates": [[-85.7545581, 35.0946926], [-85.7544101, 35.0947164]]}, "properties": {"edge_id": 35, "difficulty": null, "marker_count": 0, "trail_number": null, "source_name": "SFWDA AOP trail map 2015-03-11", "source_type": "community_raster", "confidence": "position high (mapping-system export)", "review_status": "raster trace (2015 vintage); needs review before core/publish"}}, {"type": "Feature", "geometry": {"type": "LineString", "coordinates": [[-85.750199, 35.0892287], [-85.7500834, 35.0890658]]}, "properties": {"edge_id": 36, "difficulty": null, "marker_count": 0, "trail_number": null, "source_name": "SFWDA AOP trail map 2015-03-11", "source_type": "community_raster", "confidence": "position high (mapping-system export)", "review_status": "raster trace (2015 vintage); needs review before core/publish"}}, {"type": "Feature", "geometry": {"type": "LineString", "coordinates": [[-85.7510145, 35.0956992], [-85.7509374, 35.0956824], [-85.7503239, 35.0957884], [-85.7502079, 35.0957761]]}, "properties": {"edge_id": 37, "difficulty": null, "marker_count": 0, "trail_number": null, "source_name": "SFWDA AOP trail map 2015-03-11", "source_type": "community_raster", "confidence": "position high (mapping-system export)", "review_status": "raster trace (2015 vintage); needs review before core/publish"}}, {"type": "Feature", "geometry": {"type": "LineString", "coordinates": [[-85.7583395, 35.0930578], [-85.7585249, 35.093083]]}, "properties": {"edge_id": 38, "difficulty": null, "marker_count": 0, "trail_number": null, "source_name": "SFWDA AOP trail map 2015-03-11", "source_type": "community_raster", "confidence": "position high (mapping-system export)", "review_status": "raster trace (2015 vintage); needs review before core/publish"}}, {"type": "Feature", "geometry": {"type": "LineString", "coordinates": [[-85.7566872, 35.0872998], [-85.7565623, 35.087338], [-85.7561161, 35.0873594], [-85.7560058, 35.0873883], [-85.7558811, 35.087457]]}, "properties": {"edge_id": 39, "difficulty": "moderate", "marker_count": 1, "trail_number": 81, "source_name": "SFWDA AOP trail map 2015-03-11", "source_type": "community_raster", "confidence": "position high (mapping-system export)", "review_status": "raster trace (2015 vintage); needs review before core/publish"}}, {"type": "Feature", "geometry": {"type": "LineString", "coordinates": [[-85.7501721, 35.0870954], [-85.7500391, 35.087092], [-85.7500044, 35.0871102]]}, "properties": {"edge_id": 40, "difficulty": null, "marker_count": 0, "trail_number": null, "source_name": "SFWDA AOP trail map 2015-03-11", "source_type": "community_raster", "confidence": "position high (mapping-system export)", "review_status": "raster trace (2015 vintage); needs review before core/publish"}}, {"type": "Feature", "geometry": {"type": "LineString", "coordinates": [[-85.7586123, 35.0941447], [-85.7586537, 35.0940179], [-85.7586786, 35.0938044], [-85.7586684, 35.0936306], [-85.7586164, 35.0934901], [-85.7585305, 35.0934434]]}, "properties": {"edge_id": 41, "difficulty": null, "marker_count": 0, "trail_number": null, "source_name": "SFWDA AOP trail map 2015-03-11", "source_type": "community_raster", "confidence": "position high (mapping-system export)", "review_status": "raster trace (2015 vintage); needs review before core/publish"}}, {"type": "Feature", "geometry": {"type": "LineString", "coordinates": [[-85.7595342, 35.0890358], [-85.7596316, 35.0890251]]}, "properties": {"edge_id": 42, "difficulty": null, "marker_count": 0, "trail_number": null, "source_name": "SFWDA AOP trail map 2015-03-11", "source_type": "community_raster", "confidence": "position high (mapping-system export)", "review_status": "raster trace (2015 vintage); needs review before core/publish"}}, {"type": "Feature", "geometry": {"type": "LineString", "coordinates": [[-85.7561472, 35.0841689], [-85.7563227, 35.0841748], [-85.7563643, 35.0842007]]}, "properties": {"edge_id": 43, "difficulty": null, "marker_count": 0, "trail_number": null, "source_name": "SFWDA AOP trail map 2015-03-11", "source_type": "community_raster", "confidence": "position high (mapping-system export)", "review_status": "raster trace (2015 vintage); needs review before core/publish"}}, {"type": "Feature", "geometry": {"type": "LineString", "coordinates": [[-85.750474, 35.0901376], [-85.7505634, 35.0900942], [-85.7508877, 35.0900685]]}, "properties": {"edge_id": 44, "difficulty": "easy", "marker_count": 1, "trail_number": 1, "source_name": "SFWDA AOP trail map 2015-03-11", "source_type": "community_raster", "confidence": "position high (mapping-system export)", "review_status": "raster trace (2015 vintage); needs review before core/publish"}}, {"type": "Feature", "geometry": {"type": "LineString", "coordinates": [[-85.7538881, 35.0951455], [-85.7539382, 35.095199], [-85.7539387, 35.0952711], [-85.7538316, 35.0954716]]}, "properties": {"edge_id": 45, "difficulty": "easy", "marker_count": 1, "trail_number": 3, "source_name": "SFWDA AOP trail map 2015-03-11", "source_type": "community_raster", "confidence": "position high (mapping-system export)", "review_status": "raster trace (2015 vintage); needs review before core/publish"}}, {"type": "Feature", "geometry": {"type": "LineString", "coordinates": [[-85.754478, 35.0850763], [-85.7545198, 35.0851137], [-85.7546671, 35.0851659]]}, "properties": {"edge_id": 46, "difficulty": null, "marker_count": 0, "trail_number": null, "source_name": "SFWDA AOP trail map 2015-03-11", "source_type": "community_raster", "confidence": "position high (mapping-system export)", "review_status": "raster trace (2015 vintage); needs review before core/publish"}}, {"type": "Feature", "geometry": {"type": "LineString", "coordinates": [[-85.7577023, 35.0857182], [-85.7578027, 35.0855628], [-85.7577969, 35.0853717], [-85.7577039, 35.0852955], [-85.7575155, 35.0852949]]}, "properties": {"edge_id": 47, "difficulty": null, "marker_count": 0, "trail_number": null, "source_name": "SFWDA AOP trail map 2015-03-11", "source_type": "community_raster", "confidence": "position high (mapping-system export)", "review_status": "raster trace (2015 vintage); needs review before core/publish"}}, {"type": "Feature", "geometry": {"type": "LineString", "coordinates": [[-85.7586051, 35.0941514], [-85.7583553, 35.094245], [-85.758298, 35.0943389], [-85.7580412, 35.0944386], [-85.7579552, 35.0945654], [-85.7579549, 35.0946591], [-85.7580117, 35.094733], [-85.7580757, 35.0947602], [-85.7582966, 35.0947616], [-85.7583464, 35.0947821], [-85.7583961, 35.0948428], [-85.7583887, 35.0949167], [-85.7583244, 35.0949699], [-85.7579177, 35.0951471], [-85.7578464, 35.0951464], [-85.7577612, 35.0950521]]}, "properties": {"edge_id": 48, "difficulty": null, "marker_count": 0, "trail_number": null, "source_name": "SFWDA AOP trail map 2015-03-11", "source_type": "community_raster", "confidence": "position high (mapping-system export)", "review_status": "raster trace (2015 vintage); needs review before core/publish"}}, {"type": "Feature", "geometry": {"type": "LineString", "coordinates": [[-85.7546674, 35.0851725], [-85.7546382, 35.0852656], [-85.7544596, 35.0854566], [-85.7542467, 35.0855697], [-85.7540631, 35.0856031]]}, "properties": {"edge_id": 49, "difficulty": null, "marker_count": 0, "trail_number": null, "source_name": "SFWDA AOP trail map 2015-03-11", "source_type": "community_raster", "confidence": "position high (mapping-system export)", "review_status": "raster trace (2015 vintage); needs review before core/publish"}}, {"type": "Feature", "geometry": {"type": "LineString", "coordinates": [[-85.7554638, 35.084679], [-85.7557175, 35.0847724], [-85.7557755, 35.0848361]]}, "properties": {"edge_id": 50, "difficulty": null, "marker_count": 0, "trail_number": null, "source_name": "SFWDA AOP trail map 2015-03-11", "source_type": "community_raster", "confidence": "position high (mapping-system export)", "review_status": "raster trace (2015 vintage); needs review before core/publish"}}, {"type": "Feature", "geometry": {"type": "LineString", "coordinates": [[-85.7516836, 35.089887], [-85.7517926, 35.0899201], [-85.7518361, 35.0899594], [-85.7518352, 35.0902329], [-85.7518684, 35.0903829]]}, "properties": {"edge_id": 51, "difficulty": null, "marker_count": 0, "trail_number": null, "source_name": "SFWDA AOP trail map 2015-03-11", "source_type": "community_raster", "confidence": "position high (mapping-system export)", "review_status": "raster trace (2015 vintage); needs review before core/publish"}}, {"type": "Feature", "geometry": {"type": "LineString", "coordinates": [[-85.7499012, 35.0927314], [-85.7498768, 35.0925916], [-85.7498021, 35.092526]]}, "properties": {"edge_id": 52, "difficulty": null, "marker_count": 0, "trail_number": null, "source_name": "SFWDA AOP trail map 2015-03-11", "source_type": "community_raster", "confidence": "position high (mapping-system export)", "review_status": "raster trace (2015 vintage); needs review before core/publish"}}, {"type": "Feature", "geometry": {"type": "LineString", "coordinates": [[-85.7541484, 35.0894233], [-85.7542878, 35.08937], [-85.7544054, 35.0893623], [-85.7545082, 35.0893807], [-85.7546673, 35.0894506]]}, "properties": {"edge_id": 53, "difficulty": null, "marker_count": 0, "trail_number": null, "source_name": "SFWDA AOP trail map 2015-03-11", "source_type": "community_raster", "confidence": "position high (mapping-system export)", "review_status": "raster trace (2015 vintage); needs review before core/publish"}}, {"type": "Feature", "geometry": {"type": "LineString", "coordinates": [[-85.7566006, 35.0933805], [-85.756623, 35.0934592], [-85.7566876, 35.0935049]]}, "properties": {"edge_id": 54, "difficulty": null, "marker_count": 0, "trail_number": null, "source_name": "SFWDA AOP trail map 2015-03-11", "source_type": "community_raster", "confidence": "position high (mapping-system export)", "review_status": "raster trace (2015 vintage); needs review before core/publish"}}, {"type": "Feature", "geometry": {"type": "LineString", "coordinates": [[-85.7521412, 35.0957394], [-85.7522101, 35.0956494]]}, "properties": {"edge_id": 55, "difficulty": null, "marker_count": 0, "trail_number": null, "source_name": "SFWDA AOP trail map 2015-03-11", "source_type": "community_raster", "confidence": "position high (mapping-system export)", "review_status": "raster trace (2015 vintage); needs review before core/publish"}}, {"type": "Feature", "geometry": {"type": "LineString", "coordinates": [[-85.748029, 35.0870326], [-85.7480824, 35.0871423], [-85.7481427, 35.0871947], [-85.7482952, 35.0872363], [-85.748425, 35.0873159], [-85.7485605, 35.0873316]]}, "properties": {"edge_id": 56, "difficulty": null, "marker_count": 0, "trail_number": null, "source_name": "SFWDA AOP trail map 2015-03-11", "source_type": "community_raster", "confidence": "position high (mapping-system export)", "review_status": "raster trace (2015 vintage); needs review before core/publish"}}, {"type": "Feature", "geometry": {"type": "LineString", "coordinates": [[-85.7575264, 35.0873962], [-85.7575882, 35.0875449], [-85.757616, 35.0877214], [-85.7576382, 35.0877533]]}, "properties": {"edge_id": 57, "difficulty": null, "marker_count": 0, "trail_number": null, "source_name": "SFWDA AOP trail map 2015-03-11", "source_type": "community_raster", "confidence": "position high (mapping-system export)", "review_status": "raster trace (2015 vintage); needs review before core/publish"}}, {"type": "Feature", "geometry": {"type": "LineString", "coordinates": [[-85.7562102, 35.0951615], [-85.7564779, 35.0952386], [-85.756542, 35.0952723], [-85.7565916, 35.0953324]]}, "properties": {"edge_id": 58, "difficulty": null, "marker_count": 0, "trail_number": null, "source_name": "SFWDA AOP trail map 2015-03-11", "source_type": "community_raster", "confidence": "position high (mapping-system export)", "review_status": "raster trace (2015 vintage); needs review before core/publish"}}, {"type": "Feature", "geometry": {"type": "LineString", "coordinates": [[-85.7473822, 35.0866824], [-85.7474718, 35.0865884]]}, "properties": {"edge_id": 59, "difficulty": null, "marker_count": 0, "trail_number": null, "source_name": "SFWDA AOP trail map 2015-03-11", "source_type": "community_raster", "confidence": "position high (mapping-system export)", "review_status": "raster trace (2015 vintage); needs review before core/publish"}}, {"type": "Feature", "geometry": {"type": "LineString", "coordinates": [[-85.7580691, 35.0976904], [-85.75806, 35.0974839], [-85.7579518, 35.0973342]]}, "properties": {"edge_id": 60, "difficulty": "easy", "marker_count": 1, "trail_number": 17, "source_name": "SFWDA AOP trail map 2015-03-11", "source_type": "community_raster", "confidence": "position high (mapping-system export)", "review_status": "raster trace (2015 vintage); needs review before core/publish"}}, {"type": "Feature", "geometry": {"type": "LineString", "coordinates": [[-85.7585388, 35.0926022], [-85.7584723, 35.0924428]]}, "properties": {"edge_id": 61, "difficulty": null, "marker_count": 0, "trail_number": null, "source_name": "SFWDA AOP trail map 2015-03-11", "source_type": "community_raster", "confidence": "position high (mapping-system export)", "review_status": "raster trace (2015 vintage); needs review before core/publish"}}, {"type": "Feature", "geometry": {"type": "LineString", "coordinates": [[-85.7561988, 35.0921214], [-85.7561815, 35.0919379]]}, "properties": {"edge_id": 62, "difficulty": null, "marker_count": 0, "trail_number": null, "source_name": "SFWDA AOP trail map 2015-03-11", "source_type": "community_raster", "confidence": "position high (mapping-system export)", "review_status": "raster trace (2015 vintage); needs review before core/publish"}}, {"type": "Feature", "geometry": {"type": "LineString", "coordinates": [[-85.7462732, 35.093621], [-85.7464066, 35.0935557]]}, "properties": {"edge_id": 63, "difficulty": null, "marker_count": 0, "trail_number": null, "source_name": "SFWDA AOP trail map 2015-03-11", "source_type": "community_raster", "confidence": "position high (mapping-system export)", "review_status": "raster trace (2015 vintage); needs review before core/publish"}}, {"type": "Feature", "geometry": {"type": "LineString", "coordinates": [[-85.7479952, 35.0870128], [-85.7478998, 35.0868384]]}, "properties": {"edge_id": 64, "difficulty": null, "marker_count": 0, "trail_number": null, "source_name": "SFWDA AOP trail map 2015-03-11", "source_type": "community_raster", "confidence": "position high (mapping-system export)", "review_status": "raster trace (2015 vintage); needs review before core/publish"}}, {"type": "Feature", "geometry": {"type": "LineString", "coordinates": [[-85.7479952, 35.0870128], [-85.7479544, 35.0870375], [-85.7477471, 35.0870653], [-85.7476316, 35.087165]]}, "properties": {"edge_id": 65, "difficulty": "difficult", "marker_count": 1, "trail_number": 57, "source_name": "SFWDA AOP trail map 2015-03-11", "source_type": "community_raster", "confidence": "position high (mapping-system export)", "review_status": "raster trace (2015 vintage); needs review before core/publish"}}, {"type": "Feature", "geometry": {"type": "LineString", "coordinates": [[-85.7567728, 35.0918729], [-85.7567159, 35.0918674], [-85.7566594, 35.0918947], [-85.7564703, 35.0921016], [-85.7562376, 35.0921478]]}, "properties": {"edge_id": 66, "difficulty": "easy", "marker_count": 1, "trail_number": 7, "source_name": "SFWDA AOP trail map 2015-03-11", "source_type": "community_raster", "confidence": "position high (mapping-system export)", "review_status": "raster trace (2015 vintage); needs review before core/publish"}}, {"type": "Feature", "geometry": {"type": "LineString", "coordinates": [[-85.7493946, 35.0921341], [-85.7493651, 35.0921584], [-85.7493916, 35.092216]]}, "properties": {"edge_id": 67, "difficulty": null, "marker_count": 0, "trail_number": null, "source_name": "SFWDA AOP trail map 2015-03-11", "source_type": "community_raster", "confidence": "position high (mapping-system export)", "review_status": "raster trace (2015 vintage); needs review before core/publish"}}, {"type": "Feature", "geometry": {"type": "LineString", "coordinates": [[-85.7595396, 35.0926676], [-85.7594622, 35.092446], [-85.7593193, 35.0922987], [-85.7593295, 35.0921912], [-85.7592536, 35.0919634], [-85.7591479, 35.09185], [-85.7590243, 35.0918107], [-85.7589154, 35.0918114], [-85.7588083, 35.0918925], [-85.7587642, 35.0920666], [-85.7587677, 35.0922405], [-85.75871, 35.0924613], [-85.7586223, 35.0925817], [-85.758546, 35.0926088]]}, "properties": {"edge_id": 68, "difficulty": "moderate", "marker_count": 1, "trail_number": 90, "source_name": "SFWDA AOP trail map 2015-03-11", "source_type": "community_raster", "confidence": "position high (mapping-system export)", "review_status": "raster trace (2015 vintage); needs review before core/publish"}}, {"type": "Feature", "geometry": {"type": "LineString", "coordinates": [[-85.7503713, 35.0904518], [-85.7503891, 35.0904264], [-85.7506615, 35.0903615], [-85.7509126, 35.0902505]]}, "properties": {"edge_id": 69, "difficulty": null, "marker_count": 0, "trail_number": null, "source_name": "SFWDA AOP trail map 2015-03-11", "source_type": "community_raster", "confidence": "position high (mapping-system export)", "review_status": "raster trace (2015 vintage); needs review before core/publish"}}, {"type": "Feature", "geometry": {"type": "LineString", "coordinates": [[-85.7573209, 35.0914465], [-85.7573038, 35.0911957]]}, "properties": {"edge_id": 70, "difficulty": "easy", "marker_count": 1, "trail_number": 8, "source_name": "SFWDA AOP trail map 2015-03-11", "source_type": "community_raster", "confidence": "position high (mapping-system export)", "review_status": "raster trace (2015 vintage); needs review before core/publish"}}, {"type": "Feature", "geometry": {"type": "LineString", "coordinates": [[-85.7562377, 35.0921609], [-85.7562772, 35.0922528], [-85.7563549, 35.0923056], [-85.7568456, 35.0925366]]}, "properties": {"edge_id": 71, "difficulty": "easy", "marker_count": 1, "trail_number": 3, "source_name": "SFWDA AOP trail map 2015-03-11", "source_type": "community_raster", "confidence": "position high (mapping-system export)", "review_status": "raster trace (2015 vintage); needs review before core/publish"}}, {"type": "Feature", "geometry": {"type": "LineString", "coordinates": [[-85.756053, 35.0906415], [-85.7559528, 35.0906549]]}, "properties": {"edge_id": 72, "difficulty": "easy", "marker_count": 1, "trail_number": 10, "source_name": "SFWDA AOP trail map 2015-03-11", "source_type": "community_raster", "confidence": "position high (mapping-system export)", "review_status": "raster trace (2015 vintage); needs review before core/publish"}}, {"type": "Feature", "geometry": {"type": "LineString", "coordinates": [[-85.7571943, 35.0860536], [-85.7574382, 35.0858006], [-85.757549, 35.0857502], [-85.7576955, 35.0857251]]}, "properties": {"edge_id": 73, "difficulty": "moderate", "marker_count": 1, "trail_number": 27, "source_name": "SFWDA AOP trail map 2015-03-11", "source_type": "community_raster", "confidence": "position high (mapping-system export)", "review_status": "raster trace (2015 vintage); needs review before core/publish"}}, {"type": "Feature", "geometry": {"type": "LineString", "coordinates": [[-85.7498041, 35.0893516], [-85.7498836, 35.0894301], [-85.7499016, 35.0895398]]}, "properties": {"edge_id": 74, "difficulty": "easy", "marker_count": 1, "trail_number": 1, "source_name": "SFWDA AOP trail map 2015-03-11", "source_type": "community_raster", "confidence": "position high (mapping-system export)", "review_status": "raster trace (2015 vintage); needs review before core/publish"}}, {"type": "Feature", "geometry": {"type": "LineString", "coordinates": [[-85.7579855, 35.091738], [-85.7580385, 35.0919564]]}, "properties": {"edge_id": 75, "difficulty": null, "marker_count": 0, "trail_number": null, "source_name": "SFWDA AOP trail map 2015-03-11", "source_type": "community_raster", "confidence": "position high (mapping-system export)", "review_status": "raster trace (2015 vintage); needs review before core/publish"}}, {"type": "Feature", "geometry": {"type": "LineString", "coordinates": [[-85.7559802, 35.0849596], [-85.7558652, 35.084865], [-85.7557755, 35.0848361]]}, "properties": {"edge_id": 76, "difficulty": null, "marker_count": 0, "trail_number": null, "source_name": "SFWDA AOP trail map 2015-03-11", "source_type": "community_raster", "confidence": "position high (mapping-system export)", "review_status": "raster trace (2015 vintage); needs review before core/publish"}}, {"type": "Feature", "geometry": {"type": "LineString", "coordinates": [[-85.7488671, 35.0949837], [-85.7489141, 35.0950628], [-85.7492199, 35.0953083]]}, "properties": {"edge_id": 77, "difficulty": "moderate", "marker_count": 1, "trail_number": 32, "source_name": "SFWDA AOP trail map 2015-03-11", "source_type": "community_raster", "confidence": "position high (mapping-system export)", "review_status": "raster trace (2015 vintage); needs review before core/publish"}}, {"type": "Feature", "geometry": {"type": "LineString", "coordinates": [[-85.7498655, 35.0891595], [-85.7499524, 35.0890384]]}, "properties": {"edge_id": 78, "difficulty": null, "marker_count": 0, "trail_number": null, "source_name": "SFWDA AOP trail map 2015-03-11", "source_type": "community_raster", "confidence": "position high (mapping-system export)", "review_status": "raster trace (2015 vintage); needs review before core/publish"}}, {"type": "Feature", "geometry": {"type": "LineString", "coordinates": [[-85.7462437, 35.0925249], [-85.7461756, 35.0929026], [-85.7461259, 35.0929706]]}, "properties": {"edge_id": 79, "difficulty": null, "marker_count": 0, "trail_number": null, "source_name": "SFWDA AOP trail map 2015-03-11", "source_type": "community_raster", "confidence": "position high (mapping-system export)", "review_status": "raster trace (2015 vintage); needs review before core/publish"}}, {"type": "Feature", "geometry": {"type": "LineString", "coordinates": [[-85.7543235, 35.094597], [-85.7543789, 35.0947028]]}, "properties": {"edge_id": 80, "difficulty": null, "marker_count": 0, "trail_number": null, "source_name": "SFWDA AOP trail map 2015-03-11", "source_type": "community_raster", "confidence": "position high (mapping-system export)", "review_status": "raster trace (2015 vintage); needs review before core/publish"}}, {"type": "Feature", "geometry": {"type": "LineString", "coordinates": [[-85.753498, 35.0906736], [-85.7535471, 35.0904791]]}, "properties": {"edge_id": 81, "difficulty": null, "marker_count": 0, "trail_number": null, "source_name": "SFWDA AOP trail map 2015-03-11", "source_type": "community_raster", "confidence": "position high (mapping-system export)", "review_status": "raster trace (2015 vintage); needs review before core/publish"}}, {"type": "Feature", "geometry": {"type": "LineString", "coordinates": [[-85.753498, 35.0906736], [-85.7535835, 35.0907581], [-85.7538511, 35.0909013], [-85.7539941, 35.0910053], [-85.7541473, 35.0910765], [-85.7542552, 35.0910893]]}, "properties": {"edge_id": 82, "difficulty": null, "marker_count": 0, "trail_number": null, "source_name": "SFWDA AOP trail map 2015-03-11", "source_type": "community_raster", "confidence": "position high (mapping-system export)", "review_status": "raster trace (2015 vintage); needs review before core/publish"}}, {"type": "Feature", "geometry": {"type": "LineString", "coordinates": [[-85.753498, 35.0906736], [-85.753391, 35.0906604], [-85.7532567, 35.0905886], [-85.7529492, 35.0904968], [-85.7527425, 35.0904637], [-85.7521668, 35.0904359]]}, "properties": {"edge_id": 83, "difficulty": null, "marker_count": 0, "trail_number": null, "source_name": "SFWDA AOP trail map 2015-03-11", "source_type": "community_raster", "confidence": "position high (mapping-system export)", "review_status": "raster trace (2015 vintage); needs review before core/publish"}}, {"type": "Feature", "geometry": {"type": "LineString", "coordinates": [[-85.7557549, 35.0862899], [-85.7558823, 35.0862793], [-85.75603, 35.0861757], [-85.7561741, 35.0861842]]}, "properties": {"edge_id": 84, "difficulty": null, "marker_count": 0, "trail_number": null, "source_name": "SFWDA AOP trail map 2015-03-11", "source_type": "community_raster", "confidence": "position high (mapping-system export)", "review_status": "raster trace (2015 vintage); needs review before core/publish"}}, {"type": "Feature", "geometry": {"type": "LineString", "coordinates": [[-85.7477736, 35.0947125], [-85.7478352, 35.0948104], [-85.7480627, 35.0949462]]}, "properties": {"edge_id": 85, "difficulty": null, "marker_count": 0, "trail_number": null, "source_name": "SFWDA AOP trail map 2015-03-11", "source_type": "community_raster", "confidence": "position high (mapping-system export)", "review_status": "raster trace (2015 vintage); needs review before core/publish"}}, {"type": "Feature", "geometry": {"type": "LineString", "coordinates": [[-85.7557224, 35.0862778], [-85.7556334, 35.0862478]]}, "properties": {"edge_id": 86, "difficulty": null, "marker_count": 0, "trail_number": null, "source_name": "SFWDA AOP trail map 2015-03-11", "source_type": "community_raster", "confidence": "position high (mapping-system export)", "review_status": "raster trace (2015 vintage); needs review before core/publish"}}, {"type": "Feature", "geometry": {"type": "LineString", "coordinates": [[-85.7463748, 35.0889371], [-85.7464068, 35.0887165]]}, "properties": {"edge_id": 87, "difficulty": null, "marker_count": 0, "trail_number": null, "source_name": "SFWDA AOP trail map 2015-03-11", "source_type": "community_raster", "confidence": "position high (mapping-system export)", "review_status": "raster trace (2015 vintage); needs review before core/publish"}}, {"type": "Feature", "geometry": {"type": "LineString", "coordinates": [[-85.7544779, 35.0863175], [-85.7543522, 35.0863671]]}, "properties": {"edge_id": 88, "difficulty": null, "marker_count": 0, "trail_number": null, "source_name": "SFWDA AOP trail map 2015-03-11", "source_type": "community_raster", "confidence": "position high (mapping-system export)", "review_status": "raster trace (2015 vintage); needs review before core/publish"}}, {"type": "Feature", "geometry": {"type": "LineString", "coordinates": [[-85.7516225, 35.0895479], [-85.7516832, 35.0898805]]}, "properties": {"edge_id": 89, "difficulty": "moderate", "marker_count": 1, "trail_number": 96, "source_name": "SFWDA AOP trail map 2015-03-11", "source_type": "community_raster", "confidence": "position high (mapping-system export)", "review_status": "raster trace (2015 vintage); needs review before core/publish"}}, {"type": "Feature", "geometry": {"type": "LineString", "coordinates": [[-85.7459825, 35.0928898], [-85.7461259, 35.0929706]]}, "properties": {"edge_id": 90, "difficulty": null, "marker_count": 0, "trail_number": null, "source_name": "SFWDA AOP trail map 2015-03-11", "source_type": "community_raster", "confidence": "position high (mapping-system export)", "review_status": "raster trace (2015 vintage); needs review before core/publish"}}, {"type": "Feature", "geometry": {"type": "LineString", "coordinates": [[-85.7532333, 35.0950713], [-85.7533991, 35.0950163]]}, "properties": {"edge_id": 91, "difficulty": "easy", "marker_count": 1, "trail_number": 11, "source_name": "SFWDA AOP trail map 2015-03-11", "source_type": "community_raster", "confidence": "position high (mapping-system export)", "review_status": "raster trace (2015 vintage); needs review before core/publish"}}, {"type": "Feature", "geometry": {"type": "LineString", "coordinates": [[-85.7529599, 35.0898603], [-85.7530473, 35.0899646], [-85.7530527, 35.0902569], [-85.7530053, 35.0902957]]}, "properties": {"edge_id": 92, "difficulty": null, "marker_count": 0, "trail_number": null, "source_name": "SFWDA AOP trail map 2015-03-11", "source_type": "community_raster", "confidence": "position high (mapping-system export)", "review_status": "raster trace (2015 vintage); needs review before core/publish"}}, {"type": "Feature", "geometry": {"type": "LineString", "coordinates": [[-85.7492882, 35.0872839], [-85.7492569, 35.0872002]]}, "properties": {"edge_id": 93, "difficulty": null, "marker_count": 0, "trail_number": null, "source_name": "SFWDA AOP trail map 2015-03-11", "source_type": "community_raster", "confidence": "position high (mapping-system export)", "review_status": "raster trace (2015 vintage); needs review before core/publish"}}, {"type": "Feature", "geometry": {"type": "LineString", "coordinates": [[-85.7506608, 35.0891317], [-85.7505996, 35.0891309], [-85.7503042, 35.0892302], [-85.7502078, 35.0892352]]}, "properties": {"edge_id": 94, "difficulty": "difficult", "marker_count": 1, "trail_number": 50, "source_name": "SFWDA AOP trail map 2015-03-11", "source_type": "community_raster", "confidence": "position high (mapping-system export)", "review_status": "raster trace (2015 vintage); needs review before core/publish"}}, {"type": "Feature", "geometry": {"type": "LineString", "coordinates": [[-85.7535468, 35.0904727], [-85.7535197, 35.0904142], [-85.7535288, 35.090051]]}, "properties": {"edge_id": 95, "difficulty": null, "marker_count": 0, "trail_number": null, "source_name": "SFWDA AOP trail map 2015-03-11", "source_type": "community_raster", "confidence": "position high (mapping-system export)", "review_status": "raster trace (2015 vintage); needs review before core/publish"}}, {"type": "Feature", "geometry": {"type": "LineString", "coordinates": [[-85.7545751, 35.0859821], [-85.7545953, 35.0860791], [-85.7547515, 35.0861783], [-85.7553415, 35.0861458], [-85.755495, 35.0861866], [-85.7555988, 35.0861832]]}, "properties": {"edge_id": 96, "difficulty": "moderate", "marker_count": 1, "trail_number": 85, "source_name": "SFWDA AOP trail map 2015-03-11", "source_type": "community_raster", "confidence": "position high (mapping-system export)", "review_status": "raster trace (2015 vintage); needs review before core/publish"}}, {"type": "Feature", "geometry": {"type": "LineString", "coordinates": [[-85.7557979, 35.0951937], [-85.7551679, 35.0952153]]}, "properties": {"edge_id": 97, "difficulty": ["easy", "moderate"], "marker_count": 2, "trail_number": 11, "source_name": "SFWDA AOP trail map 2015-03-11", "source_type": "community_raster", "confidence": "position high (mapping-system export)", "review_status": "raster trace (2015 vintage); needs review before core/publish"}}, {"type": "Feature", "geometry": {"type": "LineString", "coordinates": [[-85.7506425, 35.0874035], [-85.750592, 35.0874781]]}, "properties": {"edge_id": 98, "difficulty": null, "marker_count": 0, "trail_number": null, "source_name": "SFWDA AOP trail map 2015-03-11", "source_type": "community_raster", "confidence": "position high (mapping-system export)", "review_status": "raster trace (2015 vintage); needs review before core/publish"}}, {"type": "Feature", "geometry": {"type": "LineString", "coordinates": [[-85.748664, 35.0883663], [-85.7488459, 35.0884354], [-85.7492682, 35.0884341], [-85.7496544, 35.0885661], [-85.7496991, 35.0885985], [-85.7497443, 35.0886885], [-85.7496919, 35.088855]]}, "properties": {"edge_id": 99, "difficulty": "difficult", "marker_count": 1, "trail_number": 59, "source_name": "SFWDA AOP trail map 2015-03-11", "source_type": "community_raster", "confidence": "position high (mapping-system export)", "review_status": "raster trace (2015 vintage); needs review before core/publish"}}, {"type": "Feature", "geometry": {"type": "LineString", "coordinates": [[-85.747841, 35.0863967], [-85.7478155, 35.0863261], [-85.7476452, 35.0861194], [-85.7476591, 35.0859538], [-85.7476162, 35.0858839], [-85.7476192, 35.0858398], [-85.7476667, 35.0857209]]}, "properties": {"edge_id": 100, "difficulty": null, "marker_count": 0, "trail_number": null, "source_name": "SFWDA AOP trail map 2015-03-11", "source_type": "community_raster", "confidence": "position high (mapping-system export)", "review_status": "raster trace (2015 vintage); needs review before core/publish"}}, {"type": "Feature", "geometry": {"type": "LineString", "coordinates": [[-85.7542545, 35.0845386], [-85.7539971, 35.084624], [-85.753934, 35.0846729]]}, "properties": {"edge_id": 101, "difficulty": null, "marker_count": 0, "trail_number": null, "source_name": "SFWDA AOP trail map 2015-03-11", "source_type": "community_raster", "confidence": "position high (mapping-system export)", "review_status": "raster trace (2015 vintage); needs review before core/publish"}}, {"type": "Feature", "geometry": {"type": "LineString", "coordinates": [[-85.7570822, 35.088687], [-85.757145, 35.0886511], [-85.7572431, 35.0886466], [-85.7573556, 35.0886812], [-85.7575097, 35.0886675]]}, "properties": {"edge_id": 102, "difficulty": null, "marker_count": 0, "trail_number": null, "source_name": "SFWDA AOP trail map 2015-03-11", "source_type": "community_raster", "confidence": "position high (mapping-system export)", "review_status": "raster trace (2015 vintage); needs review before core/publish"}}, {"type": "Feature", "geometry": {"type": "LineString", "coordinates": [[-85.7486234, 35.0879742], [-85.7486362, 35.0878976], [-85.7485937, 35.0877619], [-85.748696, 35.0876104]]}, "properties": {"edge_id": 103, "difficulty": null, "marker_count": 0, "trail_number": null, "source_name": "SFWDA AOP trail map 2015-03-11", "source_type": "community_raster", "confidence": "position high (mapping-system export)", "review_status": "raster trace (2015 vintage); needs review before core/publish"}}, {"type": "Feature", "geometry": {"type": "LineString", "coordinates": [[-85.7539261, 35.0846798], [-85.7538051, 35.0847056], [-85.7534077, 35.0848814]]}, "properties": {"edge_id": 104, "difficulty": "easy", "marker_count": 1, "trail_number": 1, "source_name": "SFWDA AOP trail map 2015-03-11", "source_type": "community_raster", "confidence": "position high (mapping-system export)", "review_status": "raster trace (2015 vintage); needs review before core/publish"}}, {"type": "Feature", "geometry": {"type": "LineString", "coordinates": [[-85.7544777, 35.0850698], [-85.7545368, 35.0849099]]}, "properties": {"edge_id": 105, "difficulty": null, "marker_count": 0, "trail_number": null, "source_name": "SFWDA AOP trail map 2015-03-11", "source_type": "community_raster", "confidence": "position high (mapping-system export)", "review_status": "raster trace (2015 vintage); needs review before core/publish"}}, {"type": "Feature", "geometry": {"type": "LineString", "coordinates": [[-85.7562009, 35.0862559], [-85.7562747, 35.0863064], [-85.7563885, 35.0864672], [-85.7565037, 35.0865418]]}, "properties": {"edge_id": 106, "difficulty": null, "marker_count": 0, "trail_number": null, "source_name": "SFWDA AOP trail map 2015-03-11", "source_type": "community_raster", "confidence": "position high (mapping-system export)", "review_status": "raster trace (2015 vintage); needs review before core/publish"}}, {"type": "Feature", "geometry": {"type": "LineString", "coordinates": [[-85.7595787, 35.0960257], [-85.7594658, 35.0959387], [-85.7593112, 35.0956943], [-85.7592404, 35.0956438], [-85.7591338, 35.0956274], [-85.7590634, 35.0955034], [-85.7589571, 35.0954065], [-85.7588076, 35.0953703], [-85.7587149, 35.0953927]]}, "properties": {"edge_id": 107, "difficulty": null, "marker_count": 0, "trail_number": null, "source_name": "SFWDA AOP trail map 2015-03-11", "source_type": "community_raster", "confidence": "position high (mapping-system export)", "review_status": "raster trace (2015 vintage); needs review before core/publish"}}, {"type": "Feature", "geometry": {"type": "LineString", "coordinates": [[-85.7500833, 35.0890594], [-85.750118, 35.0890405], [-85.7501964, 35.0890415]]}, "properties": {"edge_id": 108, "difficulty": null, "marker_count": 0, "trail_number": null, "source_name": "SFWDA AOP trail map 2015-03-11", "source_type": "community_raster", "confidence": "position high (mapping-system export)", "review_status": "raster trace (2015 vintage); needs review before core/publish"}}, {"type": "Feature", "geometry": {"type": "LineString", "coordinates": [[-85.755287, 35.0857065], [-85.7554592, 35.0855277], [-85.755539, 35.0855046]]}, "properties": {"edge_id": 109, "difficulty": null, "marker_count": 0, "trail_number": null, "source_name": "SFWDA AOP trail map 2015-03-11", "source_type": "community_raster", "confidence": "position high (mapping-system export)", "review_status": "raster trace (2015 vintage); needs review before core/publish"}}, {"type": "Feature", "geometry": {"type": "LineString", "coordinates": [[-85.7460878, 35.0936784], [-85.7460799, 35.0940201]]}, "properties": {"edge_id": 110, "difficulty": null, "marker_count": 0, "trail_number": null, "source_name": "SFWDA AOP trail map 2015-03-11", "source_type": "community_raster", "confidence": "position high (mapping-system export)", "review_status": "raster trace (2015 vintage); needs review before core/publish"}}, {"type": "Feature", "geometry": {"type": "LineString", "coordinates": [[-85.7576555, 35.0947041], [-85.757649, 35.0945039], [-85.7576279, 35.0944438], [-85.7575639, 35.0944102], [-85.7574355, 35.0944364], [-85.7573929, 35.0944096], [-85.7573296, 35.0941499], [-85.7572348, 35.0939449], [-85.7570982, 35.0938527], [-85.7569694, 35.0938133], [-85.7569389, 35.0936619], [-85.7568301, 35.0935109]]}, "properties": {"edge_id": 111, "difficulty": "moderate", "marker_count": 1, "trail_number": 35, "source_name": "SFWDA AOP trail map 2015-03-11", "source_type": "community_raster", "confidence": "position high (mapping-system export)", "review_status": "raster trace (2015 vintage); needs review before core/publish"}}, {"type": "Feature", "geometry": {"type": "LineString", "coordinates": [[-85.7556884, 35.0882034], [-85.7555879, 35.0882707], [-85.7554152, 35.0883194], [-85.7553539, 35.0883728], [-85.755333, 35.0884452], [-85.7553831, 35.0885033], [-85.7554555, 35.0885284], [-85.7555663, 35.0885202], [-85.7557471, 35.0884782], [-85.7558402, 35.0884242], [-85.7562102, 35.088346], [-85.7563036, 35.0882983]]}, "properties": {"edge_id": 112, "difficulty": null, "marker_count": 0, "trail_number": null, "source_name": "SFWDA AOP trail map 2015-03-11", "source_type": "community_raster", "confidence": "position high (mapping-system export)", "review_status": "raster trace (2015 vintage); needs review before core/publish"}}, {"type": "Feature", "geometry": {"type": "LineString", "coordinates": [[-85.7496593, 35.0900369], [-85.7497497, 35.0899744]]}, "properties": {"edge_id": 113, "difficulty": null, "marker_count": 0, "trail_number": null, "source_name": "SFWDA AOP trail map 2015-03-11", "source_type": "community_raster", "confidence": "position high (mapping-system export)", "review_status": "raster trace (2015 vintage); needs review before core/publish"}}, {"type": "Feature", "geometry": {"type": "LineString", "coordinates": [[-85.7585321, 35.0930896], [-85.7585759, 35.0931561], [-85.7586252, 35.0931695]]}, "properties": {"edge_id": 114, "difficulty": "moderate", "marker_count": 1, "trail_number": 28, "source_name": "SFWDA AOP trail map 2015-03-11", "source_type": "community_raster", "confidence": "position high (mapping-system export)", "review_status": "raster trace (2015 vintage); needs review before core/publish"}}, {"type": "Feature", "geometry": {"type": "LineString", "coordinates": [[-85.748864, 35.0892541], [-85.749655, 35.0892272], [-85.7497514, 35.0892736], [-85.7497777, 35.0893383]]}, "properties": {"edge_id": 115, "difficulty": null, "marker_count": 0, "trail_number": null, "source_name": "SFWDA AOP trail map 2015-03-11", "source_type": "community_raster", "confidence": "position high (mapping-system export)", "review_status": "raster trace (2015 vintage); needs review before core/publish"}}, {"type": "Feature", "geometry": {"type": "LineString", "coordinates": [[-85.7530016, 35.085031], [-85.7524753, 35.0851905], [-85.7524137, 35.0852504]]}, "properties": {"edge_id": 116, "difficulty": null, "marker_count": 0, "trail_number": null, "source_name": "SFWDA AOP trail map 2015-03-11", "source_type": "community_raster", "confidence": "position high (mapping-system export)", "review_status": "raster trace (2015 vintage); needs review before core/publish"}}, {"type": "Feature", "geometry": {"type": "LineString", "coordinates": [[-85.7527542, 35.0910292], [-85.7527882, 35.0910553], [-85.7529254, 35.0913609], [-85.7530071, 35.0914511], [-85.7531125, 35.0914962], [-85.7534457, 35.0915611], [-85.7540466, 35.0917631], [-85.7543159, 35.0919583], [-85.7544454, 35.0921988]]}, "properties": {"edge_id": 117, "difficulty": "difficult", "marker_count": 1, "trail_number": 41, "source_name": "SFWDA AOP trail map 2015-03-11", "source_type": "community_raster", "confidence": "position high (mapping-system export)", "review_status": "raster trace (2015 vintage); needs review before core/publish"}}, {"type": "Feature", "geometry": {"type": "LineString", "coordinates": [[-85.7577493, 35.0970256], [-85.75762, 35.0969248], [-85.7576199, 35.096792], [-85.7575846, 35.0967177], [-85.7572998, 35.0966178], [-85.7571792, 35.0964622], [-85.757158, 35.096402]]}, "properties": {"edge_id": 118, "difficulty": null, "marker_count": 0, "trail_number": null, "source_name": "SFWDA AOP trail map 2015-03-11", "source_type": "community_raster", "confidence": "position high (mapping-system export)", "review_status": "raster trace (2015 vintage); needs review before core/publish"}}, {"type": "Feature", "geometry": {"type": "LineString", "coordinates": [[-85.7544855, 35.0863108], [-85.754614, 35.0863262]]}, "properties": {"edge_id": 119, "difficulty": null, "marker_count": 0, "trail_number": null, "source_name": "SFWDA AOP trail map 2015-03-11", "source_type": "community_raster", "confidence": "position high (mapping-system export)", "review_status": "raster trace (2015 vintage); needs review before core/publish"}}, {"type": "Feature", "geometry": {"type": "LineString", "coordinates": [[-85.7486485, 35.0872566], [-85.748569, 35.0873318]]}, "properties": {"edge_id": 120, "difficulty": "difficult", "marker_count": 1, "trail_number": 71, "source_name": "SFWDA AOP trail map 2015-03-11", "source_type": "community_raster", "confidence": "position high (mapping-system export)", "review_status": "raster trace (2015 vintage); needs review before core/publish"}}, {"type": "Feature", "geometry": {"type": "LineString", "coordinates": [[-85.7480731, 35.0949466], [-85.7482611, 35.0949022], [-85.7484503, 35.0948001]]}, "properties": {"edge_id": 121, "difficulty": null, "marker_count": 0, "trail_number": null, "source_name": "SFWDA AOP trail map 2015-03-11", "source_type": "community_raster", "confidence": "position high (mapping-system export)", "review_status": "raster trace (2015 vintage); needs review before core/publish"}}, {"type": "Feature", "geometry": {"type": "LineString", "coordinates": [[-85.7478939, 35.0853905], [-85.7479075, 35.0853089], [-85.7479696, 35.0852092], [-85.7481159, 35.0851422], [-85.7482338, 35.085144], [-85.7483638, 35.0851962], [-85.7487366, 35.0852773], [-85.7489031, 35.0852826], [-85.7490991, 35.0852321]]}, "properties": {"edge_id": 122, "difficulty": "difficult", "marker_count": 1, "trail_number": 50, "source_name": "SFWDA AOP trail map 2015-03-11", "source_type": "community_raster", "confidence": "position high (mapping-system export)", "review_status": "raster trace (2015 vintage); needs review before core/publish"}}, {"type": "Feature", "geometry": {"type": "LineString", "coordinates": [[-85.7484697, 35.0942504], [-85.74835, 35.0945408], [-85.7484503, 35.0948001]]}, "properties": {"edge_id": 123, "difficulty": null, "marker_count": 0, "trail_number": null, "source_name": "SFWDA AOP trail map 2015-03-11", "source_type": "community_raster", "confidence": "position high (mapping-system export)", "review_status": "raster trace (2015 vintage); needs review before core/publish"}}, {"type": "Feature", "geometry": {"type": "LineString", "coordinates": [[-85.7564306, 35.0898912], [-85.7565479, 35.0895061]]}, "properties": {"edge_id": 124, "difficulty": null, "marker_count": 0, "trail_number": null, "source_name": "SFWDA AOP trail map 2015-03-11", "source_type": "community_raster", "confidence": "position high (mapping-system export)", "review_status": "raster trace (2015 vintage); needs review before core/publish"}}, {"type": "Feature", "geometry": {"type": "LineString", "coordinates": [[-85.7558814, 35.0874636], [-85.7559333, 35.0875677], [-85.7559308, 35.0877059], [-85.7558637, 35.0878191], [-85.7557469, 35.0878805]]}, "properties": {"edge_id": 125, "difficulty": "difficult", "marker_count": 1, "trail_number": 60, "source_name": "SFWDA AOP trail map 2015-03-11", "source_type": "community_raster", "confidence": "position high (mapping-system export)", "review_status": "raster trace (2015 vintage); needs review before core/publish"}}, {"type": "Feature", "geometry": {"type": "LineString", "coordinates": [[-85.7563644, 35.0842074], [-85.7563041, 35.0843291]]}, "properties": {"edge_id": 126, "difficulty": null, "marker_count": 0, "trail_number": null, "source_name": "SFWDA AOP trail map 2015-03-11", "source_type": "community_raster", "confidence": "position high (mapping-system export)", "review_status": "raster trace (2015 vintage); needs review before core/publish"}}, {"type": "Feature", "geometry": {"type": "LineString", "coordinates": [[-85.755629, 35.0873249], [-85.7554776, 35.087322], [-85.7553481, 35.0872727], [-85.7552656, 35.0872027], [-85.755214, 35.0871124], [-85.7552173, 35.087001], [-85.7550825, 35.086828], [-85.755038, 35.0867181], [-85.7549885, 35.0866803], [-85.7546937, 35.0865063], [-85.7544867, 35.0865191], [-85.7543896, 35.0864895], [-85.754348, 35.0864518]]}, "properties": {"edge_id": 127, "difficulty": null, "marker_count": 0, "trail_number": null, "source_name": "SFWDA AOP trail map 2015-03-11", "source_type": "community_raster", "confidence": "position high (mapping-system export)", "review_status": "raster trace (2015 vintage); needs review before core/publish"}}, {"type": "Feature", "geometry": {"type": "LineString", "coordinates": [[-85.750897, 35.0900752], [-85.750919, 35.0901793]]}, "properties": {"edge_id": 128, "difficulty": null, "marker_count": 0, "trail_number": null, "source_name": "SFWDA AOP trail map 2015-03-11", "source_type": "community_raster", "confidence": "position high (mapping-system export)", "review_status": "raster trace (2015 vintage); needs review before core/publish"}}, {"type": "Feature", "geometry": {"type": "LineString", "coordinates": [[-85.7567381, 35.0895383], [-85.7565479, 35.0895061]]}, "properties": {"edge_id": 129, "difficulty": null, "marker_count": 0, "trail_number": null, "source_name": "SFWDA AOP trail map 2015-03-11", "source_type": "community_raster", "confidence": "position high (mapping-system export)", "review_status": "raster trace (2015 vintage); needs review before core/publish"}}, {"type": "Feature", "geometry": {"type": "LineString", "coordinates": [[-85.7508113, 35.0880936], [-85.7505664, 35.0880456], [-85.7503711, 35.0879349]]}, "properties": {"edge_id": 130, "difficulty": null, "marker_count": 0, "trail_number": null, "source_name": "SFWDA AOP trail map 2015-03-11", "source_type": "community_raster", "confidence": "position high (mapping-system export)", "review_status": "raster trace (2015 vintage); needs review before core/publish"}}, {"type": "Feature", "geometry": {"type": "LineString", "coordinates": [[-85.7497026, 35.0954214], [-85.7498653, 35.0955197], [-85.7499903, 35.0955646], [-85.7500966, 35.0955762]]}, "properties": {"edge_id": 131, "difficulty": null, "marker_count": 0, "trail_number": null, "source_name": "SFWDA AOP trail map 2015-03-11", "source_type": "community_raster", "confidence": "position high (mapping-system export)", "review_status": "raster trace (2015 vintage); needs review before core/publish"}}, {"type": "Feature", "geometry": {"type": "LineString", "coordinates": [[-85.7557662, 35.0940149], [-85.7558435, 35.0939048]]}, "properties": {"edge_id": 132, "difficulty": null, "marker_count": 0, "trail_number": null, "source_name": "SFWDA AOP trail map 2015-03-11", "source_type": "community_raster", "confidence": "position high (mapping-system export)", "review_status": "raster trace (2015 vintage); needs review before core/publish"}}, {"type": "Feature", "geometry": {"type": "LineString", "coordinates": [[-85.7498041, 35.0893452], [-85.7498921, 35.0893015], [-85.7501556, 35.0892667], [-85.7501991, 35.0892416]]}, "properties": {"edge_id": 133, "difficulty": null, "marker_count": 0, "trail_number": null, "source_name": "SFWDA AOP trail map 2015-03-11", "source_type": "community_raster", "confidence": "position high (mapping-system export)", "review_status": "raster trace (2015 vintage); needs review before core/publish"}}, {"type": "Feature", "geometry": {"type": "LineString", "coordinates": [[-85.7462445, 35.0925186], [-85.7461216, 35.0924511]]}, "properties": {"edge_id": 134, "difficulty": null, "marker_count": 0, "trail_number": null, "source_name": "SFWDA AOP trail map 2015-03-11", "source_type": "community_raster", "confidence": "position high (mapping-system export)", "review_status": "raster trace (2015 vintage); needs review before core/publish"}}, {"type": "Feature", "geometry": {"type": "LineString", "coordinates": [[-85.7484503, 35.0948001], [-85.7485126, 35.0948151], [-85.748693, 35.0949374], [-85.7488575, 35.0949768]]}, "properties": {"edge_id": 135, "difficulty": null, "marker_count": 0, "trail_number": null, "source_name": "SFWDA AOP trail map 2015-03-11", "source_type": "community_raster", "confidence": "position high (mapping-system export)", "review_status": "raster trace (2015 vintage); needs review before core/publish"}}, {"type": "Feature", "geometry": {"type": "LineString", "coordinates": [[-85.7485807, 35.0932663], [-85.7480624, 35.0932997]]}, "properties": {"edge_id": 136, "difficulty": null, "marker_count": 0, "trail_number": null, "source_name": "SFWDA AOP trail map 2015-03-11", "source_type": "community_raster", "confidence": "position high (mapping-system export)", "review_status": "raster trace (2015 vintage); needs review before core/publish"}}, {"type": "Feature", "geometry": {"type": "LineString", "coordinates": [[-85.7565673, 35.0892623], [-85.7568323, 35.0890013]]}, "properties": {"edge_id": 137, "difficulty": "easy", "marker_count": 1, "trail_number": 12, "source_name": "SFWDA AOP trail map 2015-03-11", "source_type": "community_raster", "confidence": "position high (mapping-system export)", "review_status": "raster trace (2015 vintage); needs review before core/publish"}}, {"type": "Feature", "geometry": {"type": "LineString", "coordinates": [[-85.7546989, 35.0894568], [-85.7547744, 35.089352], [-85.7550154, 35.0892453], [-85.7550927, 35.0891858], [-85.7553008, 35.0889682]]}, "properties": {"edge_id": 138, "difficulty": null, "marker_count": 0, "trail_number": null, "source_name": "SFWDA AOP trail map 2015-03-11", "source_type": "community_raster", "confidence": "position high (mapping-system export)", "review_status": "raster trace (2015 vintage); needs review before core/publish"}}, {"type": "Feature", "geometry": {"type": "LineString", "coordinates": [[-85.7546989, 35.0894568], [-85.7547862, 35.089495], [-85.7549545, 35.0896366], [-85.754978, 35.0896364]]}, "properties": {"edge_id": 139, "difficulty": null, "marker_count": 0, "trail_number": null, "source_name": "SFWDA AOP trail map 2015-03-11", "source_type": "community_raster", "confidence": "position high (mapping-system export)", "review_status": "raster trace (2015 vintage); needs review before core/publish"}}, {"type": "Feature", "geometry": {"type": "LineString", "coordinates": [[-85.7497925, 35.0925257], [-85.7497339, 35.0925553], [-85.7497035, 35.0926048]]}, "properties": {"edge_id": 140, "difficulty": null, "marker_count": 0, "trail_number": null, "source_name": "SFWDA AOP trail map 2015-03-11", "source_type": "community_raster", "confidence": "position high (mapping-system export)", "review_status": "raster trace (2015 vintage); needs review before core/publish"}}, {"type": "Feature", "geometry": {"type": "LineString", "coordinates": [[-85.7592366, 35.095148], [-85.7593568, 35.0952841], [-85.7595778, 35.0952791], [-85.759677, 35.0953422]]}, "properties": {"edge_id": 141, "difficulty": "moderate", "marker_count": 1, "trail_number": 91, "source_name": "SFWDA AOP trail map 2015-03-11", "source_type": "community_raster", "confidence": "position high (mapping-system export)", "review_status": "raster trace (2015 vintage); needs review before core/publish"}}, {"type": "Feature", "geometry": {"type": "LineString", "coordinates": [[-85.7492569, 35.0872002], [-85.7493414, 35.087132], [-85.7494972, 35.0870657], [-85.7495349, 35.0869392]]}, "properties": {"edge_id": 142, "difficulty": null, "marker_count": 0, "trail_number": null, "source_name": "SFWDA AOP trail map 2015-03-11", "source_type": "community_raster", "confidence": "position high (mapping-system export)", "review_status": "raster trace (2015 vintage); needs review before core/publish"}}, {"type": "Feature", "geometry": {"type": "LineString", "coordinates": [[-85.7492569, 35.0872002], [-85.7489886, 35.0871489]]}, "properties": {"edge_id": 143, "difficulty": null, "marker_count": 0, "trail_number": null, "source_name": "SFWDA AOP trail map 2015-03-11", "source_type": "community_raster", "confidence": "position high (mapping-system export)", "review_status": "raster trace (2015 vintage); needs review before core/publish"}}, {"type": "Feature", "geometry": {"type": "LineString", "coordinates": [[-85.7480005, 35.0932977], [-85.7477613, 35.0933151]]}, "properties": {"edge_id": 144, "difficulty": null, "marker_count": 0, "trail_number": null, "source_name": "SFWDA AOP trail map 2015-03-11", "source_type": "community_raster", "confidence": "position high (mapping-system export)", "review_status": "raster trace (2015 vintage); needs review before core/publish"}}, {"type": "Feature", "geometry": {"type": "LineString", "coordinates": [[-85.7557589, 35.0956475], [-85.7559219, 35.0956639], [-85.7559762, 35.0957045]]}, "properties": {"edge_id": 145, "difficulty": null, "marker_count": 0, "trail_number": null, "source_name": "SFWDA AOP trail map 2015-03-11", "source_type": "community_raster", "confidence": "position high (mapping-system export)", "review_status": "raster trace (2015 vintage); needs review before core/publish"}}, {"type": "Feature", "geometry": {"type": "LineString", "coordinates": [[-85.7549731, 35.0845789], [-85.7549147, 35.0845359], [-85.7547105, 35.0845206]]}, "properties": {"edge_id": 146, "difficulty": "easy", "marker_count": 1, "trail_number": 1, "source_name": "SFWDA AOP trail map 2015-03-11", "source_type": "community_raster", "confidence": "position high (mapping-system export)", "review_status": "raster trace (2015 vintage); needs review before core/publish"}}, {"type": "Feature", "geometry": {"type": "LineString", "coordinates": [[-85.7515805, 35.0900951], [-85.7515072, 35.0901723], [-85.7514362, 35.0901969]]}, "properties": {"edge_id": 147, "difficulty": "easy", "marker_count": 1, "trail_number": 1, "source_name": "SFWDA AOP trail map 2015-03-11", "source_type": "community_raster", "confidence": "position high (mapping-system export)", "review_status": "raster trace (2015 vintage); needs review before core/publish"}}, {"type": "Feature", "geometry": {"type": "LineString", "coordinates": [[-85.7478998, 35.0868384], [-85.7479949, 35.0867188]]}, "properties": {"edge_id": 148, "difficulty": "difficult", "marker_count": 1, "trail_number": 73, "source_name": "SFWDA AOP trail map 2015-03-11", "source_type": "community_raster", "confidence": "position high (mapping-system export)", "review_status": "raster trace (2015 vintage); needs review before core/publish"}}, {"type": "Feature", "geometry": {"type": "LineString", "coordinates": [[-85.7478998, 35.0868384], [-85.7476192, 35.0867312], [-85.7474799, 35.0865885]]}, "properties": {"edge_id": 149, "difficulty": null, "marker_count": 0, "trail_number": null, "source_name": "SFWDA AOP trail map 2015-03-11", "source_type": "community_raster", "confidence": "position high (mapping-system export)", "review_status": "raster trace (2015 vintage); needs review before core/publish"}}, {"type": "Feature", "geometry": {"type": "LineString", "coordinates": [[-85.7551988, 35.0841837], [-85.7554521, 35.084169]]}, "properties": {"edge_id": 150, "difficulty": null, "marker_count": 0, "trail_number": null, "source_name": "SFWDA AOP trail map 2015-03-11", "source_type": "community_raster", "confidence": "position high (mapping-system export)", "review_status": "raster trace (2015 vintage); needs review before core/publish"}}, {"type": "Feature", "geometry": {"type": "LineString", "coordinates": [[-85.7521365, 35.0903317], [-85.7523222, 35.0901176], [-85.7524417, 35.0898839], [-85.7524984, 35.0897021], [-85.7525687, 35.0896245], [-85.7526822, 35.0895796], [-85.7528551, 35.0895675], [-85.7529969, 35.0895942], [-85.7532826, 35.0896996]]}, "properties": {"edge_id": 151, "difficulty": null, "marker_count": 0, "trail_number": null, "source_name": "SFWDA AOP trail map 2015-03-11", "source_type": "community_raster", "confidence": "position high (mapping-system export)", "review_status": "raster trace (2015 vintage); needs review before core/publish"}}, {"type": "Feature", "geometry": {"type": "LineString", "coordinates": [[-85.7491078, 35.0852324], [-85.7494445, 35.0856025], [-85.7494681, 35.0856916], [-85.7496592, 35.0859191], [-85.7496672, 35.0859636]]}, "properties": {"edge_id": 152, "difficulty": null, "marker_count": 0, "trail_number": null, "source_name": "SFWDA AOP trail map 2015-03-11", "source_type": "community_raster", "confidence": "position high (mapping-system export)", "review_status": "raster trace (2015 vintage); needs review before core/publish"}}, {"type": "Feature", "geometry": {"type": "LineString", "coordinates": [[-85.7512195, 35.0902117], [-85.7509283, 35.090186]]}, "properties": {"edge_id": 153, "difficulty": null, "marker_count": 0, "trail_number": null, "source_name": "SFWDA AOP trail map 2015-03-11", "source_type": "community_raster", "confidence": "position high (mapping-system export)", "review_status": "raster trace (2015 vintage); needs review before core/publish"}}, {"type": "Feature", "geometry": {"type": "LineString", "coordinates": [[-85.7565873, 35.0879904], [-85.7565225, 35.0881319]]}, "properties": {"edge_id": 154, "difficulty": null, "marker_count": 0, "trail_number": null, "source_name": "SFWDA AOP trail map 2015-03-11", "source_type": "community_raster", "confidence": "position high (mapping-system export)", "review_status": "raster trace (2015 vintage); needs review before core/publish"}}, {"type": "Feature", "geometry": {"type": "LineString", "coordinates": [[-85.7581395, 35.0925337], [-85.7580246, 35.0924553], [-85.758002, 35.0923692]]}, "properties": {"edge_id": 155, "difficulty": null, "marker_count": 0, "trail_number": null, "source_name": "SFWDA AOP trail map 2015-03-11", "source_type": "community_raster", "confidence": "position high (mapping-system export)", "review_status": "raster trace (2015 vintage); needs review before core/publish"}}, {"type": "Feature", "geometry": {"type": "LineString", "coordinates": [[-85.7595583, 35.0969604], [-85.7596998, 35.0969511], [-85.7597703, 35.0969146], [-85.759869, 35.0968186], [-85.7600897, 35.0966815], [-85.7601054, 35.0965386], [-85.7601783, 35.096354], [-85.7601799, 35.0962187], [-85.760217, 35.0960753]]}, "properties": {"edge_id": 156, "difficulty": null, "marker_count": 0, "trail_number": null, "source_name": "SFWDA AOP trail map 2015-03-11", "source_type": "community_raster", "confidence": "position high (mapping-system export)", "review_status": "raster trace (2015 vintage); needs review before core/publish"}}, {"type": "Feature", "geometry": {"type": "LineString", "coordinates": [[-85.752032, 35.0905202], [-85.7521927, 35.0907615], [-85.7522692, 35.0908137], [-85.7523925, 35.090827]]}, "properties": {"edge_id": 157, "difficulty": "difficult", "marker_count": 1, "trail_number": null, "source_name": "SFWDA AOP trail map 2015-03-11", "source_type": "community_raster", "confidence": "position high (mapping-system export)", "review_status": "raster trace (2015 vintage); needs review before core/publish"}}, {"type": "Feature", "geometry": {"type": "LineString", "coordinates": [[-85.755607, 35.0865836], [-85.7555876, 35.0866958], [-85.7556046, 35.0871155], [-85.7556367, 35.0873182]]}, "properties": {"edge_id": 158, "difficulty": "moderate", "marker_count": 1, "trail_number": 81, "source_name": "SFWDA AOP trail map 2015-03-11", "source_type": "community_raster", "confidence": "position high (mapping-system export)", "review_status": "raster trace (2015 vintage); needs review before core/publish"}}, {"type": "Feature", "geometry": {"type": "LineString", "coordinates": [[-85.7509126, 35.0902505], [-85.7509601, 35.0903034], [-85.7509507, 35.0905302], [-85.7510951, 35.0906893], [-85.7513096, 35.0907402], [-85.7516846, 35.0907473], [-85.751794, 35.0907997], [-85.7519501, 35.0909563], [-85.7520501, 35.0911388], [-85.7522568, 35.0913409], [-85.752324, 35.0913864], [-85.752462, 35.0914248], [-85.7527614, 35.0916366], [-85.7528826, 35.0917395], [-85.7530357, 35.0919327], [-85.7531651, 35.0920363], [-85.7533515, 35.0921404], [-85.7535616, 35.0923547], [-85.7536831, 35.0924332], [-85.7540728, 35.0925922], [-85.7542113, 35.0927034], [-85.7542807, 35.0927298], [-85.7546045, 35.0930504], [-85.754713, 35.0930579], [-85.754775, 35.0930389]]}, "properties": {"edge_id": 159, "difficulty": "moderate", "marker_count": 1, "trail_number": 97, "source_name": "SFWDA AOP trail map 2015-03-11", "source_type": "community_raster", "confidence": "position high (mapping-system export)", "review_status": "raster trace (2015 vintage); needs review before core/publish"}}, {"type": "Feature", "geometry": {"type": "LineString", "coordinates": [[-85.757154, 35.0853396], [-85.7570004, 35.0853312], [-85.7567829, 35.0852582]]}, "properties": {"edge_id": 160, "difficulty": "moderate", "marker_count": 1, "trail_number": 27, "source_name": "SFWDA AOP trail map 2015-03-11", "source_type": "community_raster", "confidence": "position high (mapping-system export)", "review_status": "raster trace (2015 vintage); needs review before core/publish"}}, {"type": "Feature", "geometry": {"type": "LineString", "coordinates": [[-85.7577688, 35.0939313], [-85.7578691, 35.093971], [-85.7579261, 35.093971], [-85.7581319, 35.0939177], [-85.7581943, 35.0938045], [-85.7582783, 35.0937111], [-85.7582838, 35.0936045]]}, "properties": {"edge_id": 161, "difficulty": null, "marker_count": 0, "trail_number": null, "source_name": "SFWDA AOP trail map 2015-03-11", "source_type": "community_raster", "confidence": "position high (mapping-system export)", "review_status": "raster trace (2015 vintage); needs review before core/publish"}}, {"type": "Feature", "geometry": {"type": "LineString", "coordinates": [[-85.7576382, 35.0877533], [-85.7575974, 35.0879722], [-85.7575579, 35.0880397]]}, "properties": {"edge_id": 162, "difficulty": null, "marker_count": 0, "trail_number": null, "source_name": "SFWDA AOP trail map 2015-03-11", "source_type": "community_raster", "confidence": "position high (mapping-system export)", "review_status": "raster trace (2015 vintage); needs review before core/publish"}}, {"type": "Feature", "geometry": {"type": "LineString", "coordinates": [[-85.7595513, 35.0969672], [-85.7595446, 35.0970377], [-85.7596161, 35.0971604], [-85.7596163, 35.0971986], [-85.7595673, 35.0972846], [-85.7594339, 35.0974333], [-85.759279, 35.0975197], [-85.7590956, 35.097576], [-85.7590108, 35.0975814], [-85.7587839, 35.0974879], [-85.7587062, 35.0974929], [-85.7586702, 35.0974126]]}, "properties": {"edge_id": 163, "difficulty": "difficult", "marker_count": 1, "trail_number": null, "source_name": "SFWDA AOP trail map 2015-03-11", "source_type": "community_raster", "confidence": "position high (mapping-system export)", "review_status": "raster trace (2015 vintage); needs review before core/publish"}}, {"type": "Feature", "geometry": {"type": "LineString", "coordinates": [[-85.7568299, 35.0934977], [-85.7569149, 35.0934644], [-85.7570647, 35.0934901], [-85.7572153, 35.0935686], [-85.7574243, 35.0937464], [-85.757524, 35.0937462]]}, "properties": {"edge_id": 164, "difficulty": "difficult", "marker_count": 1, "trail_number": 62, "source_name": "SFWDA AOP trail map 2015-03-11", "source_type": "community_raster", "confidence": "position high (mapping-system export)", "review_status": "raster trace (2015 vintage); needs review before core/publish"}}, {"type": "Feature", "geometry": {"type": "LineString", "coordinates": [[-85.7484802, 35.0942444], [-85.7488646, 35.0940853]]}, "properties": {"edge_id": 165, "difficulty": "difficult", "marker_count": 1, "trail_number": 43, "source_name": "SFWDA AOP trail map 2015-03-11", "source_type": "community_raster", "confidence": "position high (mapping-system export)", "review_status": "raster trace (2015 vintage); needs review before core/publish"}}, {"type": "Feature", "geometry": {"type": "LineString", "coordinates": [[-85.7524318, 35.0958902], [-85.7521903, 35.0957929], [-85.752141, 35.0957459]]}, "properties": {"edge_id": 166, "difficulty": null, "marker_count": 0, "trail_number": null, "source_name": "SFWDA AOP trail map 2015-03-11", "source_type": "community_raster", "confidence": "position high (mapping-system export)", "review_status": "raster trace (2015 vintage); needs review before core/publish"}}, {"type": "Feature", "geometry": {"type": "LineString", "coordinates": [[-85.7546365, 35.0859145], [-85.7547493, 35.0859368], [-85.7549885, 35.0859153], [-85.7552402, 35.0857545]]}, "properties": {"edge_id": 167, "difficulty": null, "marker_count": 0, "trail_number": null, "source_name": "SFWDA AOP trail map 2015-03-11", "source_type": "community_raster", "confidence": "position high (mapping-system export)", "review_status": "raster trace (2015 vintage); needs review before core/publish"}}, {"type": "Feature", "geometry": {"type": "LineString", "coordinates": [[-85.7504671, 35.0951333], [-85.7504688, 35.0950685], [-85.7503642, 35.0949795]]}, "properties": {"edge_id": 168, "difficulty": "moderate", "marker_count": 1, "trail_number": 36, "source_name": "SFWDA AOP trail map 2015-03-11", "source_type": "community_raster", "confidence": "position high (mapping-system export)", "review_status": "raster trace (2015 vintage); needs review before core/publish"}}, {"type": "Feature", "geometry": {"type": "LineString", "coordinates": [[-85.7548573, 35.0850455], [-85.7546752, 35.0851656]]}, "properties": {"edge_id": 169, "difficulty": "easy", "marker_count": 1, "trail_number": 18, "source_name": "SFWDA AOP trail map 2015-03-11", "source_type": "community_raster", "confidence": "position high (mapping-system export)", "review_status": "raster trace (2015 vintage); needs review before core/publish"}}, {"type": "Feature", "geometry": {"type": "LineString", "coordinates": [[-85.7509981, 35.0882788], [-85.7508743, 35.0881764], [-85.7508201, 35.0881]]}, "properties": {"edge_id": 170, "difficulty": null, "marker_count": 0, "trail_number": null, "source_name": "SFWDA AOP trail map 2015-03-11", "source_type": "community_raster", "confidence": "position high (mapping-system export)", "review_status": "raster trace (2015 vintage); needs review before core/publish"}}, {"type": "Feature", "geometry": {"type": "LineString", "coordinates": [[-85.7490615, 35.0911509], [-85.7486835, 35.0913809], [-85.7486925, 35.0913938]]}, "properties": {"edge_id": 171, "difficulty": null, "marker_count": 0, "trail_number": null, "source_name": "SFWDA AOP trail map 2015-03-11", "source_type": "community_raster", "confidence": "position high (mapping-system export)", "review_status": "raster trace (2015 vintage); needs review before core/publish"}}, {"type": "Feature", "geometry": {"type": "LineString", "coordinates": [[-85.749296, 35.092957], [-85.7493771, 35.0928526]]}, "properties": {"edge_id": 172, "difficulty": null, "marker_count": 0, "trail_number": null, "source_name": "SFWDA AOP trail map 2015-03-11", "source_type": "community_raster", "confidence": "position high (mapping-system export)", "review_status": "raster trace (2015 vintage); needs review before core/publish"}}, {"type": "Feature", "geometry": {"type": "LineString", "coordinates": [[-85.7605133, 35.09513], [-85.7606183, 35.0952744], [-85.7606164, 35.0954081], [-85.760536, 35.0955634], [-85.7605132, 35.0956726], [-85.760354, 35.0959025], [-85.7603173, 35.0959938], [-85.7602813, 35.0960403], [-85.7602242, 35.0960686]]}, "properties": {"edge_id": 173, "difficulty": null, "marker_count": 0, "trail_number": null, "source_name": "SFWDA AOP trail map 2015-03-11", "source_type": "community_raster", "confidence": "position high (mapping-system export)", "review_status": "raster trace (2015 vintage); needs review before core/publish"}}, {"type": "Feature", "geometry": {"type": "LineString", "coordinates": [[-85.7497679, 35.0898719], [-85.7497497, 35.0899744]]}, "properties": {"edge_id": 174, "difficulty": null, "marker_count": 0, "trail_number": null, "source_name": "SFWDA AOP trail map 2015-03-11", "source_type": "community_raster", "confidence": "position high (mapping-system export)", "review_status": "raster trace (2015 vintage); needs review before core/publish"}}, {"type": "Feature", "geometry": {"type": "LineString", "coordinates": [[-85.7550834, 35.0916611], [-85.7555211, 35.0918968], [-85.7556908, 35.0920345]]}, "properties": {"edge_id": 175, "difficulty": null, "marker_count": 0, "trail_number": null, "source_name": "SFWDA AOP trail map 2015-03-11", "source_type": "community_raster", "confidence": "position high (mapping-system export)", "review_status": "raster trace (2015 vintage); needs review before core/publish"}}, {"type": "Feature", "geometry": {"type": "LineString", "coordinates": [[-85.7470101, 35.0914891], [-85.7471322, 35.0915378], [-85.747337, 35.0915454], [-85.7475353, 35.0915148], [-85.7475911, 35.0914348], [-85.7476071, 35.0912459], [-85.7475736, 35.0911682], [-85.7473553, 35.0911155], [-85.7471821, 35.0911091], [-85.7470641, 35.0911365], [-85.7470337, 35.0911544], [-85.747001, 35.0914824]]}, "properties": {"edge_id": 176, "difficulty": null, "marker_count": 0, "trail_number": null, "source_name": "SFWDA AOP trail map 2015-03-11", "source_type": "community_raster", "confidence": "position high (mapping-system export)", "review_status": "raster trace (2015 vintage); needs review before core/publish"}}, {"type": "Feature", "geometry": {"type": "LineString", "coordinates": [[-85.7543462, 35.0908362], [-85.7544963, 35.0907189]]}, "properties": {"edge_id": 177, "difficulty": "difficult", "marker_count": 1, "trail_number": 68, "source_name": "SFWDA AOP trail map 2015-03-11", "source_type": "community_raster", "confidence": "position high (mapping-system export)", "review_status": "raster trace (2015 vintage); needs review before core/publish"}}, {"type": "Feature", "geometry": {"type": "LineString", "coordinates": [[-85.7558435, 35.0938983], [-85.7557563, 35.0937142], [-85.7557702, 35.093466]]}, "properties": {"edge_id": 178, "difficulty": null, "marker_count": 0, "trail_number": null, "source_name": "SFWDA AOP trail map 2015-03-11", "source_type": "community_raster", "confidence": "position high (mapping-system export)", "review_status": "raster trace (2015 vintage); needs review before core/publish"}}, {"type": "Feature", "geometry": {"type": "LineString", "coordinates": [[-85.7497777, 35.0893512], [-85.7496981, 35.0894078], [-85.7496976, 35.0895235]]}, "properties": {"edge_id": 179, "difficulty": "moderate", "marker_count": 1, "trail_number": 22, "source_name": "SFWDA AOP trail map 2015-03-11", "source_type": "community_raster", "confidence": "position high (mapping-system export)", "review_status": "raster trace (2015 vintage); needs review before core/publish"}}, {"type": "Feature", "geometry": {"type": "LineString", "coordinates": [[-85.7501065, 35.0955702], [-85.7501888, 35.0953799]]}, "properties": {"edge_id": 180, "difficulty": null, "marker_count": 0, "trail_number": null, "source_name": "SFWDA AOP trail map 2015-03-11", "source_type": "community_raster", "confidence": "position high (mapping-system export)", "review_status": "raster trace (2015 vintage); needs review before core/publish"}}, {"type": "Feature", "geometry": {"type": "LineString", "coordinates": [[-85.7592366, 35.0951414], [-85.7594166, 35.0949143], [-85.7594965, 35.0947425], [-85.7596045, 35.09465], [-85.7596906, 35.0946103], [-85.759755, 35.0946099], [-85.759883, 35.0946873], [-85.7599473, 35.0946869], [-85.7600048, 35.0946606], [-85.7601477, 35.0946661], [-85.7602544, 35.0947105], [-85.7603743, 35.0948442]]}, "properties": {"edge_id": 181, "difficulty": "moderate", "marker_count": 1, "trail_number": 93, "source_name": "SFWDA AOP trail map 2015-03-11", "source_type": "community_raster", "confidence": "position high (mapping-system export)", "review_status": "raster trace (2015 vintage); needs review before core/publish"}}, {"type": "Feature", "geometry": {"type": "LineString", "coordinates": [[-85.7514766, 35.0879219], [-85.7513981, 35.087821], [-85.7511507, 35.0876909]]}, "properties": {"edge_id": 182, "difficulty": "difficult", "marker_count": 1, "trail_number": 52, "source_name": "SFWDA AOP trail map 2015-03-11", "source_type": "community_raster", "confidence": "position high (mapping-system export)", "review_status": "raster trace (2015 vintage); needs review before core/publish"}}, {"type": "Feature", "geometry": {"type": "LineString", "coordinates": [[-85.7580387, 35.0919697], [-85.7579406, 35.0920644], [-85.7579203, 35.0921312], [-85.75793, 35.0923104], [-85.758002, 35.0923692]]}, "properties": {"edge_id": 183, "difficulty": null, "marker_count": 0, "trail_number": null, "source_name": "SFWDA AOP trail map 2015-03-11", "source_type": "community_raster", "confidence": "position high (mapping-system export)", "review_status": "raster trace (2015 vintage); needs review before core/publish"}}, {"type": "Feature", "geometry": {"type": "LineString", "coordinates": [[-85.7466226, 35.0870618], [-85.7465851, 35.0879293]]}, "properties": {"edge_id": 184, "difficulty": null, "marker_count": 0, "trail_number": null, "source_name": "SFWDA AOP trail map 2015-03-11", "source_type": "community_raster", "confidence": "position high (mapping-system export)", "review_status": "raster trace (2015 vintage); needs review before core/publish"}}, {"type": "Feature", "geometry": {"type": "LineString", "coordinates": [[-85.7476006, 35.0937768], [-85.7472384, 35.0937149], [-85.746966, 35.0936051], [-85.7469105, 35.0935339], [-85.7469594, 35.0933585], [-85.7471036, 35.0932621], [-85.7474682, 35.0931099], [-85.7479281, 35.0930053], [-85.7481958, 35.0929827]]}, "properties": {"edge_id": 185, "difficulty": "difficult", "marker_count": 1, "trail_number": 45, "source_name": "SFWDA AOP trail map 2015-03-11", "source_type": "community_raster", "confidence": "position high (mapping-system export)", "review_status": "raster trace (2015 vintage); needs review before core/publish"}}, {"type": "Feature", "geometry": {"type": "LineString", "coordinates": [[-85.748794, 35.0870159], [-85.7489784, 35.0868477], [-85.7490919, 35.0868124], [-85.7492974, 35.0868244], [-85.7494884, 35.0868998], [-85.7495349, 35.0869392]]}, "properties": {"edge_id": 186, "difficulty": null, "marker_count": 0, "trail_number": null, "source_name": "SFWDA AOP trail map 2015-03-11", "source_type": "community_raster", "confidence": "position high (mapping-system export)", "review_status": "raster trace (2015 vintage); needs review before core/publish"}}, {"type": "Feature", "geometry": {"type": "LineString", "coordinates": [[-85.7491082, 35.0852261], [-85.749129, 35.085], [-85.7492143, 35.0848514], [-85.7495116, 35.0846898], [-85.7497854, 35.0846028]]}, "properties": {"edge_id": 187, "difficulty": null, "marker_count": 0, "trail_number": null, "source_name": "SFWDA AOP trail map 2015-03-11", "source_type": "community_raster", "confidence": "position high (mapping-system export)", "review_status": "raster trace (2015 vintage); needs review before core/publish"}}, {"type": "Feature", "geometry": {"type": "LineString", "coordinates": [[-85.7496393, 35.0903448], [-85.7496662, 35.090429], [-85.7497393, 35.0904885], [-85.749877, 35.0905304], [-85.7499596, 35.090526]]}, "properties": {"edge_id": 188, "difficulty": "moderate", "marker_count": 1, "trail_number": 22, "source_name": "SFWDA AOP trail map 2015-03-11", "source_type": "community_raster", "confidence": "position high (mapping-system export)", "review_status": "raster trace (2015 vintage); needs review before core/publish"}}, {"type": "Feature", "geometry": {"type": "LineString", "coordinates": [[-85.7510579, 35.0886251], [-85.7512264, 35.0887492], [-85.7512736, 35.0888278]]}, "properties": {"edge_id": 189, "difficulty": "difficult", "marker_count": 1, "trail_number": 53, "source_name": "SFWDA AOP trail map 2015-03-11", "source_type": "community_raster", "confidence": "position high (mapping-system export)", "review_status": "raster trace (2015 vintage); needs review before core/publish"}}, {"type": "Feature", "geometry": {"type": "LineString", "coordinates": [[-85.7506421, 35.0873909], [-85.7505038, 35.0869396]]}, "properties": {"edge_id": 190, "difficulty": null, "marker_count": 0, "trail_number": null, "source_name": "SFWDA AOP trail map 2015-03-11", "source_type": "community_raster", "confidence": "position high (mapping-system export)", "review_status": "raster trace (2015 vintage); needs review before core/publish"}}, {"type": "Feature", "geometry": {"type": "LineString", "coordinates": [[-85.7573897, 35.0880472], [-85.7575579, 35.0880397]]}, "properties": {"edge_id": 191, "difficulty": "difficult", "marker_count": 1, "trail_number": 60, "source_name": "SFWDA AOP trail map 2015-03-11", "source_type": "community_raster", "confidence": "position high (mapping-system export)", "review_status": "raster trace (2015 vintage); needs review before core/publish"}}, {"type": "Feature", "geometry": {"type": "LineString", "coordinates": [[-85.7499141, 35.0923149], [-85.749913, 35.0923527], [-85.7498145, 35.092438]]}, "properties": {"edge_id": 192, "difficulty": null, "marker_count": 0, "trail_number": null, "source_name": "SFWDA AOP trail map 2015-03-11", "source_type": "community_raster", "confidence": "position high (mapping-system export)", "review_status": "raster trace (2015 vintage); needs review before core/publish"}}, {"type": "Feature", "geometry": {"type": "LineString", "coordinates": [[-85.7539337, 35.0958145], [-85.7540435, 35.0959285]]}, "properties": {"edge_id": 193, "difficulty": null, "marker_count": 0, "trail_number": null, "source_name": "SFWDA AOP trail map 2015-03-11", "source_type": "community_raster", "confidence": "position high (mapping-system export)", "review_status": "raster trace (2015 vintage); needs review before core/publish"}}, {"type": "Feature", "geometry": {"type": "LineString", "coordinates": [[-85.7543711, 35.0947092], [-85.7540748, 35.0946978], [-85.7538694, 35.0947324], [-85.7537377, 35.0947753], [-85.7534737, 35.0949263], [-85.7534074, 35.0950099]]}, "properties": {"edge_id": 194, "difficulty": null, "marker_count": 0, "trail_number": null, "source_name": "SFWDA AOP trail map 2015-03-11", "source_type": "community_raster", "confidence": "position high (mapping-system export)", "review_status": "raster trace (2015 vintage); needs review before core/publish"}}, {"type": "Feature", "geometry": {"type": "LineString", "coordinates": [[-85.7546677, 35.0894636], [-85.7546384, 35.0895354], [-85.7545926, 35.0895749]]}, "properties": {"edge_id": 195, "difficulty": "difficult", "marker_count": 1, "trail_number": 54, "source_name": "SFWDA AOP trail map 2015-03-11", "source_type": "community_raster", "confidence": "position high (mapping-system export)", "review_status": "raster trace (2015 vintage); needs review before core/publish"}}, {"type": "Feature", "geometry": {"type": "LineString", "coordinates": [[-85.7464068, 35.0887165], [-85.7463984, 35.0885072]]}, "properties": {"edge_id": 196, "difficulty": null, "marker_count": 0, "trail_number": null, "source_name": "SFWDA AOP trail map 2015-03-11", "source_type": "community_raster", "confidence": "position high (mapping-system export)", "review_status": "raster trace (2015 vintage); needs review before core/publish"}}, {"type": "Feature", "geometry": {"type": "LineString", "coordinates": [[-85.7466293, 35.0867198], [-85.7466232, 35.0870492]]}, "properties": {"edge_id": 197, "difficulty": null, "marker_count": 0, "trail_number": null, "source_name": "SFWDA AOP trail map 2015-03-11", "source_type": "community_raster", "confidence": "position high (mapping-system export)", "review_status": "raster trace (2015 vintage); needs review before core/publish"}}, {"type": "Feature", "geometry": {"type": "LineString", "coordinates": [[-85.7561821, 35.086184], [-85.7562032, 35.0861107]]}, "properties": {"edge_id": 198, "difficulty": null, "marker_count": 0, "trail_number": null, "source_name": "SFWDA AOP trail map 2015-03-11", "source_type": "community_raster", "confidence": "position high (mapping-system export)", "review_status": "raster trace (2015 vintage); needs review before core/publish"}}, {"type": "Feature", "geometry": {"type": "LineString", "coordinates": [[-85.7575168, 35.0886739], [-85.757534, 35.0889513], [-85.7575142, 35.0890714]]}, "properties": {"edge_id": 199, "difficulty": null, "marker_count": 0, "trail_number": null, "source_name": "SFWDA AOP trail map 2015-03-11", "source_type": "community_raster", "confidence": "position high (mapping-system export)", "review_status": "raster trace (2015 vintage); needs review before core/publish"}}, {"type": "Feature", "geometry": {"type": "LineString", "coordinates": [[-85.7496919, 35.088855], [-85.749735, 35.0888877], [-85.7498564, 35.0889213], [-85.7499524, 35.0890384]]}, "properties": {"edge_id": 200, "difficulty": null, "marker_count": 0, "trail_number": null, "source_name": "SFWDA AOP trail map 2015-03-11", "source_type": "community_raster", "confidence": "position high (mapping-system export)", "review_status": "raster trace (2015 vintage); needs review before core/publish"}}, {"type": "Feature", "geometry": {"type": "LineString", "coordinates": [[-85.7496919, 35.088855], [-85.7494499, 35.0888202], [-85.7490695, 35.0888159], [-85.7488184, 35.0887805], [-85.7485866, 35.0887035], [-85.7483907, 35.0885957], [-85.7478428, 35.0881205], [-85.7472917, 35.0878198], [-85.747293, 35.0876544], [-85.7473191, 35.0876104], [-85.7473706, 35.0875798], [-85.747439, 35.0875814], [-85.7476021, 35.0876617], [-85.7476708, 35.0876697], [-85.7477471, 35.0876077], [-85.7477027, 35.0874854]]}, "properties": {"edge_id": 201, "difficulty": null, "marker_count": 0, "trail_number": null, "source_name": "SFWDA AOP trail map 2015-03-11", "source_type": "community_raster", "confidence": "position high (mapping-system export)", "review_status": "raster trace (2015 vintage); needs review before core/publish"}}, {"type": "Feature", "geometry": {"type": "LineString", "coordinates": [[-85.7480435, 35.0937466], [-85.7480986, 35.0937043], [-85.7485342, 35.0935733], [-85.748954, 35.093506], [-85.7492076, 35.0934836], [-85.7493141, 35.0934938]]}, "properties": {"edge_id": 202, "difficulty": "difficult", "marker_count": 1, "trail_number": 45, "source_name": "SFWDA AOP trail map 2015-03-11", "source_type": "community_raster", "confidence": "position high (mapping-system export)", "review_status": "raster trace (2015 vintage); needs review before core/publish"}}, {"type": "Feature", "geometry": {"type": "LineString", "coordinates": [[-85.7495959, 35.0932135], [-85.7495772, 35.0931939], [-85.7495001, 35.0931849], [-85.7492567, 35.0932205], [-85.7488295, 35.0932433]]}, "properties": {"edge_id": 203, "difficulty": null, "marker_count": 0, "trail_number": null, "source_name": "SFWDA AOP trail map 2015-03-11", "source_type": "community_raster", "confidence": "position high (mapping-system export)", "review_status": "raster trace (2015 vintage); needs review before core/publish"}}, {"type": "Feature", "geometry": {"type": "LineString", "coordinates": [[-85.7584651, 35.0924363], [-85.7582735, 35.0924588], [-85.7582035, 35.0925329]]}, "properties": {"edge_id": 204, "difficulty": null, "marker_count": 0, "trail_number": null, "source_name": "SFWDA AOP trail map 2015-03-11", "source_type": "community_raster", "confidence": "position high (mapping-system export)", "review_status": "raster trace (2015 vintage); needs review before core/publish"}}, {"type": "Feature", "geometry": {"type": "LineString", "coordinates": [[-85.7509401, 35.0900242], [-85.7510568, 35.0900135], [-85.7511572, 35.0900415], [-85.7512229, 35.0900949], [-85.7512282, 35.0902054]]}, "properties": {"edge_id": 205, "difficulty": null, "marker_count": 0, "trail_number": null, "source_name": "SFWDA AOP trail map 2015-03-11", "source_type": "community_raster", "confidence": "position high (mapping-system export)", "review_status": "raster trace (2015 vintage); needs review before core/publish"}}, {"type": "Feature", "geometry": {"type": "LineString", "coordinates": [[-85.7565377, 35.0879794], [-85.7564401, 35.0879969], [-85.7563653, 35.0880596], [-85.7563085, 35.0882191], [-85.7563113, 35.0882916]]}, "properties": {"edge_id": 206, "difficulty": null, "marker_count": 0, "trail_number": null, "source_name": "SFWDA AOP trail map 2015-03-11", "source_type": "community_raster", "confidence": "position high (mapping-system export)", "review_status": "raster trace (2015 vintage); needs review before core/publish"}}, {"type": "Feature", "geometry": {"type": "LineString", "coordinates": [[-85.7544024, 35.0947229], [-85.7543254, 35.0948593]]}, "properties": {"edge_id": 207, "difficulty": null, "marker_count": 0, "trail_number": null, "source_name": "SFWDA AOP trail map 2015-03-11", "source_type": "community_raster", "confidence": "position high (mapping-system export)", "review_status": "raster trace (2015 vintage); needs review before core/publish"}}, {"type": "Feature", "geometry": {"type": "LineString", "coordinates": [[-85.75151, 35.0956647], [-85.7518747, 35.0956742], [-85.7521326, 35.0957457]]}, "properties": {"edge_id": 208, "difficulty": "moderate", "marker_count": 1, "trail_number": 32, "source_name": "SFWDA AOP trail map 2015-03-11", "source_type": "community_raster", "confidence": "position high (mapping-system export)", "review_status": "raster trace (2015 vintage); needs review before core/publish"}}, {"type": "Feature", "geometry": {"type": "LineString", "coordinates": [[-85.7522104, 35.0956364], [-85.7521892, 35.0954527]]}, "properties": {"edge_id": 209, "difficulty": "difficult", "marker_count": 1, "trail_number": 49, "source_name": "SFWDA AOP trail map 2015-03-11", "source_type": "community_raster", "confidence": "position high (mapping-system export)", "review_status": "raster trace (2015 vintage); needs review before core/publish"}}, {"type": "Feature", "geometry": {"type": "LineString", "coordinates": [[-85.7496964, 35.0898063], [-85.749768, 35.0898655]]}, "properties": {"edge_id": 210, "difficulty": null, "marker_count": 0, "trail_number": null, "source_name": "SFWDA AOP trail map 2015-03-11", "source_type": "community_raster", "confidence": "position high (mapping-system export)", "review_status": "raster trace (2015 vintage); needs review before core/publish"}}, {"type": "Feature", "geometry": {"type": "LineString", "coordinates": [[-85.7521171, 35.0936046], [-85.7523133, 35.0935381], [-85.752412, 35.0934376], [-85.7524132, 35.093297], [-85.7523412, 35.093149], [-85.7524166, 35.0929072], [-85.7522953, 35.0927971], [-85.7522474, 35.0926944], [-85.7523631, 35.0925041], [-85.7523636, 35.0924466], [-85.7522755, 35.0922735], [-85.7522109, 35.0922155], [-85.7519837, 35.0921247], [-85.7517397, 35.0920913]]}, "properties": {"edge_id": 211, "difficulty": "difficult", "marker_count": 2, "trail_number": 47, "source_name": "SFWDA AOP trail map 2015-03-11", "source_type": "community_raster", "confidence": "position high (mapping-system export)", "review_status": "raster trace (2015 vintage); needs review before core/publish"}}, {"type": "Feature", "geometry": {"type": "LineString", "coordinates": [[-85.7501984, 35.0957691], [-85.7501912, 35.0956716], [-85.7501062, 35.0955832]]}, "properties": {"edge_id": 212, "difficulty": null, "marker_count": 0, "trail_number": null, "source_name": "SFWDA AOP trail map 2015-03-11", "source_type": "community_raster", "confidence": "position high (mapping-system export)", "review_status": "raster trace (2015 vintage); needs review before core/publish"}}, {"type": "Feature", "geometry": {"type": "LineString", "coordinates": [[-85.7545366, 35.0925109], [-85.7546362, 35.0927843], [-85.754775, 35.0930389]]}, "properties": {"edge_id": 213, "difficulty": "difficult", "marker_count": 1, "trail_number": 41, "source_name": "SFWDA AOP trail map 2015-03-11", "source_type": "community_raster", "confidence": "position high (mapping-system export)", "review_status": "raster trace (2015 vintage); needs review before core/publish"}}, {"type": "Feature", "geometry": {"type": "LineString", "coordinates": [[-85.7492974, 35.0872905], [-85.7496617, 35.0875153], [-85.7498549, 35.0877037], [-85.7499445, 35.0877498]]}, "properties": {"edge_id": 214, "difficulty": "difficult", "marker_count": 1, "trail_number": 50, "source_name": "SFWDA AOP trail map 2015-03-11", "source_type": "community_raster", "confidence": "position high (mapping-system export)", "review_status": "raster trace (2015 vintage); needs review before core/publish"}}, {"type": "Feature", "geometry": {"type": "LineString", "coordinates": [[-85.7552622, 35.0956182], [-85.7551304, 35.0956682], [-85.7550453, 35.0957454], [-85.7549913, 35.0958363], [-85.7549917, 35.0959283]]}, "properties": {"edge_id": 215, "difficulty": null, "marker_count": 0, "trail_number": null, "source_name": "SFWDA AOP trail map 2015-03-11", "source_type": "community_raster", "confidence": "position high (mapping-system export)", "review_status": "raster trace (2015 vintage); needs review before core/publish"}}, {"type": "Feature", "geometry": {"type": "LineString", "coordinates": [[-85.7480326, 35.0937526], [-85.7478756, 35.0937476], [-85.7476215, 35.0937775]]}, "properties": {"edge_id": 216, "difficulty": null, "marker_count": 0, "trail_number": null, "source_name": "SFWDA AOP trail map 2015-03-11", "source_type": "community_raster", "confidence": "position high (mapping-system export)", "review_status": "raster trace (2015 vintage); needs review before core/publish"}}, {"type": "Feature", "geometry": {"type": "LineString", "coordinates": [[-85.7557744, 35.0958652], [-85.7558907, 35.0958082], [-85.7559528, 35.0957567], [-85.7559762, 35.0957045]]}, "properties": {"edge_id": 217, "difficulty": "easy", "marker_count": 1, "trail_number": 2, "source_name": "SFWDA AOP trail map 2015-03-11", "source_type": "community_raster", "confidence": "position high (mapping-system export)", "review_status": "raster trace (2015 vintage); needs review before core/publish"}}, {"type": "Feature", "geometry": {"type": "LineString", "coordinates": [[-85.7580763, 35.0976969], [-85.7582253, 35.0976906], [-85.7584941, 35.0975508]]}, "properties": {"edge_id": 218, "difficulty": null, "marker_count": 0, "trail_number": null, "source_name": "SFWDA AOP trail map 2015-03-11", "source_type": "community_raster", "confidence": "position high (mapping-system export)", "review_status": "raster trace (2015 vintage); needs review before core/publish"}}, {"type": "Feature", "geometry": {"type": "LineString", "coordinates": [[-85.7572116, 35.0904582], [-85.7571699, 35.0905321]]}, "properties": {"edge_id": 219, "difficulty": null, "marker_count": 0, "trail_number": null, "source_name": "SFWDA AOP trail map 2015-03-11", "source_type": "community_raster", "confidence": "position high (mapping-system export)", "review_status": "raster trace (2015 vintage); needs review before core/publish"}}, {"type": "Feature", "geometry": {"type": "LineString", "coordinates": [[-85.7581468, 35.0925469], [-85.7581056, 35.0926406], [-85.7581004, 35.092767]]}, "properties": {"edge_id": 220, "difficulty": null, "marker_count": 0, "trail_number": null, "source_name": "SFWDA AOP trail map 2015-03-11", "source_type": "community_raster", "confidence": "position high (mapping-system export)", "review_status": "raster trace (2015 vintage); needs review before core/publish"}}, {"type": "Feature", "geometry": {"type": "LineString", "coordinates": [[-85.7511639, 35.0898013], [-85.7510565, 35.0897993], [-85.7510129, 35.0898245], [-85.7509368, 35.0899398], [-85.7509309, 35.0900175]]}, "properties": {"edge_id": 221, "difficulty": null, "marker_count": 0, "trail_number": null, "source_name": "SFWDA AOP trail map 2015-03-11", "source_type": "community_raster", "confidence": "position high (mapping-system export)", "review_status": "raster trace (2015 vintage); needs review before core/publish"}}, {"type": "Feature", "geometry": {"type": "LineString", "coordinates": [[-85.7559762, 35.0957045], [-85.7561004, 35.0956739], [-85.7563102, 35.0955658], [-85.7564192, 35.0954755], [-85.7565415, 35.0954045], [-85.7565916, 35.095339]]}, "properties": {"edge_id": 222, "difficulty": null, "marker_count": 0, "trail_number": null, "source_name": "SFWDA AOP trail map 2015-03-11", "source_type": "community_raster", "confidence": "position high (mapping-system export)", "review_status": "raster trace (2015 vintage); needs review before core/publish"}}, {"type": "Feature", "geometry": {"type": "LineString", "coordinates": [[-85.7539346, 35.0846858], [-85.7539956, 35.0847802]]}, "properties": {"edge_id": 223, "difficulty": null, "marker_count": 0, "trail_number": null, "source_name": "SFWDA AOP trail map 2015-03-11", "source_type": "community_raster", "confidence": "position high (mapping-system export)", "review_status": "raster trace (2015 vintage); needs review before core/publish"}}, {"type": "Feature", "geometry": {"type": "LineString", "coordinates": [[-85.7542104, 35.0909144], [-85.7542598, 35.091005], [-85.7542552, 35.0910893]]}, "properties": {"edge_id": 224, "difficulty": "moderate", "marker_count": 1, "trail_number": 33, "source_name": "SFWDA AOP trail map 2015-03-11", "source_type": "community_raster", "confidence": "position high (mapping-system export)", "review_status": "raster trace (2015 vintage); needs review before core/publish"}}, {"type": "Feature", "geometry": {"type": "LineString", "coordinates": [[-85.7495117, 35.0903227], [-85.7494381, 35.0903724], [-85.7492506, 35.0906051]]}, "properties": {"edge_id": 225, "difficulty": null, "marker_count": 0, "trail_number": null, "source_name": "SFWDA AOP trail map 2015-03-11", "source_type": "community_raster", "confidence": "position high (mapping-system export)", "review_status": "raster trace (2015 vintage); needs review before core/publish"}}, {"type": "Feature", "geometry": {"type": "LineString", "coordinates": [[-85.7499953, 35.0924818], [-85.7498133, 35.0924758]]}, "properties": {"edge_id": 226, "difficulty": null, "marker_count": 0, "trail_number": null, "source_name": "SFWDA AOP trail map 2015-03-11", "source_type": "community_raster", "confidence": "position high (mapping-system export)", "review_status": "raster trace (2015 vintage); needs review before core/publish"}}, {"type": "Feature", "geometry": {"type": "LineString", "coordinates": [[-85.7559953, 35.0909951], [-85.755978, 35.090825], [-85.7559462, 35.0907465], [-85.7559528, 35.0906549]]}, "properties": {"edge_id": 227, "difficulty": "easy", "marker_count": 1, "trail_number": 9, "source_name": "SFWDA AOP trail map 2015-03-11", "source_type": "community_raster", "confidence": "position high (mapping-system export)", "review_status": "raster trace (2015 vintage); needs review before core/publish"}}, {"type": "Feature", "geometry": {"type": "LineString", "coordinates": [[-85.7492414, 35.0906049], [-85.7490575, 35.0905876], [-85.7488412, 35.0904418], [-85.7487487, 35.0904263]]}, "properties": {"edge_id": 228, "difficulty": null, "marker_count": 0, "trail_number": null, "source_name": "SFWDA AOP trail map 2015-03-11", "source_type": "community_raster", "confidence": "position high (mapping-system export)", "review_status": "raster trace (2015 vintage); needs review before core/publish"}}, {"type": "Feature", "geometry": {"type": "LineString", "coordinates": [[-85.7463221, 35.0933885], [-85.7461174, 35.0931982]]}, "properties": {"edge_id": 229, "difficulty": null, "marker_count": 0, "trail_number": null, "source_name": "SFWDA AOP trail map 2015-03-11", "source_type": "community_raster", "confidence": "position high (mapping-system export)", "review_status": "raster trace (2015 vintage); needs review before core/publish"}}, {"type": "Feature", "geometry": {"type": "LineString", "coordinates": [[-85.7544699, 35.0850767], [-85.7542749, 35.0850597]]}, "properties": {"edge_id": 230, "difficulty": "easy", "marker_count": 1, "trail_number": 16, "source_name": "SFWDA AOP trail map 2015-03-11", "source_type": "community_raster", "confidence": "position high (mapping-system export)", "review_status": "raster trace (2015 vintage); needs review before core/publish"}}, {"type": "Feature", "geometry": {"type": "LineString", "coordinates": [[-85.7579372, 35.0932736], [-85.7579072, 35.0931742], [-85.7577832, 35.0929628]]}, "properties": {"edge_id": 231, "difficulty": null, "marker_count": 0, "trail_number": null, "source_name": "SFWDA AOP trail map 2015-03-11", "source_type": "community_raster", "confidence": "position high (mapping-system export)", "review_status": "raster trace (2015 vintage); needs review before core/publish"}}, {"type": "Feature", "geometry": {"type": "LineString", "coordinates": [[-85.7581572, 35.0875534], [-85.7583952, 35.0875366], [-85.7586095, 35.0874615], [-85.7586357, 35.0874144], [-85.7586337, 35.087362], [-85.7585883, 35.0872722], [-85.7585905, 35.0869638], [-85.7585536, 35.0869129], [-85.7583662, 35.0867702], [-85.7582884, 35.0865699]]}, "properties": {"edge_id": 232, "difficulty": "moderate", "marker_count": 1, "trail_number": 25, "source_name": "SFWDA AOP trail map 2015-03-11", "source_type": "community_raster", "confidence": "position high (mapping-system export)", "review_status": "raster trace (2015 vintage); needs review before core/publish"}}, {"type": "Feature", "geometry": {"type": "LineString", "coordinates": [[-85.7557062, 35.093204], [-85.7557387, 35.0934199], [-85.7557701, 35.0934595]]}, "properties": {"edge_id": 233, "difficulty": null, "marker_count": 0, "trail_number": null, "source_name": "SFWDA AOP trail map 2015-03-11", "source_type": "community_raster", "confidence": "position high (mapping-system export)", "review_status": "raster trace (2015 vintage); needs review before core/publish"}}, {"type": "Feature", "geometry": {"type": "LineString", "coordinates": [[-85.7534074, 35.0950165], [-85.7534736, 35.0950573], [-85.7537055, 35.0950495], [-85.7538049, 35.095078], [-85.7538798, 35.0951322]]}, "properties": {"edge_id": 234, "difficulty": "moderate", "marker_count": 1, "trail_number": 34, "source_name": "SFWDA AOP trail map 2015-03-11", "source_type": "community_raster", "confidence": "position high (mapping-system export)", "review_status": "raster trace (2015 vintage); needs review before core/publish"}}, {"type": "Feature", "geometry": {"type": "LineString", "coordinates": [[-85.7560757, 35.0913419], [-85.7560767, 35.0914401], [-85.7560465, 35.0914793]]}, "properties": {"edge_id": 235, "difficulty": null, "marker_count": 0, "trail_number": null, "source_name": "SFWDA AOP trail map 2015-03-11", "source_type": "community_raster", "confidence": "position high (mapping-system export)", "review_status": "raster trace (2015 vintage); needs review before core/publish"}}, {"type": "Feature", "geometry": {"type": "LineString", "coordinates": [[-85.7573139, 35.0914533], [-85.7571942, 35.0915285], [-85.7570669, 35.0915642], [-85.7570112, 35.0916444], [-85.7570051, 35.0917171]]}, "properties": {"edge_id": 236, "difficulty": null, "marker_count": 0, "trail_number": null, "source_name": "SFWDA AOP trail map 2015-03-11", "source_type": "community_raster", "confidence": "position high (mapping-system export)", "review_status": "raster trace (2015 vintage); needs review before core/publish"}}, {"type": "Feature", "geometry": {"type": "LineString", "coordinates": [[-85.7474879, 35.0865377], [-85.7476576, 35.0865087]]}, "properties": {"edge_id": 237, "difficulty": null, "marker_count": 0, "trail_number": null, "source_name": "SFWDA AOP trail map 2015-03-11", "source_type": "community_raster", "confidence": "position high (mapping-system export)", "review_status": "raster trace (2015 vintage); needs review before core/publish"}}, {"type": "Feature", "geometry": {"type": "LineString", "coordinates": [[-85.7565935, 35.0933805], [-85.7564728, 35.0934074]]}, "properties": {"edge_id": 238, "difficulty": null, "marker_count": 0, "trail_number": null, "source_name": "SFWDA AOP trail map 2015-03-11", "source_type": "community_raster", "confidence": "position high (mapping-system export)", "review_status": "raster trace (2015 vintage); needs review before core/publish"}}, {"type": "Feature", "geometry": {"type": "LineString", "coordinates": [[-85.7512826, 35.0888344], [-85.7513935, 35.0888096], [-85.7515872, 35.0886553], [-85.7517574, 35.0883989], [-85.7517461, 35.0882292], [-85.7517027, 35.0881161], [-85.7516179, 35.0879843], [-85.7514849, 35.0879282]]}, "properties": {"edge_id": 239, "difficulty": null, "marker_count": 0, "trail_number": null, "source_name": "SFWDA AOP trail map 2015-03-11", "source_type": "community_raster", "confidence": "position high (mapping-system export)", "review_status": "raster trace (2015 vintage); needs review before core/publish"}}, {"type": "Feature", "geometry": {"type": "LineString", "coordinates": [[-85.7561912, 35.0921279], [-85.756153, 35.0921474], [-85.756053, 35.092147], [-85.7558215, 35.092048], [-85.7556985, 35.0920345]]}, "properties": {"edge_id": 240, "difficulty": null, "marker_count": 0, "trail_number": null, "source_name": "SFWDA AOP trail map 2015-03-11", "source_type": "community_raster", "confidence": "position high (mapping-system export)", "review_status": "raster trace (2015 vintage); needs review before core/publish"}}, {"type": "Feature", "geometry": {"type": "LineString", "coordinates": [[-85.7549895, 35.0845847], [-85.7550631, 35.084594], [-85.7553261, 35.0846993]]}, "properties": {"edge_id": 241, "difficulty": null, "marker_count": 0, "trail_number": null, "source_name": "SFWDA AOP trail map 2015-03-11", "source_type": "community_raster", "confidence": "position high (mapping-system export)", "review_status": "raster trace (2015 vintage); needs review before core/publish"}}, {"type": "Feature", "geometry": {"type": "LineString", "coordinates": [[-85.749924, 35.0870955], [-85.7498122, 35.0869783], [-85.749695, 35.0869435], [-85.7495349, 35.0869392]]}, "properties": {"edge_id": 242, "difficulty": null, "marker_count": 0, "trail_number": null, "source_name": "SFWDA AOP trail map 2015-03-11", "source_type": "community_raster", "confidence": "position high (mapping-system export)", "review_status": "raster trace (2015 vintage); needs review before core/publish"}}, {"type": "Feature", "geometry": {"type": "LineString", "coordinates": [[-85.7465587, 35.0866551], [-85.7466298, 35.0867071]]}, "properties": {"edge_id": 243, "difficulty": null, "marker_count": 0, "trail_number": null, "source_name": "SFWDA AOP trail map 2015-03-11", "source_type": "community_raster", "confidence": "position high (mapping-system export)", "review_status": "raster trace (2015 vintage); needs review before core/publish"}}, {"type": "Feature", "geometry": {"type": "LineString", "coordinates": [[-85.7524698, 35.0956294], [-85.7522186, 35.0956431]]}, "properties": {"edge_id": 244, "difficulty": null, "marker_count": 0, "trail_number": null, "source_name": "SFWDA AOP trail map 2015-03-11", "source_type": "community_raster", "confidence": "position high (mapping-system export)", "review_status": "raster trace (2015 vintage); needs review before core/publish"}}, {"type": "Feature", "geometry": {"type": "LineString", "coordinates": [[-85.7554407, 35.0956348], [-85.7552699, 35.0956183]]}, "properties": {"edge_id": 245, "difficulty": "moderate", "marker_count": 1, "trail_number": 26, "source_name": "SFWDA AOP trail map 2015-03-11", "source_type": "community_raster", "confidence": "position high (mapping-system export)", "review_status": "raster trace (2015 vintage); needs review before core/publish"}}, {"type": "Feature", "geometry": {"type": "LineString", "coordinates": [[-85.7565294, 35.084204], [-85.7566925, 35.0844807], [-85.7566827, 35.0847077], [-85.7566361, 35.0848157], [-85.7565544, 35.0849113]]}, "properties": {"edge_id": 246, "difficulty": null, "marker_count": 0, "trail_number": null, "source_name": "SFWDA AOP trail map 2015-03-11", "source_type": "community_raster", "confidence": "position high (mapping-system export)", "review_status": "raster trace (2015 vintage); needs review before core/publish"}}, {"type": "Feature", "geometry": {"type": "LineString", "coordinates": [[-85.7553344, 35.0847055], [-85.7554557, 35.0846794]]}, "properties": {"edge_id": 247, "difficulty": null, "marker_count": 0, "trail_number": null, "source_name": "SFWDA AOP trail map 2015-03-11", "source_type": "community_raster", "confidence": "position high (mapping-system export)", "review_status": "raster trace (2015 vintage); needs review before core/publish"}}, {"type": "Feature", "geometry": {"type": "LineString", "coordinates": [[-85.7512743, 35.0888408], [-85.751209, 35.0889181], [-85.7510993, 35.0889818], [-85.7510646, 35.0889813]]}, "properties": {"edge_id": 248, "difficulty": null, "marker_count": 0, "trail_number": null, "source_name": "SFWDA AOP trail map 2015-03-11", "source_type": "community_raster", "confidence": "position high (mapping-system export)", "review_status": "raster trace (2015 vintage); needs review before core/publish"}}, {"type": "Feature", "geometry": {"type": "LineString", "coordinates": [[-85.7549816, 35.0845917], [-85.7549114, 35.0846941]]}, "properties": {"edge_id": 249, "difficulty": "easy", "marker_count": 1, "trail_number": 20, "source_name": "SFWDA AOP trail map 2015-03-11", "source_type": "community_raster", "confidence": "position high (mapping-system export)", "review_status": "raster trace (2015 vintage); needs review before core/publish"}}, {"type": "Feature", "geometry": {"type": "LineString", "coordinates": [[-85.758002, 35.0923692], [-85.7581562, 35.0922273], [-85.7583547, 35.092191]]}, "properties": {"edge_id": 250, "difficulty": null, "marker_count": 0, "trail_number": null, "source_name": "SFWDA AOP trail map 2015-03-11", "source_type": "community_raster", "confidence": "position high (mapping-system export)", "review_status": "raster trace (2015 vintage); needs review before core/publish"}}, {"type": "Feature", "geometry": {"type": "LineString", "coordinates": [[-85.7574197, 35.0894328], [-85.7572475, 35.0898029], [-85.7571848, 35.0898778]]}, "properties": {"edge_id": 251, "difficulty": "easy", "marker_count": 1, "trail_number": 1, "source_name": "SFWDA AOP trail map 2015-03-11", "source_type": "community_raster", "confidence": "position high (mapping-system export)", "review_status": "raster trace (2015 vintage); needs review before core/publish"}}, {"type": "Feature", "geometry": {"type": "LineString", "coordinates": [[-85.7560078, 35.0939397], [-85.7558514, 35.0939049]]}, "properties": {"edge_id": 252, "difficulty": null, "marker_count": 0, "trail_number": null, "source_name": "SFWDA AOP trail map 2015-03-11", "source_type": "community_raster", "confidence": "position high (mapping-system export)", "review_status": "raster trace (2015 vintage); needs review before core/publish"}}, {"type": "Feature", "geometry": {"type": "LineString", "coordinates": [[-85.7478492, 35.0864033], [-85.7479139, 35.0864235], [-85.7479471, 35.0864623]]}, "properties": {"edge_id": 253, "difficulty": null, "marker_count": 0, "trail_number": null, "source_name": "SFWDA AOP trail map 2015-03-11", "source_type": "community_raster", "confidence": "position high (mapping-system export)", "review_status": "raster trace (2015 vintage); needs review before core/publish"}}, {"type": "Feature", "geometry": {"type": "LineString", "coordinates": [[-85.7558011, 35.0874457], [-85.7557428, 35.0873813], [-85.755637, 35.0873247]]}, "properties": {"edge_id": 254, "difficulty": null, "marker_count": 0, "trail_number": null, "source_name": "SFWDA AOP trail map 2015-03-11", "source_type": "community_raster", "confidence": "position high (mapping-system export)", "review_status": "raster trace (2015 vintage); needs review before core/publish"}}, {"type": "Feature", "geometry": {"type": "LineString", "coordinates": [[-85.7552522, 35.0907293], [-85.7552516, 35.0907032], [-85.7551258, 35.0905994]]}, "properties": {"edge_id": 255, "difficulty": "easy", "marker_count": 1, "trail_number": 9, "source_name": "SFWDA AOP trail map 2015-03-11", "source_type": "community_raster", "confidence": "position high (mapping-system export)", "review_status": "raster trace (2015 vintage); needs review before core/publish"}}, {"type": "Feature", "geometry": {"type": "LineString", "coordinates": [[-85.7559528, 35.0906549], [-85.7558106, 35.0904201], [-85.7556227, 35.0902904], [-85.755482, 35.0902324], [-85.7552259, 35.090234]]}, "properties": {"edge_id": 256, "difficulty": null, "marker_count": 0, "trail_number": null, "source_name": "SFWDA AOP trail map 2015-03-11", "source_type": "community_raster", "confidence": "position high (mapping-system export)", "review_status": "raster trace (2015 vintage); needs review before core/publish"}}, {"type": "Feature", "geometry": {"type": "LineString", "coordinates": [[-85.7577044, 35.0929237], [-85.7576128, 35.0929908], [-85.7574637, 35.0930119], [-85.7573934, 35.0930654]]}, "properties": {"edge_id": 257, "difficulty": "moderate", "marker_count": 1, "trail_number": 28, "source_name": "SFWDA AOP trail map 2015-03-11", "source_type": "community_raster", "confidence": "position high (mapping-system export)", "review_status": "raster trace (2015 vintage); needs review before core/publish"}}, {"type": "Feature", "geometry": {"type": "LineString", "coordinates": [[-85.7555078, 35.091218], [-85.7553548, 35.0912246], [-85.7552789, 35.0912508], [-85.7551028, 35.0912509]]}, "properties": {"edge_id": 258, "difficulty": null, "marker_count": 0, "trail_number": null, "source_name": "SFWDA AOP trail map 2015-03-11", "source_type": "community_raster", "confidence": "position high (mapping-system export)", "review_status": "raster trace (2015 vintage); needs review before core/publish"}}, {"type": "Feature", "geometry": {"type": "LineString", "coordinates": [[-85.7586702, 35.0974063], [-85.7588946, 35.0971502], [-85.7590064, 35.0969521], [-85.7590703, 35.096778], [-85.7591069, 35.0965701], [-85.7590938, 35.0963785], [-85.7590316, 35.0960893], [-85.7587644, 35.0954785], [-85.7587149, 35.0954061]]}, "properties": {"edge_id": 259, "difficulty": null, "marker_count": 0, "trail_number": null, "source_name": "SFWDA AOP trail map 2015-03-11", "source_type": "community_raster", "confidence": "position high (mapping-system export)", "review_status": "raster trace (2015 vintage); needs review before core/publish"}}, {"type": "Feature", "geometry": {"type": "LineString", "coordinates": [[-85.7548368, 35.0959448], [-85.7547126, 35.0959095]]}, "properties": {"edge_id": 260, "difficulty": null, "marker_count": 0, "trail_number": null, "source_name": "SFWDA AOP trail map 2015-03-11", "source_type": "community_raster", "confidence": "position high (mapping-system export)", "review_status": "raster trace (2015 vintage); needs review before core/publish"}}, {"type": "Feature", "geometry": {"type": "LineString", "coordinates": [[-85.7581707, 35.0962021], [-85.7581065, 35.0962075], [-85.7579994, 35.0962858], [-85.7579352, 35.0962845], [-85.7577716, 35.0962011], [-85.7576508, 35.0960854], [-85.7575797, 35.0960507], [-85.7575298, 35.0960498], [-85.7573799, 35.0961403], [-85.7573085, 35.096159]]}, "properties": {"edge_id": 261, "difficulty": "easy", "marker_count": 1, "trail_number": 4, "source_name": "SFWDA AOP trail map 2015-03-11", "source_type": "community_raster", "confidence": "position high (mapping-system export)", "review_status": "raster trace (2015 vintage); needs review before core/publish"}}, {"type": "Feature", "geometry": {"type": "LineString", "coordinates": [[-85.7503507, 35.092076], [-85.7503597, 35.0920952], [-85.750282, 35.0921497], [-85.7500331, 35.0921734], [-85.7499251, 35.092271]]}, "properties": {"edge_id": 262, "difficulty": null, "marker_count": 0, "trail_number": null, "source_name": "SFWDA AOP trail map 2015-03-11", "source_type": "community_raster", "confidence": "position high (mapping-system export)", "review_status": "raster trace (2015 vintage); needs review before core/publish"}}, {"type": "Feature", "geometry": {"type": "LineString", "coordinates": [[-85.7521583, 35.0904294], [-85.7521372, 35.0903447]]}, "properties": {"edge_id": 263, "difficulty": null, "marker_count": 0, "trail_number": null, "source_name": "SFWDA AOP trail map 2015-03-11", "source_type": "community_raster", "confidence": "position high (mapping-system export)", "review_status": "raster trace (2015 vintage); needs review before core/publish"}}, {"type": "Feature", "geometry": {"type": "LineString", "coordinates": [[-85.7468641, 35.0915723], [-85.7470003, 35.0914887]]}, "properties": {"edge_id": 264, "difficulty": null, "marker_count": 0, "trail_number": null, "source_name": "SFWDA AOP trail map 2015-03-11", "source_type": "community_raster", "confidence": "position high (mapping-system export)", "review_status": "raster trace (2015 vintage); needs review before core/publish"}}, {"type": "Feature", "geometry": {"type": "LineString", "coordinates": [[-85.7524783, 35.0956231], [-85.7525125, 35.0955715], [-85.7528326, 35.0953369]]}, "properties": {"edge_id": 265, "difficulty": null, "marker_count": 0, "trail_number": null, "source_name": "SFWDA AOP trail map 2015-03-11", "source_type": "community_raster", "confidence": "position high (mapping-system export)", "review_status": "raster trace (2015 vintage); needs review before core/publish"}}, {"type": "Feature", "geometry": {"type": "LineString", "coordinates": [[-85.7575579, 35.0880397], [-85.7575687, 35.0881379], [-85.7575286, 35.0883766], [-85.7575167, 35.0886606]]}, "properties": {"edge_id": 266, "difficulty": null, "marker_count": 0, "trail_number": null, "source_name": "SFWDA AOP trail map 2015-03-11", "source_type": "community_raster", "confidence": "position high (mapping-system export)", "review_status": "raster trace (2015 vintage); needs review before core/publish"}}, {"type": "Feature", "geometry": {"type": "LineString", "coordinates": [[-85.7563734, 35.0853646], [-85.7563033, 35.0853401], [-85.7560507, 35.085337]]}, "properties": {"edge_id": 267, "difficulty": null, "marker_count": 0, "trail_number": null, "source_name": "SFWDA AOP trail map 2015-03-11", "source_type": "community_raster", "confidence": "position high (mapping-system export)", "review_status": "raster trace (2015 vintage); needs review before core/publish"}}, {"type": "Feature", "geometry": {"type": "LineString", "coordinates": [[-85.7555029, 35.0909504], [-85.7555154, 35.0912114]]}, "properties": {"edge_id": 268, "difficulty": null, "marker_count": 0, "trail_number": null, "source_name": "SFWDA AOP trail map 2015-03-11", "source_type": "community_raster", "confidence": "position high (mapping-system export)", "review_status": "raster trace (2015 vintage); needs review before core/publish"}}, {"type": "Feature", "geometry": {"type": "LineString", "coordinates": [[-85.7582766, 35.0935979], [-85.7581341, 35.0935917], [-85.7580554, 35.0935654]]}, "properties": {"edge_id": 269, "difficulty": "moderate", "marker_count": 1, "trail_number": 28, "source_name": "SFWDA AOP trail map 2015-03-11", "source_type": "community_raster", "confidence": "position high (mapping-system export)", "review_status": "raster trace (2015 vintage); needs review before core/publish"}}, {"type": "Feature", "geometry": {"type": "LineString", "coordinates": [[-85.7559287, 35.0966855], [-85.7559828, 35.0966142], [-85.7559906, 35.0965287], [-85.7560371, 35.096444], [-85.7561222, 35.0964063], [-85.7562152, 35.0963226], [-85.7564741, 35.0963347], [-85.7566449, 35.0964044], [-85.7567874, 35.0964074], [-85.7569658, 35.0963515], [-85.7571509, 35.0963952]]}, "properties": {"edge_id": 270, "difficulty": "easy", "marker_count": 1, "trail_number": 5, "source_name": "SFWDA AOP trail map 2015-03-11", "source_type": "community_raster", "confidence": "position high (mapping-system export)", "review_status": "raster trace (2015 vintage); needs review before core/publish"}}, {"type": "Feature", "geometry": {"type": "LineString", "coordinates": [[-85.7559287, 35.0966855], [-85.7556585, 35.0966793], [-85.7556353, 35.0966393], [-85.7556429, 35.0965012], [-85.7555424, 35.09642], [-85.7555115, 35.0964193]]}, "properties": {"edge_id": 271, "difficulty": null, "marker_count": 0, "trail_number": null, "source_name": "SFWDA AOP trail map 2015-03-11", "source_type": "community_raster", "confidence": "position high (mapping-system export)", "review_status": "raster trace (2015 vintage); needs review before core/publish"}}, {"type": "Feature", "geometry": {"type": "LineString", "coordinates": [[-85.7571699, 35.0905321], [-85.7572062, 35.0906301], [-85.7571946, 35.0908945]]}, "properties": {"edge_id": 272, "difficulty": null, "marker_count": 0, "trail_number": null, "source_name": "SFWDA AOP trail map 2015-03-11", "source_type": "community_raster", "confidence": "position high (mapping-system export)", "review_status": "raster trace (2015 vintage); needs review before core/publish"}}, {"type": "Feature", "geometry": {"type": "LineString", "coordinates": [[-85.7535282, 35.090038], [-85.7534124, 35.0898365], [-85.7532826, 35.0896996]]}, "properties": {"edge_id": 273, "difficulty": null, "marker_count": 0, "trail_number": null, "source_name": "SFWDA AOP trail map 2015-03-11", "source_type": "community_raster", "confidence": "position high (mapping-system export)", "review_status": "raster trace (2015 vintage); needs review before core/publish"}}, {"type": "Feature", "geometry": {"type": "LineString", "coordinates": [[-85.7551492, 35.0899346], [-85.7552069, 35.0900776], [-85.755218, 35.0902275]]}, "properties": {"edge_id": 274, "difficulty": "moderate", "marker_count": 1, "trail_number": 23, "source_name": "SFWDA AOP trail map 2015-03-11", "source_type": "community_raster", "confidence": "position high (mapping-system export)", "review_status": "raster trace (2015 vintage); needs review before core/publish"}}, {"type": "Feature", "geometry": {"type": "LineString", "coordinates": [[-85.7568927, 35.0903624], [-85.7568935, 35.0904612], [-85.7567191, 35.090769], [-85.7566635, 35.0909151]]}, "properties": {"edge_id": 275, "difficulty": "easy", "marker_count": 1, "trail_number": 1, "source_name": "SFWDA AOP trail map 2015-03-11", "source_type": "community_raster", "confidence": "position high (mapping-system export)", "review_status": "raster trace (2015 vintage); needs review before core/publish"}}, {"type": "Feature", "geometry": {"type": "LineString", "coordinates": [[-85.7538341, 35.0894496], [-85.7538411, 35.0894173], [-85.7539138, 35.0893723], [-85.7541327, 35.0894235]]}, "properties": {"edge_id": 276, "difficulty": null, "marker_count": 0, "trail_number": null, "source_name": "SFWDA AOP trail map 2015-03-11", "source_type": "community_raster", "confidence": "position high (mapping-system export)", "review_status": "raster trace (2015 vintage); needs review before core/publish"}}, {"type": "Feature", "geometry": {"type": "LineString", "coordinates": [[-85.7583566, 35.0959974], [-85.7583855, 35.0958905], [-85.7585785, 35.0957187], [-85.758622, 35.0954891], [-85.7587078, 35.0953996]]}, "properties": {"edge_id": 277, "difficulty": null, "marker_count": 0, "trail_number": null, "source_name": "SFWDA AOP trail map 2015-03-11", "source_type": "community_raster", "confidence": "position high (mapping-system export)", "review_status": "raster trace (2015 vintage); needs review before core/publish"}}, {"type": "Feature", "geometry": {"type": "LineString", "coordinates": [[-85.748179, 35.0940428], [-85.748346, 35.0941121], [-85.7483864, 35.0942093], [-85.7484593, 35.0942437]]}, "properties": {"edge_id": 278, "difficulty": null, "marker_count": 0, "trail_number": null, "source_name": "SFWDA AOP trail map 2015-03-11", "source_type": "community_raster", "confidence": "position high (mapping-system export)", "review_status": "raster trace (2015 vintage); needs review before core/publish"}}, {"type": "Feature", "geometry": {"type": "LineString", "coordinates": [[-85.7495978, 35.0949068], [-85.7496646, 35.0949614], [-85.7497205, 35.0950671], [-85.7497175, 35.0951961], [-85.749688, 35.0952142]]}, "properties": {"edge_id": 279, "difficulty": null, "marker_count": 0, "trail_number": null, "source_name": "SFWDA AOP trail map 2015-03-11", "source_type": "community_raster", "confidence": "position high (mapping-system export)", "review_status": "raster trace (2015 vintage); needs review before core/publish"}}, {"type": "Feature", "geometry": {"type": "LineString", "coordinates": [[-85.7567966, 35.0863061], [-85.7567518, 35.0862353], [-85.7566599, 35.0862191], [-85.7566165, 35.0861877], [-85.7565631, 35.0860776]]}, "properties": {"edge_id": 280, "difficulty": null, "marker_count": 0, "trail_number": null, "source_name": "SFWDA AOP trail map 2015-03-11", "source_type": "community_raster", "confidence": "position high (mapping-system export)", "review_status": "raster trace (2015 vintage); needs review before core/publish"}}, {"type": "Feature", "geometry": {"type": "LineString", "coordinates": [[-85.7567966, 35.0863061], [-85.756736, 35.0863744], [-85.7565037, 35.0865418]]}, "properties": {"edge_id": 281, "difficulty": null, "marker_count": 0, "trail_number": null, "source_name": "SFWDA AOP trail map 2015-03-11", "source_type": "community_raster", "confidence": "position high (mapping-system export)", "review_status": "raster trace (2015 vintage); needs review before core/publish"}}, {"type": "Feature", "geometry": {"type": "LineString", "coordinates": [[-85.7554636, 35.0846724], [-85.7555025, 35.0845908], [-85.7556863, 35.0844282], [-85.7559201, 35.0842754], [-85.756139, 35.0841694]]}, "properties": {"edge_id": 282, "difficulty": null, "marker_count": 0, "trail_number": null, "source_name": "SFWDA AOP trail map 2015-03-11", "source_type": "community_raster", "confidence": "position high (mapping-system export)", "review_status": "raster trace (2015 vintage); needs review before core/publish"}}, {"type": "Feature", "geometry": {"type": "LineString", "coordinates": [[-85.7538798, 35.0951387], [-85.753706, 35.0952656], [-85.7536148, 35.0953748], [-85.7535482, 35.0955042], [-85.7535399, 35.0956481]]}, "properties": {"edge_id": 283, "difficulty": "moderate", "marker_count": 1, "trail_number": 34, "source_name": "SFWDA AOP trail map 2015-03-11", "source_type": "community_raster", "confidence": "position high (mapping-system export)", "review_status": "raster trace (2015 vintage); needs review before core/publish"}}, {"type": "Feature", "geometry": {"type": "LineString", "coordinates": [[-85.7476105, 35.0937834], [-85.7475606, 35.0939019], [-85.7475583, 35.0942015], [-85.7476401, 35.0944528], [-85.7477122, 35.0945764]]}, "properties": {"edge_id": 284, "difficulty": "difficult", "marker_count": 1, "trail_number": 67, "source_name": "SFWDA AOP trail map 2015-03-11", "source_type": "community_raster", "confidence": "position high (mapping-system export)", "review_status": "raster trace (2015 vintage); needs review before core/publish"}}, {"type": "Feature", "geometry": {"type": "LineString", "coordinates": [[-85.7516753, 35.089887], [-85.7516109, 35.0899128], [-85.7515967, 35.0899518]]}, "properties": {"edge_id": 285, "difficulty": "moderate", "marker_count": 1, "trail_number": 95, "source_name": "SFWDA AOP trail map 2015-03-11", "source_type": "community_raster", "confidence": "position high (mapping-system export)", "review_status": "raster trace (2015 vintage); needs review before core/publish"}}, {"type": "Feature", "geometry": {"type": "LineString", "coordinates": [[-85.7540948, 35.0865051], [-85.75434, 35.086452]]}, "properties": {"edge_id": 286, "difficulty": null, "marker_count": 0, "trail_number": null, "source_name": "SFWDA AOP trail map 2015-03-11", "source_type": "community_raster", "confidence": "position high (mapping-system export)", "review_status": "raster trace (2015 vintage); needs review before core/publish"}}, {"type": "Feature", "geometry": {"type": "LineString", "coordinates": [[-85.7481685, 35.0940424], [-85.7480197, 35.094191]]}, "properties": {"edge_id": 287, "difficulty": null, "marker_count": 0, "trail_number": null, "source_name": "SFWDA AOP trail map 2015-03-11", "source_type": "community_raster", "confidence": "position high (mapping-system export)", "review_status": "raster trace (2015 vintage); needs review before core/publish"}}, {"type": "Feature", "geometry": {"type": "LineString", "coordinates": [[-85.7536294, 35.0856314], [-85.753549, 35.0856403], [-85.7533962, 35.0858195], [-85.7533318, 35.0858214], [-85.7532152, 35.0857474], [-85.7530118, 35.0855534], [-85.7527947, 35.0854184], [-85.7524737, 35.0853128], [-85.7524144, 35.0852632]]}, "properties": {"edge_id": 288, "difficulty": "easy", "marker_count": 1, "trail_number": 18, "source_name": "SFWDA AOP trail map 2015-03-11", "source_type": "community_raster", "confidence": "position high (mapping-system export)", "review_status": "raster trace (2015 vintage); needs review before core/publish"}}, {"type": "Feature", "geometry": {"type": "LineString", "coordinates": [[-85.7575199, 35.0866728], [-85.757584, 35.0866965], [-85.7576738, 35.0868442], [-85.757781, 35.0868924], [-85.7578719, 35.0870662]]}, "properties": {"edge_id": 289, "difficulty": "moderate", "marker_count": 1, "trail_number": 39, "source_name": "SFWDA AOP trail map 2015-03-11", "source_type": "community_raster", "confidence": "position high (mapping-system export)", "review_status": "raster trace (2015 vintage); needs review before core/publish"}}, {"type": "Feature", "geometry": {"type": "LineString", "coordinates": [[-85.7545286, 35.0912448], [-85.7545772, 35.0913292], [-85.7547468, 35.0914461]]}, "properties": {"edge_id": 290, "difficulty": "easy", "marker_count": 1, "trail_number": 1, "source_name": "SFWDA AOP trail map 2015-03-11", "source_type": "community_raster", "confidence": "position high (mapping-system export)", "review_status": "raster trace (2015 vintage); needs review before core/publish"}}, {"type": "Feature", "geometry": {"type": "LineString", "coordinates": [[-85.7545286, 35.0912448], [-85.7544361, 35.0912254], [-85.7543348, 35.0911736], [-85.7542552, 35.0910893]]}, "properties": {"edge_id": 291, "difficulty": null, "marker_count": 0, "trail_number": null, "source_name": "SFWDA AOP trail map 2015-03-11", "source_type": "community_raster", "confidence": "position high (mapping-system export)", "review_status": "raster trace (2015 vintage); needs review before core/publish"}}, {"type": "Feature", "geometry": {"type": "LineString", "coordinates": [[-85.7557218, 35.0853975], [-85.7555852, 35.0854098]]}, "properties": {"edge_id": 292, "difficulty": "moderate", "marker_count": 1, "trail_number": 82, "source_name": "SFWDA AOP trail map 2015-03-11", "source_type": "community_raster", "confidence": "position high (mapping-system export)", "review_status": "raster trace (2015 vintage); needs review before core/publish"}}, {"type": "Feature", "geometry": {"type": "LineString", "coordinates": [[-85.7571894, 35.0927237], [-85.7576251, 35.0928515], [-85.7577042, 35.0929104]]}, "properties": {"edge_id": 293, "difficulty": null, "marker_count": 0, "trail_number": null, "source_name": "SFWDA AOP trail map 2015-03-11", "source_type": "community_raster", "confidence": "position high (mapping-system export)", "review_status": "raster trace (2015 vintage); needs review before core/publish"}}, {"type": "Feature", "geometry": {"type": "LineString", "coordinates": [[-85.7557755, 35.0848361], [-85.7555442, 35.0850067], [-85.7554816, 35.0851025], [-85.7554672, 35.0851761]]}, "properties": {"edge_id": 294, "difficulty": null, "marker_count": 0, "trail_number": null, "source_name": "SFWDA AOP trail map 2015-03-11", "source_type": "community_raster", "confidence": "position high (mapping-system export)", "review_status": "raster trace (2015 vintage); needs review before core/publish"}}, {"type": "Feature", "geometry": {"type": "LineString", "coordinates": [[-85.7540481, 35.0874147], [-85.7539294, 35.0872555], [-85.7539394, 35.0871257], [-85.7538672, 35.0869587], [-85.7538776, 35.086829], [-85.7539371, 35.0867238], [-85.7539837, 35.0866966]]}, "properties": {"edge_id": 295, "difficulty": "difficult", "marker_count": 1, "trail_number": null, "source_name": "SFWDA AOP trail map 2015-03-11", "source_type": "community_raster", "confidence": "position high (mapping-system export)", "review_status": "raster trace (2015 vintage); needs review before core/publish"}}, {"type": "Feature", "geometry": {"type": "LineString", "coordinates": [[-85.7542296, 35.0859419], [-85.7541736, 35.0859439], [-85.7541114, 35.0859851], [-85.754106, 35.0860437], [-85.7541317, 35.0860818], [-85.7542224, 35.0861437], [-85.7544012, 35.0862094], [-85.7544773, 35.0863045]]}, "properties": {"edge_id": 296, "difficulty": null, "marker_count": 0, "trail_number": null, "source_name": "SFWDA AOP trail map 2015-03-11", "source_type": "community_raster", "confidence": "position high (mapping-system export)", "review_status": "raster trace (2015 vintage); needs review before core/publish"}}, {"type": "Feature", "geometry": {"type": "LineString", "coordinates": [[-85.7582036, 35.0925396], [-85.758383, 35.0926441], [-85.7584969, 35.0926561]]}, "properties": {"edge_id": 297, "difficulty": "easy", "marker_count": 1, "trail_number": 14, "source_name": "SFWDA AOP trail map 2015-03-11", "source_type": "community_raster", "confidence": "position high (mapping-system export)", "review_status": "raster trace (2015 vintage); needs review before core/publish"}}, {"type": "Feature", "geometry": {"type": "LineString", "coordinates": [[-85.7537926, 35.0904669], [-85.7538355, 35.0905124], [-85.7539695, 35.0905841]]}, "properties": {"edge_id": 298, "difficulty": null, "marker_count": 0, "trail_number": null, "source_name": "SFWDA AOP trail map 2015-03-11", "source_type": "community_raster", "confidence": "position high (mapping-system export)", "review_status": "raster trace (2015 vintage); needs review before core/publish"}}, {"type": "Feature", "geometry": {"type": "LineString", "coordinates": [[-85.7468443, 35.0891859], [-85.7461852, 35.0891719]]}, "properties": {"edge_id": 299, "difficulty": null, "marker_count": 0, "trail_number": null, "source_name": "SFWDA AOP trail map 2015-03-11", "source_type": "community_raster", "confidence": "position high (mapping-system export)", "review_status": "raster trace (2015 vintage); needs review before core/publish"}}, {"type": "Feature", "geometry": {"type": "LineString", "coordinates": [[-85.7565603, 35.0892692], [-85.7565479, 35.0895061]]}, "properties": {"edge_id": 300, "difficulty": null, "marker_count": 0, "trail_number": null, "source_name": "SFWDA AOP trail map 2015-03-11", "source_type": "community_raster", "confidence": "position high (mapping-system export)", "review_status": "raster trace (2015 vintage); needs review before core/publish"}}, {"type": "Feature", "geometry": {"type": "LineString", "coordinates": [[-85.7554592, 35.0851831], [-85.7553398, 35.085248], [-85.7551368, 35.0854944], [-85.7549394, 35.0856143], [-85.7546847, 35.0856833], [-85.7546224, 35.0857381], [-85.7546007, 35.0858044], [-85.7546283, 35.0859083]]}, "properties": {"edge_id": 301, "difficulty": "moderate", "marker_count": 1, "trail_number": 84, "source_name": "SFWDA AOP trail map 2015-03-11", "source_type": "community_raster", "confidence": "position high (mapping-system export)", "review_status": "raster trace (2015 vintage); needs review before core/publish"}}, {"type": "Feature", "geometry": {"type": "LineString", "coordinates": [[-85.7536896, 35.089559], [-85.7536331, 35.0895911], [-85.7534339, 35.0895706], [-85.7533372, 35.0896285], [-85.7532826, 35.0896996]]}, "properties": {"edge_id": 302, "difficulty": "moderate", "marker_count": 1, "trail_number": 21, "source_name": "SFWDA AOP trail map 2015-03-11", "source_type": "community_raster", "confidence": "position high (mapping-system export)", "review_status": "raster trace (2015 vintage); needs review before core/publish"}}, {"type": "Feature", "geometry": {"type": "LineString", "coordinates": [[-85.7499958, 35.0871163], [-85.7502629, 35.0873824], [-85.7504153, 35.0874553], [-85.7505834, 35.0874842]]}, "properties": {"edge_id": 303, "difficulty": null, "marker_count": 0, "trail_number": null, "source_name": "SFWDA AOP trail map 2015-03-11", "source_type": "community_raster", "confidence": "position high (mapping-system export)", "review_status": "raster trace (2015 vintage); needs review before core/publish"}}, {"type": "Feature", "geometry": {"type": "LineString", "coordinates": [[-85.7492505, 35.0906115], [-85.7492538, 35.0909192]]}, "properties": {"edge_id": 304, "difficulty": "moderate", "marker_count": 1, "trail_number": 1, "source_name": "SFWDA AOP trail map 2015-03-11", "source_type": "community_raster", "confidence": "position high (mapping-system export)", "review_status": "raster trace (2015 vintage); needs review before core/publish"}}, {"type": "Feature", "geometry": {"type": "LineString", "coordinates": [[-85.7537844, 35.0904669], [-85.753555, 35.0904727]]}, "properties": {"edge_id": 305, "difficulty": null, "marker_count": 0, "trail_number": null, "source_name": "SFWDA AOP trail map 2015-03-11", "source_type": "community_raster", "confidence": "position high (mapping-system export)", "review_status": "raster trace (2015 vintage); needs review before core/publish"}}, {"type": "Feature", "geometry": {"type": "LineString", "coordinates": [[-85.7538881, 35.0951324], [-85.7540285, 35.0950701], [-85.7542415, 35.0950872], [-85.754413, 35.0951362]]}, "properties": {"edge_id": 306, "difficulty": "easy", "marker_count": 1, "trail_number": 11, "source_name": "SFWDA AOP trail map 2015-03-11", "source_type": "community_raster", "confidence": "position high (mapping-system export)", "review_status": "raster trace (2015 vintage); needs review before core/publish"}}, {"type": "Feature", "geometry": {"type": "LineString", "coordinates": [[-85.7552239, 35.0848301], [-85.7553034, 35.0847666], [-85.7553265, 35.0847125]]}, "properties": {"edge_id": 307, "difficulty": null, "marker_count": 0, "trail_number": null, "source_name": "SFWDA AOP trail map 2015-03-11", "source_type": "community_raster", "confidence": "position high (mapping-system export)", "review_status": "raster trace (2015 vintage); needs review before core/publish"}}, {"type": "Feature", "geometry": {"type": "LineString", "coordinates": [[-85.7499524, 35.0890384], [-85.7500746, 35.0890593]]}, "properties": {"edge_id": 308, "difficulty": null, "marker_count": 0, "trail_number": null, "source_name": "SFWDA AOP trail map 2015-03-11", "source_type": "community_raster", "confidence": "position high (mapping-system export)", "review_status": "raster trace (2015 vintage); needs review before core/publish"}}, {"type": "Feature", "geometry": {"type": "LineString", "coordinates": [[-85.7481791, 35.0940364], [-85.7481908, 35.0939473], [-85.7481317, 35.093844], [-85.7480427, 35.0937592]]}, "properties": {"edge_id": 309, "difficulty": null, "marker_count": 0, "trail_number": null, "source_name": "SFWDA AOP trail map 2015-03-11", "source_type": "community_raster", "confidence": "position high (mapping-system export)", "review_status": "raster trace (2015 vintage); needs review before core/publish"}}, {"type": "Feature", "geometry": {"type": "LineString", "coordinates": [[-85.7545669, 35.0859758], [-85.754351, 35.0859768]]}, "properties": {"edge_id": 310, "difficulty": null, "marker_count": 0, "trail_number": null, "source_name": "SFWDA AOP trail map 2015-03-11", "source_type": "community_raster", "confidence": "position high (mapping-system export)", "review_status": "raster trace (2015 vintage); needs review before core/publish"}}, {"type": "Feature", "geometry": {"type": "LineString", "coordinates": [[-85.7592294, 35.0951482], [-85.7591297, 35.0951302], [-85.7588942, 35.0951546]]}, "properties": {"edge_id": 311, "difficulty": "easy", "marker_count": 1, "trail_number": 3, "source_name": "SFWDA AOP trail map 2015-03-11", "source_type": "community_raster", "confidence": "position high (mapping-system export)", "review_status": "raster trace (2015 vintage); needs review before core/publish"}}, {"type": "Feature", "geometry": {"type": "LineString", "coordinates": [[-85.7487131, 35.0876108], [-85.7488453, 35.0876522], [-85.7489414, 35.0876477]]}, "properties": {"edge_id": 312, "difficulty": "difficult", "marker_count": 1, "trail_number": 70, "source_name": "SFWDA AOP trail map 2015-03-11", "source_type": "community_raster", "confidence": "position high (mapping-system export)", "review_status": "raster trace (2015 vintage); needs review before core/publish"}}, {"type": "Feature", "geometry": {"type": "LineString", "coordinates": [[-85.7568229, 35.0935043], [-85.7566948, 35.0935114]]}, "properties": {"edge_id": 313, "difficulty": null, "marker_count": 0, "trail_number": null, "source_name": "SFWDA AOP trail map 2015-03-11", "source_type": "community_raster", "confidence": "position high (mapping-system export)", "review_status": "raster trace (2015 vintage); needs review before core/publish"}}, {"type": "Feature", "geometry": {"type": "LineString", "coordinates": [[-85.7511818, 35.0898017], [-85.7512961, 35.0897648], [-85.7513499, 35.0896031], [-85.7514871, 35.0895208]]}, "properties": {"edge_id": 314, "difficulty": null, "marker_count": 0, "trail_number": null, "source_name": "SFWDA AOP trail map 2015-03-11", "source_type": "community_raster", "confidence": "position high (mapping-system export)", "review_status": "raster trace (2015 vintage); needs review before core/publish"}}, {"type": "Feature", "geometry": {"type": "LineString", "coordinates": [[-85.7555469, 35.0854977], [-85.7555773, 35.0854168]]}, "properties": {"edge_id": 315, "difficulty": null, "marker_count": 0, "trail_number": null, "source_name": "SFWDA AOP trail map 2015-03-11", "source_type": "community_raster", "confidence": "position high (mapping-system export)", "review_status": "raster trace (2015 vintage); needs review before core/publish"}}, {"type": "Feature", "geometry": {"type": "LineString", "coordinates": [[-85.7499685, 35.0862784], [-85.7500332, 35.0863185], [-85.7501746, 35.0864813], [-85.7505038, 35.0869396]]}, "properties": {"edge_id": 316, "difficulty": "difficult", "marker_count": 1, "trail_number": 50, "source_name": "SFWDA AOP trail map 2015-03-11", "source_type": "community_raster", "confidence": "position high (mapping-system export)", "review_status": "raster trace (2015 vintage); needs review before core/publish"}}, {"type": "Feature", "geometry": {"type": "LineString", "coordinates": [[-85.7561546, 35.0930381], [-85.7559917, 35.093017]]}, "properties": {"edge_id": 317, "difficulty": "difficult", "marker_count": 1, "trail_number": 66, "source_name": "SFWDA AOP trail map 2015-03-11", "source_type": "community_raster", "confidence": "position high (mapping-system export)", "review_status": "raster trace (2015 vintage); needs review before core/publish"}}, {"type": "Feature", "geometry": {"type": "LineString", "coordinates": [[-85.7497122, 35.0923462], [-85.7498049, 35.0924376]]}, "properties": {"edge_id": 318, "difficulty": null, "marker_count": 0, "trail_number": null, "source_name": "SFWDA AOP trail map 2015-03-11", "source_type": "community_raster", "confidence": "position high (mapping-system export)", "review_status": "raster trace (2015 vintage); needs review before core/publish"}}, {"type": "Feature", "geometry": {"type": "LineString", "coordinates": [[-85.7595337, 35.0963293], [-85.7594263, 35.0964663], [-85.7594116, 35.0965329], [-85.7593546, 35.0965822], [-85.759347, 35.0966552], [-85.7593535, 35.0967404], [-85.7593954, 35.0968167], [-85.7595226, 35.096899], [-85.7595512, 35.0969545]]}, "properties": {"edge_id": 319, "difficulty": "moderate", "marker_count": 1, "trail_number": 92, "source_name": "SFWDA AOP trail map 2015-03-11", "source_type": "community_raster", "confidence": "position high (mapping-system export)", "review_status": "raster trace (2015 vintage); needs review before core/publish"}}, {"type": "Feature", "geometry": {"type": "LineString", "coordinates": [[-85.7579853, 35.0917247], [-85.7579885, 35.0914653], [-85.7578702, 35.0911092]]}, "properties": {"edge_id": 320, "difficulty": "easy", "marker_count": 1, "trail_number": 14, "source_name": "SFWDA AOP trail map 2015-03-11", "source_type": "community_raster", "confidence": "position high (mapping-system export)", "review_status": "raster trace (2015 vintage); needs review before core/publish"}}, {"type": "Feature", "geometry": {"type": "LineString", "coordinates": [[-85.7460018, 35.0936124], [-85.7460894, 35.0936658]]}, "properties": {"edge_id": 321, "difficulty": null, "marker_count": 0, "trail_number": null, "source_name": "SFWDA AOP trail map 2015-03-11", "source_type": "community_raster", "confidence": "position high (mapping-system export)", "review_status": "raster trace (2015 vintage); needs review before core/publish"}}, {"type": "Feature", "geometry": {"type": "LineString", "coordinates": [[-85.7464743, 35.0890351], [-85.7463832, 35.0889437]]}, "properties": {"edge_id": 322, "difficulty": null, "marker_count": 0, "trail_number": null, "source_name": "SFWDA AOP trail map 2015-03-11", "source_type": "community_raster", "confidence": "position high (mapping-system export)", "review_status": "raster trace (2015 vintage); needs review before core/publish"}}, {"type": "Feature", "geometry": {"type": "LineString", "coordinates": [[-85.749688, 35.0952142], [-85.7496931, 35.0954145]]}, "properties": {"edge_id": 323, "difficulty": null, "marker_count": 0, "trail_number": null, "source_name": "SFWDA AOP trail map 2015-03-11", "source_type": "community_raster", "confidence": "position high (mapping-system export)", "review_status": "raster trace (2015 vintage); needs review before core/publish"}}, {"type": "Feature", "geometry": {"type": "LineString", "coordinates": [[-85.749688, 35.0952142], [-85.7494668, 35.0951137], [-85.7494805, 35.0949338], [-85.7495882, 35.0948999]]}, "properties": {"edge_id": 324, "difficulty": "moderate", "marker_count": 1, "trail_number": 32, "source_name": "SFWDA AOP trail map 2015-03-11", "source_type": "community_raster", "confidence": "position high (mapping-system export)", "review_status": "raster trace (2015 vintage); needs review before core/publish"}}, {"type": "Feature", "geometry": {"type": "LineString", "coordinates": [[-85.7498991, 35.0928008], [-85.7498649, 35.0929702], [-85.7498354, 35.0929882], [-85.7497679, 35.0929858]]}, "properties": {"edge_id": 325, "difficulty": null, "marker_count": 0, "trail_number": null, "source_name": "SFWDA AOP trail map 2015-03-11", "source_type": "community_raster", "confidence": "position high (mapping-system export)", "review_status": "raster trace (2015 vintage); needs review before core/publish"}}, {"type": "Feature", "geometry": {"type": "LineString", "coordinates": [[-85.749693, 35.095421], [-85.7495842, 35.0955126], [-85.7495339, 35.095594], [-85.7496092, 35.0956944], [-85.749734, 35.0957459], [-85.749898, 35.0957735], [-85.7501983, 35.0957756]]}, "properties": {"edge_id": 326, "difficulty": null, "marker_count": 0, "trail_number": null, "source_name": "SFWDA AOP trail map 2015-03-11", "source_type": "community_raster", "confidence": "position high (mapping-system export)", "review_status": "raster trace (2015 vintage); needs review before core/publish"}}, {"type": "Feature", "geometry": {"type": "LineString", "coordinates": [[-85.7493845, 35.0926573], [-85.749387, 35.0928466]]}, "properties": {"edge_id": 327, "difficulty": null, "marker_count": 0, "trail_number": null, "source_name": "SFWDA AOP trail map 2015-03-11", "source_type": "community_raster", "confidence": "position high (mapping-system export)", "review_status": "raster trace (2015 vintage); needs review before core/publish"}}, {"type": "Feature", "geometry": {"type": "LineString", "coordinates": [[-85.7537924, 35.0904604], [-85.7538231, 35.0904087], [-85.7542189, 35.0900778], [-85.7543461, 35.0899277], [-85.7544225, 35.0898816]]}, "properties": {"edge_id": 328, "difficulty": null, "marker_count": 0, "trail_number": null, "source_name": "SFWDA AOP trail map 2015-03-11", "source_type": "community_raster", "confidence": "position high (mapping-system export)", "review_status": "raster trace (2015 vintage); needs review before core/publish"}}, {"type": "Feature", "geometry": {"type": "LineString", "coordinates": [[-85.7461071, 35.0931979], [-85.7459512, 35.0932815], [-85.7458565, 35.0932911]]}, "properties": {"edge_id": 329, "difficulty": null, "marker_count": 0, "trail_number": null, "source_name": "SFWDA AOP trail map 2015-03-11", "source_type": "community_raster", "confidence": "position high (mapping-system export)", "review_status": "raster trace (2015 vintage); needs review before core/publish"}}, {"type": "Feature", "geometry": {"type": "LineString", "coordinates": [[-85.7551523, 35.0952151], [-85.7549889, 35.095199], [-85.7549188, 35.0951714]]}, "properties": {"edge_id": 330, "difficulty": null, "marker_count": 0, "trail_number": null, "source_name": "SFWDA AOP trail map 2015-03-11", "source_type": "community_raster", "confidence": "position high (mapping-system export)", "review_status": "raster trace (2015 vintage); needs review before core/publish"}}, {"type": "Feature", "geometry": {"type": "LineString", "coordinates": [[-85.754775, 35.0930389], [-85.7550231, 35.0931518], [-85.7555817, 35.0931505], [-85.7556984, 35.0931974]]}, "properties": {"edge_id": 331, "difficulty": null, "marker_count": 0, "trail_number": null, "source_name": "SFWDA AOP trail map 2015-03-11", "source_type": "community_raster", "confidence": "position high (mapping-system export)", "review_status": "raster trace (2015 vintage); needs review before core/publish"}}, {"type": "Feature", "geometry": {"type": "LineString", "coordinates": [[-85.7586595, 35.0949442], [-85.7586319, 35.0946892], [-85.7586336, 35.0942053], [-85.7586123, 35.0941514]]}, "properties": {"edge_id": 332, "difficulty": null, "marker_count": 0, "trail_number": null, "source_name": "SFWDA AOP trail map 2015-03-11", "source_type": "community_raster", "confidence": "position high (mapping-system export)", "review_status": "raster trace (2015 vintage); needs review before core/publish"}}, {"type": "Feature", "geometry": {"type": "LineString", "coordinates": [[-85.7468557, 35.0870729], [-85.7466312, 35.0870557]]}, "properties": {"edge_id": 333, "difficulty": null, "marker_count": 0, "trail_number": null, "source_name": "SFWDA AOP trail map 2015-03-11", "source_type": "community_raster", "confidence": "position high (mapping-system export)", "review_status": "raster trace (2015 vintage); needs review before core/publish"}}, {"type": "Feature", "geometry": {"type": "LineString", "coordinates": [[-85.7572905, 35.0871033], [-85.7571538, 35.0870168], [-85.7570687, 35.0869939]]}, "properties": {"edge_id": 334, "difficulty": "easy", "marker_count": 1, "trail_number": 1, "source_name": "SFWDA AOP trail map 2015-03-11", "source_type": "community_raster", "confidence": "position high (mapping-system export)", "review_status": "raster trace (2015 vintage); needs review before core/publish"}}, {"type": "Feature", "geometry": {"type": "LineString", "coordinates": [[-85.7566985, 35.0953336], [-85.7568489, 35.0951167], [-85.7569066, 35.094925], [-85.7569155, 35.0944014], [-85.756966, 35.0942026], [-85.7569946, 35.0941761]]}, "properties": {"edge_id": 335, "difficulty": "easy", "marker_count": 1, "trail_number": 2, "source_name": "SFWDA AOP trail map 2015-03-11", "source_type": "community_raster", "confidence": "position high (mapping-system export)", "review_status": "raster trace (2015 vintage); needs review before core/publish"}}, {"type": "Feature", "geometry": {"type": "LineString", "coordinates": [[-85.7566985, 35.0953336], [-85.756862, 35.0954548], [-85.7569258, 35.095555]]}, "properties": {"edge_id": 336, "difficulty": "moderate", "marker_count": 1, "trail_number": 94, "source_name": "SFWDA AOP trail map 2015-03-11", "source_type": "community_raster", "confidence": "position high (mapping-system export)", "review_status": "raster trace (2015 vintage); needs review before core/publish"}}, {"type": "Feature", "geometry": {"type": "LineString", "coordinates": [[-85.7566985, 35.0953336], [-85.7565988, 35.0953324]]}, "properties": {"edge_id": 337, "difficulty": null, "marker_count": 0, "trail_number": null, "source_name": "SFWDA AOP trail map 2015-03-11", "source_type": "community_raster", "confidence": "position high (mapping-system export)", "review_status": "raster trace (2015 vintage); needs review before core/publish"}}, {"type": "Feature", "geometry": {"type": "LineString", "coordinates": [[-85.7585319, 35.0930763], [-85.7585809, 35.0930292], [-85.7586991, 35.0929893], [-85.758825, 35.0929961]]}, "properties": {"edge_id": 338, "difficulty": null, "marker_count": 0, "trail_number": null, "source_name": "SFWDA AOP trail map 2015-03-11", "source_type": "community_raster", "confidence": "position high (mapping-system export)", "review_status": "raster trace (2015 vintage); needs review before core/publish"}}, {"type": "Feature", "geometry": {"type": "LineString", "coordinates": [[-85.7474798, 35.0865376], [-85.7473831, 35.0863959]]}, "properties": {"edge_id": 339, "difficulty": null, "marker_count": 0, "trail_number": null, "source_name": "SFWDA AOP trail map 2015-03-11", "source_type": "community_raster", "confidence": "position high (mapping-system export)", "review_status": "raster trace (2015 vintage); needs review before core/publish"}}, {"type": "Feature", "geometry": {"type": "LineString", "coordinates": [[-85.7585233, 35.0934368], [-85.7584789, 35.0933303], [-85.7583562, 35.0932177], [-85.7583049, 35.0931181]]}, "properties": {"edge_id": 340, "difficulty": null, "marker_count": 0, "trail_number": null, "source_name": "SFWDA AOP trail map 2015-03-11", "source_type": "community_raster", "confidence": "position high (mapping-system export)", "review_status": "raster trace (2015 vintage); needs review before core/publish"}}, {"type": "Feature", "geometry": {"type": "LineString", "coordinates": [[-85.7560389, 35.0914793], [-85.7559085, 35.0914269], [-85.7557249, 35.0914073], [-85.7555474, 35.0912897], [-85.7555156, 35.0912245]]}, "properties": {"edge_id": 341, "difficulty": null, "marker_count": 0, "trail_number": null, "source_name": "SFWDA AOP trail map 2015-03-11", "source_type": "community_raster", "confidence": "position high (mapping-system export)", "review_status": "raster trace (2015 vintage); needs review before core/publish"}}, {"type": "Feature", "geometry": {"type": "LineString", "coordinates": [[-85.7552183, 35.0902405], [-85.7551127, 35.0903714], [-85.7551257, 35.0905929]]}, "properties": {"edge_id": 342, "difficulty": null, "marker_count": 0, "trail_number": null, "source_name": "SFWDA AOP trail map 2015-03-11", "source_type": "community_raster", "confidence": "position high (mapping-system export)", "review_status": "raster trace (2015 vintage); needs review before core/publish"}}, {"type": "Feature", "geometry": {"type": "LineString", "coordinates": [[-85.7493911, 35.0922286], [-85.7493576, 35.0923536], [-85.7493847, 35.092651]]}, "properties": {"edge_id": 343, "difficulty": null, "marker_count": 0, "trail_number": null, "source_name": "SFWDA AOP trail map 2015-03-11", "source_type": "community_raster", "confidence": "position high (mapping-system export)", "review_status": "raster trace (2015 vintage); needs review before core/publish"}}, {"type": "Feature", "geometry": {"type": "LineString", "coordinates": [[-85.7577185, 35.0929169], [-85.75776, 35.0928369], [-85.7578303, 35.0927831], [-85.7580934, 35.0927738]]}, "properties": {"edge_id": 344, "difficulty": null, "marker_count": 0, "trail_number": null, "source_name": "SFWDA AOP trail map 2015-03-11", "source_type": "community_raster", "confidence": "position high (mapping-system export)", "review_status": "raster trace (2015 vintage); needs review before core/publish"}}, {"type": "Feature", "geometry": {"type": "LineString", "coordinates": [[-85.751978, 35.0952188], [-85.7518453, 35.0952092], [-85.7513866, 35.09526], [-85.7510478, 35.0952184], [-85.7509715, 35.0951693], [-85.750794, 35.0949139], [-85.7506597, 35.094843], [-85.7505528, 35.0948384], [-85.7505036, 35.0948558], [-85.750385, 35.0949285], [-85.7503646, 35.0949665]]}, "properties": {"edge_id": 345, "difficulty": null, "marker_count": 0, "trail_number": null, "source_name": "SFWDA AOP trail map 2015-03-11", "source_type": "community_raster", "confidence": "position high (mapping-system export)", "review_status": "raster trace (2015 vintage); needs review before core/publish"}}, {"type": "Feature", "geometry": {"type": "LineString", "coordinates": [[-85.7476656, 35.0865024], [-85.7477133, 35.0864522], [-85.7478411, 35.0864031]]}, "properties": {"edge_id": 346, "difficulty": null, "marker_count": 0, "trail_number": null, "source_name": "SFWDA AOP trail map 2015-03-11", "source_type": "community_raster", "confidence": "position high (mapping-system export)", "review_status": "raster trace (2015 vintage); needs review before core/publish"}}, {"type": "Feature", "geometry": {"type": "LineString", "coordinates": [[-85.7571581, 35.0963887], [-85.7572438, 35.0963173], [-85.7572584, 35.0962378], [-85.7573014, 35.0961655]]}, "properties": {"edge_id": 347, "difficulty": null, "marker_count": 0, "trail_number": null, "source_name": "SFWDA AOP trail map 2015-03-11", "source_type": "community_raster", "confidence": "position high (mapping-system export)", "review_status": "raster trace (2015 vintage); needs review before core/publish"}}, {"type": "Feature", "geometry": {"type": "LineString", "coordinates": [[-85.7516297, 35.0855515], [-85.7514172, 35.0857821], [-85.7512338, 35.0860185], [-85.7509984, 35.0863874], [-85.7509317, 35.0866053], [-85.7507932, 35.0867836], [-85.7506449, 35.0868992], [-85.7505038, 35.0869396]]}, "properties": {"edge_id": 348, "difficulty": null, "marker_count": 0, "trail_number": null, "source_name": "SFWDA AOP trail map 2015-03-11", "source_type": "community_raster", "confidence": "position high (mapping-system export)", "review_status": "raster trace (2015 vintage); needs review before core/publish"}}, {"type": "Feature", "geometry": {"type": "LineString", "coordinates": [[-85.7566114, 35.084169], [-85.7565292, 35.0841907]]}, "properties": {"edge_id": 349, "difficulty": null, "marker_count": 0, "trail_number": null, "source_name": "SFWDA AOP trail map 2015-03-11", "source_type": "community_raster", "confidence": "position high (mapping-system export)", "review_status": "raster trace (2015 vintage); needs review before core/publish"}}, {"type": "Feature", "geometry": {"type": "LineString", "coordinates": [[-85.758825, 35.0929961], [-85.7589637, 35.0929494], [-85.7591149, 35.0928624], [-85.7593599, 35.092896]]}, "properties": {"edge_id": 350, "difficulty": null, "marker_count": 0, "trail_number": null, "source_name": "SFWDA AOP trail map 2015-03-11", "source_type": "community_raster", "confidence": "position high (mapping-system export)", "review_status": "raster trace (2015 vintage); needs review before core/publish"}}, {"type": "Feature", "geometry": {"type": "LineString", "coordinates": [[-85.758825, 35.0929961], [-85.7588343, 35.0931031], [-85.7587727, 35.0931766]]}, "properties": {"edge_id": 351, "difficulty": null, "marker_count": 0, "trail_number": null, "source_name": "SFWDA AOP trail map 2015-03-11", "source_type": "community_raster", "confidence": "position high (mapping-system export)", "review_status": "raster trace (2015 vintage); needs review before core/publish"}}, {"type": "Feature", "geometry": {"type": "LineString", "coordinates": [[-85.7563404, 35.0936689], [-85.7563094, 35.0936882], [-85.7562868, 35.0937535], [-85.7563048, 35.0939568], [-85.7562194, 35.0940015], [-85.7561022, 35.0940065], [-85.7560552, 35.0939927], [-85.7560157, 35.0939464]]}, "properties": {"edge_id": 352, "difficulty": "difficult", "marker_count": 1, "trail_number": 64, "source_name": "SFWDA AOP trail map 2015-03-11", "source_type": "community_raster", "confidence": "position high (mapping-system export)", "review_status": "raster trace (2015 vintage); needs review before core/publish"}}, {"type": "Feature", "geometry": {"type": "LineString", "coordinates": [[-85.756513, 35.0866009], [-85.7566344, 35.0866554], [-85.7570244, 35.0869364], [-85.7570687, 35.0869939]]}, "properties": {"edge_id": 353, "difficulty": null, "marker_count": 0, "trail_number": null, "source_name": "SFWDA AOP trail map 2015-03-11", "source_type": "community_raster", "confidence": "position high (mapping-system export)", "review_status": "raster trace (2015 vintage); needs review before core/publish"}}, {"type": "Feature", "geometry": {"type": "LineString", "coordinates": [[-85.748808, 35.0870932], [-85.7489797, 35.0871487]]}, "properties": {"edge_id": 354, "difficulty": null, "marker_count": 0, "trail_number": null, "source_name": "SFWDA AOP trail map 2015-03-11", "source_type": "community_raster", "confidence": "position high (mapping-system export)", "review_status": "raster trace (2015 vintage); needs review before core/publish"}}, {"type": "Feature", "geometry": {"type": "LineString", "coordinates": [[-85.7566002, 35.0933542], [-85.7564703, 35.0932106]]}, "properties": {"edge_id": 355, "difficulty": "difficult", "marker_count": 1, "trail_number": null, "source_name": "SFWDA AOP trail map 2015-03-11", "source_type": "community_raster", "confidence": "position high (mapping-system export)", "review_status": "raster trace (2015 vintage); needs review before core/publish"}}, {"type": "Feature", "geometry": {"type": "LineString", "coordinates": [[-85.7582977, 35.0931114], [-85.7581979, 35.0930989], [-85.757911, 35.0929483], [-85.7577832, 35.0929628]]}, "properties": {"edge_id": 356, "difficulty": null, "marker_count": 0, "trail_number": null, "source_name": "SFWDA AOP trail map 2015-03-11", "source_type": "community_raster", "confidence": "position high (mapping-system export)", "review_status": "raster trace (2015 vintage); needs review before core/publish"}}, {"type": "Feature", "geometry": {"type": "LineString", "coordinates": [[-85.7571529, 35.0958172], [-85.7572237, 35.0959513], [-85.7572375, 35.0960779], [-85.7573014, 35.0961588]]}, "properties": {"edge_id": 357, "difficulty": null, "marker_count": 0, "trail_number": null, "source_name": "SFWDA AOP trail map 2015-03-11", "source_type": "community_raster", "confidence": "position high (mapping-system export)", "review_status": "raster trace (2015 vintage); needs review before core/publish"}}, {"type": "Feature", "geometry": {"type": "LineString", "coordinates": [[-85.7488199, 35.093243], [-85.748591, 35.0932666]]}, "properties": {"edge_id": 358, "difficulty": null, "marker_count": 0, "trail_number": null, "source_name": "SFWDA AOP trail map 2015-03-11", "source_type": "community_raster", "confidence": "position high (mapping-system export)", "review_status": "raster trace (2015 vintage); needs review before core/publish"}}, {"type": "Feature", "geometry": {"type": "LineString", "coordinates": [[-85.7503547, 35.0949725], [-85.7501115, 35.0949747], [-85.7497547, 35.0948491], [-85.7496575, 35.0948449], [-85.749598, 35.0948939]]}, "properties": {"edge_id": 359, "difficulty": null, "marker_count": 0, "trail_number": null, "source_name": "SFWDA AOP trail map 2015-03-11", "source_type": "community_raster", "confidence": "position high (mapping-system export)", "review_status": "raster trace (2015 vintage); needs review before core/publish"}}, {"type": "Feature", "geometry": {"type": "LineString", "coordinates": [[-85.7581212, 35.0862351], [-85.7579594, 35.0860443], [-85.7578605, 35.0858444], [-85.7577025, 35.0857248]]}, "properties": {"edge_id": 360, "difficulty": null, "marker_count": 0, "trail_number": null, "source_name": "SFWDA AOP trail map 2015-03-11", "source_type": "community_raster", "confidence": "position high (mapping-system export)", "review_status": "raster trace (2015 vintage); needs review before core/publish"}}, {"type": "Feature", "geometry": {"type": "LineString", "coordinates": [[-85.75082, 35.0880937], [-85.7509751, 35.0880395], [-85.7513223, 35.0879887], [-85.7514767, 35.0879282]]}, "properties": {"edge_id": 361, "difficulty": null, "marker_count": 0, "trail_number": null, "source_name": "SFWDA AOP trail map 2015-03-11", "source_type": "community_raster", "confidence": "position high (mapping-system export)", "review_status": "raster trace (2015 vintage); needs review before core/publish"}}, {"type": "Feature", "geometry": {"type": "LineString", "coordinates": [[-85.7557207, 35.0970068], [-85.7556124, 35.0970175], [-85.755504, 35.0970685]]}, "properties": {"edge_id": 362, "difficulty": "easy", "marker_count": 1, "trail_number": 3, "source_name": "SFWDA AOP trail map 2015-03-11", "source_type": "community_raster", "confidence": "position high (mapping-system export)", "review_status": "raster trace (2015 vintage); needs review before core/publish"}}, {"type": "Feature", "geometry": {"type": "LineString", "coordinates": [[-85.7462545, 35.092519], [-85.7464644, 35.0924566]]}, "properties": {"edge_id": 363, "difficulty": null, "marker_count": 0, "trail_number": null, "source_name": "SFWDA AOP trail map 2015-03-11", "source_type": "community_raster", "confidence": "position high (mapping-system export)", "review_status": "raster trace (2015 vintage); needs review before core/publish"}}, {"type": "Feature", "geometry": {"type": "LineString", "coordinates": [[-85.7460904, 35.0940205], [-85.7463737, 35.0940296]]}, "properties": {"edge_id": 364, "difficulty": null, "marker_count": 0, "trail_number": null, "source_name": "SFWDA AOP trail map 2015-03-11", "source_type": "community_raster", "confidence": "position high (mapping-system export)", "review_status": "raster trace (2015 vintage); needs review before core/publish"}}, {"type": "Feature", "geometry": {"type": "LineString", "coordinates": [[-85.74608, 35.0940265], [-85.7460757, 35.0948876], [-85.7460136, 35.0949234]]}, "properties": {"edge_id": 365, "difficulty": null, "marker_count": 0, "trail_number": null, "source_name": "SFWDA AOP trail map 2015-03-11", "source_type": "community_raster", "confidence": "position high (mapping-system export)", "review_status": "raster trace (2015 vintage); needs review before core/publish"}}, {"type": "Feature", "geometry": {"type": "LineString", "coordinates": [[-85.7557779, 35.0934595], [-85.7558791, 35.0934672], [-85.7559884, 35.0935207]]}, "properties": {"edge_id": 366, "difficulty": null, "marker_count": 0, "trail_number": null, "source_name": "SFWDA AOP trail map 2015-03-11", "source_type": "community_raster", "confidence": "position high (mapping-system export)", "review_status": "raster trace (2015 vintage); needs review before core/publish"}}, {"type": "Feature", "geometry": {"type": "LineString", "coordinates": [[-85.7551181, 35.0905994], [-85.7549573, 35.0906522]]}, "properties": {"edge_id": 367, "difficulty": null, "marker_count": 0, "trail_number": null, "source_name": "SFWDA AOP trail map 2015-03-11", "source_type": "community_raster", "confidence": "position high (mapping-system export)", "review_status": "raster trace (2015 vintage); needs review before core/publish"}}, {"type": "Feature", "geometry": {"type": "LineString", "coordinates": [[-85.7561383, 35.0969969], [-85.7563091, 35.0970486], [-85.7564623, 35.0971335], [-85.7566355, 35.0972914], [-85.7566937, 35.0973729], [-85.7568015, 35.0974544], [-85.7568939, 35.0974485], [-85.7570201, 35.097323], [-85.7571259, 35.0972645], [-85.7572681, 35.0972599], [-85.7575326, 35.0973619], [-85.7576187, 35.0974348], [-85.7576766, 35.0975202]]}, "properties": {"edge_id": 368, "difficulty": "easy", "marker_count": 1, "trail_number": 3, "source_name": "SFWDA AOP trail map 2015-03-11", "source_type": "community_raster", "confidence": "position high (mapping-system export)", "review_status": "raster trace (2015 vintage); needs review before core/publish"}}, {"type": "Feature", "geometry": {"type": "LineString", "coordinates": [[-85.7561849, 35.0862564], [-85.7561311, 35.0863109], [-85.7561105, 35.0863973], [-85.7559961, 35.0865325], [-85.7559752, 35.0866122], [-85.7558758, 35.0867204], [-85.7558715, 35.0868126], [-85.7559062, 35.086884], [-85.755972, 35.0869349], [-85.7560689, 35.0869652], [-85.7562597, 35.0869536], [-85.7563894, 35.0868567], [-85.756506, 35.0866011]]}, "properties": {"edge_id": 369, "difficulty": null, "marker_count": 0, "trail_number": null, "source_name": "SFWDA AOP trail map 2015-03-11", "source_type": "community_raster", "confidence": "position high (mapping-system export)", "review_status": "raster trace (2015 vintage); needs review before core/publish"}}, {"type": "Feature", "geometry": {"type": "LineString", "coordinates": [[-85.7602171, 35.0960689], [-85.7601751, 35.0960193], [-85.7601689, 35.0959358], [-85.7601071, 35.0957512], [-85.7600512, 35.0956562], [-85.7599667, 35.0955748]]}, "properties": {"edge_id": 370, "difficulty": null, "marker_count": 0, "trail_number": null, "source_name": "SFWDA AOP trail map 2015-03-11", "source_type": "community_raster", "confidence": "position high (mapping-system export)", "review_status": "raster trace (2015 vintage); needs review before core/publish"}}, {"type": "Feature", "geometry": {"type": "LineString", "coordinates": [[-85.7565225, 35.0841975], [-85.7563712, 35.0842006]]}, "properties": {"edge_id": 371, "difficulty": null, "marker_count": 0, "trail_number": null, "source_name": "SFWDA AOP trail map 2015-03-11", "source_type": "community_raster", "confidence": "position high (mapping-system export)", "review_status": "raster trace (2015 vintage); needs review before core/publish"}}, {"type": "Feature", "geometry": {"type": "LineString", "coordinates": [[-85.7542623, 35.0845316], [-85.7542514, 35.0844604], [-85.7541917, 35.0843985], [-85.754126, 35.0843891], [-85.7539333, 35.0842829], [-85.7538423, 35.0842621]]}, "properties": {"edge_id": 372, "difficulty": null, "marker_count": 0, "trail_number": null, "source_name": "SFWDA AOP trail map 2015-03-11", "source_type": "community_raster", "confidence": "position high (mapping-system export)", "review_status": "raster trace (2015 vintage); needs review before core/publish"}}, {"type": "Feature", "geometry": {"type": "LineString", "coordinates": [[-85.749749, 35.0902895], [-85.7499038, 35.0902929], [-85.7500039, 35.0902629]]}, "properties": {"edge_id": 373, "difficulty": null, "marker_count": 0, "trail_number": null, "source_name": "SFWDA AOP trail map 2015-03-11", "source_type": "community_raster", "confidence": "position high (mapping-system export)", "review_status": "raster trace (2015 vintage); needs review before core/publish"}}, {"type": "Feature", "geometry": {"type": "LineString", "coordinates": [[-85.7499246, 35.0871082], [-85.7498406, 35.0872078]]}, "properties": {"edge_id": 374, "difficulty": null, "marker_count": 0, "trail_number": null, "source_name": "SFWDA AOP trail map 2015-03-11", "source_type": "community_raster", "confidence": "position high (mapping-system export)", "review_status": "raster trace (2015 vintage); needs review before core/publish"}}, {"type": "Feature", "geometry": {"type": "LineString", "coordinates": [[-85.7565533, 35.0892629], [-85.7561557, 35.0892001]]}, "properties": {"edge_id": 375, "difficulty": null, "marker_count": 0, "trail_number": null, "source_name": "SFWDA AOP trail map 2015-03-11", "source_type": "community_raster", "confidence": "position high (mapping-system export)", "review_status": "raster trace (2015 vintage); needs review before core/publish"}}, {"type": "Feature", "geometry": {"type": "LineString", "coordinates": [[-85.7556908, 35.092041], [-85.7557303, 35.092198], [-85.7559095, 35.0924604], [-85.756042, 35.0926051]]}, "properties": {"edge_id": 376, "difficulty": "easy", "marker_count": 1, "trail_number": 2, "source_name": "SFWDA AOP trail map 2015-03-11", "source_type": "community_raster", "confidence": "position high (mapping-system export)", "review_status": "raster trace (2015 vintage); needs review before core/publish"}}, {"type": "Feature", "geometry": {"type": "LineString", "coordinates": [[-85.7558016, 35.0874588], [-85.7556783, 35.0875602], [-85.7555146, 35.0876425], [-85.7553649, 35.0876785], [-85.7551185, 35.0876837], [-85.7549079, 35.0875968], [-85.7547421, 35.0876266], [-85.75467, 35.0876151], [-85.7545726, 35.0875717], [-85.7544163, 35.0874581]]}, "properties": {"edge_id": 377, "difficulty": "moderate", "marker_count": 1, "trail_number": 83, "source_name": "SFWDA AOP trail map 2015-03-11", "source_type": "community_raster", "confidence": "position high (mapping-system export)", "review_status": "raster trace (2015 vintage); needs review before core/publish"}}, {"type": "Feature", "geometry": {"type": "LineString", "coordinates": [[-85.7561815, 35.0919379], [-85.756104, 35.0918657], [-85.7560802, 35.091787], [-85.7560466, 35.0914859]]}, "properties": {"edge_id": 378, "difficulty": null, "marker_count": 0, "trail_number": null, "source_name": "SFWDA AOP trail map 2015-03-11", "source_type": "community_raster", "confidence": "position high (mapping-system export)", "review_status": "raster trace (2015 vintage); needs review before core/publish"}}, {"type": "Feature", "geometry": {"type": "LineString", "coordinates": [[-85.746099, 35.0936725], [-85.746262, 35.093627]]}, "properties": {"edge_id": 379, "difficulty": null, "marker_count": 0, "trail_number": null, "source_name": "SFWDA AOP trail map 2015-03-11", "source_type": "community_raster", "confidence": "position high (mapping-system export)", "review_status": "raster trace (2015 vintage); needs review before core/publish"}}, {"type": "Feature", "geometry": {"type": "LineString", "coordinates": [[-85.7488554, 35.0892476], [-85.7468063, 35.0880999], [-85.7467556, 35.0880414], [-85.7465935, 35.0879358]]}, "properties": {"edge_id": 380, "difficulty": null, "marker_count": 0, "trail_number": null, "source_name": "SFWDA AOP trail map 2015-03-11", "source_type": "community_raster", "confidence": "position high (mapping-system export)", "review_status": "raster trace (2015 vintage); needs review before core/publish"}}, {"type": "Feature", "geometry": {"type": "LineString", "coordinates": [[-85.7560095, 35.0857794], [-85.7560046, 35.0854725], [-85.7560507, 35.085337]]}, "properties": {"edge_id": 381, "difficulty": "easy", "marker_count": 1, "trail_number": 1, "source_name": "SFWDA AOP trail map 2015-03-11", "source_type": "community_raster", "confidence": "position high (mapping-system export)", "review_status": "raster trace (2015 vintage); needs review before core/publish"}}]}